INFO 09-12 09:13:08 [config.py:801] Detected quantization_config.scale_fmt=ue8m0; enabling UE8M0 for DeepGEMM.
INFO 09-12 09:13:15 [model.py:692] Resolved architecture: DeepseekV41ForCausalLM
INFO 09-12 09:13:15 [model.py:2034] Using max model len 65536
INFO 09-12 09:13:17 [registry.py:141] All limits of multimodal modalities supported by the model are set to 0, running in text-only mode.
INFO 09-12 09:13:17 [model.py:900] Disabled mm_prefix attention mode because multimodal inputs are configuration-disabled. Attention backends without mm_prefix support may now be selected.
INFO 09-12 09:13:17 [arg_utils.py:2232] Inferred data_parallel_rank 0 from node_rank 1
INFO 09-12 09:13:17 [model.py:692] Resolved architecture: DeepseekV41ForCausalLM
INFO 09-12 09:13:17 [model.py:2034] Using max model len 1048576
INFO 09-12 09:13:24 [speculative.py:1623] Overriding draft model max model len from 1048576 to 65536
INFO 09-12 09:13:24 [scheduler.py:277] Chunked prefill is enabled with max_num_batched_tokens=4096.
INFO 09-12 09:13:24 [vllm.py:1107] Resolved Engram configuration: EngramConfig(cpu_offload=False)
WARNING 09-12 09:13:24 [vllm.py:1406] Enforce eager set, disabling torch.compile and CUDAGraphs. This is equivalent to setting -cc.mode=none -cc.cudagraph_mode=none
INFO 09-12 09:13:24 [kernel.py:373] Final IR op priority after setting platform defaults: IrOpPriorityConfig(rms_norm=['vllm_c', 'native'], fused_add_rms_norm=['vllm_c', 'native'])
WARNING 09-12 09:13:24 [vllm.py:1959] max_num_scheduled_tokens is set to 4096 based on the speculative decoding settings. This may lead to suboptimal performance. Consider increasing max_num_batched_tokens to accommodate the additional draft token slots, or decrease num_speculative_tokens.
INFO 09-12 09:13:24 [vllm.py:1620] Cudagraph is disabled under eager mode
INFO 09-12 09:13:24 [compilation.py:329] Enabled custom fusions: norm_quant, act_quant
INFO 09-12 09:13:24 [serve.py:217] Launching vLLM (v0.1.dev20904+g179dd0fa9) headless multiproc executor, with head node address 10.200.0.1:29641 for torch.distributed process group.
INFO 09-12 09:13:30 [registry.py:141] All limits of multimodal modalities supported by the model are set to 0, running in text-only mode.
(Worker pid=127) INFO 09-12 09:13:30 [parallel_state.py:1817] world_size=2 rank=1 local_rank=0 distributed_init_method=tcp://10.200.0.1:29641 backend=nccl
(Worker pid=127) WARNING 09-12 09:13:39 [symm_mem.py:67] SymmMemCommunicator: Device capability 12.1 not supported, communicator is not available.
(Worker pid=127) WARNING 09-12 09:13:39 [flashinfer_all_reduce.py:383] FlashInfer All Reduce is disabled because it is not supported for world_size=2.
(Worker pid=127) WARNING 09-12 09:13:39 [custom_all_reduce.py:201] Custom collectives are disabled because this multi-node group does not have MNNVL-capable GPUs on every rank.
(Worker pid=127) INFO 09-12 09:13:40 [parallel_state.py:2234] rank 1 in world size 2 is assigned as DP rank 0, PP rank 0, PCP rank 0, TP rank 1, EP rank 1, EPLB rank N/A
(Worker pid=127) INFO 09-12 09:13:40 [gpu_worker.py:436] Using V2 Model Runner
(Worker_TP1 pid=127) INFO 09-12 09:13:41 [model_runner.py:383] Loading model from scratch...
(Worker_TP1 pid=127) INFO 09-12 09:13:41 [cuda.py:581] Using backend AttentionBackendEnum.FLASH_ATTN for vit attention
(Worker_TP1 pid=127) INFO 09-12 09:13:41 [mm_encoder_attention.py:372] Using AttentionBackendEnum.FLASH_ATTN for MMEncoderAttention.
(Worker_TP1 pid=127) INFO 09-12 09:13:41 [quant_config.py:79] DeepSeek V4 expert_dtype resolved to 'fp4'
(Worker_TP1 pid=127) INFO 09-12 09:13:41 [__init__.py:889] Using FlashInferCutlassMxfp8LinearKernel for MXFP8 GEMM
(Worker_TP1 pid=127) INFO 09-12 09:13:41 [attention.py:140] Using DeepSeek's fp8_ds_mla KV cache format.
(Worker_TP1 pid=127) INFO 09-12 09:13:42 [engram.py:813] Engram DISK mode: layer 1 rows [192001740, 384006168) read from model-00047-of-00048.safetensors (off=49152446104) and model-00047-of-00048.safetensors (off=99841593592); 8 threads, chunk 16
(Worker_TP1 pid=127) INFO 09-12 09:13:42 [attention.py:1088] Using FP8 indexer cache for Lightning Indexer.
(Worker_TP1 pid=127) INFO 09-12 09:13:42 [engram.py:813] Engram DISK mode: layer 14 rows [192007016, 384016682) read from model-00048-of-00048.safetensors (off=49153796768) and model-00048-of-00048.safetensors (off=99844327392); 8 threads, chunk 16
(Worker_TP1 pid=127) INFO 09-12 09:13:43 [engram.py:440] Built engram token map (129280 -> 99092 ids) for layers (1, 14)
(Worker_TP1 pid=127) WARNING 09-12 09:13:43 [compilation.py:1354] Op 'quant_fp8' not present in model, enabling with '+quant_fp8' has no effect
(Worker_TP1 pid=127) INFO 09-12 09:13:43 [weight_utils.py:863] Filesystem type for checkpoints: EXT4. Checkpoint size: 475.25 GiB. Available RAM: 94.91 GiB.
(Worker_TP1 pid=127) INFO 09-12 09:13:53 [default_loader.py:430] Loading weights took 10.02 seconds
(Worker_TP1 pid=127) INFO 09-12 09:13:53 [__init__.py:889] Using EmulationMxfp8LinearKernel for MXFP8 GEMM
(Worker_TP1 pid=127) INFO 09-12 09:13:53 [eagle3_utils.py:28] Using Eagle3 auxiliary layers from config: (37, 38, 39)
(Worker_TP1 pid=127) INFO 09-12 09:13:53 [vllm.py:1107] Resolved Engram configuration: EngramConfig(cpu_offload=False)
(Worker_TP1 pid=127) WARNING 09-12 09:13:53 [vllm.py:1406] Enforce eager set, disabling torch.compile and CUDAGraphs. This is equivalent to setting -cc.mode=none -cc.cudagraph_mode=none
(Worker_TP1 pid=127) INFO 09-12 09:13:53 [kernel.py:373] Final IR op priority after setting platform defaults: IrOpPriorityConfig(rms_norm=['vllm_c', 'native'], fused_add_rms_norm=['vllm_c', 'native'])
(Worker_TP1 pid=127) WARNING 09-12 09:13:53 [vllm.py:1959] max_num_scheduled_tokens is set to 4096 based on the speculative decoding settings. This may lead to suboptimal performance. Consider increasing max_num_batched_tokens to accommodate the additional draft token slots, or decrease num_speculative_tokens.
(Worker_TP1 pid=127) INFO 09-12 09:13:53 [vllm.py:1620] Cudagraph is disabled under eager mode
(Worker_TP1 pid=127) INFO 09-12 09:13:55 [dspark.py:515] DSpark draft model loaded: 85 params
(Worker_TP1 pid=127) INFO 09-12 09:13:55 [default_loader.py:430] Loading weights took 1.80 seconds
(Worker_TP1 pid=127) INFO 09-12 09:13:56 [model_runner.py:408] Model loading took 7.11 GiB memory and 15.435067 seconds
(Worker_TP1 pid=127) INFO 09-12 09:13:56 [topk_topp_sampler.py:46] FlashInfer top-p/top-k sampling disabled via VLLM_USE_FLASHINFER_SAMPLER=0.
(Worker_TP1 pid=127) EXPERT_CACHE_RESET 1789204192699191267
(Worker_TP1 pid=127) INFO 09-12 09:14:15 [deep_gemm.py:191] deep_gemm not found in site-packages, trying vendored vllm.third_party.deep_gemm
(Worker_TP1 pid=127) INFO 09-12 09:14:15 [deep_gemm.py:218] DeepGEMM PDL enabled on vllm.third_party.deep_gemm.
(Worker_TP1 pid=127) STARTUP_PROBE {"time_ns": 1789204456947765199, "phase": "expert_slots_begin", "available_bytes": 109317824512, "cuda_allocated": 8176659968, "cuda_reserved": 8814329856, "layer": 0, "slots": 224}
(Worker_TP1 pid=127) STARTUP_PROBE {"time_ns": 1789204460156388505, "phase": "expert_slots_end", "available_bytes": 107554336768, "cuda_allocated": 10282989056, "cuda_reserved": 10332667904, "layer": 0, "slots": 224}
(Worker_TP1 pid=127) STARTUP_PROBE {"time_ns": 1789204460297050402, "phase": "expert_plan_begin", "available_bytes": 107311046656, "cuda_allocated": 10450761216, "cuda_reserved": 10582228992, "layer": 0, "tokens": 2048}
(Worker_TP1 pid=127) b12x policy fallback: moe.decode is using a heuristic on nvidia gb10 (compute capability 12.1, 48 SMs) because profile 'nvidia.gb10.48sm' does not cover the query; query={'activation': 'silu', 'hidden_size': 5120, 'intermediate_size': 1152, 'num_experts': 224, 'num_tokens': 2048, 'numerical_recipe': 'deepseek_v41', 'quant_mode': 'w4a8_mx', 'routed_rows': 12288, 'source_format': 'fp4_e8m0_k32', 'top_k': 6}
(Worker_TP1 pid=127) b12x policy fallback: moe.decode is using a heuristic on nvidia gb10 (compute capability 12.1, 48 SMs) because profile 'nvidia.gb10.48sm' does not cover the query; query={'activation': 'silu', 'hidden_size': 5120, 'intermediate_size': 1152, 'num_experts': 224, 'num_tokens': 10, 'numerical_recipe': 'deepseek_v41', 'quant_mode': 'w4a8_mx', 'routed_rows': 60, 'source_format': 'fp4_e8m0_k32', 'top_k': 6}
(Worker_TP1 pid=127) STARTUP_PROBE {"time_ns": 1789204460651468627, "phase": "expert_plan_end", "available_bytes": 106507898880, "cuda_allocated": 10916427264, "cuda_reserved": 11372855296, "layer": 0, "tokens": 2048}
(Worker_TP1 pid=127) STARTUP_PROBE {"time_ns": 1789204460713549835, "phase": "expert_slots_begin", "available_bytes": 106180456448, "cuda_allocated": 10916821504, "cuda_reserved": 11697913856, "layer": 1, "slots": 224}
(Worker_TP1 pid=127) STARTUP_PROBE {"time_ns": 1789204461521325076, "phase": "expert_slots_end", "available_bytes": 104716480512, "cuda_allocated": 13023150592, "cuda_reserved": 13077839872, "layer": 1, "slots": 224}
(Worker_TP1 pid=127) STARTUP_PROBE {"time_ns": 1789204461536575418, "phase": "expert_plan_begin", "available_bytes": 104464953344, "cuda_allocated": 13190922752, "cuda_reserved": 13327400960, "layer": 1, "tokens": 2048}
(Worker_TP1 pid=127) STARTUP_PROBE {"time_ns": 1789204461606112385, "phase": "expert_plan_end", "available_bytes": 104074899456, "cuda_allocated": 13190922752, "cuda_reserved": 13715374080, "layer": 1, "tokens": 2048}
(Worker_TP1 pid=127) STARTUP_PROBE {"time_ns": 1789204462319385998, "phase": "expert_slots_begin", "available_bytes": 103586275328, "cuda_allocated": 13197215232, "cuda_reserved": 14183038976, "layer": 2, "slots": 224}
(Worker_TP1 pid=127) STARTUP_PROBE {"time_ns": 1789204463238836169, "phase": "expert_slots_end", "available_bytes": 101858062336, "cuda_allocated": 15303544320, "cuda_reserved": 15730737152, "layer": 2, "slots": 224}
(Worker_TP1 pid=127) STARTUP_PROBE {"time_ns": 1789204463250272085, "phase": "expert_plan_begin", "available_bytes": 101854691328, "cuda_allocated": 15471316480, "cuda_reserved": 15730737152, "layer": 2, "tokens": 2048}
(Worker_TP1 pid=127) STARTUP_PROBE {"time_ns": 1789204463324712531, "phase": "expert_plan_end", "available_bytes": 101534343168, "cuda_allocated": 15471316480, "cuda_reserved": 16034824192, "layer": 2, "tokens": 2048}
(Worker_TP1 pid=127) STARTUP_PROBE {"time_ns": 1789204463389731379, "phase": "expert_slots_begin", "available_bytes": 101753835520, "cuda_allocated": 15303545344, "cuda_reserved": 15814623232, "layer": 3, "slots": 224}
(Worker_TP1 pid=127) STARTUP_PROBE {"time_ns": 1789204464204724762, "phase": "expert_slots_end", "available_bytes": 99956019200, "cuda_allocated": 17409874432, "cuda_reserved": 17630756864, "layer": 3, "slots": 224}
(Worker_TP1 pid=127) STARTUP_PROBE {"time_ns": 1789204464215979667, "phase": "expert_plan_begin", "available_bytes": 99873976320, "cuda_allocated": 17577646592, "cuda_reserved": 17714642944, "layer": 3, "tokens": 2048}
(Worker_TP1 pid=127) STARTUP_PROBE {"time_ns": 1789204464284549079, "phase": "expert_plan_end", "available_bytes": 99483791360, "cuda_allocated": 17577646592, "cuda_reserved": 18102616064, "layer": 3, "tokens": 2048}
(Worker_TP1 pid=127) STARTUP_PROBE {"time_ns": 1789204464338196107, "phase": "expert_slots_begin", "available_bytes": 99358208000, "cuda_allocated": 17409875456, "cuda_reserved": 18234736640, "layer": 4, "slots": 224}
(Worker_TP1 pid=127) STARTUP_PROBE {"time_ns": 1789204465153898717, "phase": "expert_slots_end", "available_bytes": 97708793856, "cuda_allocated": 19516204544, "cuda_reserved": 19908263936, "layer": 4, "slots": 224}
(Worker_TP1 pid=127) STARTUP_PROBE {"time_ns": 1789204465165050788, "phase": "expert_plan_begin", "available_bytes": 97708793856, "cuda_allocated": 19683976704, "cuda_reserved": 19908263936, "layer": 4, "tokens": 2048}
(Worker_TP1 pid=127) STARTUP_PROBE {"time_ns": 1789204465234013388, "phase": "expert_plan_end", "available_bytes": 97402732544, "cuda_allocated": 19683976704, "cuda_reserved": 20212350976, "layer": 4, "tokens": 2048}
(Worker_TP1 pid=127) STARTUP_PROBE {"time_ns": 1789204465264269793, "phase": "expert_slots_begin", "available_bytes": 97584807936, "cuda_allocated": 19516205568, "cuda_reserved": 20025704448, "layer": 5, "slots": 224}
(Worker_TP1 pid=127) STARTUP_PROBE {"time_ns": 1789204466038514262, "phase": "expert_slots_end", "available_bytes": 95580520448, "cuda_allocated": 21622534656, "cuda_reserved": 22017998848, "layer": 5, "slots": 224}
(Worker_TP1 pid=127) STARTUP_PROBE {"time_ns": 1789204466050074371, "phase": "expert_plan_begin", "available_bytes": 95580778496, "cuda_allocated": 21790306816, "cuda_reserved": 22017998848, "layer": 5, "tokens": 2048}
(Worker_TP1 pid=127) STARTUP_PROBE {"time_ns": 1789204466118274703, "phase": "expert_plan_end", "available_bytes": 95274246144, "cuda_allocated": 21790306816, "cuda_reserved": 22322085888, "layer": 5, "tokens": 2048}
(Worker_TP1 pid=127) STARTUP_PROBE {"time_ns": 1789204466146531781, "phase": "expert_slots_begin", "available_bytes": 95443009536, "cuda_allocated": 21622535680, "cuda_reserved": 22152216576, "layer": 6, "slots": 224}
(Worker_TP1 pid=127) STARTUP_PROBE {"time_ns": 1789204467004326027, "phase": "expert_slots_end", "available_bytes": 93638332416, "cuda_allocated": 23728864768, "cuda_reserved": 23959961600, "layer": 6, "slots": 224}
(Worker_TP1 pid=127) STARTUP_PROBE {"time_ns": 1789204467015405681, "phase": "expert_plan_begin", "available_bytes": 93554315264, "cuda_allocated": 23896636928, "cuda_reserved": 24043847680, "layer": 6, "tokens": 2048}
(Worker_TP1 pid=127) STARTUP_PROBE {"time_ns": 1789204467085698490, "phase": "expert_plan_end", "available_bytes": 93164183552, "cuda_allocated": 23896636928, "cuda_reserved": 24431820800, "layer": 6, "tokens": 2048}
(Worker_TP1 pid=127) STARTUP_PROBE {"time_ns": 1789204467124275850, "phase": "expert_slots_begin", "available_bytes": 93165371392, "cuda_allocated": 23728865792, "cuda_reserved": 24429723648, "layer": 7, "slots": 224}
(Worker_TP1 pid=127) STARTUP_PROBE {"time_ns": 1789204467933306534, "phase": "expert_slots_end", "available_bytes": 91339976704, "cuda_allocated": 25835194880, "cuda_reserved": 26237468672, "layer": 7, "slots": 224}
(Worker_TP1 pid=127) STARTUP_PROBE {"time_ns": 1789204467944101303, "phase": "expert_plan_begin", "available_bytes": 91340013568, "cuda_allocated": 26002967040, "cuda_reserved": 26237468672, "layer": 7, "tokens": 2048}
(Worker_TP1 pid=127) STARTUP_PROBE {"time_ns": 1789204468011947195, "phase": "expert_plan_end", "available_bytes": 90993201152, "cuda_allocated": 26002967040, "cuda_reserved": 26583498752, "layer": 7, "tokens": 2048}
(Worker_TP1 pid=127) STARTUP_PROBE {"time_ns": 1789204468058166172, "phase": "expert_slots_begin", "available_bytes": 90718154752, "cuda_allocated": 25835195904, "cuda_reserved": 26858225664, "layer": 8, "slots": 224}
(Worker_TP1 pid=127) STARTUP_PROBE {"time_ns": 1789204468915602152, "phase": "expert_slots_end", "available_bytes": 89227816960, "cuda_allocated": 27941524992, "cuda_reserved": 28347203584, "layer": 8, "slots": 224}
(Worker_TP1 pid=127) STARTUP_PROBE {"time_ns": 1789204468926002498, "phase": "expert_plan_begin", "available_bytes": 89229754368, "cuda_allocated": 28109297152, "cuda_reserved": 28347203584, "layer": 8, "tokens": 2048}
(Worker_TP1 pid=127) STARTUP_PROBE {"time_ns": 1789204468993766020, "phase": "expert_plan_end", "available_bytes": 88931610624, "cuda_allocated": 28109297152, "cuda_reserved": 28651290624, "layer": 8, "tokens": 2048}
(Worker_TP1 pid=127) STARTUP_PROBE {"time_ns": 1789204469020732902, "phase": "expert_slots_begin", "available_bytes": 89149329408, "cuda_allocated": 27941526016, "cuda_reserved": 28431089664, "layer": 9, "slots": 224}
(Worker_TP1 pid=127) STARTUP_PROBE {"time_ns": 1789204469858815199, "phase": "expert_slots_end", "available_bytes": 87098351616, "cuda_allocated": 30047855104, "cuda_reserved": 30498881536, "layer": 9, "slots": 224}
(Worker_TP1 pid=127) STARTUP_PROBE {"time_ns": 1789204469869474206, "phase": "expert_plan_begin", "available_bytes": 87098351616, "cuda_allocated": 30215627264, "cuda_reserved": 30498881536, "layer": 9, "tokens": 2048}
(Worker_TP1 pid=127) STARTUP_PROBE {"time_ns": 1789204469937543171, "phase": "expert_plan_end", "available_bytes": 86795591680, "cuda_allocated": 30215627264, "cuda_reserved": 30802968576, "layer": 9, "tokens": 2048}
(Worker_TP1 pid=127) STARTUP_PROBE {"time_ns": 1789204469964984555, "phase": "expert_slots_begin", "available_bytes": 87013965824, "cuda_allocated": 30047856128, "cuda_reserved": 30582767616, "layer": 10, "slots": 224}
(Worker_TP1 pid=127) STARTUP_PROBE {"time_ns": 1789204470824677508, "phase": "expert_slots_end", "available_bytes": 85026734080, "cuda_allocated": 32154185216, "cuda_reserved": 32566673408, "layer": 10, "slots": 224}
(Worker_TP1 pid=127) STARTUP_PROBE {"time_ns": 1789204470835778953, "phase": "expert_plan_begin", "available_bytes": 85026734080, "cuda_allocated": 32321957376, "cuda_reserved": 32566673408, "layer": 10, "tokens": 2048}
(Worker_TP1 pid=127) STARTUP_PROBE {"time_ns": 1789204470903123777, "phase": "expert_plan_end", "available_bytes": 84722130944, "cuda_allocated": 32321957376, "cuda_reserved": 32870760448, "layer": 10, "tokens": 2048}
(Worker_TP1 pid=127) STARTUP_PROBE {"time_ns": 1789204470931543624, "phase": "expert_slots_begin", "available_bytes": 84890505216, "cuda_allocated": 32154186240, "cuda_reserved": 32700891136, "layer": 11, "slots": 224}
(Worker_TP1 pid=127) STARTUP_PROBE {"time_ns": 1789204471774387237, "phase": "expert_slots_end", "available_bytes": 83084734464, "cuda_allocated": 34260515328, "cuda_reserved": 34508636160, "layer": 11, "slots": 224}
(Worker_TP1 pid=127) STARTUP_PROBE {"time_ns": 1789204471786158339, "phase": "expert_plan_begin", "available_bytes": 83001122816, "cuda_allocated": 34428287488, "cuda_reserved": 34592522240, "layer": 11, "tokens": 2048}
(Worker_TP1 pid=127) STARTUP_PROBE {"time_ns": 1789204471858288162, "phase": "expert_plan_end", "available_bytes": 82612224000, "cuda_allocated": 34428287488, "cuda_reserved": 34980495360, "layer": 11, "tokens": 2048}
(Worker_TP1 pid=127) STARTUP_PROBE {"time_ns": 1789204471899076559, "phase": "expert_slots_begin", "available_bytes": 82613145600, "cuda_allocated": 34260516352, "cuda_reserved": 34978398208, "layer": 12, "slots": 224}
(Worker_TP1 pid=127) STARTUP_PROBE {"time_ns": 1789204472818385431, "phase": "expert_slots_end", "available_bytes": 80787963904, "cuda_allocated": 36366845440, "cuda_reserved": 36786143232, "layer": 12, "slots": 224}
(Worker_TP1 pid=127) STARTUP_PROBE {"time_ns": 1789204472829300041, "phase": "expert_plan_begin", "available_bytes": 80787963904, "cuda_allocated": 36534617600, "cuda_reserved": 36786143232, "layer": 12, "tokens": 2048}
(Worker_TP1 pid=127) STARTUP_PROBE {"time_ns": 1789204472898152597, "phase": "expert_plan_end", "available_bytes": 80442724352, "cuda_allocated": 36534617600, "cuda_reserved": 37132173312, "layer": 12, "tokens": 2048}
(Worker_TP1 pid=127) STARTUP_PROBE {"time_ns": 1789204472927010545, "phase": "expert_slots_begin", "available_bytes": 80661946368, "cuda_allocated": 36366846464, "cuda_reserved": 36911972352, "layer": 13, "slots": 224}
(Worker_TP1 pid=127) STARTUP_PROBE {"time_ns": 1789204473800836804, "phase": "expert_slots_end", "available_bytes": 78667935744, "cuda_allocated": 38473175552, "cuda_reserved": 38895878144, "layer": 13, "slots": 224}
(Worker_TP1 pid=127) STARTUP_PROBE {"time_ns": 1789204473812054234, "phase": "expert_plan_begin", "available_bytes": 78667935744, "cuda_allocated": 38640947712, "cuda_reserved": 38895878144, "layer": 13, "tokens": 2048}
(Worker_TP1 pid=127) STARTUP_PROBE {"time_ns": 1789204473899127938, "phase": "expert_plan_end", "available_bytes": 78376865792, "cuda_allocated": 38640947712, "cuda_reserved": 39199965184, "layer": 13, "tokens": 2048}
(Worker_TP1 pid=127) STARTUP_PROBE {"time_ns": 1789204473943412690, "phase": "expert_slots_begin", "available_bytes": 78097481728, "cuda_allocated": 38473176576, "cuda_reserved": 39474692096, "layer": 14, "slots": 224}
(Worker_TP1 pid=127) STARTUP_PROBE {"time_ns": 1789204474814124659, "phase": "expert_slots_end", "available_bytes": 76511764480, "cuda_allocated": 40579505664, "cuda_reserved": 41047556096, "layer": 14, "slots": 224}
(Worker_TP1 pid=127) STARTUP_PROBE {"time_ns": 1789204474825928562, "phase": "expert_plan_begin", "available_bytes": 76511764480, "cuda_allocated": 40747277824, "cuda_reserved": 41047556096, "layer": 14, "tokens": 2048}
(Worker_TP1 pid=127) STARTUP_PROBE {"time_ns": 1789204474907092401, "phase": "expert_plan_end", "available_bytes": 76208259072, "cuda_allocated": 40747277824, "cuda_reserved": 41351643136, "layer": 14, "tokens": 2048}
(Worker_TP1 pid=127) STARTUP_PROBE {"time_ns": 1789204474939795140, "phase": "expert_slots_begin", "available_bytes": 76436185088, "cuda_allocated": 40579506688, "cuda_reserved": 41131442176, "layer": 15, "slots": 224}
(Worker_TP1 pid=127) STARTUP_PROBE {"time_ns": 1789204475823912793, "phase": "expert_slots_end", "available_bytes": 74451456000, "cuda_allocated": 42685835776, "cuda_reserved": 43115347968, "layer": 15, "slots": 224}
(Worker_TP1 pid=127) STARTUP_PROBE {"time_ns": 1789204475834758345, "phase": "expert_plan_begin", "available_bytes": 74451456000, "cuda_allocated": 42853607936, "cuda_reserved": 43115347968, "layer": 15, "tokens": 2048}
(Worker_TP1 pid=127) STARTUP_PROBE {"time_ns": 1789204475904192201, "phase": "expert_plan_end", "available_bytes": 74147553280, "cuda_allocated": 42853607936, "cuda_reserved": 43419435008, "layer": 15, "tokens": 2048}
(Worker_TP1 pid=127) STARTUP_PROBE {"time_ns": 1789204475932362457, "phase": "expert_slots_begin", "available_bytes": 74317291520, "cuda_allocated": 42685836800, "cuda_reserved": 43249565696, "layer": 16, "slots": 224}
(Worker_TP1 pid=127) STARTUP_PROBE {"time_ns": 1789204476782696586, "phase": "expert_slots_end", "available_bytes": 72502071296, "cuda_allocated": 44792165888, "cuda_reserved": 45057310720, "layer": 16, "slots": 224}
(Worker_TP1 pid=127) STARTUP_PROBE {"time_ns": 1789204476795001439, "phase": "expert_plan_begin", "available_bytes": 72418054144, "cuda_allocated": 44959938048, "cuda_reserved": 45141196800, "layer": 16, "tokens": 2048}
(Worker_TP1 pid=127) STARTUP_PROBE {"time_ns": 1789204476864382669, "phase": "expert_plan_end", "available_bytes": 72027222016, "cuda_allocated": 44959938048, "cuda_reserved": 45529169920, "layer": 16, "tokens": 2048}
(Worker_TP1 pid=127) STARTUP_PROBE {"time_ns": 1789204476903240810, "phase": "expert_slots_begin", "available_bytes": 72030035968, "cuda_allocated": 44792166912, "cuda_reserved": 45527072768, "layer": 17, "slots": 224}
(Worker_TP1 pid=127) STARTUP_PROBE {"time_ns": 1789204477821143019, "phase": "expert_slots_end", "available_bytes": 70197649408, "cuda_allocated": 46898496000, "cuda_reserved": 47334817792, "layer": 17, "slots": 224}
(Worker_TP1 pid=127) STARTUP_PROBE {"time_ns": 1789204477832679172, "phase": "expert_plan_begin", "available_bytes": 70197649408, "cuda_allocated": 47066268160, "cuda_reserved": 47334817792, "layer": 17, "tokens": 2048}
(Worker_TP1 pid=127) STARTUP_PROBE {"time_ns": 1789204477901425960, "phase": "expert_plan_end", "available_bytes": 69852020736, "cuda_allocated": 47066268160, "cuda_reserved": 47680847872, "layer": 17, "tokens": 2048}
(Worker_TP1 pid=127) STARTUP_PROBE {"time_ns": 1789204477930106445, "phase": "expert_slots_begin", "available_bytes": 70072614912, "cuda_allocated": 46898497024, "cuda_reserved": 47460646912, "layer": 18, "slots": 224}
(Worker_TP1 pid=127) STARTUP_PROBE {"time_ns": 1789204478835138237, "phase": "expert_slots_end", "available_bytes": 68088995840, "cuda_allocated": 49004826112, "cuda_reserved": 49444552704, "layer": 18, "slots": 224}
(Worker_TP1 pid=127) STARTUP_PROBE {"time_ns": 1789204478846193776, "phase": "expert_plan_begin", "available_bytes": 68088995840, "cuda_allocated": 49172598272, "cuda_reserved": 49444552704, "layer": 18, "tokens": 2048}
(Worker_TP1 pid=127) STARTUP_PROBE {"time_ns": 1789204478914691694, "phase": "expert_plan_end", "available_bytes": 67787706368, "cuda_allocated": 49172598272, "cuda_reserved": 49748639744, "layer": 18, "tokens": 2048}
(Worker_TP1 pid=127) STARTUP_PROBE {"time_ns": 1789204478941979375, "phase": "expert_slots_begin", "available_bytes": 68007964672, "cuda_allocated": 49004827136, "cuda_reserved": 49528438784, "layer": 19, "slots": 224}
(Worker_TP1 pid=127) STARTUP_PROBE {"time_ns": 1789204479683287593, "phase": "expert_slots_end", "available_bytes": 65966673920, "cuda_allocated": 51111156224, "cuda_reserved": 51596230656, "layer": 19, "slots": 224}
(Worker_TP1 pid=127) STARTUP_PROBE {"time_ns": 1789204479695419275, "phase": "expert_plan_begin", "available_bytes": 65966678016, "cuda_allocated": 51278928384, "cuda_reserved": 51596230656, "layer": 19, "tokens": 2048}
(Worker_TP1 pid=127) STARTUP_PROBE {"time_ns": 1789204479763884824, "phase": "expert_plan_end", "available_bytes": 65655513088, "cuda_allocated": 51278928384, "cuda_reserved": 51900317696, "layer": 19, "tokens": 2048}
(Worker_TP1 pid=127) STARTUP_PROBE {"time_ns": 1789204479919821911, "phase": "expert_slots_begin", "available_bytes": 65237241856, "cuda_allocated": 51285220864, "cuda_reserved": 52307165184, "layer": 20, "slots": 224}
(Worker_TP1 pid=127) STARTUP_PROBE {"time_ns": 1789204480800875489, "phase": "expert_slots_end", "available_bytes": 63674716160, "cuda_allocated": 53391549952, "cuda_reserved": 53838086144, "layer": 20, "slots": 224}
(Worker_TP1 pid=127) STARTUP_PROBE {"time_ns": 1789204480811937011, "phase": "expert_plan_begin", "available_bytes": 63678083072, "cuda_allocated": 53559322112, "cuda_reserved": 53838086144, "layer": 20, "tokens": 2048}
(Worker_TP1 pid=127) STARTUP_PROBE {"time_ns": 1789204480879034506, "phase": "expert_plan_end", "available_bytes": 63374450688, "cuda_allocated": 53559322112, "cuda_reserved": 54142173184, "layer": 20, "tokens": 2048}
(Worker_TP1 pid=127) STARTUP_PROBE {"time_ns": 1789204480908633931, "phase": "expert_slots_begin", "available_bytes": 63544778752, "cuda_allocated": 53391550976, "cuda_reserved": 53972303872, "layer": 21, "slots": 224}
(Worker_TP1 pid=127) STARTUP_PROBE {"time_ns": 1789204481723987650, "phase": "expert_slots_end", "available_bytes": 61724614656, "cuda_allocated": 55497880064, "cuda_reserved": 55780048896, "layer": 21, "slots": 224}
(Worker_TP1 pid=127) STARTUP_PROBE {"time_ns": 1789204481735473482, "phase": "expert_plan_begin", "available_bytes": 61640204288, "cuda_allocated": 55665652224, "cuda_reserved": 55863934976, "layer": 21, "tokens": 2048}
(Worker_TP1 pid=127) STARTUP_PROBE {"time_ns": 1789204481803396812, "phase": "expert_plan_end", "available_bytes": 61250727936, "cuda_allocated": 55665652224, "cuda_reserved": 56251908096, "layer": 21, "tokens": 2048}
(Worker_TP1 pid=127) STARTUP_PROBE {"time_ns": 1789204481841753821, "phase": "expert_slots_begin", "available_bytes": 61255938048, "cuda_allocated": 55497881088, "cuda_reserved": 56249810944, "layer": 22, "slots": 224}
(Worker_TP1 pid=127) STARTUP_PROBE {"time_ns": 1789204482684419347, "phase": "expert_slots_end", "available_bytes": 59456184320, "cuda_allocated": 57604210176, "cuda_reserved": 58057555968, "layer": 22, "slots": 224}
(Worker_TP1 pid=127) STARTUP_PROBE {"time_ns": 1789204482696018108, "phase": "expert_plan_begin", "available_bytes": 59455995904, "cuda_allocated": 57771982336, "cuda_reserved": 58057555968, "layer": 22, "tokens": 2048}
(Worker_TP1 pid=127) STARTUP_PROBE {"time_ns": 1789204482764869562, "phase": "expert_plan_end", "available_bytes": 59109638144, "cuda_allocated": 57771982336, "cuda_reserved": 58403586048, "layer": 22, "tokens": 2048}
(Worker_TP1 pid=127) STARTUP_PROBE {"time_ns": 1789204482793720079, "phase": "expert_slots_begin", "available_bytes": 59328987136, "cuda_allocated": 57604211200, "cuda_reserved": 58183385088, "layer": 23, "slots": 224}
(Worker_TP1 pid=127) STARTUP_PROBE {"time_ns": 1789204483617403167, "phase": "expert_slots_end", "available_bytes": 57352810496, "cuda_allocated": 59710540288, "cuda_reserved": 60167290880, "layer": 23, "slots": 224}
(Worker_TP1 pid=127) STARTUP_PROBE {"time_ns": 1789204483629275564, "phase": "expert_plan_begin", "available_bytes": 57352876032, "cuda_allocated": 59878312448, "cuda_reserved": 60167290880, "layer": 23, "tokens": 2048}
(Worker_TP1 pid=127) STARTUP_PROBE {"time_ns": 1789204483700016932, "phase": "expert_plan_end", "available_bytes": 57061068800, "cuda_allocated": 59878312448, "cuda_reserved": 60471377920, "layer": 23, "tokens": 2048}
(Worker_TP1 pid=127) STARTUP_PROBE {"time_ns": 1789204483743203434, "phase": "expert_slots_begin", "available_bytes": 56786010112, "cuda_allocated": 59710541312, "cuda_reserved": 60746104832, "layer": 24, "slots": 224}
(Worker_TP1 pid=127) STARTUP_PROBE {"time_ns": 1789204484647716323, "phase": "expert_slots_end", "available_bytes": 55256342528, "cuda_allocated": 61816870400, "cuda_reserved": 62318968832, "layer": 24, "slots": 224}
(Worker_TP1 pid=127) STARTUP_PROBE {"time_ns": 1789204484659220618, "phase": "expert_plan_begin", "available_bytes": 55256346624, "cuda_allocated": 61984642560, "cuda_reserved": 62318968832, "layer": 24, "tokens": 2048}
(Worker_TP1 pid=127) STARTUP_PROBE {"time_ns": 1789204484727431612, "phase": "expert_plan_end", "available_bytes": 54952652800, "cuda_allocated": 61984642560, "cuda_reserved": 62623055872, "layer": 24, "tokens": 2048}
(Worker_TP1 pid=127) STARTUP_PROBE {"time_ns": 1789204484754525910, "phase": "expert_slots_begin", "available_bytes": 55171411968, "cuda_allocated": 61816871424, "cuda_reserved": 62402854912, "layer": 25, "slots": 224}
(Worker_TP1 pid=127) STARTUP_PROBE {"time_ns": 1789204485716329661, "phase": "expert_slots_end", "available_bytes": 53188808704, "cuda_allocated": 63923200512, "cuda_reserved": 64386760704, "layer": 25, "slots": 224}
(Worker_TP1 pid=127) STARTUP_PROBE {"time_ns": 1789204485727721107, "phase": "expert_plan_begin", "available_bytes": 53188808704, "cuda_allocated": 64090972672, "cuda_reserved": 64386760704, "layer": 25, "tokens": 2048}
(Worker_TP1 pid=127) STARTUP_PROBE {"time_ns": 1789204485794929572, "phase": "expert_plan_end", "available_bytes": 52885114880, "cuda_allocated": 64090972672, "cuda_reserved": 64690847744, "layer": 25, "tokens": 2048}
(Worker_TP1 pid=127) STARTUP_PROBE {"time_ns": 1789204485823344481, "phase": "expert_slots_begin", "available_bytes": 53054373888, "cuda_allocated": 63923201536, "cuda_reserved": 64520978432, "layer": 26, "slots": 224}
(Worker_TP1 pid=127) STARTUP_PROBE {"time_ns": 1789204486779639074, "phase": "expert_slots_end", "available_bytes": 51259977728, "cuda_allocated": 66029530624, "cuda_reserved": 66328723456, "layer": 26, "slots": 224}
(Worker_TP1 pid=127) STARTUP_PROBE {"time_ns": 1789204486792720688, "phase": "expert_plan_begin", "available_bytes": 51175567360, "cuda_allocated": 66197302784, "cuda_reserved": 66412609536, "layer": 26, "tokens": 2048}
(Worker_TP1 pid=127) STARTUP_PROBE {"time_ns": 1789204486861342085, "phase": "expert_plan_end", "available_bytes": 50781962240, "cuda_allocated": 66197302784, "cuda_reserved": 66800582656, "layer": 26, "tokens": 2048}
(Worker_TP1 pid=127) STARTUP_PROBE {"time_ns": 1789204486899670049, "phase": "expert_slots_begin", "available_bytes": 50791735296, "cuda_allocated": 66029531648, "cuda_reserved": 66798485504, "layer": 27, "slots": 224}
(Worker_TP1 pid=127) STARTUP_PROBE {"time_ns": 1789204487780317124, "phase": "expert_slots_end", "available_bytes": 48985530368, "cuda_allocated": 68135860736, "cuda_reserved": 68606230528, "layer": 27, "slots": 224}
(Worker_TP1 pid=127) STARTUP_PROBE {"time_ns": 1789204487792873162, "phase": "expert_plan_begin", "available_bytes": 48985530368, "cuda_allocated": 68303632896, "cuda_reserved": 68606230528, "layer": 27, "tokens": 2048}
(Worker_TP1 pid=127) STARTUP_PROBE {"time_ns": 1789204487860636976, "phase": "expert_plan_end", "available_bytes": 48636342272, "cuda_allocated": 68303632896, "cuda_reserved": 68952260608, "layer": 27, "tokens": 2048}
(Worker_TP1 pid=127) STARTUP_PROBE {"time_ns": 1789204487909810537, "phase": "expert_slots_begin", "available_bytes": 48364097536, "cuda_allocated": 68135861760, "cuda_reserved": 69226987520, "layer": 28, "slots": 224}
(Worker_TP1 pid=127) STARTUP_PROBE {"time_ns": 1789204488818833476, "phase": "expert_slots_end", "available_bytes": 46894403584, "cuda_allocated": 70242190848, "cuda_reserved": 70715965440, "layer": 28, "slots": 224}
(Worker_TP1 pid=127) STARTUP_PROBE {"time_ns": 1789204488829503055, "phase": "expert_plan_begin", "available_bytes": 46894858240, "cuda_allocated": 70409963008, "cuda_reserved": 70715965440, "layer": 28, "tokens": 2048}
(Worker_TP1 pid=127) STARTUP_PROBE {"time_ns": 1789204488896779629, "phase": "expert_plan_end", "available_bytes": 46592352256, "cuda_allocated": 70409963008, "cuda_reserved": 71020052480, "layer": 28, "tokens": 2048}
(Worker_TP1 pid=127) STARTUP_PROBE {"time_ns": 1789204488924038823, "phase": "expert_slots_begin", "available_bytes": 46811635712, "cuda_allocated": 70242191872, "cuda_reserved": 70799851520, "layer": 29, "slots": 224}
(Worker_TP1 pid=127) STARTUP_PROBE {"time_ns": 1789204489733758867, "phase": "expert_slots_end", "available_bytes": 44742340608, "cuda_allocated": 72348520960, "cuda_reserved": 72867643392, "layer": 29, "slots": 224}
(Worker_TP1 pid=127) STARTUP_PROBE {"time_ns": 1789204489745970468, "phase": "expert_plan_begin", "available_bytes": 44742340608, "cuda_allocated": 72516293120, "cuda_reserved": 72867643392, "layer": 29, "tokens": 2048}
(Worker_TP1 pid=127) STARTUP_PROBE {"time_ns": 1789204489814083949, "phase": "expert_plan_end", "available_bytes": 44438519808, "cuda_allocated": 72516293120, "cuda_reserved": 73171730432, "layer": 29, "tokens": 2048}
(Worker_TP1 pid=127) STARTUP_PROBE {"time_ns": 1789204489841043154, "phase": "expert_slots_begin", "available_bytes": 44657737728, "cuda_allocated": 72348521984, "cuda_reserved": 72951529472, "layer": 30, "slots": 224}
(Worker_TP1 pid=127) STARTUP_PROBE {"time_ns": 1789204490759178652, "phase": "expert_slots_end", "available_bytes": 42700218368, "cuda_allocated": 74454851072, "cuda_reserved": 74935435264, "layer": 30, "slots": 224}
(Worker_TP1 pid=127) STARTUP_PROBE {"time_ns": 1789204490771923252, "phase": "expert_plan_begin", "available_bytes": 42700349440, "cuda_allocated": 74622623232, "cuda_reserved": 74935435264, "layer": 30, "tokens": 2048}
(Worker_TP1 pid=127) STARTUP_PROBE {"time_ns": 1789204490839508644, "phase": "expert_plan_end", "available_bytes": 42396528640, "cuda_allocated": 74622623232, "cuda_reserved": 75239522304, "layer": 30, "tokens": 2048}
(Worker_TP1 pid=127) STARTUP_PROBE {"time_ns": 1789204490869566390, "phase": "expert_slots_begin", "available_bytes": 42564558848, "cuda_allocated": 74454852096, "cuda_reserved": 75069652992, "layer": 31, "slots": 224}
(Worker_TP1 pid=127) STARTUP_PROBE {"time_ns": 1789204491737087683, "phase": "expert_slots_end", "available_bytes": 40755101696, "cuda_allocated": 76561181184, "cuda_reserved": 76877398016, "layer": 31, "slots": 224}
(Worker_TP1 pid=127) STARTUP_PROBE {"time_ns": 1789204491749854075, "phase": "expert_plan_begin", "available_bytes": 40670691328, "cuda_allocated": 76728953344, "cuda_reserved": 76961284096, "layer": 31, "tokens": 2048}
(Worker_TP1 pid=127) STARTUP_PROBE {"time_ns": 1789204491818215652, "phase": "expert_plan_end", "available_bytes": 40282464256, "cuda_allocated": 76728953344, "cuda_reserved": 77349257216, "layer": 31, "tokens": 2048}
(Worker_TP1 pid=127) STARTUP_PROBE {"time_ns": 1789204491868416728, "phase": "expert_slots_begin", "available_bytes": 39915331584, "cuda_allocated": 76561182208, "cuda_reserved": 77716258816, "layer": 32, "slots": 224}
(Worker_TP1 pid=127) STARTUP_PROBE {"time_ns": 1789204492725142263, "phase": "expert_slots_end", "available_bytes": 38113210368, "cuda_allocated": 78667511296, "cuda_reserved": 79524003840, "layer": 32, "slots": 224}
(Worker_TP1 pid=127) STARTUP_PROBE {"time_ns": 1789204492738322837, "phase": "expert_plan_begin", "available_bytes": 38113210368, "cuda_allocated": 78835283456, "cuda_reserved": 79524003840, "layer": 32, "tokens": 2048}
(Worker_TP1 pid=127) STARTUP_PROBE {"time_ns": 1789204492796553867, "phase": "expert_plan_end", "available_bytes": 38113210368, "cuda_allocated": 78835283456, "cuda_reserved": 79524003840, "layer": 32, "tokens": 2048}
(Worker_TP1 pid=127) STARTUP_PROBE {"time_ns": 1789204492813424558, "phase": "expert_slots_begin", "available_bytes": 38109569024, "cuda_allocated": 78667512320, "cuda_reserved": 79524003840, "layer": 33, "slots": 224}
(Worker_TP1 pid=127) STARTUP_PROBE {"time_ns": 1789204493737955243, "phase": "expert_slots_end", "available_bytes": 36019683328, "cuda_allocated": 80773841408, "cuda_reserved": 81633738752, "layer": 33, "slots": 224}
(Worker_TP1 pid=127) STARTUP_PROBE {"time_ns": 1789204493749688020, "phase": "expert_plan_begin", "available_bytes": 36019683328, "cuda_allocated": 80941613568, "cuda_reserved": 81633738752, "layer": 33, "tokens": 2048}
(Worker_TP1 pid=127) STARTUP_PROBE {"time_ns": 1789204493806696007, "phase": "expert_plan_end", "available_bytes": 36019683328, "cuda_allocated": 80941613568, "cuda_reserved": 81633738752, "layer": 33, "tokens": 2048}
(Worker_TP1 pid=127) STARTUP_PROBE {"time_ns": 1789204493823141652, "phase": "expert_slots_begin", "available_bytes": 36019683328, "cuda_allocated": 80773842432, "cuda_reserved": 81633738752, "layer": 34, "slots": 224}
(Worker_TP1 pid=127) STARTUP_PROBE {"time_ns": 1789204494581024214, "phase": "expert_slots_end", "available_bytes": 33920577536, "cuda_allocated": 82880171520, "cuda_reserved": 83743473664, "layer": 34, "slots": 224}
(Worker_TP1 pid=127) STARTUP_PROBE {"time_ns": 1789204494592893664, "phase": "expert_plan_begin", "available_bytes": 33920577536, "cuda_allocated": 83047943680, "cuda_reserved": 83743473664, "layer": 34, "tokens": 2048}
(Worker_TP1 pid=127) STARTUP_PROBE {"time_ns": 1789204494649733280, "phase": "expert_plan_end", "available_bytes": 33919213568, "cuda_allocated": 83047943680, "cuda_reserved": 83743473664, "layer": 34, "tokens": 2048}
(Worker_TP1 pid=127) STARTUP_PROBE {"time_ns": 1789204494666123355, "phase": "expert_slots_begin", "available_bytes": 33919213568, "cuda_allocated": 82880172544, "cuda_reserved": 83743473664, "layer": 35, "slots": 224}
(Worker_TP1 pid=127) STARTUP_PROBE {"time_ns": 1789204495561729479, "phase": "expert_slots_end", "available_bytes": 31799447552, "cuda_allocated": 84986501632, "cuda_reserved": 85853208576, "layer": 35, "slots": 224}
(Worker_TP1 pid=127) STARTUP_PROBE {"time_ns": 1789204495573239356, "phase": "expert_plan_begin", "available_bytes": 31799447552, "cuda_allocated": 85154273792, "cuda_reserved": 85853208576, "layer": 35, "tokens": 2048}
(Worker_TP1 pid=127) STARTUP_PROBE {"time_ns": 1789204495631091833, "phase": "expert_plan_end", "available_bytes": 31799447552, "cuda_allocated": 85154273792, "cuda_reserved": 85853208576, "layer": 35, "tokens": 2048}
(Worker_TP1 pid=127) STARTUP_PROBE {"time_ns": 1789204495674962302, "phase": "expert_slots_begin", "available_bytes": 31257247744, "cuda_allocated": 84986502656, "cuda_reserved": 86390079488, "layer": 36, "slots": 224}
(Worker_TP1 pid=127) STARTUP_PROBE {"time_ns": 1789204496517134202, "phase": "expert_slots_end", "available_bytes": 29681627136, "cuda_allocated": 87092831744, "cuda_reserved": 87962943488, "layer": 36, "slots": 224}
(Worker_TP1 pid=127) STARTUP_PROBE {"time_ns": 1789204496528040662, "phase": "expert_plan_begin", "available_bytes": 29681627136, "cuda_allocated": 87260603904, "cuda_reserved": 87962943488, "layer": 36, "tokens": 2048}
(Worker_TP1 pid=127) STARTUP_PROBE {"time_ns": 1789204496584878372, "phase": "expert_plan_end", "available_bytes": 29681627136, "cuda_allocated": 87260603904, "cuda_reserved": 87962943488, "layer": 36, "tokens": 2048}
(Worker_TP1 pid=127) STARTUP_PROBE {"time_ns": 1789204496621496944, "phase": "expert_slots_begin", "available_bytes": 29681627136, "cuda_allocated": 87302547968, "cuda_reserved": 87962943488, "layer": 37, "slots": 224}
(Worker_TP1 pid=127) STARTUP_PROBE {"time_ns": 1789204497417854733, "phase": "expert_slots_end", "available_bytes": 27336892416, "cuda_allocated": 89408877056, "cuda_reserved": 90072678400, "layer": 37, "slots": 224}
(Worker_TP1 pid=127) STARTUP_PROBE {"time_ns": 1789204497430045819, "phase": "expert_plan_begin", "available_bytes": 27328536576, "cuda_allocated": 89576649216, "cuda_reserved": 90072678400, "layer": 37, "tokens": 2048}
(Worker_TP1 pid=127) STARTUP_PROBE {"time_ns": 1789204497497762611, "phase": "expert_plan_end", "available_bytes": 27016384512, "cuda_allocated": 89576649216, "cuda_reserved": 90376765440, "layer": 37, "tokens": 2048}
(Worker_TP1 pid=127) STARTUP_PROBE {"time_ns": 1789204497519184997, "phase": "expert_slots_begin", "available_bytes": 27287506944, "cuda_allocated": 89450821120, "cuda_reserved": 90072678400, "layer": 38, "slots": 224}
(Worker_TP1 pid=127) STARTUP_PROBE {"time_ns": 1789204498329912433, "phase": "expert_slots_end", "available_bytes": 24346451968, "cuda_allocated": 91557150208, "cuda_reserved": 92182413312, "layer": 38, "slots": 224}
(Worker_TP1 pid=127) STARTUP_PROBE {"time_ns": 1789204498341178754, "phase": "expert_plan_begin", "available_bytes": 24323731456, "cuda_allocated": 91724922368, "cuda_reserved": 92182413312, "layer": 38, "tokens": 2048}
(Worker_TP1 pid=127) STARTUP_PROBE {"time_ns": 1789204498409851638, "phase": "expert_plan_end", "available_bytes": 24509546496, "cuda_allocated": 91724922368, "cuda_reserved": 92486500352, "layer": 38, "tokens": 2048}
(Worker_TP1 pid=127) STARTUP_PROBE {"time_ns": 1789204498434892779, "phase": "expert_slots_begin", "available_bytes": 24738066432, "cuda_allocated": 91599094272, "cuda_reserved": 92224356352, "layer": 39, "slots": 224}
(Worker_TP1 pid=127) STARTUP_PROBE {"time_ns": 1789204499350830564, "phase": "expert_slots_end", "available_bytes": 21720829952, "cuda_allocated": 93705423360, "cuda_reserved": 94292148224, "layer": 39, "slots": 224}
(Worker_TP1 pid=127) STARTUP_PROBE {"time_ns": 1789204499362562427, "phase": "expert_plan_begin", "available_bytes": 21720756224, "cuda_allocated": 93873195520, "cuda_reserved": 94292148224, "layer": 39, "tokens": 2048}
(Worker_TP1 pid=127) STARTUP_PROBE {"time_ns": 1789204499431481585, "phase": "expert_plan_end", "available_bytes": 21417062400, "cuda_allocated": 93873195520, "cuda_reserved": 94596235264, "layer": 39, "tokens": 2048}
(Worker_TP1 pid=127) EXPERT_STREAM {"hits": 0, "misses": 0, "read_bytes": 0, "read_seconds": 0.0, "rank": 1, "cache_bytes": 0, "slot_hits": 0, "slot_misses": 240, "packed_read_bytes": 2256076800, "graph_replays": 80, "routed_pipeline_batches": 0, "routed_pipeline_bytes": 0, "prefetch_issued": 0, "prefetch_read_bytes": 0, "prefetch_consumed": 0, "prefetch_ready": 0, "prefetch_late": 0, "prefetch_cancelled": 0, "prefetch_unused": 0, "demand_read_bytes": 2256076800, "io_batches": 40, "io_overlaps": 40, "staging_bytes": 0, "staging_banks": 0, "prefetch_pending": 0, "execution_buffer_bytes": 63012864, "scratch_bytes": 402653184, "gpu_cache_bytes": 84226867200}
(Worker_TP1 pid=127) STARTUP_PROBE {"time_ns": 1789204500047284776, "phase": "expert_slots_begin", "available_bytes": 21752913920, "cuda_allocated": 93195286528, "cuda_reserved": 94292148224, "layer": 40, "slots": 128}
(Worker_TP1 pid=127) STARTUP_PROBE {"time_ns": 1789204500475171393, "phase": "expert_slots_end", "available_bytes": 21068247040, "cuda_allocated": 94399577088, "cuda_reserved": 94963236864, "layer": 40, "slots": 128}
(Worker_TP1 pid=127) STARTUP_PROBE {"time_ns": 1789204500577634195, "phase": "expert_plan_begin", "available_bytes": 21068505088, "cuda_allocated": 94399679488, "cuda_reserved": 94963236864, "layer": 40, "tokens": 5}
(Worker_TP1 pid=127) STARTUP_PROBE {"time_ns": 1789204500590197078, "phase": "expert_plan_end", "available_bytes": 21066670080, "cuda_allocated": 94399834112, "cuda_reserved": 94963236864, "layer": 40, "tokens": 5}
(Worker_TP1 pid=127) STARTUP_PROBE {"time_ns": 1789204500594296224, "phase": "expert_slots_begin", "available_bytes": 21066670080, "cuda_allocated": 94399785472, "cuda_reserved": 94963236864, "layer": 41, "slots": 128}
(Worker_TP1 pid=127) STARTUP_PROBE {"time_ns": 1789204501083170475, "phase": "expert_slots_end", "available_bytes": 19883286528, "cuda_allocated": 95604076032, "cuda_reserved": 96171196416, "layer": 41, "slots": 128}
(Worker_TP1 pid=127) STARTUP_PROBE {"time_ns": 1789204501089632375, "phase": "expert_plan_begin", "available_bytes": 19892019200, "cuda_allocated": 95604178432, "cuda_reserved": 96171196416, "layer": 41, "tokens": 5}
(Worker_TP1 pid=127) STARTUP_PROBE {"time_ns": 1789204501095905120, "phase": "expert_plan_end", "available_bytes": 19892277248, "cuda_allocated": 95604178432, "cuda_reserved": 96171196416, "layer": 41, "tokens": 5}
(Worker_TP1 pid=127) STARTUP_PROBE {"time_ns": 1789204501099600293, "phase": "expert_slots_begin", "available_bytes": 19892277248, "cuda_allocated": 95604077056, "cuda_reserved": 96171196416, "layer": 42, "slots": 128}
(Worker_TP1 pid=127) STARTUP_PROBE {"time_ns": 1789204501607666680, "phase": "expert_slots_end", "available_bytes": 18691821568, "cuda_allocated": 96808367616, "cuda_reserved": 97379155968, "layer": 42, "slots": 128}
(Worker_TP1 pid=127) STARTUP_PROBE {"time_ns": 1789204501613959314, "phase": "expert_plan_begin", "available_bytes": 18691821568, "cuda_allocated": 96808470016, "cuda_reserved": 97379155968, "layer": 42, "tokens": 5}
(Worker_TP1 pid=127) STARTUP_PROBE {"time_ns": 1789204501620212667, "phase": "expert_plan_end", "available_bytes": 18691821568, "cuda_allocated": 96808470016, "cuda_reserved": 97379155968, "layer": 42, "tokens": 5}
(Worker_TP1 pid=127) INFO 09-12 09:15:02 [gpu_worker.py:551] Initial free memory 110.97 GiB, reserved 2.0 GiB memory for KV Cache as specified by kv_cache_memory_bytes config and skipped memory profiling. This does not respect the gpu_memory_utilization config. Only use kv_cache_memory_bytes config when you want manual control of KV cache memory size. If OOM'ed, check the difference of initial free memory between the current run and the previous run where kv_cache_memory_bytes is suggested and update it correspondingly.
(Worker_TP1 pid=127) INFO 09-12 09:15:02 [indexer.py:743] DSA indexer decode path: use_flattening=True supports_varlen=False (next_n=6, use_fp4_cache=False)
(Worker_TP1 pid=127) INFO 09-12 09:15:02 [kernel_warmup.py:136] JIT kernel warmup starting.
(Worker_TP1 pid=127) INFO 09-12 09:15:02 [kernel_warmup.py:146] JIT kernel warmup finished in 0.29s.
(Worker_TP1 pid=127) INFO 09-12 09:15:02 [spec_decode_rejection_warmup.py:64] Warming up spec-decode rejection sampler kernels (vocab=129280, num_spec=5, dtype_pairs=[('torch.bfloat16', 'torch.float32'), ('torch.float32', 'torch.float32'), ('torch.float32', 'torch.bfloat16'), ('torch.bfloat16', 'torch.bfloat16')], block_verify=True).
(Worker_TP1 pid=127) INFO 09-12 09:15:02 [kernel_warmup.py:98] Warming up ll_bf16 router GEMM kernels for shapes: ((5120, 384),).
(Worker_TP1 pid=127) INFO 09-12 09:15:03 [flashinfer_sparse_mla_warmup.py:238] Warming up DeepSeek V4 sparse MLA attention for mixed tokens=16.
(Worker_TP1 pid=127) STARTUP_PROBE {"time_ns": 1789204503772581040, "phase": "expert_plan_begin", "available_bytes": 16368553984, "cuda_allocated": 99154780160, "cuda_reserved": 99528736768, "layer": 0, "tokens": 16}
(Worker_TP1 pid=127) STARTUP_PROBE {"time_ns": 1789204503796959242, "phase": "expert_plan_end", "available_bytes": 16368558080, "cuda_allocated": 99155272704, "cuda_reserved": 99528736768, "layer": 0, "tokens": 16}
(Worker_TP1 pid=127) STARTUP_PROBE {"time_ns": 1789204503913194073, "phase": "expert_plan_begin", "available_bytes": 16387162112, "cuda_allocated": 99156258816, "cuda_reserved": 99528736768, "layer": 1, "tokens": 16}
(Worker_TP1 pid=127) STARTUP_PROBE {"time_ns": 1789204503937012042, "phase": "expert_plan_end", "available_bytes": 16386977792, "cuda_allocated": 99156258816, "cuda_reserved": 99528736768, "layer": 1, "tokens": 16}
(Worker_TP1 pid=127) STARTUP_PROBE {"time_ns": 1789204503959871630, "phase": "expert_plan_begin", "available_bytes": 16315355136, "cuda_allocated": 99223041024, "cuda_reserved": 99600039936, "layer": 2, "tokens": 16}
(Worker_TP1 pid=127) STARTUP_PROBE {"time_ns": 1789204503984412794, "phase": "expert_plan_end", "available_bytes": 16315428864, "cuda_allocated": 99223041024, "cuda_reserved": 99600039936, "layer": 2, "tokens": 16}
(Worker_TP1 pid=127) STARTUP_PROBE {"time_ns": 1789204503995341445, "phase": "expert_plan_begin", "available_bytes": 16327880704, "cuda_allocated": 99223369728, "cuda_reserved": 99595845632, "layer": 3, "tokens": 16}
(Worker_TP1 pid=127) STARTUP_PROBE {"time_ns": 1789204504018653167, "phase": "expert_plan_end", "available_bytes": 16327880704, "cuda_allocated": 99223369728, "cuda_reserved": 99595845632, "layer": 3, "tokens": 16}
(Worker_TP1 pid=127) STARTUP_PROBE {"time_ns": 1789204504033635059, "phase": "expert_plan_begin", "available_bytes": 16327884800, "cuda_allocated": 99223370752, "cuda_reserved": 99595845632, "layer": 4, "tokens": 16}
(Worker_TP1 pid=127) STARTUP_PROBE {"time_ns": 1789204504057900698, "phase": "expert_plan_end", "available_bytes": 16327888896, "cuda_allocated": 99223370752, "cuda_reserved": 99595845632, "layer": 4, "tokens": 16}
(Worker_TP1 pid=127) STARTUP_PROBE {"time_ns": 1789204504068473199, "phase": "expert_plan_begin", "available_bytes": 16327888896, "cuda_allocated": 99223371776, "cuda_reserved": 99595845632, "layer": 5, "tokens": 16}
(Worker_TP1 pid=127) STARTUP_PROBE {"time_ns": 1789204504093864663, "phase": "expert_plan_end", "available_bytes": 16327888896, "cuda_allocated": 99223371776, "cuda_reserved": 99595845632, "layer": 5, "tokens": 16}
(Worker_TP1 pid=127) STARTUP_PROBE {"time_ns": 1789204504101616164, "phase": "expert_plan_begin", "available_bytes": 16327888896, "cuda_allocated": 99223372800, "cuda_reserved": 99595845632, "layer": 6, "tokens": 16}
(Worker_TP1 pid=127) STARTUP_PROBE {"time_ns": 1789204504124939198, "phase": "expert_plan_end", "available_bytes": 16327888896, "cuda_allocated": 99223372800, "cuda_reserved": 99595845632, "layer": 6, "tokens": 16}
(Worker_TP1 pid=127) STARTUP_PROBE {"time_ns": 1789204504134471493, "phase": "expert_plan_begin", "available_bytes": 16328146944, "cuda_allocated": 99223373824, "cuda_reserved": 99595845632, "layer": 7, "tokens": 16}
(Worker_TP1 pid=127) STARTUP_PROBE {"time_ns": 1789204504158725036, "phase": "expert_plan_end", "available_bytes": 16328146944, "cuda_allocated": 99223373824, "cuda_reserved": 99595845632, "layer": 7, "tokens": 16}
(Worker_TP1 pid=127) STARTUP_PROBE {"time_ns": 1789204504173077319, "phase": "expert_plan_begin", "available_bytes": 16323952640, "cuda_allocated": 99223374848, "cuda_reserved": 99600039936, "layer": 8, "tokens": 16}
(Worker_TP1 pid=127) STARTUP_PROBE {"time_ns": 1789204504196787799, "phase": "expert_plan_end", "available_bytes": 16323952640, "cuda_allocated": 99223374848, "cuda_reserved": 99600039936, "layer": 8, "tokens": 16}
(Worker_TP1 pid=127) STARTUP_PROBE {"time_ns": 1789204504208087687, "phase": "expert_plan_begin", "available_bytes": 16328081408, "cuda_allocated": 99223048192, "cuda_reserved": 99595845632, "layer": 9, "tokens": 16}
(Worker_TP1 pid=127) STARTUP_PROBE {"time_ns": 1789204504231761366, "phase": "expert_plan_end", "available_bytes": 16328081408, "cuda_allocated": 99223048192, "cuda_reserved": 99595845632, "layer": 9, "tokens": 16}
(Worker_TP1 pid=127) STARTUP_PROBE {"time_ns": 1789204504243437963, "phase": "expert_plan_begin", "available_bytes": 16328151040, "cuda_allocated": 99223376896, "cuda_reserved": 99595845632, "layer": 10, "tokens": 16}
(Worker_TP1 pid=127) STARTUP_PROBE {"time_ns": 1789204504267856773, "phase": "expert_plan_end", "available_bytes": 16328151040, "cuda_allocated": 99223376896, "cuda_reserved": 99595845632, "layer": 10, "tokens": 16}
(Worker_TP1 pid=127) STARTUP_PROBE {"time_ns": 1789204504276653681, "phase": "expert_plan_begin", "available_bytes": 16328151040, "cuda_allocated": 99223050240, "cuda_reserved": 99595845632, "layer": 11, "tokens": 16}
(Worker_TP1 pid=127) STARTUP_PROBE {"time_ns": 1789204504299720791, "phase": "expert_plan_end", "available_bytes": 16328151040, "cuda_allocated": 99223050240, "cuda_reserved": 99595845632, "layer": 11, "tokens": 16}
(Worker_TP1 pid=127) STARTUP_PROBE {"time_ns": 1789204504305450808, "phase": "expert_plan_begin", "available_bytes": 16328151040, "cuda_allocated": 99223051264, "cuda_reserved": 99595845632, "layer": 12, "tokens": 16}
(Worker_TP1 pid=127) STARTUP_PROBE {"time_ns": 1789204504329633423, "phase": "expert_plan_end", "available_bytes": 16328155136, "cuda_allocated": 99223051264, "cuda_reserved": 99595845632, "layer": 12, "tokens": 16}
(Worker_TP1 pid=127) STARTUP_PROBE {"time_ns": 1789204504337461293, "phase": "expert_plan_begin", "available_bytes": 16328155136, "cuda_allocated": 99223379968, "cuda_reserved": 99595845632, "layer": 13, "tokens": 16}
(Worker_TP1 pid=127) STARTUP_PROBE {"time_ns": 1789204504360798984, "phase": "expert_plan_end", "available_bytes": 16328155136, "cuda_allocated": 99223379968, "cuda_reserved": 99595845632, "layer": 13, "tokens": 16}
(Worker_TP1 pid=127) STARTUP_PROBE {"time_ns": 1789204504373163991, "phase": "expert_plan_begin", "available_bytes": 16323960832, "cuda_allocated": 99223380992, "cuda_reserved": 99600039936, "layer": 14, "tokens": 16}
(Worker_TP1 pid=127) STARTUP_PROBE {"time_ns": 1789204504396987848, "phase": "expert_plan_end", "available_bytes": 16323964928, "cuda_allocated": 99223380992, "cuda_reserved": 99600039936, "layer": 14, "tokens": 16}
(Worker_TP1 pid=127) STARTUP_PROBE {"time_ns": 1789204504405549217, "phase": "expert_plan_begin", "available_bytes": 16328552448, "cuda_allocated": 99223054336, "cuda_reserved": 99595845632, "layer": 15, "tokens": 16}
(Worker_TP1 pid=127) STARTUP_PROBE {"time_ns": 1789204504429596197, "phase": "expert_plan_end", "available_bytes": 16324005888, "cuda_allocated": 99223054336, "cuda_reserved": 99595845632, "layer": 15, "tokens": 16}
(Worker_TP1 pid=127) STARTUP_PROBE {"time_ns": 1789204504436730826, "phase": "expert_plan_begin", "available_bytes": 16323612672, "cuda_allocated": 99223383040, "cuda_reserved": 99595845632, "layer": 16, "tokens": 16}
(Worker_TP1 pid=127) STARTUP_PROBE {"time_ns": 1789204504460528843, "phase": "expert_plan_end", "available_bytes": 16332963840, "cuda_allocated": 99223383040, "cuda_reserved": 99595845632, "layer": 16, "tokens": 16}
(Worker_TP1 pid=127) STARTUP_PROBE {"time_ns": 1789204504472789352, "phase": "expert_plan_begin", "available_bytes": 16332599296, "cuda_allocated": 99223384064, "cuda_reserved": 99595845632, "layer": 17, "tokens": 16}
(Worker_TP1 pid=127) STARTUP_PROBE {"time_ns": 1789204504496644794, "phase": "expert_plan_end", "available_bytes": 16332820480, "cuda_allocated": 99223384064, "cuda_reserved": 99595845632, "layer": 17, "tokens": 16}
(Worker_TP1 pid=127) STARTUP_PROBE {"time_ns": 1789204504505915293, "phase": "expert_plan_begin", "available_bytes": 16332820480, "cuda_allocated": 99223057408, "cuda_reserved": 99595845632, "layer": 18, "tokens": 16}
(Worker_TP1 pid=127) STARTUP_PROBE {"time_ns": 1789204504530176180, "phase": "expert_plan_end", "available_bytes": 16332820480, "cuda_allocated": 99223057408, "cuda_reserved": 99595845632, "layer": 18, "tokens": 16}
(Worker_TP1 pid=127) STARTUP_PROBE {"time_ns": 1789204504535513264, "phase": "expert_plan_begin", "available_bytes": 16332820480, "cuda_allocated": 99223058432, "cuda_reserved": 99595845632, "layer": 19, "tokens": 16}
(Worker_TP1 pid=127) STARTUP_PROBE {"time_ns": 1789204504558804697, "phase": "expert_plan_end", "available_bytes": 16332820480, "cuda_allocated": 99223058432, "cuda_reserved": 99595845632, "layer": 19, "tokens": 16}
(Worker_TP1 pid=127) STARTUP_PROBE {"time_ns": 1789204504571167448, "phase": "expert_plan_begin", "available_bytes": 16328630272, "cuda_allocated": 99223387136, "cuda_reserved": 99600039936, "layer": 20, "tokens": 16}
(Worker_TP1 pid=127) STARTUP_PROBE {"time_ns": 1789204504595679827, "phase": "expert_plan_end", "available_bytes": 16328634368, "cuda_allocated": 99223387136, "cuda_reserved": 99600039936, "layer": 20, "tokens": 16}
(Worker_TP1 pid=127) STARTUP_PROBE {"time_ns": 1789204504607804703, "phase": "expert_plan_begin", "available_bytes": 16332828672, "cuda_allocated": 99223388160, "cuda_reserved": 99595845632, "layer": 21, "tokens": 16}
(Worker_TP1 pid=127) STARTUP_PROBE {"time_ns": 1789204504632316665, "phase": "expert_plan_end", "available_bytes": 16332828672, "cuda_allocated": 99223388160, "cuda_reserved": 99595845632, "layer": 21, "tokens": 16}
(Worker_TP1 pid=127) STARTUP_PROBE {"time_ns": 1789204504640305850, "phase": "expert_plan_begin", "available_bytes": 16330993664, "cuda_allocated": 99223061504, "cuda_reserved": 99595845632, "layer": 22, "tokens": 16}
(Worker_TP1 pid=127) STARTUP_PROBE {"time_ns": 1789204504664242957, "phase": "expert_plan_end", "available_bytes": 16330993664, "cuda_allocated": 99223061504, "cuda_reserved": 99595845632, "layer": 22, "tokens": 16}
(Worker_TP1 pid=127) STARTUP_PROBE {"time_ns": 1789204504669894781, "phase": "expert_plan_begin", "available_bytes": 16330993664, "cuda_allocated": 99223062528, "cuda_reserved": 99595845632, "layer": 23, "tokens": 16}
(Worker_TP1 pid=127) STARTUP_PROBE {"time_ns": 1789204504694464297, "phase": "expert_plan_end", "available_bytes": 16330993664, "cuda_allocated": 99223062528, "cuda_reserved": 99595845632, "layer": 23, "tokens": 16}
(Worker_TP1 pid=127) STARTUP_PROBE {"time_ns": 1789204504699531056, "phase": "expert_plan_begin", "available_bytes": 16328699904, "cuda_allocated": 99223063552, "cuda_reserved": 99597942784, "layer": 24, "tokens": 16}
(Worker_TP1 pid=127) STARTUP_PROBE {"time_ns": 1789204504722776313, "phase": "expert_plan_end", "available_bytes": 16328699904, "cuda_allocated": 99223063552, "cuda_reserved": 99597942784, "layer": 24, "tokens": 16}
(Worker_TP1 pid=127) STARTUP_PROBE {"time_ns": 1789204504729810925, "phase": "expert_plan_begin", "available_bytes": 16330534912, "cuda_allocated": 99223064576, "cuda_reserved": 99595845632, "layer": 25, "tokens": 16}
(Worker_TP1 pid=127) STARTUP_PROBE {"time_ns": 1789204504753005781, "phase": "expert_plan_end", "available_bytes": 16330539008, "cuda_allocated": 99223064576, "cuda_reserved": 99595845632, "layer": 25, "tokens": 16}
(Worker_TP1 pid=127) STARTUP_PROBE {"time_ns": 1789204504758816247, "phase": "expert_plan_begin", "available_bytes": 16330539008, "cuda_allocated": 99223065600, "cuda_reserved": 99595845632, "layer": 26, "tokens": 16}
(Worker_TP1 pid=127) STARTUP_PROBE {"time_ns": 1789204504782622024, "phase": "expert_plan_end", "available_bytes": 16330539008, "cuda_allocated": 99223065600, "cuda_reserved": 99595845632, "layer": 26, "tokens": 16}
(Worker_TP1 pid=127) STARTUP_PROBE {"time_ns": 1789204504788805728, "phase": "expert_plan_begin", "available_bytes": 16330539008, "cuda_allocated": 99223066624, "cuda_reserved": 99595845632, "layer": 27, "tokens": 16}
(Worker_TP1 pid=127) STARTUP_PROBE {"time_ns": 1789204504812882180, "phase": "expert_plan_end", "available_bytes": 16330084352, "cuda_allocated": 99223066624, "cuda_reserved": 99595845632, "layer": 27, "tokens": 16}
(Worker_TP1 pid=127) STARTUP_PROBE {"time_ns": 1789204504818822808, "phase": "expert_plan_begin", "available_bytes": 16329461760, "cuda_allocated": 99223067648, "cuda_reserved": 99597942784, "layer": 28, "tokens": 16}
(Worker_TP1 pid=127) STARTUP_PROBE {"time_ns": 1789204504842110802, "phase": "expert_plan_end", "available_bytes": 16329465856, "cuda_allocated": 99223067648, "cuda_reserved": 99597942784, "layer": 28, "tokens": 16}
(Worker_TP1 pid=127) STARTUP_PROBE {"time_ns": 1789204504847696833, "phase": "expert_plan_begin", "available_bytes": 16331300864, "cuda_allocated": 99223068672, "cuda_reserved": 99595845632, "layer": 29, "tokens": 16}
(Worker_TP1 pid=127) STARTUP_PROBE {"time_ns": 1789204504870815192, "phase": "expert_plan_end", "available_bytes": 16347680768, "cuda_allocated": 99223068672, "cuda_reserved": 99595845632, "layer": 29, "tokens": 16}
(Worker_TP1 pid=127) STARTUP_PROBE {"time_ns": 1789204504877182418, "phase": "expert_plan_begin", "available_bytes": 16347955200, "cuda_allocated": 99223069696, "cuda_reserved": 99595845632, "layer": 30, "tokens": 16}
(Worker_TP1 pid=127) STARTUP_PROBE {"time_ns": 1789204504900943458, "phase": "expert_plan_end", "available_bytes": 16355971072, "cuda_allocated": 99223069696, "cuda_reserved": 99595845632, "layer": 30, "tokens": 16}
(Worker_TP1 pid=127) STARTUP_PROBE {"time_ns": 1789204504907196763, "phase": "expert_plan_begin", "available_bytes": 16354140160, "cuda_allocated": 99223070720, "cuda_reserved": 99595845632, "layer": 31, "tokens": 16}
(Worker_TP1 pid=127) STARTUP_PROBE {"time_ns": 1789204504930278497, "phase": "expert_plan_end", "available_bytes": 16354140160, "cuda_allocated": 99223070720, "cuda_reserved": 99595845632, "layer": 31, "tokens": 16}
(Worker_TP1 pid=127) STARTUP_PROBE {"time_ns": 1789204504936339975, "phase": "expert_plan_begin", "available_bytes": 16376471552, "cuda_allocated": 99223071744, "cuda_reserved": 99597942784, "layer": 32, "tokens": 16}
(Worker_TP1 pid=127) STARTUP_PROBE {"time_ns": 1789204504960201657, "phase": "expert_plan_end", "available_bytes": 16376287232, "cuda_allocated": 99223071744, "cuda_reserved": 99597942784, "layer": 32, "tokens": 16}
(Worker_TP1 pid=127) STARTUP_PROBE {"time_ns": 1789204504965993899, "phase": "expert_plan_begin", "available_bytes": 16377864192, "cuda_allocated": 99223072768, "cuda_reserved": 99595845632, "layer": 33, "tokens": 16}
(Worker_TP1 pid=127) STARTUP_PROBE {"time_ns": 1789204504989285268, "phase": "expert_plan_end", "available_bytes": 16388521984, "cuda_allocated": 99223072768, "cuda_reserved": 99595845632, "layer": 33, "tokens": 16}
(Worker_TP1 pid=127) STARTUP_PROBE {"time_ns": 1789204504995097318, "phase": "expert_plan_begin", "available_bytes": 16388521984, "cuda_allocated": 99223073792, "cuda_reserved": 99595845632, "layer": 34, "tokens": 16}
(Worker_TP1 pid=127) STARTUP_PROBE {"time_ns": 1789204505018966488, "phase": "expert_plan_end", "available_bytes": 16388599808, "cuda_allocated": 99223073792, "cuda_reserved": 99595845632, "layer": 34, "tokens": 16}
(Worker_TP1 pid=127) STARTUP_PROBE {"time_ns": 1789204505024013647, "phase": "expert_plan_begin", "available_bytes": 16388599808, "cuda_allocated": 99223074816, "cuda_reserved": 99595845632, "layer": 35, "tokens": 16}
(Worker_TP1 pid=127) STARTUP_PROBE {"time_ns": 1789204505047248231, "phase": "expert_plan_end", "available_bytes": 16388603904, "cuda_allocated": 99223074816, "cuda_reserved": 99595845632, "layer": 35, "tokens": 16}
(Worker_TP1 pid=127) STARTUP_PROBE {"time_ns": 1789204505053145931, "phase": "expert_plan_begin", "available_bytes": 16386768896, "cuda_allocated": 99223075840, "cuda_reserved": 99597942784, "layer": 36, "tokens": 16}
(Worker_TP1 pid=127) STARTUP_PROBE {"time_ns": 1789204505076249297, "phase": "expert_plan_end", "available_bytes": 16386768896, "cuda_allocated": 99223075840, "cuda_reserved": 99597942784, "layer": 36, "tokens": 16}
(Worker_TP1 pid=127) STARTUP_PROBE {"time_ns": 1789204505083023025, "phase": "expert_plan_begin", "available_bytes": 16386772992, "cuda_allocated": 99223896064, "cuda_reserved": 99597942784, "layer": 37, "tokens": 16}
(Worker_TP1 pid=127) STARTUP_PROBE {"time_ns": 1789204505107347144, "phase": "expert_plan_end", "available_bytes": 16386772992, "cuda_allocated": 99223896064, "cuda_reserved": 99597942784, "layer": 37, "tokens": 16}
(Worker_TP1 pid=127) STARTUP_PROBE {"time_ns": 1789204505114562670, "phase": "expert_plan_begin", "available_bytes": 16386772992, "cuda_allocated": 99224060928, "cuda_reserved": 99597942784, "layer": 38, "tokens": 16}
(Worker_TP1 pid=127) STARTUP_PROBE {"time_ns": 1789204505138272381, "phase": "expert_plan_end", "available_bytes": 16386772992, "cuda_allocated": 99224060928, "cuda_reserved": 99597942784, "layer": 38, "tokens": 16}
(Worker_TP1 pid=127) STARTUP_PROBE {"time_ns": 1789204505144133024, "phase": "expert_plan_begin", "available_bytes": 16386772992, "cuda_allocated": 99224225792, "cuda_reserved": 99597942784, "layer": 39, "tokens": 16}
(Worker_TP1 pid=127) STARTUP_PROBE {"time_ns": 1789204505168529833, "phase": "expert_plan_end", "available_bytes": 16386772992, "cuda_allocated": 99224225792, "cuda_reserved": 99597942784, "layer": 39, "tokens": 16}
(Worker_TP1 pid=127) EXPERT_STREAM {"hits": 0, "misses": 0, "read_bytes": 0, "read_seconds": 0.0, "rank": 1, "cache_bytes": 0, "slot_hits": 215, "slot_misses": 274, "packed_read_bytes": 2575687680, "graph_replays": 123, "routed_pipeline_batches": 0, "routed_pipeline_bytes": 0, "prefetch_issued": 0, "prefetch_read_bytes": 0, "prefetch_consumed": 0, "prefetch_ready": 0, "prefetch_late": 0, "prefetch_cancelled": 0, "prefetch_unused": 0, "demand_read_bytes": 2575687680, "io_batches": 57, "io_overlaps": 57, "staging_bytes": 0, "staging_banks": 0, "prefetch_pending": 0, "execution_buffer_bytes": 63658872, "scratch_bytes": 402653184, "gpu_cache_bytes": 87836590080}
(Worker_TP1 pid=127) INFO 09-12 09:15:05 [flashinfer_sparse_mla_warmup.py:186] FlashInfer SM120 sparse MLA DSv4.1 decode autotune cache loaded on rank 1 from /cache/vllm/flashinfer_autotune_cache/0.7.0rc1/121a/166c5a46999f61c99c569c03b2c73dc381a56aa6d1cba7c44eba119b9cfa6141/autotune_configs.json.
(Worker_TP1 pid=127) b12x policy fallback: moe.decode is using a heuristic on nvidia gb10 (compute capability 12.1, 48 SMs) because profile 'nvidia.gb10.48sm' does not cover the query; query={'activation': 'silu', 'hidden_size': 5120, 'intermediate_size': 1152, 'num_experts': 128, 'num_tokens': 5, 'numerical_recipe': 'deepseek_v41', 'quant_mode': 'w4a8_mx', 'routed_rows': 15, 'source_format': 'fp4_e8m0_k32', 'top_k': 3}
(Worker_TP1 pid=127) b12x policy fallback: moe.decode is using a heuristic on nvidia gb10 (compute capability 12.1, 48 SMs) because profile 'nvidia.gb10.48sm' does not cover the query; query={'activation': 'silu', 'hidden_size': 5120, 'intermediate_size': 1152, 'num_experts': 224, 'num_tokens': 16, 'numerical_recipe': 'deepseek_v41', 'quant_mode': 'w4a8_mx', 'routed_rows': 96, 'source_format': 'fp4_e8m0_k32', 'top_k': 6}
(Worker_TP1 pid=127) 2026-09-12 09:15:05,353 - INFO - autotuner.py:3475 - flashinfer.jit: [Autotuner]: Loaded 160 configs from /cache/vllm/flashinfer_autotune_cache/0.7.0rc1/121a/166c5a46999f61c99c569c03b2c73dc381a56aa6d1cba7c44eba119b9cfa6141/autotune_configs.json
(Worker_TP1 pid=127) 2026-09-12 09:15:05,365 - INFO - autotuner.py:3475 - flashinfer.jit: [Autotuner]: Loaded 160 configs from /cache/vllm/flashinfer_autotune_cache/0.7.0rc1/121a/166c5a46999f61c99c569c03b2c73dc381a56aa6d1cba7c44eba119b9cfa6141/autotune_configs.json
(Worker_TP1 pid=127) INFO 09-12 09:15:05 [kernel_warmup.py:290] Running FlashInfer autotune with 4096 tokens.
(Worker_TP1 pid=127) EXPERT_STREAM {"hits": 0, "misses": 0, "read_bytes": 0, "read_seconds": 0.0, "rank": 1, "cache_bytes": 0, "slot_hits": 464, "slot_misses": 283, "packed_read_bytes": 2660290560, "graph_replays": 206, "routed_pipeline_batches": 0, "routed_pipeline_bytes": 0, "prefetch_issued": 0, "prefetch_read_bytes": 0, "prefetch_consumed": 0, "prefetch_ready": 0, "prefetch_late": 0, "prefetch_cancelled": 0, "prefetch_unused": 0, "demand_read_bytes": 2660290560, "io_batches": 60, "io_overlaps": 60, "staging_bytes": 0, "staging_banks": 0, "prefetch_pending": 0, "execution_buffer_bytes": 63658872, "scratch_bytes": 402653184, "gpu_cache_bytes": 87836590080}
(Worker_TP1 pid=127) EXPERT_STREAM {"hits": 0, "misses": 0, "read_bytes": 0, "read_seconds": 0.0, "rank": 1, "cache_bytes": 0, "slot_hits": 702, "slot_misses": 1220, "packed_read_bytes": 11468390400, "graph_replays": 249, "routed_pipeline_batches": 0, "routed_pipeline_bytes": 0, "prefetch_issued": 0, "prefetch_read_bytes": 0, "prefetch_consumed": 0, "prefetch_ready": 0, "prefetch_late": 0, "prefetch_cancelled": 0, "prefetch_unused": 0, "demand_read_bytes": 11468390400, "io_batches": 100, "io_overlaps": 100, "staging_bytes": 0, "staging_banks": 0, "prefetch_pending": 0, "execution_buffer_bytes": 63658872, "scratch_bytes": 402653184, "gpu_cache_bytes": 87836590080}
(Worker_TP1 pid=127) STARTUP_PROBE {"time_ns": 1789204509223354056, "phase": "expert_plan_begin", "available_bytes": 15222706176, "cuda_allocated": 99232874496, "cuda_reserved": 100778639360, "layer": 0, "tokens": 6}
(Worker_TP1 pid=127) STARTUP_PROBE {"time_ns": 1789204509234564677, "phase": "expert_plan_end", "available_bytes": 15222706176, "cuda_allocated": 99233059840, "cuda_reserved": 100778639360, "layer": 0, "tokens": 6}
(Worker_TP1 pid=127) STARTUP_PROBE {"time_ns": 1789204509266785498, "phase": "expert_plan_begin", "available_bytes": 16411594752, "cuda_allocated": 99233308160, "cuda_reserved": 99595845632, "layer": 1, "tokens": 6}
(Worker_TP1 pid=127) STARTUP_PROBE {"time_ns": 1789204509277947335, "phase": "expert_plan_end", "available_bytes": 16411594752, "cuda_allocated": 99233308160, "cuda_reserved": 99595845632, "layer": 1, "tokens": 6}
(Worker_TP1 pid=127) STARTUP_PROBE {"time_ns": 1789204509293203277, "phase": "expert_plan_begin", "available_bytes": 16407400448, "cuda_allocated": 99233309184, "cuda_reserved": 99600039936, "layer": 2, "tokens": 6}
(Worker_TP1 pid=127) STARTUP_PROBE {"time_ns": 1789204509304411771, "phase": "expert_plan_end", "available_bytes": 16407400448, "cuda_allocated": 99233309184, "cuda_reserved": 99600039936, "layer": 2, "tokens": 6}
(Worker_TP1 pid=127) STARTUP_PROBE {"time_ns": 1789204509316121439, "phase": "expert_plan_begin", "available_bytes": 16411598848, "cuda_allocated": 99233310208, "cuda_reserved": 99595845632, "layer": 3, "tokens": 6}
(Worker_TP1 pid=127) STARTUP_PROBE {"time_ns": 1789204509326729348, "phase": "expert_plan_end", "available_bytes": 16411598848, "cuda_allocated": 99233310208, "cuda_reserved": 99595845632, "layer": 3, "tokens": 6}
(Worker_TP1 pid=127) STARTUP_PROBE {"time_ns": 1789204509341415011, "phase": "expert_plan_begin", "available_bytes": 16411598848, "cuda_allocated": 99233311232, "cuda_reserved": 99595845632, "layer": 4, "tokens": 6}
(Worker_TP1 pid=127) STARTUP_PROBE {"time_ns": 1789204509351961479, "phase": "expert_plan_end", "available_bytes": 16411598848, "cuda_allocated": 99233311232, "cuda_reserved": 99595845632, "layer": 4, "tokens": 6}
(Worker_TP1 pid=127) STARTUP_PROBE {"time_ns": 1789204509363881342, "phase": "expert_plan_begin", "available_bytes": 16411602944, "cuda_allocated": 99233312256, "cuda_reserved": 99595845632, "layer": 5, "tokens": 6}
(Worker_TP1 pid=127) STARTUP_PROBE {"time_ns": 1789204509374714054, "phase": "expert_plan_end", "available_bytes": 16411602944, "cuda_allocated": 99233312256, "cuda_reserved": 99595845632, "layer": 5, "tokens": 6}
(Worker_TP1 pid=127) STARTUP_PROBE {"time_ns": 1789204509387838655, "phase": "expert_plan_begin", "available_bytes": 16411602944, "cuda_allocated": 99233313280, "cuda_reserved": 99595845632, "layer": 6, "tokens": 6}
(Worker_TP1 pid=127) STARTUP_PROBE {"time_ns": 1789204509398496836, "phase": "expert_plan_end", "available_bytes": 16411602944, "cuda_allocated": 99233313280, "cuda_reserved": 99595845632, "layer": 6, "tokens": 6}
(Worker_TP1 pid=127) STARTUP_PROBE {"time_ns": 1789204509412102660, "phase": "expert_plan_begin", "available_bytes": 16411602944, "cuda_allocated": 99233314304, "cuda_reserved": 99595845632, "layer": 7, "tokens": 6}
(Worker_TP1 pid=127) STARTUP_PROBE {"time_ns": 1789204509422805402, "phase": "expert_plan_end", "available_bytes": 16411602944, "cuda_allocated": 99233314304, "cuda_reserved": 99595845632, "layer": 7, "tokens": 6}
(Worker_TP1 pid=127) STARTUP_PROBE {"time_ns": 1789204509436965489, "phase": "expert_plan_begin", "available_bytes": 16407408640, "cuda_allocated": 99233315328, "cuda_reserved": 99600039936, "layer": 8, "tokens": 6}
(Worker_TP1 pid=127) STARTUP_PROBE {"time_ns": 1789204509447703992, "phase": "expert_plan_end", "available_bytes": 16407412736, "cuda_allocated": 99233315328, "cuda_reserved": 99600039936, "layer": 8, "tokens": 6}
(Worker_TP1 pid=127) STARTUP_PROBE {"time_ns": 1789204509461701948, "phase": "expert_plan_begin", "available_bytes": 16411607040, "cuda_allocated": 99233316352, "cuda_reserved": 99595845632, "layer": 9, "tokens": 6}
(Worker_TP1 pid=127) STARTUP_PROBE {"time_ns": 1789204509472424179, "phase": "expert_plan_end", "available_bytes": 16411607040, "cuda_allocated": 99233316352, "cuda_reserved": 99595845632, "layer": 9, "tokens": 6}
(Worker_TP1 pid=127) STARTUP_PROBE {"time_ns": 1789204509484230857, "phase": "expert_plan_begin", "available_bytes": 16411607040, "cuda_allocated": 99233317376, "cuda_reserved": 99595845632, "layer": 10, "tokens": 6}
(Worker_TP1 pid=127) STARTUP_PROBE {"time_ns": 1789204509495489927, "phase": "expert_plan_end", "available_bytes": 16411607040, "cuda_allocated": 99233317376, "cuda_reserved": 99595845632, "layer": 10, "tokens": 6}
(Worker_TP1 pid=127) STARTUP_PROBE {"time_ns": 1789204509520705977, "phase": "expert_plan_begin", "available_bytes": 16411607040, "cuda_allocated": 99233318400, "cuda_reserved": 99595845632, "layer": 11, "tokens": 6}
(Worker_TP1 pid=127) STARTUP_PROBE {"time_ns": 1789204509531273262, "phase": "expert_plan_end", "available_bytes": 16411607040, "cuda_allocated": 99233318400, "cuda_reserved": 99595845632, "layer": 11, "tokens": 6}
(Worker_TP1 pid=127) STARTUP_PROBE {"time_ns": 1789204509544052753, "phase": "expert_plan_begin", "available_bytes": 16411607040, "cuda_allocated": 99233319424, "cuda_reserved": 99595845632, "layer": 12, "tokens": 6}
(Worker_TP1 pid=127) STARTUP_PROBE {"time_ns": 1789204509554948490, "phase": "expert_plan_end", "available_bytes": 16411607040, "cuda_allocated": 99233319424, "cuda_reserved": 99595845632, "layer": 12, "tokens": 6}
(Worker_TP1 pid=127) STARTUP_PROBE {"time_ns": 1789204509570952267, "phase": "expert_plan_begin", "available_bytes": 16411611136, "cuda_allocated": 99233320448, "cuda_reserved": 99595845632, "layer": 13, "tokens": 6}
(Worker_TP1 pid=127) STARTUP_PROBE {"time_ns": 1789204509582345883, "phase": "expert_plan_end", "available_bytes": 16411615232, "cuda_allocated": 99233320448, "cuda_reserved": 99595845632, "layer": 13, "tokens": 6}
(Worker_TP1 pid=127) STARTUP_PROBE {"time_ns": 1789204509592659564, "phase": "expert_plan_begin", "available_bytes": 16405323776, "cuda_allocated": 99233321472, "cuda_reserved": 99600039936, "layer": 14, "tokens": 6}
(Worker_TP1 pid=127) STARTUP_PROBE {"time_ns": 1789204509603476020, "phase": "expert_plan_end", "available_bytes": 16405323776, "cuda_allocated": 99233321472, "cuda_reserved": 99600039936, "layer": 14, "tokens": 6}
(Worker_TP1 pid=127) STARTUP_PROBE {"time_ns": 1789204509618049681, "phase": "expert_plan_begin", "available_bytes": 16409518080, "cuda_allocated": 99233322496, "cuda_reserved": 99595845632, "layer": 15, "tokens": 6}
(Worker_TP1 pid=127) STARTUP_PROBE {"time_ns": 1789204509628809752, "phase": "expert_plan_end", "available_bytes": 16405880832, "cuda_allocated": 99233322496, "cuda_reserved": 99595845632, "layer": 15, "tokens": 6}
(Worker_TP1 pid=127) STARTUP_PROBE {"time_ns": 1789204509640988563, "phase": "expert_plan_begin", "available_bytes": 16405880832, "cuda_allocated": 99233323520, "cuda_reserved": 99595845632, "layer": 16, "tokens": 6}
(Worker_TP1 pid=127) STARTUP_PROBE {"time_ns": 1789204509651709722, "phase": "expert_plan_end", "available_bytes": 16405880832, "cuda_allocated": 99233323520, "cuda_reserved": 99595845632, "layer": 16, "tokens": 6}
(Worker_TP1 pid=127) STARTUP_PROBE {"time_ns": 1789204509669012365, "phase": "expert_plan_begin", "available_bytes": 16413917184, "cuda_allocated": 99233324544, "cuda_reserved": 99595845632, "layer": 17, "tokens": 6}
(Worker_TP1 pid=127) STARTUP_PROBE {"time_ns": 1789204509679761620, "phase": "expert_plan_end", "available_bytes": 16413917184, "cuda_allocated": 99233324544, "cuda_reserved": 99595845632, "layer": 17, "tokens": 6}
(Worker_TP1 pid=127) STARTUP_PROBE {"time_ns": 1789204509690874304, "phase": "expert_plan_begin", "available_bytes": 16413917184, "cuda_allocated": 99233325568, "cuda_reserved": 99595845632, "layer": 18, "tokens": 6}
(Worker_TP1 pid=127) STARTUP_PROBE {"time_ns": 1789204509702301424, "phase": "expert_plan_end", "available_bytes": 16414167040, "cuda_allocated": 99233325568, "cuda_reserved": 99595845632, "layer": 18, "tokens": 6}
(Worker_TP1 pid=127) STARTUP_PROBE {"time_ns": 1789204509712036985, "phase": "expert_plan_begin", "available_bytes": 16414167040, "cuda_allocated": 99233326592, "cuda_reserved": 99595845632, "layer": 19, "tokens": 6}
(Worker_TP1 pid=127) STARTUP_PROBE {"time_ns": 1789204509723129877, "phase": "expert_plan_end", "available_bytes": 16414167040, "cuda_allocated": 99233326592, "cuda_reserved": 99595845632, "layer": 19, "tokens": 6}
(Worker_TP1 pid=127) STARTUP_PROBE {"time_ns": 1789204509735781175, "phase": "expert_plan_begin", "available_bytes": 16409972736, "cuda_allocated": 99233327616, "cuda_reserved": 99600039936, "layer": 20, "tokens": 6}
(Worker_TP1 pid=127) STARTUP_PROBE {"time_ns": 1789204509746916419, "phase": "expert_plan_end", "available_bytes": 16409972736, "cuda_allocated": 99233327616, "cuda_reserved": 99600039936, "layer": 20, "tokens": 6}
(Worker_TP1 pid=127) STARTUP_PROBE {"time_ns": 1789204509760714373, "phase": "expert_plan_begin", "available_bytes": 16414167040, "cuda_allocated": 99233328640, "cuda_reserved": 99595845632, "layer": 21, "tokens": 6}
(Worker_TP1 pid=127) STARTUP_PROBE {"time_ns": 1789204509771436476, "phase": "expert_plan_end", "available_bytes": 16414167040, "cuda_allocated": 99233328640, "cuda_reserved": 99595845632, "layer": 21, "tokens": 6}
(Worker_TP1 pid=127) STARTUP_PROBE {"time_ns": 1789204509786692370, "phase": "expert_plan_begin", "available_bytes": 16414171136, "cuda_allocated": 99233329664, "cuda_reserved": 99595845632, "layer": 22, "tokens": 6}
(Worker_TP1 pid=127) STARTUP_PROBE {"time_ns": 1789204509797955472, "phase": "expert_plan_end", "available_bytes": 16414171136, "cuda_allocated": 99233329664, "cuda_reserved": 99595845632, "layer": 22, "tokens": 6}
(Worker_TP1 pid=127) STARTUP_PROBE {"time_ns": 1789204509812842801, "phase": "expert_plan_begin", "available_bytes": 16414171136, "cuda_allocated": 99233330688, "cuda_reserved": 99595845632, "layer": 23, "tokens": 6}
(Worker_TP1 pid=127) STARTUP_PROBE {"time_ns": 1789204509823773515, "phase": "expert_plan_end", "available_bytes": 16411443200, "cuda_allocated": 99233330688, "cuda_reserved": 99595845632, "layer": 23, "tokens": 6}
(Worker_TP1 pid=127) STARTUP_PROBE {"time_ns": 1789204509832449109, "phase": "expert_plan_begin", "available_bytes": 16409350144, "cuda_allocated": 99233331712, "cuda_reserved": 99597942784, "layer": 24, "tokens": 6}
(Worker_TP1 pid=127) STARTUP_PROBE {"time_ns": 1789204509843208700, "phase": "expert_plan_end", "available_bytes": 16409354240, "cuda_allocated": 99233331712, "cuda_reserved": 99597942784, "layer": 24, "tokens": 6}
(Worker_TP1 pid=127) STARTUP_PROBE {"time_ns": 1789204509856846715, "phase": "expert_plan_begin", "available_bytes": 16436256768, "cuda_allocated": 99233332736, "cuda_reserved": 99595845632, "layer": 25, "tokens": 6}
(Worker_TP1 pid=127) STARTUP_PROBE {"time_ns": 1789204509867414096, "phase": "expert_plan_end", "available_bytes": 16436404224, "cuda_allocated": 99233332736, "cuda_reserved": 99595845632, "layer": 25, "tokens": 6}
(Worker_TP1 pid=127) STARTUP_PROBE {"time_ns": 1789204509880342454, "phase": "expert_plan_begin", "available_bytes": 16436486144, "cuda_allocated": 99233333760, "cuda_reserved": 99595845632, "layer": 26, "tokens": 6}
(Worker_TP1 pid=127) STARTUP_PROBE {"time_ns": 1789204509890946234, "phase": "expert_plan_end", "available_bytes": 16436498432, "cuda_allocated": 99233333760, "cuda_reserved": 99595845632, "layer": 26, "tokens": 6}
(Worker_TP1 pid=127) STARTUP_PROBE {"time_ns": 1789204509908670451, "phase": "expert_plan_begin", "available_bytes": 16436498432, "cuda_allocated": 99233334784, "cuda_reserved": 99595845632, "layer": 27, "tokens": 6}
(Worker_TP1 pid=127) STARTUP_PROBE {"time_ns": 1789204509920207878, "phase": "expert_plan_end", "available_bytes": 16436498432, "cuda_allocated": 99233334784, "cuda_reserved": 99595845632, "layer": 27, "tokens": 6}
(Worker_TP1 pid=127) STARTUP_PROBE {"time_ns": 1789204509933208588, "phase": "expert_plan_begin", "available_bytes": 16442658816, "cuda_allocated": 99233335808, "cuda_reserved": 99597942784, "layer": 28, "tokens": 6}
(Worker_TP1 pid=127) STARTUP_PROBE {"time_ns": 1789204509944074437, "phase": "expert_plan_end", "available_bytes": 16455241728, "cuda_allocated": 99233335808, "cuda_reserved": 99597942784, "layer": 28, "tokens": 6}
(Worker_TP1 pid=127) STARTUP_PROBE {"time_ns": 1789204509954713210, "phase": "expert_plan_begin", "available_bytes": 16457338880, "cuda_allocated": 99233336832, "cuda_reserved": 99595845632, "layer": 29, "tokens": 6}
(Worker_TP1 pid=127) STARTUP_PROBE {"time_ns": 1789204509965368400, "phase": "expert_plan_end", "available_bytes": 16457342976, "cuda_allocated": 99233336832, "cuda_reserved": 99595845632, "layer": 29, "tokens": 6}
(Worker_TP1 pid=127) STARTUP_PROBE {"time_ns": 1789204509979105889, "phase": "expert_plan_begin", "available_bytes": 16457347072, "cuda_allocated": 99233337856, "cuda_reserved": 99595845632, "layer": 30, "tokens": 6}
(Worker_TP1 pid=127) STARTUP_PROBE {"time_ns": 1789204509989774215, "phase": "expert_plan_end", "available_bytes": 16457347072, "cuda_allocated": 99233337856, "cuda_reserved": 99595845632, "layer": 30, "tokens": 6}
(Worker_TP1 pid=127) STARTUP_PROBE {"time_ns": 1789204510005601909, "phase": "expert_plan_begin", "available_bytes": 16457347072, "cuda_allocated": 99233338880, "cuda_reserved": 99595845632, "layer": 31, "tokens": 6}
(Worker_TP1 pid=127) STARTUP_PROBE {"time_ns": 1789204510016307019, "phase": "expert_plan_end", "available_bytes": 16457347072, "cuda_allocated": 99233338880, "cuda_reserved": 99595845632, "layer": 31, "tokens": 6}
(Worker_TP1 pid=127) STARTUP_PROBE {"time_ns": 1789204510039666883, "phase": "expert_plan_begin", "available_bytes": 16455249920, "cuda_allocated": 99233339904, "cuda_reserved": 99597942784, "layer": 32, "tokens": 6}
(Worker_TP1 pid=127) STARTUP_PROBE {"time_ns": 1789204510050229207, "phase": "expert_plan_end", "available_bytes": 16463507456, "cuda_allocated": 99233339904, "cuda_reserved": 99597942784, "layer": 32, "tokens": 6}
(Worker_TP1 pid=127) STARTUP_PROBE {"time_ns": 1789204510069907483, "phase": "expert_plan_begin", "available_bytes": 16465604608, "cuda_allocated": 99233340928, "cuda_reserved": 99595845632, "layer": 33, "tokens": 6}
(Worker_TP1 pid=127) STARTUP_PROBE {"time_ns": 1789204510081005351, "phase": "expert_plan_end", "available_bytes": 16465604608, "cuda_allocated": 99233340928, "cuda_reserved": 99595845632, "layer": 33, "tokens": 6}
(Worker_TP1 pid=127) STARTUP_PROBE {"time_ns": 1789204510094998379, "phase": "expert_plan_begin", "available_bytes": 16463507456, "cuda_allocated": 99233341952, "cuda_reserved": 99595845632, "layer": 34, "tokens": 6}
(Worker_TP1 pid=127) STARTUP_PROBE {"time_ns": 1789204510105592240, "phase": "expert_plan_end", "available_bytes": 16463511552, "cuda_allocated": 99233341952, "cuda_reserved": 99595845632, "layer": 34, "tokens": 6}
(Worker_TP1 pid=127) STARTUP_PROBE {"time_ns": 1789204510126143728, "phase": "expert_plan_begin", "available_bytes": 16463511552, "cuda_allocated": 99233342976, "cuda_reserved": 99595845632, "layer": 35, "tokens": 6}
(Worker_TP1 pid=127) STARTUP_PROBE {"time_ns": 1789204510137480175, "phase": "expert_plan_end", "available_bytes": 16463511552, "cuda_allocated": 99233342976, "cuda_reserved": 99595845632, "layer": 35, "tokens": 6}
(Worker_TP1 pid=127) STARTUP_PROBE {"time_ns": 1789204510151969706, "phase": "expert_plan_begin", "available_bytes": 16461414400, "cuda_allocated": 99233344000, "cuda_reserved": 99597942784, "layer": 36, "tokens": 6}
(Worker_TP1 pid=127) STARTUP_PROBE {"time_ns": 1789204510163235225, "phase": "expert_plan_end", "available_bytes": 16461414400, "cuda_allocated": 99233344000, "cuda_reserved": 99597942784, "layer": 36, "tokens": 6}
(Worker_TP1 pid=127) STARTUP_PROBE {"time_ns": 1789204510176938393, "phase": "expert_plan_begin", "available_bytes": 16469164032, "cuda_allocated": 99233652224, "cuda_reserved": 99595845632, "layer": 37, "tokens": 6}
(Worker_TP1 pid=127) STARTUP_PROBE {"time_ns": 1789204510187681983, "phase": "expert_plan_end", "available_bytes": 16469692416, "cuda_allocated": 99233652224, "cuda_reserved": 99595845632, "layer": 37, "tokens": 6}
(Worker_TP1 pid=127) STARTUP_PROBE {"time_ns": 1789204510200465683, "phase": "expert_plan_begin", "available_bytes": 16469434368, "cuda_allocated": 99233714688, "cuda_reserved": 99595845632, "layer": 38, "tokens": 6}
(Worker_TP1 pid=127) STARTUP_PROBE {"time_ns": 1789204510211227306, "phase": "expert_plan_end", "available_bytes": 16469438464, "cuda_allocated": 99233714688, "cuda_reserved": 99595845632, "layer": 38, "tokens": 6}
(Worker_TP1 pid=127) STARTUP_PROBE {"time_ns": 1789204510224739927, "phase": "expert_plan_begin", "available_bytes": 16469438464, "cuda_allocated": 99233777152, "cuda_reserved": 99595845632, "layer": 39, "tokens": 6}
(Worker_TP1 pid=127) STARTUP_PROBE {"time_ns": 1789204510235367036, "phase": "expert_plan_end", "available_bytes": 16469434368, "cuda_allocated": 99233777152, "cuda_reserved": 99595845632, "layer": 39, "tokens": 6}
(Worker_TP1 pid=127) EXPERT_STREAM {"hits": 0, "misses": 0, "read_bytes": 0, "read_seconds": 0.0, "rank": 1, "cache_bytes": 0, "slot_hits": 999, "slot_misses": 1462, "packed_read_bytes": 13743267840, "graph_replays": 292, "routed_pipeline_batches": 0, "routed_pipeline_bytes": 0, "prefetch_issued": 0, "prefetch_read_bytes": 0, "prefetch_consumed": 0, "prefetch_ready": 0, "prefetch_late": 0, "prefetch_cancelled": 0, "prefetch_unused": 0, "demand_read_bytes": 13743267840, "io_batches": 143, "io_overlaps": 143, "staging_bytes": 0, "staging_banks": 0, "prefetch_pending": 0, "execution_buffer_bytes": 63843480, "scratch_bytes": 402653184, "gpu_cache_bytes": 87836590080}
(Worker_TP1 pid=127) STARTUP_PROBE {"time_ns": 1789204510291694947, "phase": "expert_plan_begin", "available_bytes": 16452923392, "cuda_allocated": 99236301824, "cuda_reserved": 99595845632, "layer": 0, "tokens": 1}
(Worker_TP1 pid=127) STARTUP_PROBE {"time_ns": 1789204510297775288, "phase": "expert_plan_end", "available_bytes": 16452923392, "cuda_allocated": 99236333568, "cuda_reserved": 99595845632, "layer": 0, "tokens": 1}
(Worker_TP1 pid=127) STARTUP_PROBE {"time_ns": 1789204510305940042, "phase": "expert_plan_begin", "available_bytes": 16452927488, "cuda_allocated": 99236377088, "cuda_reserved": 99595845632, "layer": 1, "tokens": 1}
(Worker_TP1 pid=127) STARTUP_PROBE {"time_ns": 1789204510311272437, "phase": "expert_plan_end", "available_bytes": 16452927488, "cuda_allocated": 99236377088, "cuda_reserved": 99595845632, "layer": 1, "tokens": 1}
(Worker_TP1 pid=127) STARTUP_PROBE {"time_ns": 1789204510319600026, "phase": "expert_plan_begin", "available_bytes": 16448733184, "cuda_allocated": 99236378112, "cuda_reserved": 99600039936, "layer": 2, "tokens": 1}
(Worker_TP1 pid=127) STARTUP_PROBE {"time_ns": 1789204510324979654, "phase": "expert_plan_end", "available_bytes": 16448733184, "cuda_allocated": 99236378112, "cuda_reserved": 99600039936, "layer": 2, "tokens": 1}
(Worker_TP1 pid=127) STARTUP_PROBE {"time_ns": 1789204510333634079, "phase": "expert_plan_begin", "available_bytes": 16452927488, "cuda_allocated": 99236379136, "cuda_reserved": 99595845632, "layer": 3, "tokens": 1}
(Worker_TP1 pid=127) STARTUP_PROBE {"time_ns": 1789204510338733110, "phase": "expert_plan_end", "available_bytes": 16452931584, "cuda_allocated": 99236379136, "cuda_reserved": 99595845632, "layer": 3, "tokens": 1}
(Worker_TP1 pid=127) STARTUP_PROBE {"time_ns": 1789204510347349839, "phase": "expert_plan_begin", "available_bytes": 16452931584, "cuda_allocated": 99236380160, "cuda_reserved": 99595845632, "layer": 4, "tokens": 1}
(Worker_TP1 pid=127) STARTUP_PROBE {"time_ns": 1789204510352533336, "phase": "expert_plan_end", "available_bytes": 16452935680, "cuda_allocated": 99236380160, "cuda_reserved": 99595845632, "layer": 4, "tokens": 1}
(Worker_TP1 pid=127) STARTUP_PROBE {"time_ns": 1789204510356761491, "phase": "expert_plan_begin", "available_bytes": 16452935680, "cuda_allocated": 99236360704, "cuda_reserved": 99595845632, "layer": 5, "tokens": 1}
(Worker_TP1 pid=127) STARTUP_PROBE {"time_ns": 1789204510362140911, "phase": "expert_plan_end", "available_bytes": 16452935680, "cuda_allocated": 99236360704, "cuda_reserved": 99595845632, "layer": 5, "tokens": 1}
(Worker_TP1 pid=127) STARTUP_PROBE {"time_ns": 1789204510368621130, "phase": "expert_plan_begin", "available_bytes": 16450838528, "cuda_allocated": 99236382208, "cuda_reserved": 99595845632, "layer": 6, "tokens": 1}
(Worker_TP1 pid=127) STARTUP_PROBE {"time_ns": 1789204510373899652, "phase": "expert_plan_end", "available_bytes": 16450838528, "cuda_allocated": 99236382208, "cuda_reserved": 99595845632, "layer": 6, "tokens": 1}
(Worker_TP1 pid=127) STARTUP_PROBE {"time_ns": 1789204510380711763, "phase": "expert_plan_begin", "available_bytes": 16450838528, "cuda_allocated": 99236383232, "cuda_reserved": 99595845632, "layer": 7, "tokens": 1}
(Worker_TP1 pid=127) STARTUP_PROBE {"time_ns": 1789204510385740090, "phase": "expert_plan_end", "available_bytes": 16450838528, "cuda_allocated": 99236383232, "cuda_reserved": 99595845632, "layer": 7, "tokens": 1}
(Worker_TP1 pid=127) STARTUP_PROBE {"time_ns": 1789204510391406441, "phase": "expert_plan_begin", "available_bytes": 16446676992, "cuda_allocated": 99236363776, "cuda_reserved": 99600039936, "layer": 8, "tokens": 1}
(Worker_TP1 pid=127) STARTUP_PROBE {"time_ns": 1789204510396435680, "phase": "expert_plan_end", "available_bytes": 16446676992, "cuda_allocated": 99236363776, "cuda_reserved": 99600039936, "layer": 8, "tokens": 1}
(Worker_TP1 pid=127) STARTUP_PROBE {"time_ns": 1789204510402186321, "phase": "expert_plan_begin", "available_bytes": 16450351104, "cuda_allocated": 99236364800, "cuda_reserved": 99595845632, "layer": 9, "tokens": 1}
(Worker_TP1 pid=127) STARTUP_PROBE {"time_ns": 1789204510407055509, "phase": "expert_plan_end", "available_bytes": 16450351104, "cuda_allocated": 99236364800, "cuda_reserved": 99595845632, "layer": 9, "tokens": 1}
(Worker_TP1 pid=127) STARTUP_PROBE {"time_ns": 1789204510413804580, "phase": "expert_plan_begin", "available_bytes": 16450613248, "cuda_allocated": 99236386304, "cuda_reserved": 99595845632, "layer": 10, "tokens": 1}
(Worker_TP1 pid=127) STARTUP_PROBE {"time_ns": 1789204510418979100, "phase": "expert_plan_end", "available_bytes": 16450613248, "cuda_allocated": 99236386304, "cuda_reserved": 99595845632, "layer": 10, "tokens": 1}
(Worker_TP1 pid=127) STARTUP_PROBE {"time_ns": 1789204510426414580, "phase": "expert_plan_begin", "available_bytes": 16450613248, "cuda_allocated": 99236387328, "cuda_reserved": 99595845632, "layer": 11, "tokens": 1}
(Worker_TP1 pid=127) STARTUP_PROBE {"time_ns": 1789204510431862897, "phase": "expert_plan_end", "available_bytes": 16450613248, "cuda_allocated": 99236387328, "cuda_reserved": 99595845632, "layer": 11, "tokens": 1}
(Worker_TP1 pid=127) STARTUP_PROBE {"time_ns": 1789204510436156637, "phase": "expert_plan_begin", "available_bytes": 16450613248, "cuda_allocated": 99236367872, "cuda_reserved": 99595845632, "layer": 12, "tokens": 1}
(Worker_TP1 pid=127) STARTUP_PROBE {"time_ns": 1789204510441098466, "phase": "expert_plan_end", "available_bytes": 16450617344, "cuda_allocated": 99236367872, "cuda_reserved": 99595845632, "layer": 12, "tokens": 1}
(Worker_TP1 pid=127) STARTUP_PROBE {"time_ns": 1789204510445746116, "phase": "expert_plan_begin", "available_bytes": 16450617344, "cuda_allocated": 99236368896, "cuda_reserved": 99595845632, "layer": 13, "tokens": 1}
(Worker_TP1 pid=127) STARTUP_PROBE {"time_ns": 1789204510450720697, "phase": "expert_plan_end", "available_bytes": 16450617344, "cuda_allocated": 99236368896, "cuda_reserved": 99595845632, "layer": 13, "tokens": 1}
(Worker_TP1 pid=127) STARTUP_PROBE {"time_ns": 1789204510457229013, "phase": "expert_plan_begin", "available_bytes": 16446488576, "cuda_allocated": 99236369920, "cuda_reserved": 99600039936, "layer": 14, "tokens": 1}
(Worker_TP1 pid=127) STARTUP_PROBE {"time_ns": 1789204510462277308, "phase": "expert_plan_end", "available_bytes": 16446492672, "cuda_allocated": 99236369920, "cuda_reserved": 99600039936, "layer": 14, "tokens": 1}
(Worker_TP1 pid=127) 2026-09-12 09:15:05,365 - INFO - autotuner.py:999 - flashinfer.jit: [Autotuner]: Autotuning process starts ...
(Worker_TP1 pid=127) 2026-09-12 09:15:05,417 - INFO - autotuner.py:1918 - flashinfer.jit: [Autotuner]: Config cache hit for mxfp8_gemm (runner=CutlassMxfp8GemmRunner, source=config file)
(Worker_TP1 pid=127) 2026-09-12 09:15:07,569 - INFO - autotuner.py:1022 - flashinfer.jit: [Autotuner]: Autotuning process ends
(Worker_TP1 pid=127) b12x policy fallback: moe.decode is using a heuristic on nvidia gb10 (compute capability 12.1, 48 SMs) because profile 'nvidia.gb10.48sm' does not cover the query; query={'activation': 'silu', 'hidden_size': 5120, 'intermediate_size': 1152, 'num_experts': 224, 'num_tokens': 6, 'numerical_recipe': 'deepseek_v41', 'quant_mode': 'w4a8_mx', 'routed_rows': 36, 'source_format': 'fp4_e8m0_k32', 'top_k': 6}
(Worker_TP1 pid=127) b12x policy fallback: moe.decode is using a heuristic on nvidia gb10 (compute capability 12.1, 48 SMs) because profile 'nvidia.gb10.48sm' does not cover the query; query={'activation': 'silu', 'hidden_size': 5120, 'intermediate_size': 1152, 'num_experts': 224, 'num_tokens': 1, 'numerical_recipe': 'deepseek_v41', 'quant_mode': 'w4a8_mx', 'routed_rows': 6, 'source_format': 'fp4_e8m0_k32', 'top_k': 6}
(Worker_TP1 pid=127) STARTUP_PROBE {"time_ns": 1789204510470321484, "phase": "expert_plan_begin", "available_bytes": 16450621440, "cuda_allocated": 99236391424, "cuda_reserved": 99595845632, "layer": 15, "tokens": 1}
(Worker_TP1 pid=127) STARTUP_PROBE {"time_ns": 1789204510475358851, "phase": "expert_plan_end", "available_bytes": 16450621440, "cuda_allocated": 99236391424, "cuda_reserved": 99595845632, "layer": 15, "tokens": 1}
(Worker_TP1 pid=127) STARTUP_PROBE {"time_ns": 1789204510479744833, "phase": "expert_plan_begin", "available_bytes": 16450621440, "cuda_allocated": 99236371968, "cuda_reserved": 99595845632, "layer": 16, "tokens": 1}
(Worker_TP1 pid=127) STARTUP_PROBE {"time_ns": 1789204510484591861, "phase": "expert_plan_end", "available_bytes": 16450621440, "cuda_allocated": 99236371968, "cuda_reserved": 99595845632, "layer": 16, "tokens": 1}
(Worker_TP1 pid=127) STARTUP_PROBE {"time_ns": 1789204510491132800, "phase": "expert_plan_begin", "available_bytes": 16450621440, "cuda_allocated": 99236393472, "cuda_reserved": 99595845632, "layer": 17, "tokens": 1}
(Worker_TP1 pid=127) STARTUP_PROBE {"time_ns": 1789204510496366794, "phase": "expert_plan_end", "available_bytes": 16450621440, "cuda_allocated": 99236393472, "cuda_reserved": 99595845632, "layer": 17, "tokens": 1}
(Worker_TP1 pid=127) STARTUP_PROBE {"time_ns": 1789204510500638374, "phase": "expert_plan_begin", "available_bytes": 16450621440, "cuda_allocated": 99236374016, "cuda_reserved": 99595845632, "layer": 18, "tokens": 1}
(Worker_TP1 pid=127) STARTUP_PROBE {"time_ns": 1789204510505522938, "phase": "expert_plan_end", "available_bytes": 16450621440, "cuda_allocated": 99236374016, "cuda_reserved": 99595845632, "layer": 18, "tokens": 1}
(Worker_TP1 pid=127) STARTUP_PROBE {"time_ns": 1789204510509715589, "phase": "expert_plan_begin", "available_bytes": 16450621440, "cuda_allocated": 99236375040, "cuda_reserved": 99595845632, "layer": 19, "tokens": 1}
(Worker_TP1 pid=127) STARTUP_PROBE {"time_ns": 1789204510514516936, "phase": "expert_plan_end", "available_bytes": 16450621440, "cuda_allocated": 99236375040, "cuda_reserved": 99595845632, "layer": 19, "tokens": 1}
(Worker_TP1 pid=127) STARTUP_PROBE {"time_ns": 1789204510520086518, "phase": "expert_plan_begin", "available_bytes": 16446496768, "cuda_allocated": 99236376064, "cuda_reserved": 99600039936, "layer": 20, "tokens": 1}
(Worker_TP1 pid=127) STARTUP_PROBE {"time_ns": 1789204510524921002, "phase": "expert_plan_end", "available_bytes": 16446496768, "cuda_allocated": 99236376064, "cuda_reserved": 99600039936, "layer": 20, "tokens": 1}
(Worker_TP1 pid=127) STARTUP_PROBE {"time_ns": 1789204510530949967, "phase": "expert_plan_begin", "available_bytes": 16450629632, "cuda_allocated": 99236377088, "cuda_reserved": 99595845632, "layer": 21, "tokens": 1}
(Worker_TP1 pid=127) STARTUP_PROBE {"time_ns": 1789204510535880436, "phase": "expert_plan_end", "available_bytes": 16450629632, "cuda_allocated": 99236377088, "cuda_reserved": 99595845632, "layer": 21, "tokens": 1}
(Worker_TP1 pid=127) STARTUP_PROBE {"time_ns": 1789204510540146048, "phase": "expert_plan_begin", "available_bytes": 16450629632, "cuda_allocated": 99236378112, "cuda_reserved": 99595845632, "layer": 22, "tokens": 1}
(Worker_TP1 pid=127) STARTUP_PROBE {"time_ns": 1789204510545024932, "phase": "expert_plan_end", "available_bytes": 16450629632, "cuda_allocated": 99236378112, "cuda_reserved": 99595845632, "layer": 22, "tokens": 1}
(Worker_TP1 pid=127) STARTUP_PROBE {"time_ns": 1789204510551547264, "phase": "expert_plan_begin", "available_bytes": 16450629632, "cuda_allocated": 99236399616, "cuda_reserved": 99595845632, "layer": 23, "tokens": 1}
(Worker_TP1 pid=127) STARTUP_PROBE {"time_ns": 1789204510556571830, "phase": "expert_plan_end", "available_bytes": 16450629632, "cuda_allocated": 99236399616, "cuda_reserved": 99595845632, "layer": 23, "tokens": 1}
(Worker_TP1 pid=127) STARTUP_PROBE {"time_ns": 1789204510561463995, "phase": "expert_plan_begin", "available_bytes": 16448794624, "cuda_allocated": 99236380160, "cuda_reserved": 99597942784, "layer": 24, "tokens": 1}
(Worker_TP1 pid=127) STARTUP_PROBE {"time_ns": 1789204510566297135, "phase": "expert_plan_end", "available_bytes": 16448794624, "cuda_allocated": 99236380160, "cuda_reserved": 99597942784, "layer": 24, "tokens": 1}
(Worker_TP1 pid=127) STARTUP_PROBE {"time_ns": 1789204510574467937, "phase": "expert_plan_begin", "available_bytes": 16448536576, "cuda_allocated": 99236401664, "cuda_reserved": 99595845632, "layer": 25, "tokens": 1}
(Worker_TP1 pid=127) STARTUP_PROBE {"time_ns": 1789204510579612474, "phase": "expert_plan_end", "available_bytes": 16448536576, "cuda_allocated": 99236401664, "cuda_reserved": 99595845632, "layer": 25, "tokens": 1}
(Worker_TP1 pid=127) STARTUP_PROBE {"time_ns": 1789204510586739598, "phase": "expert_plan_begin", "available_bytes": 16448536576, "cuda_allocated": 99236402688, "cuda_reserved": 99595845632, "layer": 26, "tokens": 1}
(Worker_TP1 pid=127) STARTUP_PROBE {"time_ns": 1789204510591759300, "phase": "expert_plan_end", "available_bytes": 16448536576, "cuda_allocated": 99236402688, "cuda_reserved": 99595845632, "layer": 26, "tokens": 1}
(Worker_TP1 pid=127) STARTUP_PROBE {"time_ns": 1789204510599844725, "phase": "expert_plan_begin", "available_bytes": 16448540672, "cuda_allocated": 99236403712, "cuda_reserved": 99595845632, "layer": 27, "tokens": 1}
(Worker_TP1 pid=127) STARTUP_PROBE {"time_ns": 1789204510605910794, "phase": "expert_plan_end", "available_bytes": 16448540672, "cuda_allocated": 99236403712, "cuda_reserved": 99595845632, "layer": 27, "tokens": 1}
(Worker_TP1 pid=127) STARTUP_PROBE {"time_ns": 1789204510610678989, "phase": "expert_plan_begin", "available_bytes": 16446705664, "cuda_allocated": 99236384256, "cuda_reserved": 99597942784, "layer": 28, "tokens": 1}
(Worker_TP1 pid=127) STARTUP_PROBE {"time_ns": 1789204510615659507, "phase": "expert_plan_end", "available_bytes": 16446705664, "cuda_allocated": 99236384256, "cuda_reserved": 99597942784, "layer": 28, "tokens": 1}
(Worker_TP1 pid=127) STARTUP_PROBE {"time_ns": 1789204510620521767, "phase": "expert_plan_begin", "available_bytes": 16448540672, "cuda_allocated": 99236385280, "cuda_reserved": 99595845632, "layer": 29, "tokens": 1}
(Worker_TP1 pid=127) STARTUP_PROBE {"time_ns": 1789204510625536686, "phase": "expert_plan_end", "available_bytes": 16448544768, "cuda_allocated": 99236385280, "cuda_reserved": 99595845632, "layer": 29, "tokens": 1}
(Worker_TP1 pid=127) STARTUP_PROBE {"time_ns": 1789204510630093294, "phase": "expert_plan_begin", "available_bytes": 16448544768, "cuda_allocated": 99236386304, "cuda_reserved": 99595845632, "layer": 30, "tokens": 1}
(Worker_TP1 pid=127) STARTUP_PROBE {"time_ns": 1789204510635085204, "phase": "expert_plan_end", "available_bytes": 16448548864, "cuda_allocated": 99236386304, "cuda_reserved": 99595845632, "layer": 30, "tokens": 1}
(Worker_TP1 pid=127) STARTUP_PROBE {"time_ns": 1789204510643431913, "phase": "expert_plan_begin", "available_bytes": 16448548864, "cuda_allocated": 99236407808, "cuda_reserved": 99595845632, "layer": 31, "tokens": 1}
(Worker_TP1 pid=127) STARTUP_PROBE {"time_ns": 1789204510648630546, "phase": "expert_plan_end", "available_bytes": 16448548864, "cuda_allocated": 99236407808, "cuda_reserved": 99595845632, "layer": 31, "tokens": 1}
(Worker_TP1 pid=127) STARTUP_PROBE {"time_ns": 1789204510656912294, "phase": "expert_plan_begin", "available_bytes": 16446451712, "cuda_allocated": 99236408832, "cuda_reserved": 99597942784, "layer": 32, "tokens": 1}
(Worker_TP1 pid=127) STARTUP_PROBE {"time_ns": 1789204510662315666, "phase": "expert_plan_end", "available_bytes": 16446451712, "cuda_allocated": 99236408832, "cuda_reserved": 99597942784, "layer": 32, "tokens": 1}
(Worker_TP1 pid=127) STARTUP_PROBE {"time_ns": 1789204510670586102, "phase": "expert_plan_begin", "available_bytes": 16448548864, "cuda_allocated": 99236409856, "cuda_reserved": 99595845632, "layer": 33, "tokens": 1}
(Worker_TP1 pid=127) STARTUP_PROBE {"time_ns": 1789204510675842479, "phase": "expert_plan_end", "available_bytes": 16448548864, "cuda_allocated": 99236409856, "cuda_reserved": 99595845632, "layer": 33, "tokens": 1}
(Worker_TP1 pid=127) STARTUP_PROBE {"time_ns": 1789204510683169046, "phase": "expert_plan_begin", "available_bytes": 16448552960, "cuda_allocated": 99236410880, "cuda_reserved": 99595845632, "layer": 34, "tokens": 1}
(Worker_TP1 pid=127) STARTUP_PROBE {"time_ns": 1789204510688492817, "phase": "expert_plan_end", "available_bytes": 16453103616, "cuda_allocated": 99236410880, "cuda_reserved": 99595845632, "layer": 34, "tokens": 1}
(Worker_TP1 pid=127) STARTUP_PROBE {"time_ns": 1789204510696379952, "phase": "expert_plan_begin", "available_bytes": 16460861440, "cuda_allocated": 99236411904, "cuda_reserved": 99595845632, "layer": 35, "tokens": 1}
(Worker_TP1 pid=127) STARTUP_PROBE {"time_ns": 1789204510701975662, "phase": "expert_plan_end", "available_bytes": 16460898304, "cuda_allocated": 99236411904, "cuda_reserved": 99595845632, "layer": 35, "tokens": 1}
(Worker_TP1 pid=127) STARTUP_PROBE {"time_ns": 1789204510711147887, "phase": "expert_plan_begin", "available_bytes": 16456708096, "cuda_allocated": 99236412928, "cuda_reserved": 99597942784, "layer": 36, "tokens": 1}
(Worker_TP1 pid=127) STARTUP_PROBE {"time_ns": 1789204510717077346, "phase": "expert_plan_end", "available_bytes": 16456929280, "cuda_allocated": 99236412928, "cuda_reserved": 99597942784, "layer": 36, "tokens": 1}
(Worker_TP1 pid=127) STARTUP_PROBE {"time_ns": 1789204510725210484, "phase": "expert_plan_begin", "available_bytes": 16459026432, "cuda_allocated": 99236465152, "cuda_reserved": 99595845632, "layer": 37, "tokens": 1}
(Worker_TP1 pid=127) STARTUP_PROBE {"time_ns": 1789204510730394797, "phase": "expert_plan_end", "available_bytes": 16459030528, "cuda_allocated": 99236465152, "cuda_reserved": 99595845632, "layer": 37, "tokens": 1}
(Worker_TP1 pid=127) STARTUP_PROBE {"time_ns": 1789204510739380395, "phase": "expert_plan_begin", "available_bytes": 16456933376, "cuda_allocated": 99236476416, "cuda_reserved": 99595845632, "layer": 38, "tokens": 1}
(Worker_TP1 pid=127) STARTUP_PROBE {"time_ns": 1789204510744428370, "phase": "expert_plan_end", "available_bytes": 16456933376, "cuda_allocated": 99236476416, "cuda_reserved": 99595845632, "layer": 38, "tokens": 1}
(Worker_TP1 pid=127) STARTUP_PROBE {"time_ns": 1789204510753244445, "phase": "expert_plan_begin", "available_bytes": 16456675328, "cuda_allocated": 99236487680, "cuda_reserved": 99595845632, "layer": 39, "tokens": 1}
(Worker_TP1 pid=127) STARTUP_PROBE {"time_ns": 1789204510758410102, "phase": "expert_plan_end", "available_bytes": 16456675328, "cuda_allocated": 99236487680, "cuda_reserved": 99595845632, "layer": 39, "tokens": 1}
(Worker_TP1 pid=127) EXPERT_STREAM {"hits": 0, "misses": 0, "read_bytes": 0, "read_seconds": 0.0, "rank": 1, "cache_bytes": 0, "slot_hits": 1217, "slot_misses": 1502, "packed_read_bytes": 14119280640, "graph_replays": 335, "routed_pipeline_batches": 0, "routed_pipeline_bytes": 0, "prefetch_issued": 0, "prefetch_read_bytes": 0, "prefetch_consumed": 0, "prefetch_ready": 0, "prefetch_late": 0, "prefetch_cancelled": 0, "prefetch_unused": 0, "demand_read_bytes": 14119280640, "io_batches": 170, "io_overlaps": 170, "staging_bytes": 0, "staging_banks": 0, "prefetch_pending": 0, "execution_buffer_bytes": 63874248, "scratch_bytes": 402653184, "gpu_cache_bytes": 87836590080}
(Worker_TP1 pid=127) INFO 09-12 09:15:10 [jit_monitor.py:85] Kernel JIT monitor activated; monitored JIT compilations during inference will use mode=warn.
(Worker_TP1 pid=127) EXPERT_CACHE_RESET 1789204512846374888
(Worker_TP1 pid=127) EXPERT_STREAM {"hits": 0, "misses": 0, "read_bytes": 0, "read_seconds": 0.0, "rank": 1, "cache_bytes": 0, "slot_hits": 0, "slot_misses": 13807, "packed_read_bytes": 129790218240, "graph_replays": 160, "routed_pipeline_batches": 0, "routed_pipeline_bytes": 0, "prefetch_issued": 0, "prefetch_read_bytes": 0, "prefetch_consumed": 0, "prefetch_ready": 0, "prefetch_late": 0, "prefetch_cancelled": 0, "prefetch_unused": 0, "demand_read_bytes": 129790218240, "io_batches": 80, "io_overlaps": 40, "staging_bytes": 0, "staging_banks": 0, "prefetch_pending": 0, "execution_buffer_bytes": 63874248, "scratch_bytes": 402653184, "gpu_cache_bytes": 87836590080}
(Worker_TP1 pid=127) EXPERT_STREAM {"hits": 0, "misses": 0, "read_bytes": 0, "read_seconds": 0.0, "rank": 1, "cache_bytes": 0, "slot_hits": 6, "slot_misses": 13807, "packed_read_bytes": 129790218240, "graph_replays": 161, "routed_pipeline_batches": 0, "routed_pipeline_bytes": 0, "prefetch_issued": 0, "prefetch_read_bytes": 0, "prefetch_consumed": 0, "prefetch_ready": 0, "prefetch_late": 0, "prefetch_cancelled": 0, "prefetch_unused": 0, "demand_read_bytes": 129790218240, "io_batches": 80, "io_overlaps": 40, "staging_bytes": 0, "staging_banks": 0, "prefetch_pending": 0, "execution_buffer_bytes": 63874248, "scratch_bytes": 402653184, "gpu_cache_bytes": 87836590080}
(Worker_TP1 pid=127) FINAL_DECODER_ROWS {"input_rows": 4092, "output_rows": 1, "layer": 39, "scope": "routed_experts_only", "validation": [{"max_abs": 0.0, "rms": 0.0, "within_tolerance": true}, {"max_abs": 0.0, "rms": 0.0, "within_tolerance": true}, {"max_abs": 0.0, "rms": 0.0, "within_tolerance": true}, {"max_abs": 0.0, "rms": 0.0, "within_tolerance": true}, {"max_abs": 0.0, "rms": 0.0, "within_tolerance": true}]}
(Worker_TP1 pid=127) STARTUP_PROBE {"time_ns": 1789204539104304830, "phase": "expert_plan_begin", "available_bytes": 16123740160, "cuda_allocated": 99467479040, "cuda_reserved": 100774445056, "layer": 0, "tokens": 256}
(Worker_TP1 pid=127) STARTUP_PROBE {"time_ns": 1789204539169165144, "phase": "expert_plan_end", "available_bytes": 16123772928, "cuda_allocated": 99475836928, "cuda_reserved": 100774445056, "layer": 0, "tokens": 256}
(Worker_TP1 pid=127) STARTUP_PROBE {"time_ns": 1789204539438549826, "phase": "expert_plan_begin", "available_bytes": 16904241152, "cuda_allocated": 99566818816, "cuda_reserved": 99998498816, "layer": 1, "tokens": 256}
(Worker_TP1 pid=127) STARTUP_PROBE {"time_ns": 1789204539503653919, "phase": "expert_plan_end", "available_bytes": 16887812096, "cuda_allocated": 99566818816, "cuda_reserved": 99998498816, "layer": 1, "tokens": 256}
(Worker_TP1 pid=127) STARTUP_PROBE {"time_ns": 1789204539749841186, "phase": "expert_plan_begin", "available_bytes": 16792211456, "cuda_allocated": 99566819840, "cuda_reserved": 100092870656, "layer": 2, "tokens": 256}
(Worker_TP1 pid=127) STARTUP_PROBE {"time_ns": 1789204539815065184, "phase": "expert_plan_end", "available_bytes": 16668041216, "cuda_allocated": 99566819840, "cuda_reserved": 100214505472, "layer": 2, "tokens": 256}
(Worker_TP1 pid=127) STARTUP_PROBE {"time_ns": 1789204540036160992, "phase": "expert_plan_begin", "available_bytes": 16811483136, "cuda_allocated": 99566820864, "cuda_reserved": 100071899136, "layer": 3, "tokens": 256}
(Worker_TP1 pid=127) STARTUP_PROBE {"time_ns": 1789204540101302316, "phase": "expert_plan_end", "available_bytes": 16811184128, "cuda_allocated": 99566820864, "cuda_reserved": 100071899136, "layer": 3, "tokens": 256}
(Worker_TP1 pid=127) STARTUP_PROBE {"time_ns": 1789204540308863283, "phase": "expert_plan_begin", "available_bytes": 16945926144, "cuda_allocated": 99566821888, "cuda_reserved": 99937681408, "layer": 4, "tokens": 256}
(Worker_TP1 pid=127) STARTUP_PROBE {"time_ns": 1789204540374723544, "phase": "expert_plan_end", "available_bytes": 16823832576, "cuda_allocated": 99566821888, "cuda_reserved": 100059316224, "layer": 4, "tokens": 256}
(Worker_TP1 pid=127) STARTUP_PROBE {"time_ns": 1789204540604566554, "phase": "expert_plan_begin", "available_bytes": 16864780288, "cuda_allocated": 99566822912, "cuda_reserved": 100011081728, "layer": 5, "tokens": 256}
(Worker_TP1 pid=127) STARTUP_PROBE {"time_ns": 1789204540670326382, "phase": "expert_plan_end", "available_bytes": 16742686720, "cuda_allocated": 99566822912, "cuda_reserved": 100132716544, "layer": 5, "tokens": 256}
(Worker_TP1 pid=127) STARTUP_PROBE {"time_ns": 1789204540911079299, "phase": "expert_plan_begin", "available_bytes": 16874885120, "cuda_allocated": 99566879232, "cuda_reserved": 100011081728, "layer": 6, "tokens": 256}
(Worker_TP1 pid=127) STARTUP_PROBE {"time_ns": 1789204540975990508, "phase": "expert_plan_end", "available_bytes": 16752795648, "cuda_allocated": 99566879232, "cuda_reserved": 100132716544, "layer": 6, "tokens": 256}
(Worker_TP1 pid=127) STARTUP_PROBE {"time_ns": 1789204541180744138, "phase": "expert_plan_begin", "available_bytes": 16724144128, "cuda_allocated": 99566880256, "cuda_reserved": 100176756736, "layer": 7, "tokens": 256}
(Worker_TP1 pid=127) STARTUP_PROBE {"time_ns": 1789204541245721442, "phase": "expert_plan_end", "available_bytes": 16724148224, "cuda_allocated": 99566880256, "cuda_reserved": 100176756736, "layer": 7, "tokens": 256}
(Worker_TP1 pid=127) STARTUP_PROBE {"time_ns": 1789204541464076854, "phase": "expert_plan_begin", "available_bytes": 16911646720, "cuda_allocated": 99566825984, "cuda_reserved": 99990110208, "layer": 8, "tokens": 256}
(Worker_TP1 pid=127) STARTUP_PROBE {"time_ns": 1789204541528854908, "phase": "expert_plan_end", "available_bytes": 16789356544, "cuda_allocated": 99566825984, "cuda_reserved": 100111745024, "layer": 8, "tokens": 256}
(Worker_TP1 pid=127) STARTUP_PROBE {"time_ns": 1789204541729762213, "phase": "expert_plan_begin", "available_bytes": 16665833472, "cuda_allocated": 99566827008, "cuda_reserved": 100061413376, "layer": 9, "tokens": 256}
(Worker_TP1 pid=127) STARTUP_PROBE {"time_ns": 1789204541794909216, "phase": "expert_plan_end", "available_bytes": 16518901760, "cuda_allocated": 99566827008, "cuda_reserved": 100183048192, "layer": 9, "tokens": 256}
(Worker_TP1 pid=127) STARTUP_PROBE {"time_ns": 1789204541991401358, "phase": "expert_plan_begin", "available_bytes": 16780046336, "cuda_allocated": 99566828032, "cuda_reserved": 100061413376, "layer": 10, "tokens": 256}
(Worker_TP1 pid=127) STARTUP_PROBE {"time_ns": 1789204542056144994, "phase": "expert_plan_end", "available_bytes": 16738762752, "cuda_allocated": 99566828032, "cuda_reserved": 100061413376, "layer": 10, "tokens": 256}
(Worker_TP1 pid=127) STARTUP_PROBE {"time_ns": 1789204542268571010, "phase": "expert_plan_begin", "available_bytes": 16400846848, "cuda_allocated": 99566829056, "cuda_reserved": 99988013056, "layer": 11, "tokens": 256}
(Worker_TP1 pid=127) STARTUP_PROBE {"time_ns": 1789204542331624303, "phase": "expert_plan_end", "available_bytes": 16565432320, "cuda_allocated": 99566829056, "cuda_reserved": 99988013056, "layer": 11, "tokens": 256}
(Worker_TP1 pid=127) STARTUP_PROBE {"time_ns": 1789204542524017091, "phase": "expert_plan_begin", "available_bytes": 16691269632, "cuda_allocated": 99566830080, "cuda_reserved": 100080287744, "layer": 12, "tokens": 256}
(Worker_TP1 pid=127) STARTUP_PROBE {"time_ns": 1789204542587301955, "phase": "expert_plan_end", "available_bytes": 16689020928, "cuda_allocated": 99566830080, "cuda_reserved": 100080287744, "layer": 12, "tokens": 256}
(Worker_TP1 pid=127) STARTUP_PROBE {"time_ns": 1789204542790563305, "phase": "expert_plan_begin", "available_bytes": 16786489344, "cuda_allocated": 99566831104, "cuda_reserved": 99988013056, "layer": 13, "tokens": 256}
(Worker_TP1 pid=127) STARTUP_PROBE {"time_ns": 1789204542856741360, "phase": "expert_plan_end", "available_bytes": 16786460672, "cuda_allocated": 99566831104, "cuda_reserved": 99988013056, "layer": 13, "tokens": 256}
(Worker_TP1 pid=127) STARTUP_PROBE {"time_ns": 1789204543112422882, "phase": "expert_plan_begin", "available_bytes": 16683405312, "cuda_allocated": 99566832128, "cuda_reserved": 100101259264, "layer": 14, "tokens": 256}
(Worker_TP1 pid=127) STARTUP_PROBE {"time_ns": 1789204543176295465, "phase": "expert_plan_end", "available_bytes": 16683409408, "cuda_allocated": 99566832128, "cuda_reserved": 100101259264, "layer": 14, "tokens": 256}
(Worker_TP1 pid=127) STARTUP_PROBE {"time_ns": 1789204543366683886, "phase": "expert_plan_begin", "available_bytes": 16801374208, "cuda_allocated": 99566833152, "cuda_reserved": 99988013056, "layer": 15, "tokens": 256}
(Worker_TP1 pid=127) STARTUP_PROBE {"time_ns": 1789204543432123706, "phase": "expert_plan_end", "available_bytes": 16801378304, "cuda_allocated": 99566833152, "cuda_reserved": 99988013056, "layer": 15, "tokens": 256}
(Worker_TP1 pid=127) STARTUP_PROBE {"time_ns": 1789204543670202590, "phase": "expert_plan_begin", "available_bytes": 16708644864, "cuda_allocated": 99566834176, "cuda_reserved": 100080287744, "layer": 16, "tokens": 256}
(Worker_TP1 pid=127) STARTUP_PROBE {"time_ns": 1789204543734416569, "phase": "expert_plan_end", "available_bytes": 16703643648, "cuda_allocated": 99566834176, "cuda_reserved": 100080287744, "layer": 16, "tokens": 256}
(Worker_TP1 pid=127) STARTUP_PROBE {"time_ns": 1789204543892623360, "phase": "expert_plan_begin", "available_bytes": 16803938304, "cuda_allocated": 99566835200, "cuda_reserved": 99988013056, "layer": 17, "tokens": 256}
(Worker_TP1 pid=127) STARTUP_PROBE {"time_ns": 1789204543956874652, "phase": "expert_plan_end", "available_bytes": 16808509440, "cuda_allocated": 99566835200, "cuda_reserved": 99988013056, "layer": 17, "tokens": 256}
(Worker_TP1 pid=127) STARTUP_PROBE {"time_ns": 1789204544184965494, "phase": "expert_plan_begin", "available_bytes": 16715776000, "cuda_allocated": 99566836224, "cuda_reserved": 100080287744, "layer": 18, "tokens": 256}
(Worker_TP1 pid=127) STARTUP_PROBE {"time_ns": 1789204544247842159, "phase": "expert_plan_end", "available_bytes": 16715784192, "cuda_allocated": 99566836224, "cuda_reserved": 100080287744, "layer": 18, "tokens": 256}
(Worker_TP1 pid=127) STARTUP_PROBE {"time_ns": 1789204544449066529, "phase": "expert_plan_begin", "available_bytes": 16808779776, "cuda_allocated": 99566837248, "cuda_reserved": 99988013056, "layer": 19, "tokens": 256}
(Worker_TP1 pid=127) STARTUP_PROBE {"time_ns": 1789204544512761605, "phase": "expert_plan_end", "available_bytes": 16808779776, "cuda_allocated": 99566837248, "cuda_reserved": 99988013056, "layer": 19, "tokens": 256}
(Worker_TP1 pid=127) STARTUP_PROBE {"time_ns": 1789204544773366049, "phase": "expert_plan_begin", "available_bytes": 16694292480, "cuda_allocated": 99566838272, "cuda_reserved": 100101259264, "layer": 20, "tokens": 256}
(Worker_TP1 pid=127) STARTUP_PROBE {"time_ns": 1789204544838283397, "phase": "expert_plan_end", "available_bytes": 16701358080, "cuda_allocated": 99566838272, "cuda_reserved": 100101259264, "layer": 20, "tokens": 256}
(Worker_TP1 pid=127) STARTUP_PROBE {"time_ns": 1789204545034302465, "phase": "expert_plan_begin", "available_bytes": 16836595712, "cuda_allocated": 99566839296, "cuda_reserved": 99988013056, "layer": 21, "tokens": 256}
(Worker_TP1 pid=127) STARTUP_PROBE {"time_ns": 1789204545099161523, "phase": "expert_plan_end", "available_bytes": 16836595712, "cuda_allocated": 99566839296, "cuda_reserved": 99988013056, "layer": 21, "tokens": 256}
(Worker_TP1 pid=127) STARTUP_PROBE {"time_ns": 1789204545263327763, "phase": "expert_plan_begin", "available_bytes": 16743866368, "cuda_allocated": 99566840320, "cuda_reserved": 100080287744, "layer": 22, "tokens": 256}
(Worker_TP1 pid=127) STARTUP_PROBE {"time_ns": 1789204545326521999, "phase": "expert_plan_end", "available_bytes": 16743612416, "cuda_allocated": 99566840320, "cuda_reserved": 100080287744, "layer": 22, "tokens": 256}
(Worker_TP1 pid=127) STARTUP_PROBE {"time_ns": 1789204545491072516, "phase": "expert_plan_begin", "available_bytes": 16836083712, "cuda_allocated": 99566841344, "cuda_reserved": 99988013056, "layer": 23, "tokens": 256}
(Worker_TP1 pid=127) STARTUP_PROBE {"time_ns": 1789204545555177739, "phase": "expert_plan_end", "available_bytes": 16836083712, "cuda_allocated": 99566841344, "cuda_reserved": 99988013056, "layer": 23, "tokens": 256}
(Worker_TP1 pid=127) STARTUP_PROBE {"time_ns": 1789204545751975631, "phase": "expert_plan_begin", "available_bytes": 16743354368, "cuda_allocated": 99566842368, "cuda_reserved": 100080287744, "layer": 24, "tokens": 256}
(Worker_TP1 pid=127) STARTUP_PROBE {"time_ns": 1789204545815391838, "phase": "expert_plan_end", "available_bytes": 16742445056, "cuda_allocated": 99566842368, "cuda_reserved": 100080287744, "layer": 24, "tokens": 256}
(Worker_TP1 pid=127) STARTUP_PROBE {"time_ns": 1789204546004559115, "phase": "expert_plan_begin", "available_bytes": 16842473472, "cuda_allocated": 99566843392, "cuda_reserved": 99988013056, "layer": 25, "tokens": 256}
(Worker_TP1 pid=127) STARTUP_PROBE {"time_ns": 1789204546067353760, "phase": "expert_plan_end", "available_bytes": 16842473472, "cuda_allocated": 99566843392, "cuda_reserved": 99988013056, "layer": 25, "tokens": 256}
(Worker_TP1 pid=127) STARTUP_PROBE {"time_ns": 1789204546234139776, "phase": "expert_plan_begin", "available_bytes": 16757817344, "cuda_allocated": 99566844416, "cuda_reserved": 100080287744, "layer": 26, "tokens": 256}
(Worker_TP1 pid=127) STARTUP_PROBE {"time_ns": 1789204546297554557, "phase": "expert_plan_end", "available_bytes": 16757817344, "cuda_allocated": 99566844416, "cuda_reserved": 100080287744, "layer": 26, "tokens": 256}
(Worker_TP1 pid=127) STARTUP_PROBE {"time_ns": 1789204546468530229, "phase": "expert_plan_begin", "available_bytes": 16859168768, "cuda_allocated": 99566845440, "cuda_reserved": 99988013056, "layer": 27, "tokens": 256}
(Worker_TP1 pid=127) STARTUP_PROBE {"time_ns": 1789204546533759627, "phase": "expert_plan_end", "available_bytes": 16859168768, "cuda_allocated": 99566845440, "cuda_reserved": 99988013056, "layer": 27, "tokens": 256}
(Worker_TP1 pid=127) STARTUP_PROBE {"time_ns": 1789204546718801262, "phase": "expert_plan_begin", "available_bytes": 16766435328, "cuda_allocated": 99566846464, "cuda_reserved": 100080287744, "layer": 28, "tokens": 256}
(Worker_TP1 pid=127) STARTUP_PROBE {"time_ns": 1789204546783459548, "phase": "expert_plan_end", "available_bytes": 16766435328, "cuda_allocated": 99566846464, "cuda_reserved": 100080287744, "layer": 28, "tokens": 256}
(Worker_TP1 pid=127) STARTUP_PROBE {"time_ns": 1789204546963467180, "phase": "expert_plan_begin", "available_bytes": 16869277696, "cuda_allocated": 99566847488, "cuda_reserved": 99988013056, "layer": 29, "tokens": 256}
(Worker_TP1 pid=127) STARTUP_PROBE {"time_ns": 1789204547026284945, "phase": "expert_plan_end", "available_bytes": 16869277696, "cuda_allocated": 99566847488, "cuda_reserved": 99988013056, "layer": 29, "tokens": 256}
(Worker_TP1 pid=127) STARTUP_PROBE {"time_ns": 1789204547224386158, "phase": "expert_plan_begin", "available_bytes": 16781307904, "cuda_allocated": 99566848512, "cuda_reserved": 100080287744, "layer": 30, "tokens": 256}
(Worker_TP1 pid=127) STARTUP_PROBE {"time_ns": 1789204547288856825, "phase": "expert_plan_end", "available_bytes": 16781570048, "cuda_allocated": 99566848512, "cuda_reserved": 100080287744, "layer": 30, "tokens": 256}
(Worker_TP1 pid=127) STARTUP_PROBE {"time_ns": 1789204547477581465, "phase": "expert_plan_begin", "available_bytes": 16869142528, "cuda_allocated": 99566849536, "cuda_reserved": 99988013056, "layer": 31, "tokens": 256}
(Worker_TP1 pid=127) STARTUP_PROBE {"time_ns": 1789204547543254964, "phase": "expert_plan_end", "available_bytes": 16869142528, "cuda_allocated": 99566849536, "cuda_reserved": 99988013056, "layer": 31, "tokens": 256}
(Worker_TP1 pid=127) STARTUP_PROBE {"time_ns": 1789204547711696070, "phase": "expert_plan_begin", "available_bytes": 16776417280, "cuda_allocated": 99566850560, "cuda_reserved": 100080287744, "layer": 32, "tokens": 256}
(Worker_TP1 pid=127) STARTUP_PROBE {"time_ns": 1789204547775431079, "phase": "expert_plan_end", "available_bytes": 16776417280, "cuda_allocated": 99566850560, "cuda_reserved": 100080287744, "layer": 32, "tokens": 256}
(Worker_TP1 pid=127) STARTUP_PROBE {"time_ns": 1789204547977340791, "phase": "expert_plan_begin", "available_bytes": 16898818048, "cuda_allocated": 99566851584, "cuda_reserved": 99988013056, "layer": 33, "tokens": 256}
(Worker_TP1 pid=127) STARTUP_PROBE {"time_ns": 1789204548041993187, "phase": "expert_plan_end", "available_bytes": 16898818048, "cuda_allocated": 99566851584, "cuda_reserved": 99988013056, "layer": 33, "tokens": 256}
(Worker_TP1 pid=127) STARTUP_PROBE {"time_ns": 1789204548238594969, "phase": "expert_plan_begin", "available_bytes": 16804675584, "cuda_allocated": 99566852608, "cuda_reserved": 100080287744, "layer": 34, "tokens": 256}
(Worker_TP1 pid=127) STARTUP_PROBE {"time_ns": 1789204548303022882, "phase": "expert_plan_end", "available_bytes": 16804827136, "cuda_allocated": 99566852608, "cuda_reserved": 100080287744, "layer": 34, "tokens": 256}
(Worker_TP1 pid=127) STARTUP_PROBE {"time_ns": 1789204548502637919, "phase": "expert_plan_begin", "available_bytes": 16892989440, "cuda_allocated": 99566853632, "cuda_reserved": 99988013056, "layer": 35, "tokens": 256}
(Worker_TP1 pid=127) STARTUP_PROBE {"time_ns": 1789204548566492400, "phase": "expert_plan_end", "available_bytes": 16892989440, "cuda_allocated": 99566853632, "cuda_reserved": 99988013056, "layer": 35, "tokens": 256}
(Worker_TP1 pid=127) STARTUP_PROBE {"time_ns": 1789204548754588101, "phase": "expert_plan_begin", "available_bytes": 16800256000, "cuda_allocated": 99566854656, "cuda_reserved": 100080287744, "layer": 36, "tokens": 256}
(Worker_TP1 pid=127) STARTUP_PROBE {"time_ns": 1789204548818220259, "phase": "expert_plan_end", "available_bytes": 16800256000, "cuda_allocated": 99566854656, "cuda_reserved": 100080287744, "layer": 36, "tokens": 256}
(Worker_TP1 pid=127) STARTUP_PROBE {"time_ns": 1789204549011708400, "phase": "expert_plan_begin", "available_bytes": 16838467584, "cuda_allocated": 99680314880, "cuda_reserved": 100061413376, "layer": 37, "tokens": 256}
(Worker_TP1 pid=127) STARTUP_PROBE {"time_ns": 1789204549077221925, "phase": "expert_plan_end", "available_bytes": 16714690560, "cuda_allocated": 99680314880, "cuda_reserved": 100183048192, "layer": 37, "tokens": 256}
(Worker_TP1 pid=127) STARTUP_PROBE {"time_ns": 1789204549276409434, "phase": "expert_plan_begin", "available_bytes": 16743870464, "cuda_allocated": 99703007744, "cuda_reserved": 100153688064, "layer": 38, "tokens": 256}
(Worker_TP1 pid=127) STARTUP_PROBE {"time_ns": 1789204549340427996, "phase": "expert_plan_end", "available_bytes": 16621711360, "cuda_allocated": 99703007744, "cuda_reserved": 100275322880, "layer": 38, "tokens": 256}
(Worker_TP1 pid=127) STARTUP_PROBE {"time_ns": 1789204549536535399, "phase": "expert_plan_begin", "available_bytes": 16666226688, "cuda_allocated": 99725700608, "cuda_reserved": 100227088384, "layer": 39, "tokens": 256}
(Worker_TP1 pid=127) STARTUP_PROBE {"time_ns": 1789204549603452512, "phase": "expert_plan_end", "available_bytes": 16543170560, "cuda_allocated": 99725700608, "cuda_reserved": 100348723200, "layer": 39, "tokens": 256}
(Worker_TP1 pid=127) EXPERT_STREAM {"hits": 0, "misses": 0, "read_bytes": 0, "read_seconds": 0.0, "rank": 1, "cache_bytes": 0, "slot_hits": 8082, "slot_misses": 18115, "packed_read_bytes": 170286796800, "graph_replays": 324, "routed_pipeline_batches": 0, "routed_pipeline_bytes": 0, "prefetch_issued": 0, "prefetch_read_bytes": 0, "prefetch_consumed": 0, "prefetch_ready": 0, "prefetch_late": 0, "prefetch_cancelled": 0, "prefetch_unused": 0, "demand_read_bytes": 170286796800, "io_batches": 123, "io_overlaps": 83, "staging_bytes": 0, "staging_banks": 0, "prefetch_pending": 0, "execution_buffer_bytes": 71750856, "scratch_bytes": 402653184, "gpu_cache_bytes": 87836590080}
(Worker_TP1 pid=127) EXPERT_STREAM {"hits": 0, "misses": 0, "read_bytes": 0, "read_seconds": 0.0, "rank": 1, "cache_bytes": 0, "slot_hits": 8088, "slot_misses": 18115, "packed_read_bytes": 170286796800, "graph_replays": 325, "routed_pipeline_batches": 0, "routed_pipeline_bytes": 0, "prefetch_issued": 0, "prefetch_read_bytes": 0, "prefetch_consumed": 0, "prefetch_ready": 0, "prefetch_late": 0, "prefetch_cancelled": 0, "prefetch_unused": 0, "demand_read_bytes": 170286796800, "io_batches": 123, "io_overlaps": 83, "staging_bytes": 0, "staging_banks": 0, "prefetch_pending": 0, "execution_buffer_bytes": 71750856, "scratch_bytes": 402653184, "gpu_cache_bytes": 87836590080}
(Worker_TP1 pid=127) FINAL_DECODER_ROWS {"input_rows": 2216, "output_rows": 1, "layer": 39, "scope": "routed_experts_only", "validation": [{"max_abs": 0.0, "rms": 0.0, "within_tolerance": true}, {"max_abs": 0.0, "rms": 0.0, "within_tolerance": true}, {"max_abs": 0.0, "rms": 0.0, "within_tolerance": true}, {"max_abs": 0.0, "rms": 0.0, "within_tolerance": true}, {"max_abs": 0.0, "rms": 0.0, "within_tolerance": true}]}
(Worker_TP1 pid=127) b12x policy fallback: moe.decode is using a heuristic on nvidia gb10 (compute capability 12.1, 48 SMs) because profile 'nvidia.gb10.48sm' does not cover the query; query={'activation': 'silu', 'hidden_size': 5120, 'intermediate_size': 1152, 'num_experts': 224, 'num_tokens': 256, 'numerical_recipe': 'deepseek_v41', 'quant_mode': 'w4a8_mx', 'routed_rows': 1536, 'source_format': 'fp4_e8m0_k32', 'top_k': 6}
(Worker_TP1 pid=127) WARNING 09-12 09:15:50 [jit_monitor.py:141] Triton kernel JIT compilation during inference: _block_scores_kernel. This causes a latency spike; consider extending warmup to cover this shape/config.
(Worker_TP1 pid=127) WARNING 09-12 09:15:50 [jit_monitor.py:141] Triton kernel JIT compilation during inference: _candidate_flags_kernel. This causes a latency spike; consider extending warmup to cover this shape/config.
(Worker_TP1 pid=127) WARNING 09-12 09:15:50 [jit_monitor.py:141] Triton kernel JIT compilation during inference: _mask_candidates_kernel. This causes a latency spike; consider extending warmup to cover this shape/config.
(Worker_TP1 pid=127) EXPERT_STREAM {"hits": 0, "misses": 0, "read_bytes": 0, "read_seconds": 0.0, "rank": 1, "cache_bytes": 0, "slot_hits": 8886, "slot_misses": 18308, "packed_read_bytes": 172101058560, "graph_replays": 368, "routed_pipeline_batches": 0, "routed_pipeline_bytes": 0, "prefetch_issued": 0, "prefetch_read_bytes": 0, "prefetch_consumed": 0, "prefetch_ready": 0, "prefetch_late": 0, "prefetch_cancelled": 0, "prefetch_unused": 0, "demand_read_bytes": 172101058560, "io_batches": 165, "io_overlaps": 125, "staging_bytes": 0, "staging_banks": 0, "prefetch_pending": 0, "execution_buffer_bytes": 71750856, "scratch_bytes": 402653184, "gpu_cache_bytes": 87836590080}
(Worker_TP1 pid=127) WARNING 09-12 09:15:50 [jit_monitor.py:141] Triton kernel JIT compilation during inference: _compute_local_logits_stats_kernel. This causes a latency spike; consider extending warmup to cover this shape/config.
(Worker_TP1 pid=127) WARNING 09-12 09:15:50 [jit_monitor.py:141] Triton kernel JIT compilation during inference: _compute_cumulative_log_p_kernel. This causes a latency spike; consider extending warmup to cover this shape/config.
(Worker_TP1 pid=127) WARNING 09-12 09:15:50 [jit_monitor.py:141] Triton kernel JIT compilation during inference: _compute_local_residual_mass_kernel. This causes a latency spike; consider extending warmup to cover this shape/config.
(Worker_TP1 pid=127) WARNING 09-12 09:15:50 [jit_monitor.py:141] Triton kernel JIT compilation during inference: _rejection_kernel. This causes a latency spike; consider extending warmup to cover this shape/config.
(Worker_TP1 pid=127) WARNING 09-12 09:15:50 [jit_monitor.py:141] Triton kernel JIT compilation during inference: _resample_kernel. This causes a latency spike; consider extending warmup to cover this shape/config.
(Worker_TP1 pid=127) EXPERT_STREAM {"hits": 0, "misses": 0, "read_bytes": 0, "read_seconds": 0.0, "rank": 1, "cache_bytes": 0, "slot_hits": 9745, "slot_misses": 18450, "packed_read_bytes": 173435904000, "graph_replays": 411, "routed_pipeline_batches": 0, "routed_pipeline_bytes": 0, "prefetch_issued": 0, "prefetch_read_bytes": 0, "prefetch_consumed": 0, "prefetch_ready": 0, "prefetch_late": 0, "prefetch_cancelled": 0, "prefetch_unused": 0, "demand_read_bytes": 173435904000, "io_batches": 206, "io_overlaps": 166, "staging_bytes": 0, "staging_banks": 0, "prefetch_pending": 0, "execution_buffer_bytes": 71750856, "scratch_bytes": 402653184, "gpu_cache_bytes": 87836590080}
(Worker_TP1 pid=127) EXPERT_CACHE_RESET 1789204550740027576
(Worker_TP1 pid=127) EXPERT_STREAM {"hits": 0, "misses": 0, "read_bytes": 0, "read_seconds": 0.0, "rank": 1, "cache_bytes": 0, "slot_hits": 0, "slot_misses": 13806, "packed_read_bytes": 129780817920, "graph_replays": 160, "routed_pipeline_batches": 0, "routed_pipeline_bytes": 0, "prefetch_issued": 0, "prefetch_read_bytes": 0, "prefetch_consumed": 0, "prefetch_ready": 0, "prefetch_late": 0, "prefetch_cancelled": 0, "prefetch_unused": 0, "demand_read_bytes": 129780817920, "io_batches": 80, "io_overlaps": 40, "staging_bytes": 0, "staging_banks": 0, "prefetch_pending": 0, "execution_buffer_bytes": 71750856, "scratch_bytes": 402653184, "gpu_cache_bytes": 87836590080}
(Worker_TP1 pid=127) EXPERT_STREAM {"hits": 0, "misses": 0, "read_bytes": 0, "read_seconds": 0.0, "rank": 1, "cache_bytes": 0, "slot_hits": 6, "slot_misses": 13806, "packed_read_bytes": 129780817920, "graph_replays": 161, "routed_pipeline_batches": 0, "routed_pipeline_bytes": 0, "prefetch_issued": 0, "prefetch_read_bytes": 0, "prefetch_consumed": 0, "prefetch_ready": 0, "prefetch_late": 0, "prefetch_cancelled": 0, "prefetch_unused": 0, "demand_read_bytes": 129780817920, "io_batches": 80, "io_overlaps": 40, "staging_bytes": 0, "staging_banks": 0, "prefetch_pending": 0, "execution_buffer_bytes": 71750856, "scratch_bytes": 402653184, "gpu_cache_bytes": 87836590080}
(Worker_TP1 pid=127) FINAL_DECODER_ROWS {"input_rows": 4092, "output_rows": 1, "layer": 39, "scope": "routed_experts_only", "validation": [{"max_abs": 0.0, "rms": 0.0, "within_tolerance": true}, {"max_abs": 0.0, "rms": 0.0, "within_tolerance": true}, {"max_abs": 0.0, "rms": 0.0, "within_tolerance": true}, {"max_abs": 0.0, "rms": 0.0, "within_tolerance": true}, {"max_abs": 0.0, "rms": 0.0, "within_tolerance": true}]}
(Worker_TP1 pid=127) EXPERT_STREAM {"hits": 0, "misses": 0, "read_bytes": 0, "read_seconds": 0.0, "rank": 1, "cache_bytes": 0, "slot_hits": 8694, "slot_misses": 19278, "packed_read_bytes": 181219368960, "graph_replays": 324, "routed_pipeline_batches": 0, "routed_pipeline_bytes": 0, "prefetch_issued": 0, "prefetch_read_bytes": 0, "prefetch_consumed": 0, "prefetch_ready": 0, "prefetch_late": 0, "prefetch_cancelled": 0, "prefetch_unused": 0, "demand_read_bytes": 181219368960, "io_batches": 123, "io_overlaps": 83, "staging_bytes": 0, "staging_banks": 0, "prefetch_pending": 0, "execution_buffer_bytes": 71750856, "scratch_bytes": 402653184, "gpu_cache_bytes": 87836590080}
(Worker_TP1 pid=127) EXPERT_STREAM {"hits": 0, "misses": 0, "read_bytes": 0, "read_seconds": 0.0, "rank": 1, "cache_bytes": 0, "slot_hits": 8700, "slot_misses": 19278, "packed_read_bytes": 181219368960, "graph_replays": 325, "routed_pipeline_batches": 0, "routed_pipeline_bytes": 0, "prefetch_issued": 0, "prefetch_read_bytes": 0, "prefetch_consumed": 0, "prefetch_ready": 0, "prefetch_late": 0, "prefetch_cancelled": 0, "prefetch_unused": 0, "demand_read_bytes": 181219368960, "io_batches": 123, "io_overlaps": 83, "staging_bytes": 0, "staging_banks": 0, "prefetch_pending": 0, "execution_buffer_bytes": 71750856, "scratch_bytes": 402653184, "gpu_cache_bytes": 87836590080}
(Worker_TP1 pid=127) FINAL_DECODER_ROWS {"input_rows": 4092, "output_rows": 1, "layer": 39, "scope": "routed_experts_only", "validation": [{"max_abs": 0.0, "rms": 0.0, "within_tolerance": true}, {"max_abs": 0.0, "rms": 0.0, "within_tolerance": true}, {"max_abs": 0.0, "rms": 0.0, "within_tolerance": true}, {"max_abs": 0.0, "rms": 0.0, "within_tolerance": true}, {"max_abs": 0.0, "rms": 0.0, "within_tolerance": true}]}
(Worker_TP1 pid=127) EXPERT_STREAM {"hits": 0, "misses": 0, "read_bytes": 0, "read_seconds": 0.0, "rank": 1, "cache_bytes": 0, "slot_hits": 16697, "slot_misses": 24383, "packed_read_bytes": 229208002560, "graph_replays": 488, "routed_pipeline_batches": 0, "routed_pipeline_bytes": 0, "prefetch_issued": 0, "prefetch_read_bytes": 0, "prefetch_consumed": 0, "prefetch_ready": 0, "prefetch_late": 0, "prefetch_cancelled": 0, "prefetch_unused": 0, "demand_read_bytes": 229208002560, "io_batches": 166, "io_overlaps": 126, "staging_bytes": 0, "staging_banks": 0, "prefetch_pending": 0, "execution_buffer_bytes": 71750856, "scratch_bytes": 402653184, "gpu_cache_bytes": 87836590080}
(Worker_TP1 pid=127) EXPERT_STREAM {"hits": 0, "misses": 0, "read_bytes": 0, "read_seconds": 0.0, "rank": 1, "cache_bytes": 0, "slot_hits": 16703, "slot_misses": 24383, "packed_read_bytes": 229208002560, "graph_replays": 489, "routed_pipeline_batches": 0, "routed_pipeline_bytes": 0, "prefetch_issued": 0, "prefetch_read_bytes": 0, "prefetch_consumed": 0, "prefetch_ready": 0, "prefetch_late": 0, "prefetch_cancelled": 0, "prefetch_unused": 0, "demand_read_bytes": 229208002560, "io_batches": 166, "io_overlaps": 126, "staging_bytes": 0, "staging_banks": 0, "prefetch_pending": 0, "execution_buffer_bytes": 71750856, "scratch_bytes": 402653184, "gpu_cache_bytes": 87836590080}
(Worker_TP1 pid=127) FINAL_DECODER_ROWS {"input_rows": 4092, "output_rows": 1, "layer": 39, "scope": "routed_experts_only", "validation": [{"max_abs": 0.0, "rms": 0.0, "within_tolerance": true}, {"max_abs": 0.0, "rms": 0.0, "within_tolerance": true}, {"max_abs": 0.0, "rms": 0.0, "within_tolerance": true}, {"max_abs": 0.0, "rms": 0.0, "within_tolerance": true}, {"max_abs": 0.0, "rms": 0.0, "within_tolerance": true}]}
(Worker_TP1 pid=127) STARTUP_PROBE {"time_ns": 1789204601047819500, "phase": "expert_plan_begin", "available_bytes": 14219640832, "cuda_allocated": 99299933696, "cuda_reserved": 101200166912, "layer": 0, "tokens": 1024}
(Worker_TP1 pid=127) STARTUP_PROBE {"time_ns": 1789204601104854621, "phase": "expert_plan_end", "available_bytes": 14231642112, "cuda_allocated": 99331440128, "cuda_reserved": 101200166912, "layer": 0, "tokens": 1024}
(Worker_TP1 pid=127) STARTUP_PROBE {"time_ns": 1789204601335219788, "phase": "expert_plan_begin", "available_bytes": 15636017152, "cuda_allocated": 99358456832, "cuda_reserved": 99803463680, "layer": 1, "tokens": 1024}
(Worker_TP1 pid=127) STARTUP_PROBE {"time_ns": 1789204601395648215, "phase": "expert_plan_end", "available_bytes": 15435870208, "cuda_allocated": 99358456832, "cuda_reserved": 100002693120, "layer": 1, "tokens": 1024}
(Worker_TP1 pid=127) STARTUP_PROBE {"time_ns": 1789204601600872304, "phase": "expert_plan_begin", "available_bytes": 15617474560, "cuda_allocated": 99358457856, "cuda_reserved": 99828629504, "layer": 2, "tokens": 1024}
(Worker_TP1 pid=127) STARTUP_PROBE {"time_ns": 1789204601661875490, "phase": "expert_plan_end", "available_bytes": 15416987648, "cuda_allocated": 99358457856, "cuda_reserved": 100027858944, "layer": 2, "tokens": 1024}
(Worker_TP1 pid=127) STARTUP_PROBE {"time_ns": 1789204601845823779, "phase": "expert_plan_begin", "available_bytes": 15642628096, "cuda_allocated": 99358458880, "cuda_reserved": 99803463680, "layer": 3, "tokens": 1024}
(Worker_TP1 pid=127) STARTUP_PROBE {"time_ns": 1789204601909049697, "phase": "expert_plan_end", "available_bytes": 15448567808, "cuda_allocated": 99358458880, "cuda_reserved": 100002693120, "layer": 3, "tokens": 1024}
(Worker_TP1 pid=127) STARTUP_PROBE {"time_ns": 1789204602083572540, "phase": "expert_plan_begin", "available_bytes": 15676014592, "cuda_allocated": 99358459904, "cuda_reserved": 99803463680, "layer": 4, "tokens": 1024}
(Worker_TP1 pid=127) STARTUP_PROBE {"time_ns": 1789204602144824864, "phase": "expert_plan_end", "available_bytes": 15475609600, "cuda_allocated": 99358459904, "cuda_reserved": 100002693120, "layer": 4, "tokens": 1024}
(Worker_TP1 pid=127) STARTUP_PROBE {"time_ns": 1789204602318175884, "phase": "expert_plan_begin", "available_bytes": 15673683968, "cuda_allocated": 99358460928, "cuda_reserved": 99803463680, "layer": 5, "tokens": 1024}
(Worker_TP1 pid=127) STARTUP_PROBE {"time_ns": 1789204602379022555, "phase": "expert_plan_end", "available_bytes": 15598297088, "cuda_allocated": 99358460928, "cuda_reserved": 100002693120, "layer": 5, "tokens": 1024}
(Worker_TP1 pid=127) STARTUP_PROBE {"time_ns": 1789204602546150122, "phase": "expert_plan_begin", "available_bytes": 15787327488, "cuda_allocated": 99358461952, "cuda_reserved": 99803463680, "layer": 6, "tokens": 1024}
(Worker_TP1 pid=127) STARTUP_PROBE {"time_ns": 1789204602607368781, "phase": "expert_plan_end", "available_bytes": 15584333824, "cuda_allocated": 99358461952, "cuda_reserved": 100002693120, "layer": 6, "tokens": 1024}
(Worker_TP1 pid=127) STARTUP_PROBE {"time_ns": 1789204602743119545, "phase": "expert_plan_begin", "available_bytes": 15780691968, "cuda_allocated": 99358462976, "cuda_reserved": 99803463680, "layer": 7, "tokens": 1024}
(Worker_TP1 pid=127) STARTUP_PROBE {"time_ns": 1789204602804988917, "phase": "expert_plan_end", "available_bytes": 15580512256, "cuda_allocated": 99358462976, "cuda_reserved": 100002693120, "layer": 7, "tokens": 1024}
(Worker_TP1 pid=127) STARTUP_PROBE {"time_ns": 1789204602957369726, "phase": "expert_plan_begin", "available_bytes": 15769587712, "cuda_allocated": 99358464000, "cuda_reserved": 99828629504, "layer": 8, "tokens": 1024}
(Worker_TP1 pid=127) STARTUP_PROBE {"time_ns": 1789204603017913497, "phase": "expert_plan_end", "available_bytes": 15582904320, "cuda_allocated": 99358464000, "cuda_reserved": 100027858944, "layer": 8, "tokens": 1024}
(Worker_TP1 pid=127) STARTUP_PROBE {"time_ns": 1789204603166830196, "phase": "expert_plan_begin", "available_bytes": 15819206656, "cuda_allocated": 99358465024, "cuda_reserved": 99803463680, "layer": 9, "tokens": 1024}
(Worker_TP1 pid=127) STARTUP_PROBE {"time_ns": 1789204603227402207, "phase": "expert_plan_end", "available_bytes": 15619059712, "cuda_allocated": 99358465024, "cuda_reserved": 100002693120, "layer": 9, "tokens": 1024}
(Worker_TP1 pid=127) STARTUP_PROBE {"time_ns": 1789204603372660253, "phase": "expert_plan_begin", "available_bytes": 15819210752, "cuda_allocated": 99358466048, "cuda_reserved": 99803463680, "layer": 10, "tokens": 1024}
(Worker_TP1 pid=127) STARTUP_PROBE {"time_ns": 1789204603433196343, "phase": "expert_plan_end", "available_bytes": 15619063808, "cuda_allocated": 99358466048, "cuda_reserved": 100002693120, "layer": 10, "tokens": 1024}
(Worker_TP1 pid=127) STARTUP_PROBE {"time_ns": 1789204603614470642, "phase": "expert_plan_begin", "available_bytes": 15819210752, "cuda_allocated": 99358467072, "cuda_reserved": 99803463680, "layer": 11, "tokens": 1024}
(Worker_TP1 pid=127) STARTUP_PROBE {"time_ns": 1789204603676042617, "phase": "expert_plan_end", "available_bytes": 15618609152, "cuda_allocated": 99358467072, "cuda_reserved": 100002693120, "layer": 11, "tokens": 1024}
(Worker_TP1 pid=127) STARTUP_PROBE {"time_ns": 1789204603818711767, "phase": "expert_plan_begin", "available_bytes": 15826677760, "cuda_allocated": 99358468096, "cuda_reserved": 99803463680, "layer": 12, "tokens": 1024}
(Worker_TP1 pid=127) STARTUP_PROBE {"time_ns": 1789204603879022351, "phase": "expert_plan_end", "available_bytes": 15633813504, "cuda_allocated": 99358468096, "cuda_reserved": 100002693120, "layer": 12, "tokens": 1024}
(Worker_TP1 pid=127) STARTUP_PROBE {"time_ns": 1789204604054606418, "phase": "expert_plan_begin", "available_bytes": 15853260800, "cuda_allocated": 99358469120, "cuda_reserved": 99803463680, "layer": 13, "tokens": 1024}
(Worker_TP1 pid=127) STARTUP_PROBE {"time_ns": 1789204604116139864, "phase": "expert_plan_end", "available_bytes": 15661371392, "cuda_allocated": 99358469120, "cuda_reserved": 100002693120, "layer": 13, "tokens": 1024}
(Worker_TP1 pid=127) STARTUP_PROBE {"time_ns": 1789204604286504729, "phase": "expert_plan_begin", "available_bytes": 15837958144, "cuda_allocated": 99358470144, "cuda_reserved": 99828629504, "layer": 14, "tokens": 1024}
(Worker_TP1 pid=127) STARTUP_PROBE {"time_ns": 1789204604348623285, "phase": "expert_plan_end", "available_bytes": 15637549056, "cuda_allocated": 99358470144, "cuda_reserved": 100027858944, "layer": 14, "tokens": 1024}
(Worker_TP1 pid=127) STARTUP_PROBE {"time_ns": 1789204604500632741, "phase": "expert_plan_begin", "available_bytes": 15863189504, "cuda_allocated": 99358471168, "cuda_reserved": 99803463680, "layer": 15, "tokens": 1024}
(Worker_TP1 pid=127) STARTUP_PROBE {"time_ns": 1789204604561924119, "phase": "expert_plan_end", "available_bytes": 15663042560, "cuda_allocated": 99358471168, "cuda_reserved": 100002693120, "layer": 15, "tokens": 1024}
(Worker_TP1 pid=127) STARTUP_PROBE {"time_ns": 1789204604739448944, "phase": "expert_plan_begin", "available_bytes": 15869308928, "cuda_allocated": 99358472192, "cuda_reserved": 99803463680, "layer": 16, "tokens": 1024}
(Worker_TP1 pid=127) STARTUP_PROBE {"time_ns": 1789204604799531396, "phase": "expert_plan_end", "available_bytes": 15669473280, "cuda_allocated": 99358472192, "cuda_reserved": 100002693120, "layer": 16, "tokens": 1024}
(Worker_TP1 pid=127) STARTUP_PROBE {"time_ns": 1789204604928996222, "phase": "expert_plan_begin", "available_bytes": 15884075008, "cuda_allocated": 99358473216, "cuda_reserved": 99803463680, "layer": 17, "tokens": 1024}
(Worker_TP1 pid=127) STARTUP_PROBE {"time_ns": 1789204604989734809, "phase": "expert_plan_end", "available_bytes": 15683928064, "cuda_allocated": 99358473216, "cuda_reserved": 100002693120, "layer": 17, "tokens": 1024}
(Worker_TP1 pid=127) STARTUP_PROBE {"time_ns": 1789204605149954939, "phase": "expert_plan_begin", "available_bytes": 15902621696, "cuda_allocated": 99358474240, "cuda_reserved": 99803463680, "layer": 18, "tokens": 1024}
(Worker_TP1 pid=127) STARTUP_PROBE {"time_ns": 1789204605211676962, "phase": "expert_plan_end", "available_bytes": 15702478848, "cuda_allocated": 99358474240, "cuda_reserved": 100002693120, "layer": 18, "tokens": 1024}
(Worker_TP1 pid=127) STARTUP_PROBE {"time_ns": 1789204605338006739, "phase": "expert_plan_begin", "available_bytes": 15907934208, "cuda_allocated": 99358475264, "cuda_reserved": 99803463680, "layer": 19, "tokens": 1024}
(Worker_TP1 pid=127) STARTUP_PROBE {"time_ns": 1789204605399714281, "phase": "expert_plan_end", "available_bytes": 15707787264, "cuda_allocated": 99358475264, "cuda_reserved": 100002693120, "layer": 19, "tokens": 1024}
(Worker_TP1 pid=127) STARTUP_PROBE {"time_ns": 1789204605603025021, "phase": "expert_plan_begin", "available_bytes": 15882702848, "cuda_allocated": 99358476288, "cuda_reserved": 99828629504, "layer": 20, "tokens": 1024}
(Worker_TP1 pid=127) STARTUP_PROBE {"time_ns": 1789204605663668726, "phase": "expert_plan_end", "available_bytes": 15682293760, "cuda_allocated": 99358476288, "cuda_reserved": 100027858944, "layer": 20, "tokens": 1024}
(Worker_TP1 pid=127) STARTUP_PROBE {"time_ns": 1789204605856588570, "phase": "expert_plan_begin", "available_bytes": 15906131968, "cuda_allocated": 99358477312, "cuda_reserved": 99803463680, "layer": 21, "tokens": 1024}
(Worker_TP1 pid=127) STARTUP_PROBE {"time_ns": 1789204605918418610, "phase": "expert_plan_end", "available_bytes": 15713984512, "cuda_allocated": 99358477312, "cuda_reserved": 100002693120, "layer": 21, "tokens": 1024}
(Worker_TP1 pid=127) STARTUP_PROBE {"time_ns": 1789204606031033913, "phase": "expert_plan_begin", "available_bytes": 15936258048, "cuda_allocated": 99358478336, "cuda_reserved": 99803463680, "layer": 22, "tokens": 1024}
(Worker_TP1 pid=127) STARTUP_PROBE {"time_ns": 1789204606091363422, "phase": "expert_plan_end", "available_bytes": 15744372736, "cuda_allocated": 99358478336, "cuda_reserved": 100002693120, "layer": 22, "tokens": 1024}
(Worker_TP1 pid=127) STARTUP_PROBE {"time_ns": 1789204606126661583, "phase": "expert_plan_begin", "available_bytes": 15944519680, "cuda_allocated": 99358479360, "cuda_reserved": 99803463680, "layer": 23, "tokens": 1024}
(Worker_TP1 pid=127) STARTUP_PROBE {"time_ns": 1789204606185725733, "phase": "expert_plan_end", "available_bytes": 15744372736, "cuda_allocated": 99358479360, "cuda_reserved": 100002693120, "layer": 23, "tokens": 1024}
(Worker_TP1 pid=127) STARTUP_PROBE {"time_ns": 1789204606311757936, "phase": "expert_plan_begin", "available_bytes": 15943200768, "cuda_allocated": 99358480384, "cuda_reserved": 99805560832, "layer": 24, "tokens": 1024}
(Worker_TP1 pid=127) STARTUP_PROBE {"time_ns": 1789204606372252806, "phase": "expert_plan_end", "available_bytes": 15742791680, "cuda_allocated": 99358480384, "cuda_reserved": 100004790272, "layer": 24, "tokens": 1024}
(Worker_TP1 pid=127) STARTUP_PROBE {"time_ns": 1789204606561303015, "phase": "expert_plan_begin", "available_bytes": 15945039872, "cuda_allocated": 99358481408, "cuda_reserved": 99803463680, "layer": 25, "tokens": 1024}
(Worker_TP1 pid=127) STARTUP_PROBE {"time_ns": 1789204606623452850, "phase": "expert_plan_end", "available_bytes": 15744892928, "cuda_allocated": 99358481408, "cuda_reserved": 100002693120, "layer": 25, "tokens": 1024}
(Worker_TP1 pid=127) STARTUP_PROBE {"time_ns": 1789204606738179523, "phase": "expert_plan_begin", "available_bytes": 15945039872, "cuda_allocated": 99358482432, "cuda_reserved": 99803463680, "layer": 26, "tokens": 1024}
(Worker_TP1 pid=127) STARTUP_PROBE {"time_ns": 1789204606798465543, "phase": "expert_plan_end", "available_bytes": 15744897024, "cuda_allocated": 99358482432, "cuda_reserved": 100002693120, "layer": 26, "tokens": 1024}
(Worker_TP1 pid=127) STARTUP_PROBE {"time_ns": 1789204606836910719, "phase": "expert_plan_begin", "available_bytes": 15954788352, "cuda_allocated": 99358483456, "cuda_reserved": 99803463680, "layer": 27, "tokens": 1024}
(Worker_TP1 pid=127) STARTUP_PROBE {"time_ns": 1789204606899476367, "phase": "expert_plan_end", "available_bytes": 15774183424, "cuda_allocated": 99358483456, "cuda_reserved": 100002693120, "layer": 27, "tokens": 1024}
(Worker_TP1 pid=127) STARTUP_PROBE {"time_ns": 1789204607015408942, "phase": "expert_plan_begin", "available_bytes": 15984189440, "cuda_allocated": 99358484480, "cuda_reserved": 99805560832, "layer": 28, "tokens": 1024}
(Worker_TP1 pid=127) STARTUP_PROBE {"time_ns": 1789204607075926436, "phase": "expert_plan_end", "available_bytes": 15783780352, "cuda_allocated": 99358484480, "cuda_reserved": 100004790272, "layer": 28, "tokens": 1024}
(Worker_TP1 pid=127) STARTUP_PROBE {"time_ns": 1789204607225628719, "phase": "expert_plan_begin", "available_bytes": 15994281984, "cuda_allocated": 99358485504, "cuda_reserved": 99803463680, "layer": 29, "tokens": 1024}
(Worker_TP1 pid=127) STARTUP_PROBE {"time_ns": 1789204607286588538, "phase": "expert_plan_end", "available_bytes": 15794139136, "cuda_allocated": 99358485504, "cuda_reserved": 100002693120, "layer": 29, "tokens": 1024}
(Worker_TP1 pid=127) STARTUP_PROBE {"time_ns": 1789204607421151836, "phase": "expert_plan_begin", "available_bytes": 15986802688, "cuda_allocated": 99358486528, "cuda_reserved": 99803463680, "layer": 30, "tokens": 1024}
(Worker_TP1 pid=127) STARTUP_PROBE {"time_ns": 1789204607481339758, "phase": "expert_plan_end", "available_bytes": 15786655744, "cuda_allocated": 99358486528, "cuda_reserved": 100002693120, "layer": 30, "tokens": 1024}
(Worker_TP1 pid=127) STARTUP_PROBE {"time_ns": 1789204607690055261, "phase": "expert_plan_begin", "available_bytes": 15986802688, "cuda_allocated": 99358487552, "cuda_reserved": 99803463680, "layer": 31, "tokens": 1024}
(Worker_TP1 pid=127) STARTUP_PROBE {"time_ns": 1789204607750435601, "phase": "expert_plan_end", "available_bytes": 15786655744, "cuda_allocated": 99358487552, "cuda_reserved": 100002693120, "layer": 31, "tokens": 1024}
(Worker_TP1 pid=127) STARTUP_PROBE {"time_ns": 1789204607788513684, "phase": "expert_plan_begin", "available_bytes": 15984967680, "cuda_allocated": 99358488576, "cuda_reserved": 99805560832, "layer": 32, "tokens": 1024}
(Worker_TP1 pid=127) STARTUP_PROBE {"time_ns": 1789204607847971693, "phase": "expert_plan_end", "available_bytes": 15792611328, "cuda_allocated": 99358488576, "cuda_reserved": 100004790272, "layer": 32, "tokens": 1024}
(Worker_TP1 pid=127) STARTUP_PROBE {"time_ns": 1789204608059932578, "phase": "expert_plan_begin", "available_bytes": 16017031168, "cuda_allocated": 99358489600, "cuda_reserved": 99803463680, "layer": 33, "tokens": 1024}
(Worker_TP1 pid=127) STARTUP_PROBE {"time_ns": 1789204608122264077, "phase": "expert_plan_end", "available_bytes": 15817146368, "cuda_allocated": 99358489600, "cuda_reserved": 100002693120, "layer": 33, "tokens": 1024}
(Worker_TP1 pid=127) STARTUP_PROBE {"time_ns": 1789204608248222772, "phase": "expert_plan_begin", "available_bytes": 16017293312, "cuda_allocated": 99358490624, "cuda_reserved": 99803463680, "layer": 34, "tokens": 1024}
(Worker_TP1 pid=127) STARTUP_PROBE {"time_ns": 1789204608309068829, "phase": "expert_plan_end", "available_bytes": 15817633792, "cuda_allocated": 99358490624, "cuda_reserved": 100002693120, "layer": 34, "tokens": 1024}
(Worker_TP1 pid=127) STARTUP_PROBE {"time_ns": 1789204608433302126, "phase": "expert_plan_begin", "available_bytes": 16023031808, "cuda_allocated": 99358491648, "cuda_reserved": 99803463680, "layer": 35, "tokens": 1024}
(Worker_TP1 pid=127) STARTUP_PROBE {"time_ns": 1789204608493808514, "phase": "expert_plan_end", "available_bytes": 15822884864, "cuda_allocated": 99358491648, "cuda_reserved": 100002693120, "layer": 35, "tokens": 1024}
(Worker_TP1 pid=127) STARTUP_PROBE {"time_ns": 1789204608531913333, "phase": "expert_plan_begin", "available_bytes": 16021200896, "cuda_allocated": 99358492672, "cuda_reserved": 99805560832, "layer": 36, "tokens": 1024}
(Worker_TP1 pid=127) STARTUP_PROBE {"time_ns": 1789204608593290644, "phase": "expert_plan_end", "available_bytes": 15820791808, "cuda_allocated": 99358492672, "cuda_reserved": 100004790272, "layer": 36, "tokens": 1024}
(Worker_TP1 pid=127) STARTUP_PROBE {"time_ns": 1789204608717646103, "phase": "expert_plan_begin", "available_bytes": 16023035904, "cuda_allocated": 99392183296, "cuda_reserved": 99803463680, "layer": 37, "tokens": 1024}
(Worker_TP1 pid=127) STARTUP_PROBE {"time_ns": 1789204608779700015, "phase": "expert_plan_end", "available_bytes": 15822888960, "cuda_allocated": 99392183296, "cuda_reserved": 100002693120, "layer": 37, "tokens": 1024}
(Worker_TP1 pid=127) STARTUP_PROBE {"time_ns": 1789204608901683108, "phase": "expert_plan_begin", "available_bytes": 16034426880, "cuda_allocated": 99398922240, "cuda_reserved": 99803463680, "layer": 38, "tokens": 1024}
(Worker_TP1 pid=127) STARTUP_PROBE {"time_ns": 1789204608961998902, "phase": "expert_plan_end", "available_bytes": 15858036736, "cuda_allocated": 99398922240, "cuda_reserved": 100002693120, "layer": 38, "tokens": 1024}
(Worker_TP1 pid=127) STARTUP_PROBE {"time_ns": 1789204609097058138, "phase": "expert_plan_begin", "available_bytes": 16066482176, "cuda_allocated": 99405661184, "cuda_reserved": 99803463680, "layer": 39, "tokens": 1024}
(Worker_TP1 pid=127) STARTUP_PROBE {"time_ns": 1789204609158327592, "phase": "expert_plan_end", "available_bytes": 15866335232, "cuda_allocated": 99405661184, "cuda_reserved": 100002693120, "layer": 39, "tokens": 1024}
(Worker_TP1 pid=127) EXPERT_STREAM {"hits": 0, "misses": 0, "read_bytes": 0, "read_seconds": 0.0, "rank": 1, "cache_bytes": 0, "slot_hits": 23749, "slot_misses": 27355, "packed_read_bytes": 257145753600, "graph_replays": 564, "routed_pipeline_batches": 0, "routed_pipeline_bytes": 0, "prefetch_issued": 0, "prefetch_read_bytes": 0, "prefetch_consumed": 0, "prefetch_ready": 0, "prefetch_late": 0, "prefetch_cancelled": 0, "prefetch_unused": 0, "demand_read_bytes": 257145753600, "io_batches": 208, "io_overlaps": 168, "staging_bytes": 0, "staging_banks": 0, "prefetch_pending": 0, "execution_buffer_bytes": 103257288, "scratch_bytes": 402653184, "gpu_cache_bytes": 87836590080}
(Worker_TP1 pid=127) EXPERT_STREAM {"hits": 0, "misses": 0, "read_bytes": 0, "read_seconds": 0.0, "rank": 1, "cache_bytes": 0, "slot_hits": 23755, "slot_misses": 27355, "packed_read_bytes": 257145753600, "graph_replays": 565, "routed_pipeline_batches": 0, "routed_pipeline_bytes": 0, "prefetch_issued": 0, "prefetch_read_bytes": 0, "prefetch_consumed": 0, "prefetch_ready": 0, "prefetch_late": 0, "prefetch_cancelled": 0, "prefetch_unused": 0, "demand_read_bytes": 257145753600, "io_batches": 208, "io_overlaps": 168, "staging_bytes": 0, "staging_banks": 0, "prefetch_pending": 0, "execution_buffer_bytes": 103257288, "scratch_bytes": 402653184, "gpu_cache_bytes": 87836590080}
(Worker_TP1 pid=127) b12x policy fallback: moe.decode is using a heuristic on nvidia gb10 (compute capability 12.1, 48 SMs) because profile 'nvidia.gb10.48sm' does not cover the query; query={'activation': 'silu', 'hidden_size': 5120, 'intermediate_size': 1152, 'num_experts': 224, 'num_tokens': 1024, 'numerical_recipe': 'deepseek_v41', 'quant_mode': 'w4a8_mx', 'routed_rows': 6144, 'source_format': 'fp4_e8m0_k32', 'top_k': 6}
(Worker_TP1 pid=127) FINAL_DECODER_ROWS {"input_rows": 658, "output_rows": 1, "layer": 39, "scope": "routed_experts_only", "validation": [{"max_abs": 0.0, "rms": 0.0, "within_tolerance": true}, {"max_abs": 0.0, "rms": 0.0, "within_tolerance": true}, {"max_abs": 0.0, "rms": 0.0, "within_tolerance": true}, {"max_abs": 0.0, "rms": 0.0, "within_tolerance": true}, {"max_abs": 0.0, "rms": 0.0, "within_tolerance": true}]}
(Worker_TP1 pid=127) EXPERT_STREAM {"hits": 0, "misses": 0, "read_bytes": 0, "read_seconds": 0.0, "rank": 1, "cache_bytes": 0, "slot_hits": 24583, "slot_misses": 27573, "packed_read_bytes": 259195023360, "graph_replays": 608, "routed_pipeline_batches": 0, "routed_pipeline_bytes": 0, "prefetch_issued": 0, "prefetch_read_bytes": 0, "prefetch_consumed": 0, "prefetch_ready": 0, "prefetch_late": 0, "prefetch_cancelled": 0, "prefetch_unused": 0, "demand_read_bytes": 259195023360, "io_batches": 249, "io_overlaps": 209, "staging_bytes": 0, "staging_banks": 0, "prefetch_pending": 0, "execution_buffer_bytes": 103257288, "scratch_bytes": 402653184, "gpu_cache_bytes": 87836590080}
(Worker_TP1 pid=127) EXPERT_STREAM {"hits": 0, "misses": 0, "read_bytes": 0, "read_seconds": 0.0, "rank": 1, "cache_bytes": 0, "slot_hits": 25428, "slot_misses": 27676, "packed_read_bytes": 260163256320, "graph_replays": 651, "routed_pipeline_batches": 0, "routed_pipeline_bytes": 0, "prefetch_issued": 0, "prefetch_read_bytes": 0, "prefetch_consumed": 0, "prefetch_ready": 0, "prefetch_late": 0, "prefetch_cancelled": 0, "prefetch_unused": 0, "demand_read_bytes": 260163256320, "io_batches": 287, "io_overlaps": 247, "staging_bytes": 0, "staging_banks": 0, "prefetch_pending": 0, "execution_buffer_bytes": 103257288, "scratch_bytes": 402653184, "gpu_cache_bytes": 87836590080}
(Worker_TP1 pid=127) EXPERT_STREAM {"hits": 0, "misses": 0, "read_bytes": 0, "read_seconds": 0.0, "rank": 1, "cache_bytes": 0, "slot_hits": 26345, "slot_misses": 27812, "packed_read_bytes": 261441699840, "graph_replays": 694, "routed_pipeline_batches": 0, "routed_pipeline_bytes": 0, "prefetch_issued": 0, "prefetch_read_bytes": 0, "prefetch_consumed": 0, "prefetch_ready": 0, "prefetch_late": 0, "prefetch_cancelled": 0, "prefetch_unused": 0, "demand_read_bytes": 261441699840, "io_batches": 327, "io_overlaps": 287, "staging_bytes": 0, "staging_banks": 0, "prefetch_pending": 0, "execution_buffer_bytes": 103257288, "scratch_bytes": 402653184, "gpu_cache_bytes": 87836590080}
(Worker_TP1 pid=127) EXPERT_CACHE_RESET 1789204610528144699
(Worker_TP1 pid=127) EXPERT_STREAM {"hits": 0, "misses": 0, "read_bytes": 0, "read_seconds": 0.0, "rank": 1, "cache_bytes": 0, "slot_hits": 0, "slot_misses": 13789, "packed_read_bytes": 129621012480, "graph_replays": 160, "routed_pipeline_batches": 0, "routed_pipeline_bytes": 0, "prefetch_issued": 0, "prefetch_read_bytes": 0, "prefetch_consumed": 0, "prefetch_ready": 0, "prefetch_late": 0, "prefetch_cancelled": 0, "prefetch_unused": 0, "demand_read_bytes": 129621012480, "io_batches": 80, "io_overlaps": 40, "staging_bytes": 0, "staging_banks": 0, "prefetch_pending": 0, "execution_buffer_bytes": 103257288, "scratch_bytes": 402653184, "gpu_cache_bytes": 87836590080}
(Worker_TP1 pid=127) EXPERT_STREAM {"hits": 0, "misses": 0, "read_bytes": 0, "read_seconds": 0.0, "rank": 1, "cache_bytes": 0, "slot_hits": 8080, "slot_misses": 18075, "packed_read_bytes": 169910784000, "graph_replays": 323, "routed_pipeline_batches": 0, "routed_pipeline_bytes": 0, "prefetch_issued": 0, "prefetch_read_bytes": 0, "prefetch_consumed": 0, "prefetch_ready": 0, "prefetch_late": 0, "prefetch_cancelled": 0, "prefetch_unused": 0, "demand_read_bytes": 169910784000, "io_batches": 123, "io_overlaps": 83, "staging_bytes": 0, "staging_banks": 0, "prefetch_pending": 0, "execution_buffer_bytes": 103257288, "scratch_bytes": 402653184, "gpu_cache_bytes": 87836590080}
(Worker_TP1 pid=127) EXPERT_STREAM {"hits": 0, "misses": 0, "read_bytes": 0, "read_seconds": 0.0, "rank": 1, "cache_bytes": 0, "slot_hits": 8843, "slot_misses": 18259, "packed_read_bytes": 171640442880, "graph_replays": 366, "routed_pipeline_batches": 0, "routed_pipeline_bytes": 0, "prefetch_issued": 0, "prefetch_read_bytes": 0, "prefetch_consumed": 0, "prefetch_ready": 0, "prefetch_late": 0, "prefetch_cancelled": 0, "prefetch_unused": 0, "demand_read_bytes": 171640442880, "io_batches": 165, "io_overlaps": 125, "staging_bytes": 0, "staging_banks": 0, "prefetch_pending": 0, "execution_buffer_bytes": 103257288, "scratch_bytes": 402653184, "gpu_cache_bytes": 87836590080}
(Worker_TP1 pid=127) EXPERT_STREAM {"hits": 0, "misses": 0, "read_bytes": 0, "read_seconds": 0.0, "rank": 1, "cache_bytes": 0, "slot_hits": 9617, "slot_misses": 18356, "packed_read_bytes": 172552273920, "graph_replays": 409, "routed_pipeline_batches": 0, "routed_pipeline_bytes": 0, "prefetch_issued": 0, "prefetch_read_bytes": 0, "prefetch_consumed": 0, "prefetch_ready": 0, "prefetch_late": 0, "prefetch_cancelled": 0, "prefetch_unused": 0, "demand_read_bytes": 172552273920, "io_batches": 202, "io_overlaps": 162, "staging_bytes": 0, "staging_banks": 0, "prefetch_pending": 0, "execution_buffer_bytes": 103257288, "scratch_bytes": 402653184, "gpu_cache_bytes": 87836590080}
(Worker_TP1 pid=127) EXPERT_CACHE_RESET 1789204644457007360
(Worker_TP1 pid=127) EXPERT_STREAM {"hits": 0, "misses": 0, "read_bytes": 0, "read_seconds": 0.0, "rank": 1, "cache_bytes": 0, "slot_hits": 0, "slot_misses": 13461, "packed_read_bytes": 126537707520, "graph_replays": 157, "routed_pipeline_batches": 0, "routed_pipeline_bytes": 0, "prefetch_issued": 0, "prefetch_read_bytes": 0, "prefetch_consumed": 0, "prefetch_ready": 0, "prefetch_late": 0, "prefetch_cancelled": 0, "prefetch_unused": 0, "demand_read_bytes": 126537707520, "io_batches": 79, "io_overlaps": 40, "staging_bytes": 0, "staging_banks": 0, "prefetch_pending": 0, "execution_buffer_bytes": 103257288, "scratch_bytes": 402653184, "gpu_cache_bytes": 87836590080}
(Worker_TP1 pid=127) FINAL_DECODER_ROWS {"input_rows": 4092, "output_rows": 1, "layer": 39, "scope": "routed_experts_only"}
(Worker_TP1 pid=127) EXPERT_STREAM {"hits": 0, "misses": 0, "read_bytes": 0, "read_seconds": 0.0, "rank": 1, "cache_bytes": 0, "slot_hits": 7908, "slot_misses": 17660, "packed_read_bytes": 166009651200, "graph_replays": 317, "routed_pipeline_batches": 0, "routed_pipeline_bytes": 0, "prefetch_issued": 0, "prefetch_read_bytes": 0, "prefetch_consumed": 0, "prefetch_ready": 0, "prefetch_late": 0, "prefetch_cancelled": 0, "prefetch_unused": 0, "demand_read_bytes": 166009651200, "io_batches": 122, "io_overlaps": 83, "staging_bytes": 0, "staging_banks": 0, "prefetch_pending": 0, "execution_buffer_bytes": 103257288, "scratch_bytes": 402653184, "gpu_cache_bytes": 87836590080}
(Worker_TP1 pid=127) FINAL_DECODER_ROWS {"input_rows": 2216, "output_rows": 1, "layer": 39, "scope": "routed_experts_only"}
(Worker_TP1 pid=127) EXPERT_STREAM {"hits": 0, "misses": 0, "read_bytes": 0, "read_seconds": 0.0, "rank": 1, "cache_bytes": 0, "slot_hits": 8657, "slot_misses": 17853, "packed_read_bytes": 167823912960, "graph_replays": 360, "routed_pipeline_batches": 0, "routed_pipeline_bytes": 0, "prefetch_issued": 0, "prefetch_read_bytes": 0, "prefetch_consumed": 0, "prefetch_ready": 0, "prefetch_late": 0, "prefetch_cancelled": 0, "prefetch_unused": 0, "demand_read_bytes": 167823912960, "io_batches": 164, "io_overlaps": 125, "staging_bytes": 0, "staging_banks": 0, "prefetch_pending": 0, "execution_buffer_bytes": 103257288, "scratch_bytes": 402653184, "gpu_cache_bytes": 87836590080}
(Worker_TP1 pid=127) EXPERT_STREAM {"hits": 0, "misses": 0, "read_bytes": 0, "read_seconds": 0.0, "rank": 1, "cache_bytes": 0, "slot_hits": 9422, "slot_misses": 17965, "packed_read_bytes": 168876748800, "graph_replays": 403, "routed_pipeline_batches": 0, "routed_pipeline_bytes": 0, "prefetch_issued": 0, "prefetch_read_bytes": 0, "prefetch_consumed": 0, "prefetch_ready": 0, "prefetch_late": 0, "prefetch_cancelled": 0, "prefetch_unused": 0, "demand_read_bytes": 168876748800, "io_batches": 203, "io_overlaps": 164, "staging_bytes": 0, "staging_banks": 0, "prefetch_pending": 0, "execution_buffer_bytes": 103257288, "scratch_bytes": 402653184, "gpu_cache_bytes": 87836590080}
(Worker_TP1 pid=127) EXPERT_CACHE_RESET 1789204677709835280
(Worker_TP1 pid=127) EXPERT_STREAM {"hits": 0, "misses": 0, "read_bytes": 0, "read_seconds": 0.0, "rank": 1, "cache_bytes": 0, "slot_hits": 0, "slot_misses": 13814, "packed_read_bytes": 129856020480, "graph_replays": 160, "routed_pipeline_batches": 0, "routed_pipeline_bytes": 0, "prefetch_issued": 0, "prefetch_read_bytes": 0, "prefetch_consumed": 0, "prefetch_ready": 0, "prefetch_late": 0, "prefetch_cancelled": 0, "prefetch_unused": 0, "demand_read_bytes": 129856020480, "io_batches": 80, "io_overlaps": 40, "staging_bytes": 0, "staging_banks": 0, "prefetch_pending": 0, "execution_buffer_bytes": 103257288, "scratch_bytes": 402653184, "gpu_cache_bytes": 87836590080}
(Worker_TP1 pid=127) EXPERT_STREAM {"hits": 0, "misses": 0, "read_bytes": 0, "read_seconds": 0.0, "rank": 1, "cache_bytes": 0, "slot_hits": 8685, "slot_misses": 19288, "packed_read_bytes": 181313372160, "graph_replays": 323, "routed_pipeline_batches": 0, "routed_pipeline_bytes": 0, "prefetch_issued": 0, "prefetch_read_bytes": 0, "prefetch_consumed": 0, "prefetch_ready": 0, "prefetch_late": 0, "prefetch_cancelled": 0, "prefetch_unused": 0, "demand_read_bytes": 181313372160, "io_batches": 123, "io_overlaps": 83, "staging_bytes": 0, "staging_banks": 0, "prefetch_pending": 0, "execution_buffer_bytes": 103257288, "scratch_bytes": 402653184, "gpu_cache_bytes": 87836590080}
(Worker_TP1 pid=127) EXPERT_STREAM {"hits": 0, "misses": 0, "read_bytes": 0, "read_seconds": 0.0, "rank": 1, "cache_bytes": 0, "slot_hits": 16695, "slot_misses": 24385, "packed_read_bytes": 229226803200, "graph_replays": 486, "routed_pipeline_batches": 0, "routed_pipeline_bytes": 0, "prefetch_issued": 0, "prefetch_read_bytes": 0, "prefetch_consumed": 0, "prefetch_ready": 0, "prefetch_late": 0, "prefetch_cancelled": 0, "prefetch_unused": 0, "demand_read_bytes": 229226803200, "io_batches": 166, "io_overlaps": 126, "staging_bytes": 0, "staging_banks": 0, "prefetch_pending": 0, "execution_buffer_bytes": 103257288, "scratch_bytes": 402653184, "gpu_cache_bytes": 87836590080}
(Worker_TP1 pid=127) EXPERT_STREAM {"hits": 0, "misses": 0, "read_bytes": 0, "read_seconds": 0.0, "rank": 1, "cache_bytes": 0, "slot_hits": 23744, "slot_misses": 27353, "packed_read_bytes": 257126952960, "graph_replays": 561, "routed_pipeline_batches": 0, "routed_pipeline_bytes": 0, "prefetch_issued": 0, "prefetch_read_bytes": 0, "prefetch_consumed": 0, "prefetch_ready": 0, "prefetch_late": 0, "prefetch_cancelled": 0, "prefetch_unused": 0, "demand_read_bytes": 257126952960, "io_batches": 208, "io_overlaps": 168, "staging_bytes": 0, "staging_banks": 0, "prefetch_pending": 0, "execution_buffer_bytes": 103257288, "scratch_bytes": 402653184, "gpu_cache_bytes": 87836590080}
(Worker_TP1 pid=127) EXPERT_STREAM {"hits": 0, "misses": 0, "read_bytes": 0, "read_seconds": 0.0, "rank": 1, "cache_bytes": 0, "slot_hits": 24587, "slot_misses": 27566, "packed_read_bytes": 259129221120, "graph_replays": 604, "routed_pipeline_batches": 0, "routed_pipeline_bytes": 0, "prefetch_issued": 0, "prefetch_read_bytes": 0, "prefetch_consumed": 0, "prefetch_ready": 0, "prefetch_late": 0, "prefetch_cancelled": 0, "prefetch_unused": 0, "demand_read_bytes": 259129221120, "io_batches": 249, "io_overlaps": 209, "staging_bytes": 0, "staging_banks": 0, "prefetch_pending": 0, "execution_buffer_bytes": 103257288, "scratch_bytes": 402653184, "gpu_cache_bytes": 87836590080}
(Worker_TP1 pid=127) EXPERT_STREAM {"hits": 0, "misses": 0, "read_bytes": 0, "read_seconds": 0.0, "rank": 1, "cache_bytes": 0, "slot_hits": 25478, "slot_misses": 27678, "packed_read_bytes": 260182056960, "graph_replays": 647, "routed_pipeline_batches": 0, "routed_pipeline_bytes": 0, "prefetch_issued": 0, "prefetch_read_bytes": 0, "prefetch_consumed": 0, "prefetch_ready": 0, "prefetch_late": 0, "prefetch_cancelled": 0, "prefetch_unused": 0, "demand_read_bytes": 260182056960, "io_batches": 289, "io_overlaps": 249, "staging_bytes": 0, "staging_banks": 0, "prefetch_pending": 0, "execution_buffer_bytes": 103257288, "scratch_bytes": 402653184, "gpu_cache_bytes": 87836590080}
(Worker_TP1 pid=127) EXPERT_STREAM {"hits": 0, "misses": 0, "read_bytes": 0, "read_seconds": 0.0, "rank": 1, "cache_bytes": 0, "slot_hits": 26208, "slot_misses": 27734, "packed_read_bytes": 260708474880, "graph_replays": 690, "routed_pipeline_batches": 0, "routed_pipeline_bytes": 0, "prefetch_issued": 0, "prefetch_read_bytes": 0, "prefetch_consumed": 0, "prefetch_ready": 0, "prefetch_late": 0, "prefetch_cancelled": 0, "prefetch_unused": 0, "demand_read_bytes": 260708474880, "io_batches": 322, "io_overlaps": 282, "staging_bytes": 0, "staging_banks": 0, "prefetch_pending": 0, "execution_buffer_bytes": 103257288, "scratch_bytes": 402653184, "gpu_cache_bytes": 87836590080}
(Worker_TP1 pid=127) EXPERT_CACHE_RESET 1789204732867464445
(Worker_TP1 pid=127) EXPERT_STREAM {"hits": 0, "misses": 0, "read_bytes": 0, "read_seconds": 0.0, "rank": 1, "cache_bytes": 0, "slot_hits": 0, "slot_misses": 13472, "packed_read_bytes": 126641111040, "graph_replays": 157, "routed_pipeline_batches": 0, "routed_pipeline_bytes": 0, "prefetch_issued": 0, "prefetch_read_bytes": 0, "prefetch_consumed": 0, "prefetch_ready": 0, "prefetch_late": 0, "prefetch_cancelled": 0, "prefetch_unused": 0, "demand_read_bytes": 126641111040, "io_batches": 79, "io_overlaps": 40, "staging_bytes": 0, "staging_banks": 0, "prefetch_pending": 0, "execution_buffer_bytes": 103257288, "scratch_bytes": 402653184, "gpu_cache_bytes": 87836590080}
(Worker_TP1 pid=127) FINAL_DECODER_ROWS {"input_rows": 4092, "output_rows": 1, "layer": 39, "scope": "routed_experts_only"}
(Worker_TP1 pid=127) EXPERT_STREAM {"hits": 0, "misses": 0, "read_bytes": 0, "read_seconds": 0.0, "rank": 1, "cache_bytes": 0, "slot_hits": 8478, "slot_misses": 18839, "packed_read_bytes": 177092628480, "graph_replays": 317, "routed_pipeline_batches": 0, "routed_pipeline_bytes": 0, "prefetch_issued": 0, "prefetch_read_bytes": 0, "prefetch_consumed": 0, "prefetch_ready": 0, "prefetch_late": 0, "prefetch_cancelled": 0, "prefetch_unused": 0, "demand_read_bytes": 177092628480, "io_batches": 122, "io_overlaps": 83, "staging_bytes": 0, "staging_banks": 0, "prefetch_pending": 0, "execution_buffer_bytes": 103257288, "scratch_bytes": 402653184, "gpu_cache_bytes": 87836590080}
(Worker_TP1 pid=127) FINAL_DECODER_ROWS {"input_rows": 4092, "output_rows": 1, "layer": 39, "scope": "routed_experts_only"}
(Worker_TP1 pid=127) EXPERT_STREAM {"hits": 0, "misses": 0, "read_bytes": 0, "read_seconds": 0.0, "rank": 1, "cache_bytes": 0, "slot_hits": 16276, "slot_misses": 23840, "packed_read_bytes": 224103628800, "graph_replays": 477, "routed_pipeline_batches": 0, "routed_pipeline_bytes": 0, "prefetch_issued": 0, "prefetch_read_bytes": 0, "prefetch_consumed": 0, "prefetch_ready": 0, "prefetch_late": 0, "prefetch_cancelled": 0, "prefetch_unused": 0, "demand_read_bytes": 224103628800, "io_batches": 165, "io_overlaps": 126, "staging_bytes": 0, "staging_banks": 0, "prefetch_pending": 0, "execution_buffer_bytes": 103257288, "scratch_bytes": 402653184, "gpu_cache_bytes": 87836590080}
(Worker_TP1 pid=127) FINAL_DECODER_ROWS {"input_rows": 4092, "output_rows": 1, "layer": 39, "scope": "routed_experts_only"}
(Worker_TP1 pid=127) EXPERT_STREAM {"hits": 0, "misses": 0, "read_bytes": 0, "read_seconds": 0.0, "rank": 1, "cache_bytes": 0, "slot_hits": 23110, "slot_misses": 26731, "packed_read_bytes": 251279953920, "graph_replays": 551, "routed_pipeline_batches": 0, "routed_pipeline_bytes": 0, "prefetch_issued": 0, "prefetch_read_bytes": 0, "prefetch_consumed": 0, "prefetch_ready": 0, "prefetch_late": 0, "prefetch_cancelled": 0, "prefetch_unused": 0, "demand_read_bytes": 251279953920, "io_batches": 207, "io_overlaps": 168, "staging_bytes": 0, "staging_banks": 0, "prefetch_pending": 0, "execution_buffer_bytes": 103257288, "scratch_bytes": 402653184, "gpu_cache_bytes": 87836590080}
(Worker_TP1 pid=127) FINAL_DECODER_ROWS {"input_rows": 658, "output_rows": 1, "layer": 39, "scope": "routed_experts_only"}
(Worker_TP1 pid=127) EXPERT_STREAM {"hits": 0, "misses": 0, "read_bytes": 0, "read_seconds": 0.0, "rank": 1, "cache_bytes": 0, "slot_hits": 23961, "slot_misses": 26967, "packed_read_bytes": 253498429440, "graph_replays": 594, "routed_pipeline_batches": 0, "routed_pipeline_bytes": 0, "prefetch_issued": 0, "prefetch_read_bytes": 0, "prefetch_consumed": 0, "prefetch_ready": 0, "prefetch_late": 0, "prefetch_cancelled": 0, "prefetch_unused": 0, "demand_read_bytes": 253498429440, "io_batches": 247, "io_overlaps": 208, "staging_bytes": 0, "staging_banks": 0, "prefetch_pending": 0, "execution_buffer_bytes": 103257288, "scratch_bytes": 402653184, "gpu_cache_bytes": 87836590080}
(Worker_TP1 pid=127) EXPERT_STREAM {"hits": 0, "misses": 0, "read_bytes": 0, "read_seconds": 0.0, "rank": 1, "cache_bytes": 0, "slot_hits": 24842, "slot_misses": 27087, "packed_read_bytes": 254626467840, "graph_replays": 637, "routed_pipeline_batches": 0, "routed_pipeline_bytes": 0, "prefetch_issued": 0, "prefetch_read_bytes": 0, "prefetch_consumed": 0, "prefetch_ready": 0, "prefetch_late": 0, "prefetch_cancelled": 0, "prefetch_unused": 0, "demand_read_bytes": 254626467840, "io_batches": 289, "io_overlaps": 250, "staging_bytes": 0, "staging_banks": 0, "prefetch_pending": 0, "execution_buffer_bytes": 103257288, "scratch_bytes": 402653184, "gpu_cache_bytes": 87836590080}
(Worker_TP1 pid=127) EXPERT_STREAM {"hits": 0, "misses": 0, "read_bytes": 0, "read_seconds": 0.0, "rank": 1, "cache_bytes": 0, "slot_hits": 25793, "slot_misses": 27215, "packed_read_bytes": 255829708800, "graph_replays": 680, "routed_pipeline_batches": 0, "routed_pipeline_bytes": 0, "prefetch_issued": 0, "prefetch_read_bytes": 0, "prefetch_consumed": 0, "prefetch_ready": 0, "prefetch_late": 0, "prefetch_cancelled": 0, "prefetch_unused": 0, "demand_read_bytes": 255829708800, "io_batches": 329, "io_overlaps": 290, "staging_bytes": 0, "staging_banks": 0, "prefetch_pending": 0, "execution_buffer_bytes": 103257288, "scratch_bytes": 402653184, "gpu_cache_bytes": 87836590080}
(Worker_TP1 pid=127) EXPERT_CACHE_RESET 1789204787104115979
(Worker_TP1 pid=127) EXPERT_STREAM {"hits": 0, "misses": 0, "read_bytes": 0, "read_seconds": 0.0, "rank": 1, "cache_bytes": 0, "slot_hits": 0, "slot_misses": 13470, "packed_read_bytes": 126622310400, "graph_replays": 157, "routed_pipeline_batches": 0, "routed_pipeline_bytes": 0, "prefetch_issued": 0, "prefetch_read_bytes": 0, "prefetch_consumed": 0, "prefetch_ready": 0, "prefetch_late": 0, "prefetch_cancelled": 0, "prefetch_unused": 0, "demand_read_bytes": 126622310400, "io_batches": 79, "io_overlaps": 40, "staging_bytes": 0, "staging_banks": 0, "prefetch_pending": 0, "execution_buffer_bytes": 103257288, "scratch_bytes": 402653184, "gpu_cache_bytes": 87836590080}
(Worker_TP1 pid=127) FINAL_DECODER_ROWS {"input_rows": 4092, "output_rows": 1, "layer": 39, "scope": "routed_experts_only"}
(Worker_TP1 pid=127) EXPERT_STREAM {"hits": 0, "misses": 0, "read_bytes": 0, "read_seconds": 0.0, "rank": 1, "cache_bytes": 0, "slot_hits": 7836, "slot_misses": 17658, "packed_read_bytes": 165990850560, "graph_replays": 317, "routed_pipeline_batches": 0, "routed_pipeline_bytes": 0, "prefetch_issued": 0, "prefetch_read_bytes": 0, "prefetch_consumed": 0, "prefetch_ready": 0, "prefetch_late": 0, "prefetch_cancelled": 0, "prefetch_unused": 0, "demand_read_bytes": 165990850560, "io_batches": 122, "io_overlaps": 83, "staging_bytes": 0, "staging_banks": 0, "prefetch_pending": 0, "execution_buffer_bytes": 103257288, "scratch_bytes": 402653184, "gpu_cache_bytes": 87836590080}
(Worker_TP1 pid=127) FINAL_DECODER_ROWS {"input_rows": 2216, "output_rows": 1, "layer": 39, "scope": "routed_experts_only"}
(Worker_TP1 pid=127) EXPERT_STREAM {"hits": 0, "misses": 0, "read_bytes": 0, "read_seconds": 0.0, "rank": 1, "cache_bytes": 0, "slot_hits": 8594, "slot_misses": 17873, "packed_read_bytes": 168011919360, "graph_replays": 360, "routed_pipeline_batches": 0, "routed_pipeline_bytes": 0, "prefetch_issued": 0, "prefetch_read_bytes": 0, "prefetch_consumed": 0, "prefetch_ready": 0, "prefetch_late": 0, "prefetch_cancelled": 0, "prefetch_unused": 0, "demand_read_bytes": 168011919360, "io_batches": 165, "io_overlaps": 126, "staging_bytes": 0, "staging_banks": 0, "prefetch_pending": 0, "execution_buffer_bytes": 103257288, "scratch_bytes": 402653184, "gpu_cache_bytes": 87836590080}
(Worker_TP1 pid=127) EXPERT_STREAM {"hits": 0, "misses": 0, "read_bytes": 0, "read_seconds": 0.0, "rank": 1, "cache_bytes": 0, "slot_hits": 9371, "slot_misses": 17977, "packed_read_bytes": 168989552640, "graph_replays": 403, "routed_pipeline_batches": 0, "routed_pipeline_bytes": 0, "prefetch_issued": 0, "prefetch_read_bytes": 0, "prefetch_consumed": 0, "prefetch_ready": 0, "prefetch_late": 0, "prefetch_cancelled": 0, "prefetch_unused": 0, "demand_read_bytes": 168989552640, "io_batches": 200, "io_overlaps": 161, "staging_bytes": 0, "staging_banks": 0, "prefetch_pending": 0, "execution_buffer_bytes": 103257288, "scratch_bytes": 402653184, "gpu_cache_bytes": 87836590080}
(Worker_TP1 pid=127) EXPERT_CACHE_RESET 1789204820206484589
(Worker_TP1 pid=127) EXPERT_STREAM {"hits": 0, "misses": 0, "read_bytes": 0, "read_seconds": 0.0, "rank": 1, "cache_bytes": 0, "slot_hits": 0, "slot_misses": 13822, "packed_read_bytes": 129931223040, "graph_replays": 160, "routed_pipeline_batches": 0, "routed_pipeline_bytes": 0, "prefetch_issued": 0, "prefetch_read_bytes": 0, "prefetch_consumed": 0, "prefetch_ready": 0, "prefetch_late": 0, "prefetch_cancelled": 0, "prefetch_unused": 0, "demand_read_bytes": 129931223040, "io_batches": 80, "io_overlaps": 40, "staging_bytes": 0, "staging_banks": 0, "prefetch_pending": 0, "execution_buffer_bytes": 103257288, "scratch_bytes": 402653184, "gpu_cache_bytes": 87836590080}
(Worker_TP1 pid=127) EXPERT_STREAM {"hits": 0, "misses": 0, "read_bytes": 0, "read_seconds": 0.0, "rank": 1, "cache_bytes": 0, "slot_hits": 8109, "slot_misses": 18134, "packed_read_bytes": 170465402880, "graph_replays": 323, "routed_pipeline_batches": 0, "routed_pipeline_bytes": 0, "prefetch_issued": 0, "prefetch_read_bytes": 0, "prefetch_consumed": 0, "prefetch_ready": 0, "prefetch_late": 0, "prefetch_cancelled": 0, "prefetch_unused": 0, "demand_read_bytes": 170465402880, "io_batches": 123, "io_overlaps": 83, "staging_bytes": 0, "staging_banks": 0, "prefetch_pending": 0, "execution_buffer_bytes": 103257288, "scratch_bytes": 402653184, "gpu_cache_bytes": 87836590080}
(Worker_TP1 pid=127) EXPERT_STREAM {"hits": 0, "misses": 0, "read_bytes": 0, "read_seconds": 0.0, "rank": 1, "cache_bytes": 0, "slot_hits": 8892, "slot_misses": 18347, "packed_read_bytes": 172467671040, "graph_replays": 366, "routed_pipeline_batches": 0, "routed_pipeline_bytes": 0, "prefetch_issued": 0, "prefetch_read_bytes": 0, "prefetch_consumed": 0, "prefetch_ready": 0, "prefetch_late": 0, "prefetch_cancelled": 0, "prefetch_unused": 0, "demand_read_bytes": 172467671040, "io_batches": 166, "io_overlaps": 126, "staging_bytes": 0, "staging_banks": 0, "prefetch_pending": 0, "execution_buffer_bytes": 103257288, "scratch_bytes": 402653184, "gpu_cache_bytes": 87836590080}
(Worker_TP1 pid=127) EXPERT_STREAM {"hits": 0, "misses": 0, "read_bytes": 0, "read_seconds": 0.0, "rank": 1, "cache_bytes": 0, "slot_hits": 9722, "slot_misses": 18530, "packed_read_bytes": 174187929600, "graph_replays": 409, "routed_pipeline_batches": 0, "routed_pipeline_bytes": 0, "prefetch_issued": 0, "prefetch_read_bytes": 0, "prefetch_consumed": 0, "prefetch_ready": 0, "prefetch_late": 0, "prefetch_cancelled": 0, "prefetch_unused": 0, "demand_read_bytes": 174187929600, "io_batches": 209, "io_overlaps": 169, "staging_bytes": 0, "staging_banks": 0, "prefetch_pending": 0, "execution_buffer_bytes": 103257288, "scratch_bytes": 402653184, "gpu_cache_bytes": 87836590080}
(Worker_TP1 pid=127) EXPERT_STREAM {"hits": 0, "misses": 0, "read_bytes": 0, "read_seconds": 0.0, "rank": 1, "cache_bytes": 0, "slot_hits": 18424, "slot_misses": 23734, "packed_read_bytes": 223107194880, "graph_replays": 572, "routed_pipeline_batches": 0, "routed_pipeline_bytes": 0, "prefetch_issued": 0, "prefetch_read_bytes": 0, "prefetch_consumed": 0, "prefetch_ready": 0, "prefetch_late": 0, "prefetch_cancelled": 0, "prefetch_unused": 0, "demand_read_bytes": 223107194880, "io_batches": 252, "io_overlaps": 212, "staging_bytes": 0, "staging_banks": 0, "prefetch_pending": 0, "execution_buffer_bytes": 103257288, "scratch_bytes": 402653184, "gpu_cache_bytes": 87836590080}
(Worker_TP1 pid=127) EXPERT_CACHE_RESET 1789204854313273215
(Worker_TP1 pid=127) STARTUP_PROBE {"time_ns": 1789204867000589604, "phase": "expert_plan_begin", "available_bytes": 16580124672, "cuda_allocated": 99570531328, "cuda_reserved": 100944314368, "layer": 0, "tokens": 512}
(Worker_TP1 pid=127) STARTUP_PROBE {"time_ns": 1789204867064463052, "phase": "expert_plan_end", "available_bytes": 16586674176, "cuda_allocated": 99586284544, "cuda_reserved": 100944314368, "layer": 0, "tokens": 512}
(Worker_TP1 pid=127) STARTUP_PROBE {"time_ns": 1789204867641011230, "phase": "expert_plan_begin", "available_bytes": 17367920640, "cuda_allocated": 99682356224, "cuda_reserved": 100168368128, "layer": 1, "tokens": 512}
(Worker_TP1 pid=127) STARTUP_PROBE {"time_ns": 1789204867706288162, "phase": "expert_plan_end", "available_bytes": 17367920640, "cuda_allocated": 99682356224, "cuda_reserved": 100168368128, "layer": 1, "tokens": 512}
(Worker_TP1 pid=127) STARTUP_PROBE {"time_ns": 1789204868287821966, "phase": "expert_plan_begin", "available_bytes": 17364791296, "cuda_allocated": 99682982400, "cuda_reserved": 100189339648, "layer": 2, "tokens": 512}
(Worker_TP1 pid=127) STARTUP_PROBE {"time_ns": 1789204868351865559, "phase": "expert_plan_end", "available_bytes": 17364791296, "cuda_allocated": 99682982400, "cuda_reserved": 100189339648, "layer": 2, "tokens": 512}
(Worker_TP1 pid=127) STARTUP_PROBE {"time_ns": 1789204868880237304, "phase": "expert_plan_begin", "available_bytes": 17380413440, "cuda_allocated": 99682358272, "cuda_reserved": 100168368128, "layer": 3, "tokens": 512}
(Worker_TP1 pid=127) STARTUP_PROBE {"time_ns": 1789204868944997767, "phase": "expert_plan_end", "available_bytes": 17383464960, "cuda_allocated": 99682358272, "cuda_reserved": 100168368128, "layer": 3, "tokens": 512}
(Worker_TP1 pid=127) STARTUP_PROBE {"time_ns": 1789204869452590363, "phase": "expert_plan_begin", "available_bytes": 17396363264, "cuda_allocated": 99682984448, "cuda_reserved": 100168368128, "layer": 4, "tokens": 512}
(Worker_TP1 pid=127) STARTUP_PROBE {"time_ns": 1789204869517172023, "phase": "expert_plan_end", "available_bytes": 17396363264, "cuda_allocated": 99682984448, "cuda_reserved": 100168368128, "layer": 4, "tokens": 512}
(Worker_TP1 pid=127) STARTUP_PROBE {"time_ns": 1789204870053701579, "phase": "expert_plan_begin", "available_bytes": 17420038144, "cuda_allocated": 99682360320, "cuda_reserved": 100168368128, "layer": 5, "tokens": 512}
(Worker_TP1 pid=127) STARTUP_PROBE {"time_ns": 1789204870117249582, "phase": "expert_plan_end", "available_bytes": 17420042240, "cuda_allocated": 99682360320, "cuda_reserved": 100168368128, "layer": 5, "tokens": 512}
(Worker_TP1 pid=127) STARTUP_PROBE {"time_ns": 1789204870675712143, "phase": "expert_plan_begin", "available_bytes": 17412218880, "cuda_allocated": 99682986496, "cuda_reserved": 100168368128, "layer": 6, "tokens": 512}
(Worker_TP1 pid=127) STARTUP_PROBE {"time_ns": 1789204870739959576, "phase": "expert_plan_end", "available_bytes": 17412071424, "cuda_allocated": 99682986496, "cuda_reserved": 100168368128, "layer": 6, "tokens": 512}
(Worker_TP1 pid=127) STARTUP_PROBE {"time_ns": 1789204871246185016, "phase": "expert_plan_begin", "available_bytes": 17427722240, "cuda_allocated": 99682362368, "cuda_reserved": 100168368128, "layer": 7, "tokens": 512}
(Worker_TP1 pid=127) STARTUP_PROBE {"time_ns": 1789204871310734771, "phase": "expert_plan_end", "available_bytes": 17427722240, "cuda_allocated": 99682362368, "cuda_reserved": 100168368128, "layer": 7, "tokens": 512}
(Worker_TP1 pid=127) STARTUP_PROBE {"time_ns": 1789204871824551812, "phase": "expert_plan_begin", "available_bytes": 17412132864, "cuda_allocated": 99682988544, "cuda_reserved": 100189339648, "layer": 8, "tokens": 512}
(Worker_TP1 pid=127) STARTUP_PROBE {"time_ns": 1789204871888800156, "phase": "expert_plan_end", "available_bytes": 17412132864, "cuda_allocated": 99682988544, "cuda_reserved": 100189339648, "layer": 8, "tokens": 512}
(Worker_TP1 pid=127) STARTUP_PROBE {"time_ns": 1789204872371534086, "phase": "expert_plan_begin", "available_bytes": 17458757632, "cuda_allocated": 99682364416, "cuda_reserved": 100168368128, "layer": 9, "tokens": 512}
(Worker_TP1 pid=127) STARTUP_PROBE {"time_ns": 1789204872435301833, "phase": "expert_plan_end", "available_bytes": 17452441600, "cuda_allocated": 99682364416, "cuda_reserved": 100168368128, "layer": 9, "tokens": 512}
(Worker_TP1 pid=127) STARTUP_PROBE {"time_ns": 1789204872946898593, "phase": "expert_plan_begin", "available_bytes": 17473646592, "cuda_allocated": 99682990592, "cuda_reserved": 100168368128, "layer": 10, "tokens": 512}
(Worker_TP1 pid=127) STARTUP_PROBE {"time_ns": 1789204873011337243, "phase": "expert_plan_end", "available_bytes": 17474183168, "cuda_allocated": 99682990592, "cuda_reserved": 100168368128, "layer": 10, "tokens": 512}
(Worker_TP1 pid=127) STARTUP_PROBE {"time_ns": 1789204873516736535, "phase": "expert_plan_begin", "available_bytes": 17464635392, "cuda_allocated": 99682366464, "cuda_reserved": 100168368128, "layer": 11, "tokens": 512}
(Worker_TP1 pid=127) STARTUP_PROBE {"time_ns": 1789204873580635595, "phase": "expert_plan_end", "available_bytes": 17464635392, "cuda_allocated": 99682366464, "cuda_reserved": 100168368128, "layer": 11, "tokens": 512}
(Worker_TP1 pid=127) STARTUP_PROBE {"time_ns": 1789204874072787154, "phase": "expert_plan_begin", "available_bytes": 17503408128, "cuda_allocated": 99682992640, "cuda_reserved": 100168368128, "layer": 12, "tokens": 512}
(Worker_TP1 pid=127) STARTUP_PROBE {"time_ns": 1789204874136348386, "phase": "expert_plan_end", "available_bytes": 17503408128, "cuda_allocated": 99682992640, "cuda_reserved": 100168368128, "layer": 12, "tokens": 512}
(Worker_TP1 pid=127) STARTUP_PROBE {"time_ns": 1789204874643228598, "phase": "expert_plan_begin", "available_bytes": 17510981632, "cuda_allocated": 99682368512, "cuda_reserved": 100168368128, "layer": 13, "tokens": 512}
(Worker_TP1 pid=127) STARTUP_PROBE {"time_ns": 1789204874708131698, "phase": "expert_plan_end", "available_bytes": 17510981632, "cuda_allocated": 99682368512, "cuda_reserved": 100168368128, "layer": 13, "tokens": 512}
(Worker_TP1 pid=127) STARTUP_PROBE {"time_ns": 1789204875278449795, "phase": "expert_plan_begin", "available_bytes": 17508081664, "cuda_allocated": 99682994688, "cuda_reserved": 100189339648, "layer": 14, "tokens": 512}
(Worker_TP1 pid=127) STARTUP_PROBE {"time_ns": 1789204875342561208, "phase": "expert_plan_end", "available_bytes": 17508081664, "cuda_allocated": 99682994688, "cuda_reserved": 100189339648, "layer": 14, "tokens": 512}
(Worker_TP1 pid=127) STARTUP_PROBE {"time_ns": 1789204875849528616, "phase": "expert_plan_begin", "available_bytes": 17529122816, "cuda_allocated": 99682370560, "cuda_reserved": 100168368128, "layer": 15, "tokens": 512}
(Worker_TP1 pid=127) STARTUP_PROBE {"time_ns": 1789204875914323314, "phase": "expert_plan_end", "available_bytes": 17529122816, "cuda_allocated": 99682370560, "cuda_reserved": 100168368128, "layer": 15, "tokens": 512}
(Worker_TP1 pid=127) STARTUP_PROBE {"time_ns": 1789204876483242160, "phase": "expert_plan_begin", "available_bytes": 17538482176, "cuda_allocated": 99682996736, "cuda_reserved": 100168368128, "layer": 16, "tokens": 512}
(Worker_TP1 pid=127) STARTUP_PROBE {"time_ns": 1789204876547236258, "phase": "expert_plan_end", "available_bytes": 17538338816, "cuda_allocated": 99682996736, "cuda_reserved": 100168368128, "layer": 16, "tokens": 512}
(Worker_TP1 pid=127) STARTUP_PROBE {"time_ns": 1789204877008845743, "phase": "expert_plan_begin", "available_bytes": 17556660224, "cuda_allocated": 99682372608, "cuda_reserved": 100168368128, "layer": 17, "tokens": 512}
(Worker_TP1 pid=127) STARTUP_PROBE {"time_ns": 1789204877073329685, "phase": "expert_plan_end", "available_bytes": 17556656128, "cuda_allocated": 99682372608, "cuda_reserved": 100168368128, "layer": 17, "tokens": 512}
(Worker_TP1 pid=127) STARTUP_PROBE {"time_ns": 1789204877594064756, "phase": "expert_plan_begin", "available_bytes": 17563303936, "cuda_allocated": 99682998784, "cuda_reserved": 100168368128, "layer": 18, "tokens": 512}
(Worker_TP1 pid=127) STARTUP_PROBE {"time_ns": 1789204877658083543, "phase": "expert_plan_end", "available_bytes": 17563308032, "cuda_allocated": 99682998784, "cuda_reserved": 100168368128, "layer": 18, "tokens": 512}
(Worker_TP1 pid=127) STARTUP_PROBE {"time_ns": 1789204878148382233, "phase": "expert_plan_begin", "available_bytes": 17573900288, "cuda_allocated": 99682374656, "cuda_reserved": 100168368128, "layer": 19, "tokens": 512}
(Worker_TP1 pid=127) STARTUP_PROBE {"time_ns": 1789204878215236068, "phase": "expert_plan_end", "available_bytes": 17573900288, "cuda_allocated": 99682374656, "cuda_reserved": 100168368128, "layer": 19, "tokens": 512}
(Worker_TP1 pid=127) STARTUP_PROBE {"time_ns": 1789204878786942157, "phase": "expert_plan_begin", "available_bytes": 17559486464, "cuda_allocated": 99683000832, "cuda_reserved": 100189339648, "layer": 20, "tokens": 512}
(Worker_TP1 pid=127) b12x policy fallback: moe.decode is using a heuristic on nvidia gb10 (compute capability 12.1, 48 SMs) because profile 'nvidia.gb10.48sm' does not cover the query; query={'activation': 'silu', 'hidden_size': 5120, 'intermediate_size': 1152, 'num_experts': 224, 'num_tokens': 512, 'numerical_recipe': 'deepseek_v41', 'quant_mode': 'w4a8_mx', 'routed_rows': 3072, 'source_format': 'fp4_e8m0_k32', 'top_k': 6}
(Worker_TP1 pid=127) STARTUP_PROBE {"time_ns": 1789204878850675965, "phase": "expert_plan_end", "available_bytes": 17559486464, "cuda_allocated": 99683000832, "cuda_reserved": 100189339648, "layer": 20, "tokens": 512}
(Worker_TP1 pid=127) STARTUP_PROBE {"time_ns": 1789204879347631315, "phase": "expert_plan_begin", "available_bytes": 17602596864, "cuda_allocated": 99682376704, "cuda_reserved": 100168368128, "layer": 21, "tokens": 512}
(Worker_TP1 pid=127) STARTUP_PROBE {"time_ns": 1789204879410588283, "phase": "expert_plan_end", "available_bytes": 17602600960, "cuda_allocated": 99682376704, "cuda_reserved": 100168368128, "layer": 21, "tokens": 512}
(Worker_TP1 pid=127) STARTUP_PROBE {"time_ns": 1789204879872598909, "phase": "expert_plan_begin", "available_bytes": 17601171456, "cuda_allocated": 99683002880, "cuda_reserved": 100168368128, "layer": 22, "tokens": 512}
(Worker_TP1 pid=127) STARTUP_PROBE {"time_ns": 1789204879936778559, "phase": "expert_plan_end", "available_bytes": 17600716800, "cuda_allocated": 99683002880, "cuda_reserved": 100168368128, "layer": 22, "tokens": 512}
(Worker_TP1 pid=127) STARTUP_PROBE {"time_ns": 1789204880402171019, "phase": "expert_plan_begin", "available_bytes": 17601912832, "cuda_allocated": 99682378752, "cuda_reserved": 100168368128, "layer": 23, "tokens": 512}
(Worker_TP1 pid=127) STARTUP_PROBE {"time_ns": 1789204880465770920, "phase": "expert_plan_end", "available_bytes": 17601912832, "cuda_allocated": 99682378752, "cuda_reserved": 100168368128, "layer": 23, "tokens": 512}
(Worker_TP1 pid=127) STARTUP_PROBE {"time_ns": 1789204880981192554, "phase": "expert_plan_begin", "available_bytes": 17612247040, "cuda_allocated": 99683004928, "cuda_reserved": 100168368128, "layer": 24, "tokens": 512}
(Worker_TP1 pid=127) STARTUP_PROBE {"time_ns": 1789204881044241250, "phase": "expert_plan_end", "available_bytes": 17612591104, "cuda_allocated": 99683004928, "cuda_reserved": 100168368128, "layer": 24, "tokens": 512}
(Worker_TP1 pid=127) STARTUP_PROBE {"time_ns": 1789204881520434199, "phase": "expert_plan_begin", "available_bytes": 17613234176, "cuda_allocated": 99682380800, "cuda_reserved": 100168368128, "layer": 25, "tokens": 512}
(Worker_TP1 pid=127) STARTUP_PROBE {"time_ns": 1789204881584212373, "phase": "expert_plan_end", "available_bytes": 17613234176, "cuda_allocated": 99682380800, "cuda_reserved": 100168368128, "layer": 25, "tokens": 512}
(Worker_TP1 pid=127) STARTUP_PROBE {"time_ns": 1789204882052502420, "phase": "expert_plan_begin", "available_bytes": 17628553216, "cuda_allocated": 99683006976, "cuda_reserved": 100168368128, "layer": 26, "tokens": 512}
(Worker_TP1 pid=127) STARTUP_PROBE {"time_ns": 1789204882118104354, "phase": "expert_plan_end", "available_bytes": 17628553216, "cuda_allocated": 99683006976, "cuda_reserved": 100168368128, "layer": 26, "tokens": 512}
(Worker_TP1 pid=127) STARTUP_PROBE {"time_ns": 1789204882597105915, "phase": "expert_plan_begin", "available_bytes": 17632694272, "cuda_allocated": 99682382848, "cuda_reserved": 100168368128, "layer": 27, "tokens": 512}
(Worker_TP1 pid=127) STARTUP_PROBE {"time_ns": 1789204882660524101, "phase": "expert_plan_end", "available_bytes": 17632694272, "cuda_allocated": 99682382848, "cuda_reserved": 100168368128, "layer": 27, "tokens": 512}
(Worker_TP1 pid=127) STARTUP_PROBE {"time_ns": 1789204883166370615, "phase": "expert_plan_begin", "available_bytes": 17641656320, "cuda_allocated": 99683009024, "cuda_reserved": 100168368128, "layer": 28, "tokens": 512}
(Worker_TP1 pid=127) STARTUP_PROBE {"time_ns": 1789204883230794761, "phase": "expert_plan_end", "available_bytes": 17641660416, "cuda_allocated": 99683009024, "cuda_reserved": 100168368128, "layer": 28, "tokens": 512}
(Worker_TP1 pid=127) STARTUP_PROBE {"time_ns": 1789204883728906997, "phase": "expert_plan_begin", "available_bytes": 17636315136, "cuda_allocated": 99682384896, "cuda_reserved": 100168368128, "layer": 29, "tokens": 512}
(Worker_TP1 pid=127) STARTUP_PROBE {"time_ns": 1789204883792259614, "phase": "expert_plan_end", "available_bytes": 17636315136, "cuda_allocated": 99682384896, "cuda_reserved": 100168368128, "layer": 29, "tokens": 512}
(Worker_TP1 pid=127) STARTUP_PROBE {"time_ns": 1789204884278347918, "phase": "expert_plan_begin", "available_bytes": 17314652160, "cuda_allocated": 99683011072, "cuda_reserved": 100168368128, "layer": 30, "tokens": 512}
(Worker_TP1 pid=127) STARTUP_PROBE {"time_ns": 1789204884342211770, "phase": "expert_plan_end", "available_bytes": 17256775680, "cuda_allocated": 99683011072, "cuda_reserved": 100168368128, "layer": 30, "tokens": 512}
(Worker_TP1 pid=127) STARTUP_PROBE {"time_ns": 1789204884850560170, "phase": "expert_plan_begin", "available_bytes": 17086275584, "cuda_allocated": 99682386944, "cuda_reserved": 100168368128, "layer": 31, "tokens": 512}
(Worker_TP1 pid=127) STARTUP_PROBE {"time_ns": 1789204884914068932, "phase": "expert_plan_end", "available_bytes": 17091203072, "cuda_allocated": 99682386944, "cuda_reserved": 100168368128, "layer": 31, "tokens": 512}
(Worker_TP1 pid=127) STARTUP_PROBE {"time_ns": 1789204885423595498, "phase": "expert_plan_begin", "available_bytes": 17096511488, "cuda_allocated": 99683013120, "cuda_reserved": 100168368128, "layer": 32, "tokens": 512}
(Worker_TP1 pid=127) STARTUP_PROBE {"time_ns": 1789204885487066355, "phase": "expert_plan_end", "available_bytes": 17096585216, "cuda_allocated": 99683013120, "cuda_reserved": 100168368128, "layer": 32, "tokens": 512}
(Worker_TP1 pid=127) STARTUP_PROBE {"time_ns": 1789204885992925560, "phase": "expert_plan_begin", "available_bytes": 17120690176, "cuda_allocated": 99682388992, "cuda_reserved": 100168368128, "layer": 33, "tokens": 512}
(Worker_TP1 pid=127) STARTUP_PROBE {"time_ns": 1789204886055540633, "phase": "expert_plan_end", "available_bytes": 17120395264, "cuda_allocated": 99682388992, "cuda_reserved": 100168368128, "layer": 33, "tokens": 512}
(Worker_TP1 pid=127) STARTUP_PROBE {"time_ns": 1789204886589035194, "phase": "expert_plan_begin", "available_bytes": 17112653824, "cuda_allocated": 99683015168, "cuda_reserved": 100168368128, "layer": 34, "tokens": 512}
(Worker_TP1 pid=127) STARTUP_PROBE {"time_ns": 1789204886651785499, "phase": "expert_plan_end", "available_bytes": 17112653824, "cuda_allocated": 99683015168, "cuda_reserved": 100168368128, "layer": 34, "tokens": 512}
(Worker_TP1 pid=127) STARTUP_PROBE {"time_ns": 1789204887163445933, "phase": "expert_plan_begin", "available_bytes": 17139081216, "cuda_allocated": 99682391040, "cuda_reserved": 100168368128, "layer": 35, "tokens": 512}
(Worker_TP1 pid=127) STARTUP_PROBE {"time_ns": 1789204887228816501, "phase": "expert_plan_end", "available_bytes": 17139081216, "cuda_allocated": 99682391040, "cuda_reserved": 100168368128, "layer": 35, "tokens": 512}
(Worker_TP1 pid=127) STARTUP_PROBE {"time_ns": 1789204887740094383, "phase": "expert_plan_begin", "available_bytes": 17136762880, "cuda_allocated": 99683017216, "cuda_reserved": 100168368128, "layer": 36, "tokens": 512}
(Worker_TP1 pid=127) STARTUP_PROBE {"time_ns": 1789204887804433774, "phase": "expert_plan_end", "available_bytes": 17136766976, "cuda_allocated": 99683017216, "cuda_reserved": 100168368128, "layer": 36, "tokens": 512}
(Worker_TP1 pid=127) STARTUP_PROBE {"time_ns": 1789204888306807129, "phase": "expert_plan_begin", "available_bytes": 17160097792, "cuda_allocated": 99803491840, "cuda_reserved": 100168368128, "layer": 37, "tokens": 512}
(Worker_TP1 pid=127) STARTUP_PROBE {"time_ns": 1789204888373667293, "phase": "expert_plan_end", "available_bytes": 17010413568, "cuda_allocated": 99803491840, "cuda_reserved": 100317265920, "layer": 37, "tokens": 512}
(Worker_TP1 pid=127) STARTUP_PROBE {"time_ns": 1789204888873307918, "phase": "expert_plan_begin", "available_bytes": 17087832064, "cuda_allocated": 99827497472, "cuda_reserved": 100245962752, "layer": 38, "tokens": 512}
(Worker_TP1 pid=127) STARTUP_PROBE {"time_ns": 1789204888940045473, "phase": "expert_plan_end", "available_bytes": 16946749440, "cuda_allocated": 99827497472, "cuda_reserved": 100394860544, "layer": 38, "tokens": 512}
(Worker_TP1 pid=127) EXPERT_STREAM {"hits": 0, "misses": 0, "read_bytes": 0, "read_seconds": 0.0, "rank": 1, "cache_bytes": 0, "slot_hits": 0, "slot_misses": 12604, "packed_read_bytes": 118481633280, "graph_replays": 160, "routed_pipeline_batches": 0, "routed_pipeline_bytes": 0, "prefetch_issued": 0, "prefetch_read_bytes": 0, "prefetch_consumed": 0, "prefetch_ready": 0, "prefetch_late": 0, "prefetch_cancelled": 0, "prefetch_unused": 0, "demand_read_bytes": 118481633280, "io_batches": 82, "io_overlaps": 43, "staging_bytes": 0, "staging_banks": 0, "prefetch_pending": 0, "execution_buffer_bytes": 119010504, "scratch_bytes": 402653184, "gpu_cache_bytes": 87836590080}
(Worker_TP1 pid=127) FINAL_DECODER_ROWS {"input_rows": 2353, "output_rows": 1, "layer": 39, "scope": "routed_experts_only"}
(Worker_TP1 pid=127) EXPERT_STREAM {"hits": 0, "misses": 0, "read_bytes": 0, "read_seconds": 0.0, "rank": 1, "cache_bytes": 0, "slot_hits": 714, "slot_misses": 12811, "packed_read_bytes": 120427499520, "graph_replays": 203, "routed_pipeline_batches": 0, "routed_pipeline_bytes": 0, "prefetch_issued": 0, "prefetch_read_bytes": 0, "prefetch_consumed": 0, "prefetch_ready": 0, "prefetch_late": 0, "prefetch_cancelled": 0, "prefetch_unused": 0, "demand_read_bytes": 120427499520, "io_batches": 124, "io_overlaps": 85, "staging_bytes": 0, "staging_banks": 0, "prefetch_pending": 0, "execution_buffer_bytes": 119010504, "scratch_bytes": 402653184, "gpu_cache_bytes": 87836590080}
(Worker_TP1 pid=127) EXPERT_STREAM {"hits": 0, "misses": 0, "read_bytes": 0, "read_seconds": 0.0, "rank": 1, "cache_bytes": 0, "slot_hits": 1460, "slot_misses": 12901, "packed_read_bytes": 121273528320, "graph_replays": 246, "routed_pipeline_batches": 0, "routed_pipeline_bytes": 0, "prefetch_issued": 0, "prefetch_read_bytes": 0, "prefetch_consumed": 0, "prefetch_ready": 0, "prefetch_late": 0, "prefetch_cancelled": 0, "prefetch_unused": 0, "demand_read_bytes": 121273528320, "io_batches": 159, "io_overlaps": 120, "staging_bytes": 0, "staging_banks": 0, "prefetch_pending": 0, "execution_buffer_bytes": 119010504, "scratch_bytes": 402653184, "gpu_cache_bytes": 87836590080}
(Worker_TP1 pid=127) EXPERT_STREAM {"hits": 0, "misses": 0, "read_bytes": 0, "read_seconds": 0.0, "rank": 1, "cache_bytes": 0, "slot_hits": 2236, "slot_misses": 13023, "packed_read_bytes": 122420367360, "graph_replays": 289, "routed_pipeline_batches": 0, "routed_pipeline_bytes": 0, "prefetch_issued": 0, "prefetch_read_bytes": 0, "prefetch_consumed": 0, "prefetch_ready": 0, "prefetch_late": 0, "prefetch_cancelled": 0, "prefetch_unused": 0, "demand_read_bytes": 122420367360, "io_batches": 194, "io_overlaps": 155, "staging_bytes": 0, "staging_banks": 0, "prefetch_pending": 0, "execution_buffer_bytes": 119010504, "scratch_bytes": 402653184, "gpu_cache_bytes": 87836590080}
(Worker_TP1 pid=127) EXPERT_STREAM {"hits": 0, "misses": 0, "read_bytes": 0, "read_seconds": 0.0, "rank": 1, "cache_bytes": 0, "slot_hits": 2997, "slot_misses": 13169, "packed_read_bytes": 123792814080, "graph_replays": 332, "routed_pipeline_batches": 0, "routed_pipeline_bytes": 0, "prefetch_issued": 0, "prefetch_read_bytes": 0, "prefetch_consumed": 0, "prefetch_ready": 0, "prefetch_late": 0, "prefetch_cancelled": 0, "prefetch_unused": 0, "demand_read_bytes": 123792814080, "io_batches": 233, "io_overlaps": 194, "staging_bytes": 0, "staging_banks": 0, "prefetch_pending": 0, "execution_buffer_bytes": 119010504, "scratch_bytes": 402653184, "gpu_cache_bytes": 87836590080}
(Worker_TP1 pid=127) EXPERT_STREAM {"hits": 0, "misses": 0, "read_bytes": 0, "read_seconds": 0.0, "rank": 1, "cache_bytes": 0, "slot_hits": 3884, "slot_misses": 13273, "packed_read_bytes": 124770447360, "graph_replays": 375, "routed_pipeline_batches": 0, "routed_pipeline_bytes": 0, "prefetch_issued": 0, "prefetch_read_bytes": 0, "prefetch_consumed": 0, "prefetch_ready": 0, "prefetch_late": 0, "prefetch_cancelled": 0, "prefetch_unused": 0, "demand_read_bytes": 124770447360, "io_batches": 269, "io_overlaps": 230, "staging_bytes": 0, "staging_banks": 0, "prefetch_pending": 0, "execution_buffer_bytes": 119010504, "scratch_bytes": 402653184, "gpu_cache_bytes": 87836590080}
(Worker_TP1 pid=127) EXPERT_STREAM {"hits": 0, "misses": 0, "read_bytes": 0, "read_seconds": 0.0, "rank": 1, "cache_bytes": 0, "slot_hits": 4663, "slot_misses": 13380, "packed_read_bytes": 125776281600, "graph_replays": 418, "routed_pipeline_batches": 0, "routed_pipeline_bytes": 0, "prefetch_issued": 0, "prefetch_read_bytes": 0, "prefetch_consumed": 0, "prefetch_ready": 0, "prefetch_late": 0, "prefetch_cancelled": 0, "prefetch_unused": 0, "demand_read_bytes": 125776281600, "io_batches": 308, "io_overlaps": 269, "staging_bytes": 0, "staging_banks": 0, "prefetch_pending": 0, "execution_buffer_bytes": 119010504, "scratch_bytes": 402653184, "gpu_cache_bytes": 87836590080}
(Worker_TP1 pid=127) EXPERT_STREAM {"hits": 0, "misses": 0, "read_bytes": 0, "read_seconds": 0.0, "rank": 1, "cache_bytes": 0, "slot_hits": 5484, "slot_misses": 13439, "packed_read_bytes": 126330900480, "graph_replays": 461, "routed_pipeline_batches": 0, "routed_pipeline_bytes": 0, "prefetch_issued": 0, "prefetch_read_bytes": 0, "prefetch_consumed": 0, "prefetch_ready": 0, "prefetch_late": 0, "prefetch_cancelled": 0, "prefetch_unused": 0, "demand_read_bytes": 126330900480, "io_batches": 337, "io_overlaps": 298, "staging_bytes": 0, "staging_banks": 0, "prefetch_pending": 0, "execution_buffer_bytes": 119010504, "scratch_bytes": 402653184, "gpu_cache_bytes": 87836590080}
(Worker_TP1 pid=127) EXPERT_STREAM {"hits": 0, "misses": 0, "read_bytes": 0, "read_seconds": 0.0, "rank": 1, "cache_bytes": 0, "slot_hits": 6274, "slot_misses": 13513, "packed_read_bytes": 127026524160, "graph_replays": 504, "routed_pipeline_batches": 0, "routed_pipeline_bytes": 0, "prefetch_issued": 0, "prefetch_read_bytes": 0, "prefetch_consumed": 0, "prefetch_ready": 0, "prefetch_late": 0, "prefetch_cancelled": 0, "prefetch_unused": 0, "demand_read_bytes": 127026524160, "io_batches": 370, "io_overlaps": 331, "staging_bytes": 0, "staging_banks": 0, "prefetch_pending": 0, "execution_buffer_bytes": 119010504, "scratch_bytes": 402653184, "gpu_cache_bytes": 87836590080}
(Worker_TP1 pid=127) EXPERT_STREAM {"hits": 0, "misses": 0, "read_bytes": 0, "read_seconds": 0.0, "rank": 1, "cache_bytes": 0, "slot_hits": 7108, "slot_misses": 13571, "packed_read_bytes": 127571742720, "graph_replays": 547, "routed_pipeline_batches": 0, "routed_pipeline_bytes": 0, "prefetch_issued": 0, "prefetch_read_bytes": 0, "prefetch_consumed": 0, "prefetch_ready": 0, "prefetch_late": 0, "prefetch_cancelled": 0, "prefetch_unused": 0, "demand_read_bytes": 127571742720, "io_batches": 404, "io_overlaps": 365, "staging_bytes": 0, "staging_banks": 0, "prefetch_pending": 0, "execution_buffer_bytes": 119010504, "scratch_bytes": 402653184, "gpu_cache_bytes": 87836590080}
(Worker_TP1 pid=127) EXPERT_STREAM {"hits": 0, "misses": 0, "read_bytes": 0, "read_seconds": 0.0, "rank": 1, "cache_bytes": 0, "slot_hits": 7981, "slot_misses": 13667, "packed_read_bytes": 128474173440, "graph_replays": 590, "routed_pipeline_batches": 0, "routed_pipeline_bytes": 0, "prefetch_issued": 0, "prefetch_read_bytes": 0, "prefetch_consumed": 0, "prefetch_ready": 0, "prefetch_late": 0, "prefetch_cancelled": 0, "prefetch_unused": 0, "demand_read_bytes": 128474173440, "io_batches": 446, "io_overlaps": 407, "staging_bytes": 0, "staging_banks": 0, "prefetch_pending": 0, "execution_buffer_bytes": 119010504, "scratch_bytes": 402653184, "gpu_cache_bytes": 87836590080}
(Worker_TP1 pid=127) EXPERT_STREAM {"hits": 0, "misses": 0, "read_bytes": 0, "read_seconds": 0.0, "rank": 1, "cache_bytes": 0, "slot_hits": 8843, "slot_misses": 13713, "packed_read_bytes": 128906588160, "graph_replays": 633, "routed_pipeline_batches": 0, "routed_pipeline_bytes": 0, "prefetch_issued": 0, "prefetch_read_bytes": 0, "prefetch_consumed": 0, "prefetch_ready": 0, "prefetch_late": 0, "prefetch_cancelled": 0, "prefetch_unused": 0, "demand_read_bytes": 128906588160, "io_batches": 475, "io_overlaps": 436, "staging_bytes": 0, "staging_banks": 0, "prefetch_pending": 0, "execution_buffer_bytes": 119010504, "scratch_bytes": 402653184, "gpu_cache_bytes": 87836590080}
(Worker_TP1 pid=127) EXPERT_STREAM {"hits": 0, "misses": 0, "read_bytes": 0, "read_seconds": 0.0, "rank": 1, "cache_bytes": 0, "slot_hits": 9729, "slot_misses": 13809, "packed_read_bytes": 129809018880, "graph_replays": 676, "routed_pipeline_batches": 0, "routed_pipeline_bytes": 0, "prefetch_issued": 0, "prefetch_read_bytes": 0, "prefetch_consumed": 0, "prefetch_ready": 0, "prefetch_late": 0, "prefetch_cancelled": 0, "prefetch_unused": 0, "demand_read_bytes": 129809018880, "io_batches": 514, "io_overlaps": 475, "staging_bytes": 0, "staging_banks": 0, "prefetch_pending": 0, "execution_buffer_bytes": 119010504, "scratch_bytes": 402653184, "gpu_cache_bytes": 87836590080}
(Worker_TP1 pid=127) EXPERT_STREAM {"hits": 0, "misses": 0, "read_bytes": 0, "read_seconds": 0.0, "rank": 1, "cache_bytes": 0, "slot_hits": 10513, "slot_misses": 13860, "packed_read_bytes": 130288435200, "graph_replays": 719, "routed_pipeline_batches": 0, "routed_pipeline_bytes": 0, "prefetch_issued": 0, "prefetch_read_bytes": 0, "prefetch_consumed": 0, "prefetch_ready": 0, "prefetch_late": 0, "prefetch_cancelled": 0, "prefetch_unused": 0, "demand_read_bytes": 130288435200, "io_batches": 540, "io_overlaps": 501, "staging_bytes": 0, "staging_banks": 0, "prefetch_pending": 0, "execution_buffer_bytes": 119010504, "scratch_bytes": 402653184, "gpu_cache_bytes": 87836590080}
(Worker_TP1 pid=127) EXPERT_STREAM {"hits": 0, "misses": 0, "read_bytes": 0, "read_seconds": 0.0, "rank": 1, "cache_bytes": 0, "slot_hits": 11300, "slot_misses": 13915, "packed_read_bytes": 130805452800, "graph_replays": 762, "routed_pipeline_batches": 0, "routed_pipeline_bytes": 0, "prefetch_issued": 0, "prefetch_read_bytes": 0, "prefetch_consumed": 0, "prefetch_ready": 0, "prefetch_late": 0, "prefetch_cancelled": 0, "prefetch_unused": 0, "demand_read_bytes": 130805452800, "io_batches": 566, "io_overlaps": 527, "staging_bytes": 0, "staging_banks": 0, "prefetch_pending": 0, "execution_buffer_bytes": 119010504, "scratch_bytes": 402653184, "gpu_cache_bytes": 87836590080}
(Worker_TP1 pid=127) EXPERT_STREAM {"hits": 0, "misses": 0, "read_bytes": 0, "read_seconds": 0.0, "rank": 1, "cache_bytes": 0, "slot_hits": 11914, "slot_misses": 14016, "packed_read_bytes": 131754885120, "graph_replays": 805, "routed_pipeline_batches": 0, "routed_pipeline_bytes": 0, "prefetch_issued": 0, "prefetch_read_bytes": 0, "prefetch_consumed": 0, "prefetch_ready": 0, "prefetch_late": 0, "prefetch_cancelled": 0, "prefetch_unused": 0, "demand_read_bytes": 131754885120, "io_batches": 603, "io_overlaps": 564, "staging_bytes": 0, "staging_banks": 0, "prefetch_pending": 0, "execution_buffer_bytes": 119010504, "scratch_bytes": 402653184, "gpu_cache_bytes": 87836590080}
(Worker_TP1 pid=127) EXPERT_STREAM {"hits": 0, "misses": 0, "read_bytes": 0, "read_seconds": 0.0, "rank": 1, "cache_bytes": 0, "slot_hits": 12633, "slot_misses": 14091, "packed_read_bytes": 132459909120, "graph_replays": 848, "routed_pipeline_batches": 0, "routed_pipeline_bytes": 0, "prefetch_issued": 0, "prefetch_read_bytes": 0, "prefetch_consumed": 0, "prefetch_ready": 0, "prefetch_late": 0, "prefetch_cancelled": 0, "prefetch_unused": 0, "demand_read_bytes": 132459909120, "io_batches": 638, "io_overlaps": 599, "staging_bytes": 0, "staging_banks": 0, "prefetch_pending": 0, "execution_buffer_bytes": 119010504, "scratch_bytes": 402653184, "gpu_cache_bytes": 87836590080}
(Worker_TP1 pid=127) EXPERT_STREAM {"hits": 0, "misses": 0, "read_bytes": 0, "read_seconds": 0.0, "rank": 1, "cache_bytes": 0, "slot_hits": 13416, "slot_misses": 14147, "packed_read_bytes": 132986327040, "graph_replays": 891, "routed_pipeline_batches": 0, "routed_pipeline_bytes": 0, "prefetch_issued": 0, "prefetch_read_bytes": 0, "prefetch_consumed": 0, "prefetch_ready": 0, "prefetch_late": 0, "prefetch_cancelled": 0, "prefetch_unused": 0, "demand_read_bytes": 132986327040, "io_batches": 667, "io_overlaps": 628, "staging_bytes": 0, "staging_banks": 0, "prefetch_pending": 0, "execution_buffer_bytes": 119010504, "scratch_bytes": 402653184, "gpu_cache_bytes": 87836590080}
(Worker_TP1 pid=127) EXPERT_STREAM {"hits": 0, "misses": 0, "read_bytes": 0, "read_seconds": 0.0, "rank": 1, "cache_bytes": 0, "slot_hits": 14257, "slot_misses": 14201, "packed_read_bytes": 133493944320, "graph_replays": 934, "routed_pipeline_batches": 0, "routed_pipeline_bytes": 0, "prefetch_issued": 0, "prefetch_read_bytes": 0, "prefetch_consumed": 0, "prefetch_ready": 0, "prefetch_late": 0, "prefetch_cancelled": 0, "prefetch_unused": 0, "demand_read_bytes": 133493944320, "io_batches": 696, "io_overlaps": 657, "staging_bytes": 0, "staging_banks": 0, "prefetch_pending": 0, "execution_buffer_bytes": 119010504, "scratch_bytes": 402653184, "gpu_cache_bytes": 87836590080}
(Worker_TP1 pid=127) EXPERT_STREAM {"hits": 0, "misses": 0, "read_bytes": 0, "read_seconds": 0.0, "rank": 1, "cache_bytes": 0, "slot_hits": 15008, "slot_misses": 14242, "packed_read_bytes": 133879357440, "graph_replays": 977, "routed_pipeline_batches": 0, "routed_pipeline_bytes": 0, "prefetch_issued": 0, "prefetch_read_bytes": 0, "prefetch_consumed": 0, "prefetch_ready": 0, "prefetch_late": 0, "prefetch_cancelled": 0, "prefetch_unused": 0, "demand_read_bytes": 133879357440, "io_batches": 721, "io_overlaps": 682, "staging_bytes": 0, "staging_banks": 0, "prefetch_pending": 0, "execution_buffer_bytes": 119010504, "scratch_bytes": 402653184, "gpu_cache_bytes": 87836590080}
(Worker_TP1 pid=127) EXPERT_STREAM {"hits": 0, "misses": 0, "read_bytes": 0, "read_seconds": 0.0, "rank": 1, "cache_bytes": 0, "slot_hits": 15692, "slot_misses": 14295, "packed_read_bytes": 134377574400, "graph_replays": 1020, "routed_pipeline_batches": 0, "routed_pipeline_bytes": 0, "prefetch_issued": 0, "prefetch_read_bytes": 0, "prefetch_consumed": 0, "prefetch_ready": 0, "prefetch_late": 0, "prefetch_cancelled": 0, "prefetch_unused": 0, "demand_read_bytes": 134377574400, "io_batches": 749, "io_overlaps": 710, "staging_bytes": 0, "staging_banks": 0, "prefetch_pending": 0, "execution_buffer_bytes": 119010504, "scratch_bytes": 402653184, "gpu_cache_bytes": 87836590080}
(Worker_TP1 pid=127) EXPERT_STREAM {"hits": 0, "misses": 0, "read_bytes": 0, "read_seconds": 0.0, "rank": 1, "cache_bytes": 0, "slot_hits": 16507, "slot_misses": 14390, "packed_read_bytes": 135270604800, "graph_replays": 1063, "routed_pipeline_batches": 0, "routed_pipeline_bytes": 0, "prefetch_issued": 0, "prefetch_read_bytes": 0, "prefetch_consumed": 0, "prefetch_ready": 0, "prefetch_late": 0, "prefetch_cancelled": 0, "prefetch_unused": 0, "demand_read_bytes": 135270604800, "io_batches": 784, "io_overlaps": 745, "staging_bytes": 0, "staging_banks": 0, "prefetch_pending": 0, "execution_buffer_bytes": 119010504, "scratch_bytes": 402653184, "gpu_cache_bytes": 87836590080}
(Worker_TP1 pid=127) EXPERT_STREAM {"hits": 0, "misses": 0, "read_bytes": 0, "read_seconds": 0.0, "rank": 1, "cache_bytes": 0, "slot_hits": 17371, "slot_misses": 14431, "packed_read_bytes": 135656017920, "graph_replays": 1106, "routed_pipeline_batches": 0, "routed_pipeline_bytes": 0, "prefetch_issued": 0, "prefetch_read_bytes": 0, "prefetch_consumed": 0, "prefetch_ready": 0, "prefetch_late": 0, "prefetch_cancelled": 0, "prefetch_unused": 0, "demand_read_bytes": 135656017920, "io_batches": 814, "io_overlaps": 775, "staging_bytes": 0, "staging_banks": 0, "prefetch_pending": 0, "execution_buffer_bytes": 119010504, "scratch_bytes": 402653184, "gpu_cache_bytes": 87836590080}
(Worker_TP1 pid=127) EXPERT_STREAM {"hits": 0, "misses": 0, "read_bytes": 0, "read_seconds": 0.0, "rank": 1, "cache_bytes": 0, "slot_hits": 18248, "slot_misses": 14479, "packed_read_bytes": 136107233280, "graph_replays": 1149, "routed_pipeline_batches": 0, "routed_pipeline_bytes": 0, "prefetch_issued": 0, "prefetch_read_bytes": 0, "prefetch_consumed": 0, "prefetch_ready": 0, "prefetch_late": 0, "prefetch_cancelled": 0, "prefetch_unused": 0, "demand_read_bytes": 136107233280, "io_batches": 843, "io_overlaps": 804, "staging_bytes": 0, "staging_banks": 0, "prefetch_pending": 0, "execution_buffer_bytes": 119010504, "scratch_bytes": 402653184, "gpu_cache_bytes": 87836590080}
(Worker_TP1 pid=127) EXPERT_STREAM {"hits": 0, "misses": 0, "read_bytes": 0, "read_seconds": 0.0, "rank": 1, "cache_bytes": 0, "slot_hits": 19087, "slot_misses": 14556, "packed_read_bytes": 136831057920, "graph_replays": 1192, "routed_pipeline_batches": 0, "routed_pipeline_bytes": 0, "prefetch_issued": 0, "prefetch_read_bytes": 0, "prefetch_consumed": 0, "prefetch_ready": 0, "prefetch_late": 0, "prefetch_cancelled": 0, "prefetch_unused": 0, "demand_read_bytes": 136831057920, "io_batches": 879, "io_overlaps": 840, "staging_bytes": 0, "staging_banks": 0, "prefetch_pending": 0, "execution_buffer_bytes": 119010504, "scratch_bytes": 402653184, "gpu_cache_bytes": 87836590080}
(Worker_TP1 pid=127) EXPERT_STREAM {"hits": 0, "misses": 0, "read_bytes": 0, "read_seconds": 0.0, "rank": 1, "cache_bytes": 0, "slot_hits": 19963, "slot_misses": 14573, "packed_read_bytes": 136990863360, "graph_replays": 1235, "routed_pipeline_batches": 0, "routed_pipeline_bytes": 0, "prefetch_issued": 0, "prefetch_read_bytes": 0, "prefetch_consumed": 0, "prefetch_ready": 0, "prefetch_late": 0, "prefetch_cancelled": 0, "prefetch_unused": 0, "demand_read_bytes": 136990863360, "io_batches": 893, "io_overlaps": 854, "staging_bytes": 0, "staging_banks": 0, "prefetch_pending": 0, "execution_buffer_bytes": 119010504, "scratch_bytes": 402653184, "gpu_cache_bytes": 87836590080}
(Worker_TP1 pid=127) EXPERT_STREAM {"hits": 0, "misses": 0, "read_bytes": 0, "read_seconds": 0.0, "rank": 1, "cache_bytes": 0, "slot_hits": 20891, "slot_misses": 14605, "packed_read_bytes": 137291673600, "graph_replays": 1278, "routed_pipeline_batches": 0, "routed_pipeline_bytes": 0, "prefetch_issued": 0, "prefetch_read_bytes": 0, "prefetch_consumed": 0, "prefetch_ready": 0, "prefetch_late": 0, "prefetch_cancelled": 0, "prefetch_unused": 0, "demand_read_bytes": 137291673600, "io_batches": 916, "io_overlaps": 877, "staging_bytes": 0, "staging_banks": 0, "prefetch_pending": 0, "execution_buffer_bytes": 119010504, "scratch_bytes": 402653184, "gpu_cache_bytes": 87836590080}
(Worker_TP1 pid=127) EXPERT_STREAM {"hits": 0, "misses": 0, "read_bytes": 0, "read_seconds": 0.0, "rank": 1, "cache_bytes": 0, "slot_hits": 21783, "slot_misses": 14633, "packed_read_bytes": 137554882560, "graph_replays": 1321, "routed_pipeline_batches": 0, "routed_pipeline_bytes": 0, "prefetch_issued": 0, "prefetch_read_bytes": 0, "prefetch_consumed": 0, "prefetch_ready": 0, "prefetch_late": 0, "prefetch_cancelled": 0, "prefetch_unused": 0, "demand_read_bytes": 137554882560, "io_batches": 937, "io_overlaps": 898, "staging_bytes": 0, "staging_banks": 0, "prefetch_pending": 0, "execution_buffer_bytes": 119010504, "scratch_bytes": 402653184, "gpu_cache_bytes": 87836590080}
(Worker_TP1 pid=127) EXPERT_STREAM {"hits": 0, "misses": 0, "read_bytes": 0, "read_seconds": 0.0, "rank": 1, "cache_bytes": 0, "slot_hits": 22608, "slot_misses": 14676, "packed_read_bytes": 137959096320, "graph_replays": 1364, "routed_pipeline_batches": 0, "routed_pipeline_bytes": 0, "prefetch_issued": 0, "prefetch_read_bytes": 0, "prefetch_consumed": 0, "prefetch_ready": 0, "prefetch_late": 0, "prefetch_cancelled": 0, "prefetch_unused": 0, "demand_read_bytes": 137959096320, "io_batches": 962, "io_overlaps": 923, "staging_bytes": 0, "staging_banks": 0, "prefetch_pending": 0, "execution_buffer_bytes": 119010504, "scratch_bytes": 402653184, "gpu_cache_bytes": 87836590080}
(Worker_TP1 pid=127) EXPERT_STREAM {"hits": 0, "misses": 0, "read_bytes": 0, "read_seconds": 0.0, "rank": 1, "cache_bytes": 0, "slot_hits": 23403, "slot_misses": 14710, "packed_read_bytes": 138278707200, "graph_replays": 1407, "routed_pipeline_batches": 0, "routed_pipeline_bytes": 0, "prefetch_issued": 0, "prefetch_read_bytes": 0, "prefetch_consumed": 0, "prefetch_ready": 0, "prefetch_late": 0, "prefetch_cancelled": 0, "prefetch_unused": 0, "demand_read_bytes": 138278707200, "io_batches": 985, "io_overlaps": 946, "staging_bytes": 0, "staging_banks": 0, "prefetch_pending": 0, "execution_buffer_bytes": 119010504, "scratch_bytes": 402653184, "gpu_cache_bytes": 87836590080}
(Worker_TP1 pid=127) EXPERT_STREAM {"hits": 0, "misses": 0, "read_bytes": 0, "read_seconds": 0.0, "rank": 1, "cache_bytes": 0, "slot_hits": 24167, "slot_misses": 14761, "packed_read_bytes": 138758123520, "graph_replays": 1450, "routed_pipeline_batches": 0, "routed_pipeline_bytes": 0, "prefetch_issued": 0, "prefetch_read_bytes": 0, "prefetch_consumed": 0, "prefetch_ready": 0, "prefetch_late": 0, "prefetch_cancelled": 0, "prefetch_unused": 0, "demand_read_bytes": 138758123520, "io_batches": 1015, "io_overlaps": 976, "staging_bytes": 0, "staging_banks": 0, "prefetch_pending": 0, "execution_buffer_bytes": 119010504, "scratch_bytes": 402653184, "gpu_cache_bytes": 87836590080}
(Worker_TP1 pid=127) EXPERT_STREAM {"hits": 0, "misses": 0, "read_bytes": 0, "read_seconds": 0.0, "rank": 1, "cache_bytes": 0, "slot_hits": 24872, "slot_misses": 14813, "packed_read_bytes": 139246940160, "graph_replays": 1493, "routed_pipeline_batches": 0, "routed_pipeline_bytes": 0, "prefetch_issued": 0, "prefetch_read_bytes": 0, "prefetch_consumed": 0, "prefetch_ready": 0, "prefetch_late": 0, "prefetch_cancelled": 0, "prefetch_unused": 0, "demand_read_bytes": 139246940160, "io_batches": 1043, "io_overlaps": 1004, "staging_bytes": 0, "staging_banks": 0, "prefetch_pending": 0, "execution_buffer_bytes": 119010504, "scratch_bytes": 402653184, "gpu_cache_bytes": 87836590080}
(Worker_TP1 pid=127) EXPERT_STREAM {"hits": 0, "misses": 0, "read_bytes": 0, "read_seconds": 0.0, "rank": 1, "cache_bytes": 0, "slot_hits": 25683, "slot_misses": 14840, "packed_read_bytes": 139500748800, "graph_replays": 1536, "routed_pipeline_batches": 0, "routed_pipeline_bytes": 0, "prefetch_issued": 0, "prefetch_read_bytes": 0, "prefetch_consumed": 0, "prefetch_ready": 0, "prefetch_late": 0, "prefetch_cancelled": 0, "prefetch_unused": 0, "demand_read_bytes": 139500748800, "io_batches": 1063, "io_overlaps": 1024, "staging_bytes": 0, "staging_banks": 0, "prefetch_pending": 0, "execution_buffer_bytes": 119010504, "scratch_bytes": 402653184, "gpu_cache_bytes": 87836590080}
(Worker_TP1 pid=127) EXPERT_STREAM {"hits": 0, "misses": 0, "read_bytes": 0, "read_seconds": 0.0, "rank": 1, "cache_bytes": 0, "slot_hits": 26556, "slot_misses": 14883, "packed_read_bytes": 139904962560, "graph_replays": 1579, "routed_pipeline_batches": 0, "routed_pipeline_bytes": 0, "prefetch_issued": 0, "prefetch_read_bytes": 0, "prefetch_consumed": 0, "prefetch_ready": 0, "prefetch_late": 0, "prefetch_cancelled": 0, "prefetch_unused": 0, "demand_read_bytes": 139904962560, "io_batches": 1086, "io_overlaps": 1047, "staging_bytes": 0, "staging_banks": 0, "prefetch_pending": 0, "execution_buffer_bytes": 119010504, "scratch_bytes": 402653184, "gpu_cache_bytes": 87836590080}
(Worker_TP1 pid=127) EXPERT_STREAM {"hits": 0, "misses": 0, "read_bytes": 0, "read_seconds": 0.0, "rank": 1, "cache_bytes": 0, "slot_hits": 27330, "slot_misses": 14913, "packed_read_bytes": 140186972160, "graph_replays": 1622, "routed_pipeline_batches": 0, "routed_pipeline_bytes": 0, "prefetch_issued": 0, "prefetch_read_bytes": 0, "prefetch_consumed": 0, "prefetch_ready": 0, "prefetch_late": 0, "prefetch_cancelled": 0, "prefetch_unused": 0, "demand_read_bytes": 140186972160, "io_batches": 1105, "io_overlaps": 1066, "staging_bytes": 0, "staging_banks": 0, "prefetch_pending": 0, "execution_buffer_bytes": 119010504, "scratch_bytes": 402653184, "gpu_cache_bytes": 87836590080}
(Worker_TP1 pid=127) EXPERT_STREAM {"hits": 0, "misses": 0, "read_bytes": 0, "read_seconds": 0.0, "rank": 1, "cache_bytes": 0, "slot_hits": 28242, "slot_misses": 14948, "packed_read_bytes": 140515983360, "graph_replays": 1665, "routed_pipeline_batches": 0, "routed_pipeline_bytes": 0, "prefetch_issued": 0, "prefetch_read_bytes": 0, "prefetch_consumed": 0, "prefetch_ready": 0, "prefetch_late": 0, "prefetch_cancelled": 0, "prefetch_unused": 0, "demand_read_bytes": 140515983360, "io_batches": 1127, "io_overlaps": 1088, "staging_bytes": 0, "staging_banks": 0, "prefetch_pending": 0, "execution_buffer_bytes": 119010504, "scratch_bytes": 402653184, "gpu_cache_bytes": 87836590080}
(Worker_TP1 pid=127) EXPERT_STREAM {"hits": 0, "misses": 0, "read_bytes": 0, "read_seconds": 0.0, "rank": 1, "cache_bytes": 0, "slot_hits": 29179, "slot_misses": 14962, "packed_read_bytes": 140647587840, "graph_replays": 1708, "routed_pipeline_batches": 0, "routed_pipeline_bytes": 0, "prefetch_issued": 0, "prefetch_read_bytes": 0, "prefetch_consumed": 0, "prefetch_ready": 0, "prefetch_late": 0, "prefetch_cancelled": 0, "prefetch_unused": 0, "demand_read_bytes": 140647587840, "io_batches": 1141, "io_overlaps": 1102, "staging_bytes": 0, "staging_banks": 0, "prefetch_pending": 0, "execution_buffer_bytes": 119010504, "scratch_bytes": 402653184, "gpu_cache_bytes": 87836590080}
(Worker_TP1 pid=127) EXPERT_STREAM {"hits": 0, "misses": 0, "read_bytes": 0, "read_seconds": 0.0, "rank": 1, "cache_bytes": 0, "slot_hits": 30107, "slot_misses": 14978, "packed_read_bytes": 140797992960, "graph_replays": 1751, "routed_pipeline_batches": 0, "routed_pipeline_bytes": 0, "prefetch_issued": 0, "prefetch_read_bytes": 0, "prefetch_consumed": 0, "prefetch_ready": 0, "prefetch_late": 0, "prefetch_cancelled": 0, "prefetch_unused": 0, "demand_read_bytes": 140797992960, "io_batches": 1153, "io_overlaps": 1114, "staging_bytes": 0, "staging_banks": 0, "prefetch_pending": 0, "execution_buffer_bytes": 119010504, "scratch_bytes": 402653184, "gpu_cache_bytes": 87836590080}
(Worker_TP1 pid=127) EXPERT_STREAM {"hits": 0, "misses": 0, "read_bytes": 0, "read_seconds": 0.0, "rank": 1, "cache_bytes": 0, "slot_hits": 31053, "slot_misses": 15006, "packed_read_bytes": 141061201920, "graph_replays": 1794, "routed_pipeline_batches": 0, "routed_pipeline_bytes": 0, "prefetch_issued": 0, "prefetch_read_bytes": 0, "prefetch_consumed": 0, "prefetch_ready": 0, "prefetch_late": 0, "prefetch_cancelled": 0, "prefetch_unused": 0, "demand_read_bytes": 141061201920, "io_batches": 1177, "io_overlaps": 1138, "staging_bytes": 0, "staging_banks": 0, "prefetch_pending": 0, "execution_buffer_bytes": 119010504, "scratch_bytes": 402653184, "gpu_cache_bytes": 87836590080}
(Worker_TP1 pid=127) EXPERT_STREAM {"hits": 0, "misses": 0, "read_bytes": 0, "read_seconds": 0.0, "rank": 1, "cache_bytes": 0, "slot_hits": 31868, "slot_misses": 15067, "packed_read_bytes": 141634621440, "graph_replays": 1837, "routed_pipeline_batches": 0, "routed_pipeline_bytes": 0, "prefetch_issued": 0, "prefetch_read_bytes": 0, "prefetch_consumed": 0, "prefetch_ready": 0, "prefetch_late": 0, "prefetch_cancelled": 0, "prefetch_unused": 0, "demand_read_bytes": 141634621440, "io_batches": 1207, "io_overlaps": 1168, "staging_bytes": 0, "staging_banks": 0, "prefetch_pending": 0, "execution_buffer_bytes": 119010504, "scratch_bytes": 402653184, "gpu_cache_bytes": 87836590080}
(Worker_TP1 pid=127) EXPERT_STREAM {"hits": 0, "misses": 0, "read_bytes": 0, "read_seconds": 0.0, "rank": 1, "cache_bytes": 0, "slot_hits": 32724, "slot_misses": 15111, "packed_read_bytes": 142048235520, "graph_replays": 1880, "routed_pipeline_batches": 0, "routed_pipeline_bytes": 0, "prefetch_issued": 0, "prefetch_read_bytes": 0, "prefetch_consumed": 0, "prefetch_ready": 0, "prefetch_late": 0, "prefetch_cancelled": 0, "prefetch_unused": 0, "demand_read_bytes": 142048235520, "io_batches": 1231, "io_overlaps": 1192, "staging_bytes": 0, "staging_banks": 0, "prefetch_pending": 0, "execution_buffer_bytes": 119010504, "scratch_bytes": 402653184, "gpu_cache_bytes": 87836590080}
(Worker_TP1 pid=127) EXPERT_STREAM {"hits": 0, "misses": 0, "read_bytes": 0, "read_seconds": 0.0, "rank": 1, "cache_bytes": 0, "slot_hits": 33602, "slot_misses": 15143, "packed_read_bytes": 142349045760, "graph_replays": 1923, "routed_pipeline_batches": 0, "routed_pipeline_bytes": 0, "prefetch_issued": 0, "prefetch_read_bytes": 0, "prefetch_consumed": 0, "prefetch_ready": 0, "prefetch_late": 0, "prefetch_cancelled": 0, "prefetch_unused": 0, "demand_read_bytes": 142349045760, "io_batches": 1251, "io_overlaps": 1212, "staging_bytes": 0, "staging_banks": 0, "prefetch_pending": 0, "execution_buffer_bytes": 119010504, "scratch_bytes": 402653184, "gpu_cache_bytes": 87836590080}
(Worker_TP1 pid=127) EXPERT_STREAM {"hits": 0, "misses": 0, "read_bytes": 0, "read_seconds": 0.0, "rank": 1, "cache_bytes": 0, "slot_hits": 34556, "slot_misses": 15182, "packed_read_bytes": 142715658240, "graph_replays": 1966, "routed_pipeline_batches": 0, "routed_pipeline_bytes": 0, "prefetch_issued": 0, "prefetch_read_bytes": 0, "prefetch_consumed": 0, "prefetch_ready": 0, "prefetch_late": 0, "prefetch_cancelled": 0, "prefetch_unused": 0, "demand_read_bytes": 142715658240, "io_batches": 1278, "io_overlaps": 1239, "staging_bytes": 0, "staging_banks": 0, "prefetch_pending": 0, "execution_buffer_bytes": 119010504, "scratch_bytes": 402653184, "gpu_cache_bytes": 87836590080}
(Worker_TP1 pid=127) EXPERT_STREAM {"hits": 0, "misses": 0, "read_bytes": 0, "read_seconds": 0.0, "rank": 1, "cache_bytes": 0, "slot_hits": 35516, "slot_misses": 15216, "packed_read_bytes": 143035269120, "graph_replays": 2009, "routed_pipeline_batches": 0, "routed_pipeline_bytes": 0, "prefetch_issued": 0, "prefetch_read_bytes": 0, "prefetch_consumed": 0, "prefetch_ready": 0, "prefetch_late": 0, "prefetch_cancelled": 0, "prefetch_unused": 0, "demand_read_bytes": 143035269120, "io_batches": 1300, "io_overlaps": 1261, "staging_bytes": 0, "staging_banks": 0, "prefetch_pending": 0, "execution_buffer_bytes": 119010504, "scratch_bytes": 402653184, "gpu_cache_bytes": 87836590080}
(Worker_TP1 pid=127) EXPERT_STREAM {"hits": 0, "misses": 0, "read_bytes": 0, "read_seconds": 0.0, "rank": 1, "cache_bytes": 0, "slot_hits": 36362, "slot_misses": 15257, "packed_read_bytes": 143420682240, "graph_replays": 2052, "routed_pipeline_batches": 0, "routed_pipeline_bytes": 0, "prefetch_issued": 0, "prefetch_read_bytes": 0, "prefetch_consumed": 0, "prefetch_ready": 0, "prefetch_late": 0, "prefetch_cancelled": 0, "prefetch_unused": 0, "demand_read_bytes": 143420682240, "io_batches": 1333, "io_overlaps": 1294, "staging_bytes": 0, "staging_banks": 0, "prefetch_pending": 0, "execution_buffer_bytes": 119010504, "scratch_bytes": 402653184, "gpu_cache_bytes": 87836590080}
(Worker_TP1 pid=127) EXPERT_STREAM {"hits": 0, "misses": 0, "read_bytes": 0, "read_seconds": 0.0, "rank": 1, "cache_bytes": 0, "slot_hits": 37347, "slot_misses": 15284, "packed_read_bytes": 143674490880, "graph_replays": 2095, "routed_pipeline_batches": 0, "routed_pipeline_bytes": 0, "prefetch_issued": 0, "prefetch_read_bytes": 0, "prefetch_consumed": 0, "prefetch_ready": 0, "prefetch_late": 0, "prefetch_cancelled": 0, "prefetch_unused": 0, "demand_read_bytes": 143674490880, "io_batches": 1353, "io_overlaps": 1314, "staging_bytes": 0, "staging_banks": 0, "prefetch_pending": 0, "execution_buffer_bytes": 119010504, "scratch_bytes": 402653184, "gpu_cache_bytes": 87836590080}
(Worker_TP1 pid=127) EXPERT_STREAM {"hits": 0, "misses": 0, "read_bytes": 0, "read_seconds": 0.0, "rank": 1, "cache_bytes": 0, "slot_hits": 38162, "slot_misses": 15316, "packed_read_bytes": 143975301120, "graph_replays": 2138, "routed_pipeline_batches": 0, "routed_pipeline_bytes": 0, "prefetch_issued": 0, "prefetch_read_bytes": 0, "prefetch_consumed": 0, "prefetch_ready": 0, "prefetch_late": 0, "prefetch_cancelled": 0, "prefetch_unused": 0, "demand_read_bytes": 143975301120, "io_batches": 1372, "io_overlaps": 1333, "staging_bytes": 0, "staging_banks": 0, "prefetch_pending": 0, "execution_buffer_bytes": 119010504, "scratch_bytes": 402653184, "gpu_cache_bytes": 87836590080}
(Worker_TP1 pid=127) EXPERT_STREAM {"hits": 0, "misses": 0, "read_bytes": 0, "read_seconds": 0.0, "rank": 1, "cache_bytes": 0, "slot_hits": 38819, "slot_misses": 15354, "packed_read_bytes": 144332513280, "graph_replays": 2181, "routed_pipeline_batches": 0, "routed_pipeline_bytes": 0, "prefetch_issued": 0, "prefetch_read_bytes": 0, "prefetch_consumed": 0, "prefetch_ready": 0, "prefetch_late": 0, "prefetch_cancelled": 0, "prefetch_unused": 0, "demand_read_bytes": 144332513280, "io_batches": 1394, "io_overlaps": 1355, "staging_bytes": 0, "staging_banks": 0, "prefetch_pending": 0, "execution_buffer_bytes": 119010504, "scratch_bytes": 402653184, "gpu_cache_bytes": 87836590080}
(Worker_TP1 pid=127) EXPERT_STREAM {"hits": 0, "misses": 0, "read_bytes": 0, "read_seconds": 0.0, "rank": 1, "cache_bytes": 0, "slot_hits": 39479, "slot_misses": 15411, "packed_read_bytes": 144868331520, "graph_replays": 2224, "routed_pipeline_batches": 0, "routed_pipeline_bytes": 0, "prefetch_issued": 0, "prefetch_read_bytes": 0, "prefetch_consumed": 0, "prefetch_ready": 0, "prefetch_late": 0, "prefetch_cancelled": 0, "prefetch_unused": 0, "demand_read_bytes": 144868331520, "io_batches": 1424, "io_overlaps": 1385, "staging_bytes": 0, "staging_banks": 0, "prefetch_pending": 0, "execution_buffer_bytes": 119010504, "scratch_bytes": 402653184, "gpu_cache_bytes": 87836590080}
(Worker_TP1 pid=127) EXPERT_STREAM {"hits": 0, "misses": 0, "read_bytes": 0, "read_seconds": 0.0, "rank": 1, "cache_bytes": 0, "slot_hits": 40090, "slot_misses": 15445, "packed_read_bytes": 145187942400, "graph_replays": 2267, "routed_pipeline_batches": 0, "routed_pipeline_bytes": 0, "prefetch_issued": 0, "prefetch_read_bytes": 0, "prefetch_consumed": 0, "prefetch_ready": 0, "prefetch_late": 0, "prefetch_cancelled": 0, "prefetch_unused": 0, "demand_read_bytes": 145187942400, "io_batches": 1443, "io_overlaps": 1404, "staging_bytes": 0, "staging_banks": 0, "prefetch_pending": 0, "execution_buffer_bytes": 119010504, "scratch_bytes": 402653184, "gpu_cache_bytes": 87836590080}
(Worker_TP1 pid=127) EXPERT_STREAM {"hits": 0, "misses": 0, "read_bytes": 0, "read_seconds": 0.0, "rank": 1, "cache_bytes": 0, "slot_hits": 40780, "slot_misses": 15483, "packed_read_bytes": 145545154560, "graph_replays": 2310, "routed_pipeline_batches": 0, "routed_pipeline_bytes": 0, "prefetch_issued": 0, "prefetch_read_bytes": 0, "prefetch_consumed": 0, "prefetch_ready": 0, "prefetch_late": 0, "prefetch_cancelled": 0, "prefetch_unused": 0, "demand_read_bytes": 145545154560, "io_batches": 1468, "io_overlaps": 1429, "staging_bytes": 0, "staging_banks": 0, "prefetch_pending": 0, "execution_buffer_bytes": 119010504, "scratch_bytes": 402653184, "gpu_cache_bytes": 87836590080}
(Worker_TP1 pid=127) EXPERT_STREAM {"hits": 0, "misses": 0, "read_bytes": 0, "read_seconds": 0.0, "rank": 1, "cache_bytes": 0, "slot_hits": 41513, "slot_misses": 15517, "packed_read_bytes": 145864765440, "graph_replays": 2353, "routed_pipeline_batches": 0, "routed_pipeline_bytes": 0, "prefetch_issued": 0, "prefetch_read_bytes": 0, "prefetch_consumed": 0, "prefetch_ready": 0, "prefetch_late": 0, "prefetch_cancelled": 0, "prefetch_unused": 0, "demand_read_bytes": 145864765440, "io_batches": 1494, "io_overlaps": 1455, "staging_bytes": 0, "staging_banks": 0, "prefetch_pending": 0, "execution_buffer_bytes": 119010504, "scratch_bytes": 402653184, "gpu_cache_bytes": 87836590080}
(Worker_TP1 pid=127) EXPERT_STREAM {"hits": 0, "misses": 0, "read_bytes": 0, "read_seconds": 0.0, "rank": 1, "cache_bytes": 0, "slot_hits": 42247, "slot_misses": 15546, "packed_read_bytes": 146137374720, "graph_replays": 2396, "routed_pipeline_batches": 0, "routed_pipeline_bytes": 0, "prefetch_issued": 0, "prefetch_read_bytes": 0, "prefetch_consumed": 0, "prefetch_ready": 0, "prefetch_late": 0, "prefetch_cancelled": 0, "prefetch_unused": 0, "demand_read_bytes": 146137374720, "io_batches": 1513, "io_overlaps": 1474, "staging_bytes": 0, "staging_banks": 0, "prefetch_pending": 0, "execution_buffer_bytes": 119010504, "scratch_bytes": 402653184, "gpu_cache_bytes": 87836590080}
(Worker_TP1 pid=127) EXPERT_STREAM {"hits": 0, "misses": 0, "read_bytes": 0, "read_seconds": 0.0, "rank": 1, "cache_bytes": 0, "slot_hits": 42984, "slot_misses": 15599, "packed_read_bytes": 146635591680, "graph_replays": 2439, "routed_pipeline_batches": 0, "routed_pipeline_bytes": 0, "prefetch_issued": 0, "prefetch_read_bytes": 0, "prefetch_consumed": 0, "prefetch_ready": 0, "prefetch_late": 0, "prefetch_cancelled": 0, "prefetch_unused": 0, "demand_read_bytes": 146635591680, "io_batches": 1542, "io_overlaps": 1503, "staging_bytes": 0, "staging_banks": 0, "prefetch_pending": 0, "execution_buffer_bytes": 119010504, "scratch_bytes": 402653184, "gpu_cache_bytes": 87836590080}
(Worker_TP1 pid=127) EXPERT_STREAM {"hits": 0, "misses": 0, "read_bytes": 0, "read_seconds": 0.0, "rank": 1, "cache_bytes": 0, "slot_hits": 43634, "slot_misses": 15641, "packed_read_bytes": 147030405120, "graph_replays": 2482, "routed_pipeline_batches": 0, "routed_pipeline_bytes": 0, "prefetch_issued": 0, "prefetch_read_bytes": 0, "prefetch_consumed": 0, "prefetch_ready": 0, "prefetch_late": 0, "prefetch_cancelled": 0, "prefetch_unused": 0, "demand_read_bytes": 147030405120, "io_batches": 1567, "io_overlaps": 1528, "staging_bytes": 0, "staging_banks": 0, "prefetch_pending": 0, "execution_buffer_bytes": 119010504, "scratch_bytes": 402653184, "gpu_cache_bytes": 87836590080}
(Worker_TP1 pid=127) EXPERT_STREAM {"hits": 0, "misses": 0, "read_bytes": 0, "read_seconds": 0.0, "rank": 1, "cache_bytes": 0, "slot_hits": 44258, "slot_misses": 15703, "packed_read_bytes": 147613224960, "graph_replays": 2525, "routed_pipeline_batches": 0, "routed_pipeline_bytes": 0, "prefetch_issued": 0, "prefetch_read_bytes": 0, "prefetch_consumed": 0, "prefetch_ready": 0, "prefetch_late": 0, "prefetch_cancelled": 0, "prefetch_unused": 0, "demand_read_bytes": 147613224960, "io_batches": 1598, "io_overlaps": 1559, "staging_bytes": 0, "staging_banks": 0, "prefetch_pending": 0, "execution_buffer_bytes": 119010504, "scratch_bytes": 402653184, "gpu_cache_bytes": 87836590080}
(Worker_TP1 pid=127) EXPERT_STREAM {"hits": 0, "misses": 0, "read_bytes": 0, "read_seconds": 0.0, "rank": 1, "cache_bytes": 0, "slot_hits": 44915, "slot_misses": 15732, "packed_read_bytes": 147885834240, "graph_replays": 2568, "routed_pipeline_batches": 0, "routed_pipeline_bytes": 0, "prefetch_issued": 0, "prefetch_read_bytes": 0, "prefetch_consumed": 0, "prefetch_ready": 0, "prefetch_late": 0, "prefetch_cancelled": 0, "prefetch_unused": 0, "demand_read_bytes": 147885834240, "io_batches": 1622, "io_overlaps": 1583, "staging_bytes": 0, "staging_banks": 0, "prefetch_pending": 0, "execution_buffer_bytes": 119010504, "scratch_bytes": 402653184, "gpu_cache_bytes": 87836590080}
(Worker_TP1 pid=127) EXPERT_STREAM {"hits": 0, "misses": 0, "read_bytes": 0, "read_seconds": 0.0, "rank": 1, "cache_bytes": 0, "slot_hits": 45586, "slot_misses": 15769, "packed_read_bytes": 148233646080, "graph_replays": 2611, "routed_pipeline_batches": 0, "routed_pipeline_bytes": 0, "prefetch_issued": 0, "prefetch_read_bytes": 0, "prefetch_consumed": 0, "prefetch_ready": 0, "prefetch_late": 0, "prefetch_cancelled": 0, "prefetch_unused": 0, "demand_read_bytes": 148233646080, "io_batches": 1645, "io_overlaps": 1606, "staging_bytes": 0, "staging_banks": 0, "prefetch_pending": 0, "execution_buffer_bytes": 119010504, "scratch_bytes": 402653184, "gpu_cache_bytes": 87836590080}
(Worker_TP1 pid=127) EXPERT_STREAM {"hits": 0, "misses": 0, "read_bytes": 0, "read_seconds": 0.0, "rank": 1, "cache_bytes": 0, "slot_hits": 46278, "slot_misses": 15803, "packed_read_bytes": 148553256960, "graph_replays": 2654, "routed_pipeline_batches": 0, "routed_pipeline_bytes": 0, "prefetch_issued": 0, "prefetch_read_bytes": 0, "prefetch_consumed": 0, "prefetch_ready": 0, "prefetch_late": 0, "prefetch_cancelled": 0, "prefetch_unused": 0, "demand_read_bytes": 148553256960, "io_batches": 1667, "io_overlaps": 1628, "staging_bytes": 0, "staging_banks": 0, "prefetch_pending": 0, "execution_buffer_bytes": 119010504, "scratch_bytes": 402653184, "gpu_cache_bytes": 87836590080}
(Worker_TP1 pid=127) EXPERT_STREAM {"hits": 0, "misses": 0, "read_bytes": 0, "read_seconds": 0.0, "rank": 1, "cache_bytes": 0, "slot_hits": 46995, "slot_misses": 15826, "packed_read_bytes": 148769464320, "graph_replays": 2697, "routed_pipeline_batches": 0, "routed_pipeline_bytes": 0, "prefetch_issued": 0, "prefetch_read_bytes": 0, "prefetch_consumed": 0, "prefetch_ready": 0, "prefetch_late": 0, "prefetch_cancelled": 0, "prefetch_unused": 0, "demand_read_bytes": 148769464320, "io_batches": 1684, "io_overlaps": 1645, "staging_bytes": 0, "staging_banks": 0, "prefetch_pending": 0, "execution_buffer_bytes": 119010504, "scratch_bytes": 402653184, "gpu_cache_bytes": 87836590080}
(Worker_TP1 pid=127) EXPERT_STREAM {"hits": 0, "misses": 0, "read_bytes": 0, "read_seconds": 0.0, "rank": 1, "cache_bytes": 0, "slot_hits": 47696, "slot_misses": 15862, "packed_read_bytes": 149107875840, "graph_replays": 2740, "routed_pipeline_batches": 0, "routed_pipeline_bytes": 0, "prefetch_issued": 0, "prefetch_read_bytes": 0, "prefetch_consumed": 0, "prefetch_ready": 0, "prefetch_late": 0, "prefetch_cancelled": 0, "prefetch_unused": 0, "demand_read_bytes": 149107875840, "io_batches": 1706, "io_overlaps": 1667, "staging_bytes": 0, "staging_banks": 0, "prefetch_pending": 0, "execution_buffer_bytes": 119010504, "scratch_bytes": 402653184, "gpu_cache_bytes": 87836590080}
(Worker_TP1 pid=127) EXPERT_STREAM {"hits": 0, "misses": 0, "read_bytes": 0, "read_seconds": 0.0, "rank": 1, "cache_bytes": 0, "slot_hits": 48377, "slot_misses": 15900, "packed_read_bytes": 149465088000, "graph_replays": 2783, "routed_pipeline_batches": 0, "routed_pipeline_bytes": 0, "prefetch_issued": 0, "prefetch_read_bytes": 0, "prefetch_consumed": 0, "prefetch_ready": 0, "prefetch_late": 0, "prefetch_cancelled": 0, "prefetch_unused": 0, "demand_read_bytes": 149465088000, "io_batches": 1730, "io_overlaps": 1691, "staging_bytes": 0, "staging_banks": 0, "prefetch_pending": 0, "execution_buffer_bytes": 119010504, "scratch_bytes": 402653184, "gpu_cache_bytes": 87836590080}
(Worker_TP1 pid=127) EXPERT_STREAM {"hits": 0, "misses": 0, "read_bytes": 0, "read_seconds": 0.0, "rank": 1, "cache_bytes": 0, "slot_hits": 49044, "slot_misses": 15942, "packed_read_bytes": 149859901440, "graph_replays": 2826, "routed_pipeline_batches": 0, "routed_pipeline_bytes": 0, "prefetch_issued": 0, "prefetch_read_bytes": 0, "prefetch_consumed": 0, "prefetch_ready": 0, "prefetch_late": 0, "prefetch_cancelled": 0, "prefetch_unused": 0, "demand_read_bytes": 149859901440, "io_batches": 1755, "io_overlaps": 1716, "staging_bytes": 0, "staging_banks": 0, "prefetch_pending": 0, "execution_buffer_bytes": 119010504, "scratch_bytes": 402653184, "gpu_cache_bytes": 87836590080}
(Worker_TP1 pid=127) EXPERT_STREAM {"hits": 0, "misses": 0, "read_bytes": 0, "read_seconds": 0.0, "rank": 1, "cache_bytes": 0, "slot_hits": 49674, "slot_misses": 15962, "packed_read_bytes": 150047907840, "graph_replays": 2869, "routed_pipeline_batches": 0, "routed_pipeline_bytes": 0, "prefetch_issued": 0, "prefetch_read_bytes": 0, "prefetch_consumed": 0, "prefetch_ready": 0, "prefetch_late": 0, "prefetch_cancelled": 0, "prefetch_unused": 0, "demand_read_bytes": 150047907840, "io_batches": 1772, "io_overlaps": 1733, "staging_bytes": 0, "staging_banks": 0, "prefetch_pending": 0, "execution_buffer_bytes": 119010504, "scratch_bytes": 402653184, "gpu_cache_bytes": 87836590080}
(Worker_TP1 pid=127) EXPERT_STREAM {"hits": 0, "misses": 0, "read_bytes": 0, "read_seconds": 0.0, "rank": 1, "cache_bytes": 0, "slot_hits": 50398, "slot_misses": 15986, "packed_read_bytes": 150273515520, "graph_replays": 2912, "routed_pipeline_batches": 0, "routed_pipeline_bytes": 0, "prefetch_issued": 0, "prefetch_read_bytes": 0, "prefetch_consumed": 0, "prefetch_ready": 0, "prefetch_late": 0, "prefetch_cancelled": 0, "prefetch_unused": 0, "demand_read_bytes": 150273515520, "io_batches": 1791, "io_overlaps": 1752, "staging_bytes": 0, "staging_banks": 0, "prefetch_pending": 0, "execution_buffer_bytes": 119010504, "scratch_bytes": 402653184, "gpu_cache_bytes": 87836590080}
(Worker_TP1 pid=127) EXPERT_STREAM {"hits": 0, "misses": 0, "read_bytes": 0, "read_seconds": 0.0, "rank": 1, "cache_bytes": 0, "slot_hits": 51126, "slot_misses": 16001, "packed_read_bytes": 150414520320, "graph_replays": 2955, "routed_pipeline_batches": 0, "routed_pipeline_bytes": 0, "prefetch_issued": 0, "prefetch_read_bytes": 0, "prefetch_consumed": 0, "prefetch_ready": 0, "prefetch_late": 0, "prefetch_cancelled": 0, "prefetch_unused": 0, "demand_read_bytes": 150414520320, "io_batches": 1803, "io_overlaps": 1764, "staging_bytes": 0, "staging_banks": 0, "prefetch_pending": 0, "execution_buffer_bytes": 119010504, "scratch_bytes": 402653184, "gpu_cache_bytes": 87836590080}
(Worker_TP1 pid=127) EXPERT_STREAM {"hits": 0, "misses": 0, "read_bytes": 0, "read_seconds": 0.0, "rank": 1, "cache_bytes": 0, "slot_hits": 51721, "slot_misses": 16026, "packed_read_bytes": 150649528320, "graph_replays": 2998, "routed_pipeline_batches": 0, "routed_pipeline_bytes": 0, "prefetch_issued": 0, "prefetch_read_bytes": 0, "prefetch_consumed": 0, "prefetch_ready": 0, "prefetch_late": 0, "prefetch_cancelled": 0, "prefetch_unused": 0, "demand_read_bytes": 150649528320, "io_batches": 1821, "io_overlaps": 1782, "staging_bytes": 0, "staging_banks": 0, "prefetch_pending": 0, "execution_buffer_bytes": 119010504, "scratch_bytes": 402653184, "gpu_cache_bytes": 87836590080}
(Worker_TP1 pid=127) EXPERT_STREAM {"hits": 0, "misses": 0, "read_bytes": 0, "read_seconds": 0.0, "rank": 1, "cache_bytes": 0, "slot_hits": 52434, "slot_misses": 16054, "packed_read_bytes": 150912737280, "graph_replays": 3041, "routed_pipeline_batches": 0, "routed_pipeline_bytes": 0, "prefetch_issued": 0, "prefetch_read_bytes": 0, "prefetch_consumed": 0, "prefetch_ready": 0, "prefetch_late": 0, "prefetch_cancelled": 0, "prefetch_unused": 0, "demand_read_bytes": 150912737280, "io_batches": 1842, "io_overlaps": 1803, "staging_bytes": 0, "staging_banks": 0, "prefetch_pending": 0, "execution_buffer_bytes": 119010504, "scratch_bytes": 402653184, "gpu_cache_bytes": 87836590080}
(Worker_TP1 pid=127) EXPERT_STREAM {"hits": 0, "misses": 0, "read_bytes": 0, "read_seconds": 0.0, "rank": 1, "cache_bytes": 0, "slot_hits": 53082, "slot_misses": 16093, "packed_read_bytes": 151279349760, "graph_replays": 3084, "routed_pipeline_batches": 0, "routed_pipeline_bytes": 0, "prefetch_issued": 0, "prefetch_read_bytes": 0, "prefetch_consumed": 0, "prefetch_ready": 0, "prefetch_late": 0, "prefetch_cancelled": 0, "prefetch_unused": 0, "demand_read_bytes": 151279349760, "io_batches": 1864, "io_overlaps": 1825, "staging_bytes": 0, "staging_banks": 0, "prefetch_pending": 0, "execution_buffer_bytes": 119010504, "scratch_bytes": 402653184, "gpu_cache_bytes": 87836590080}
(Worker_TP1 pid=127) EXPERT_STREAM {"hits": 0, "misses": 0, "read_bytes": 0, "read_seconds": 0.0, "rank": 1, "cache_bytes": 0, "slot_hits": 53789, "slot_misses": 16121, "packed_read_bytes": 151542558720, "graph_replays": 3127, "routed_pipeline_batches": 0, "routed_pipeline_bytes": 0, "prefetch_issued": 0, "prefetch_read_bytes": 0, "prefetch_consumed": 0, "prefetch_ready": 0, "prefetch_late": 0, "prefetch_cancelled": 0, "prefetch_unused": 0, "demand_read_bytes": 151542558720, "io_batches": 1885, "io_overlaps": 1846, "staging_bytes": 0, "staging_banks": 0, "prefetch_pending": 0, "execution_buffer_bytes": 119010504, "scratch_bytes": 402653184, "gpu_cache_bytes": 87836590080}
(Worker_TP1 pid=127) EXPERT_STREAM {"hits": 0, "misses": 0, "read_bytes": 0, "read_seconds": 0.0, "rank": 1, "cache_bytes": 0, "slot_hits": 54463, "slot_misses": 16155, "packed_read_bytes": 151862169600, "graph_replays": 3170, "routed_pipeline_batches": 0, "routed_pipeline_bytes": 0, "prefetch_issued": 0, "prefetch_read_bytes": 0, "prefetch_consumed": 0, "prefetch_ready": 0, "prefetch_late": 0, "prefetch_cancelled": 0, "prefetch_unused": 0, "demand_read_bytes": 151862169600, "io_batches": 1904, "io_overlaps": 1865, "staging_bytes": 0, "staging_banks": 0, "prefetch_pending": 0, "execution_buffer_bytes": 119010504, "scratch_bytes": 402653184, "gpu_cache_bytes": 87836590080}
(Worker_TP1 pid=127) EXPERT_STREAM {"hits": 0, "misses": 0, "read_bytes": 0, "read_seconds": 0.0, "rank": 1, "cache_bytes": 0, "slot_hits": 55072, "slot_misses": 16188, "packed_read_bytes": 152172380160, "graph_replays": 3213, "routed_pipeline_batches": 0, "routed_pipeline_bytes": 0, "prefetch_issued": 0, "prefetch_read_bytes": 0, "prefetch_consumed": 0, "prefetch_ready": 0, "prefetch_late": 0, "prefetch_cancelled": 0, "prefetch_unused": 0, "demand_read_bytes": 152172380160, "io_batches": 1924, "io_overlaps": 1885, "staging_bytes": 0, "staging_banks": 0, "prefetch_pending": 0, "execution_buffer_bytes": 119010504, "scratch_bytes": 402653184, "gpu_cache_bytes": 87836590080}
(Worker_TP1 pid=127) EXPERT_STREAM {"hits": 0, "misses": 0, "read_bytes": 0, "read_seconds": 0.0, "rank": 1, "cache_bytes": 0, "slot_hits": 55716, "slot_misses": 16216, "packed_read_bytes": 152435589120, "graph_replays": 3256, "routed_pipeline_batches": 0, "routed_pipeline_bytes": 0, "prefetch_issued": 0, "prefetch_read_bytes": 0, "prefetch_consumed": 0, "prefetch_ready": 0, "prefetch_late": 0, "prefetch_cancelled": 0, "prefetch_unused": 0, "demand_read_bytes": 152435589120, "io_batches": 1944, "io_overlaps": 1905, "staging_bytes": 0, "staging_banks": 0, "prefetch_pending": 0, "execution_buffer_bytes": 119010504, "scratch_bytes": 402653184, "gpu_cache_bytes": 87836590080}
(Worker_TP1 pid=127) EXPERT_STREAM {"hits": 0, "misses": 0, "read_bytes": 0, "read_seconds": 0.0, "rank": 1, "cache_bytes": 0, "slot_hits": 56367, "slot_misses": 16244, "packed_read_bytes": 152698798080, "graph_replays": 3299, "routed_pipeline_batches": 0, "routed_pipeline_bytes": 0, "prefetch_issued": 0, "prefetch_read_bytes": 0, "prefetch_consumed": 0, "prefetch_ready": 0, "prefetch_late": 0, "prefetch_cancelled": 0, "prefetch_unused": 0, "demand_read_bytes": 152698798080, "io_batches": 1964, "io_overlaps": 1925, "staging_bytes": 0, "staging_banks": 0, "prefetch_pending": 0, "execution_buffer_bytes": 119010504, "scratch_bytes": 402653184, "gpu_cache_bytes": 87836590080}
(Worker_TP1 pid=127) EXPERT_STREAM {"hits": 0, "misses": 0, "read_bytes": 0, "read_seconds": 0.0, "rank": 1, "cache_bytes": 0, "slot_hits": 56989, "slot_misses": 16284, "packed_read_bytes": 153074810880, "graph_replays": 3342, "routed_pipeline_batches": 0, "routed_pipeline_bytes": 0, "prefetch_issued": 0, "prefetch_read_bytes": 0, "prefetch_consumed": 0, "prefetch_ready": 0, "prefetch_late": 0, "prefetch_cancelled": 0, "prefetch_unused": 0, "demand_read_bytes": 153074810880, "io_batches": 1990, "io_overlaps": 1951, "staging_bytes": 0, "staging_banks": 0, "prefetch_pending": 0, "execution_buffer_bytes": 119010504, "scratch_bytes": 402653184, "gpu_cache_bytes": 87836590080}
(Worker_TP1 pid=127) EXPERT_STREAM {"hits": 0, "misses": 0, "read_bytes": 0, "read_seconds": 0.0, "rank": 1, "cache_bytes": 0, "slot_hits": 57591, "slot_misses": 16317, "packed_read_bytes": 153385021440, "graph_replays": 3385, "routed_pipeline_batches": 0, "routed_pipeline_bytes": 0, "prefetch_issued": 0, "prefetch_read_bytes": 0, "prefetch_consumed": 0, "prefetch_ready": 0, "prefetch_late": 0, "prefetch_cancelled": 0, "prefetch_unused": 0, "demand_read_bytes": 153385021440, "io_batches": 2011, "io_overlaps": 1972, "staging_bytes": 0, "staging_banks": 0, "prefetch_pending": 0, "execution_buffer_bytes": 119010504, "scratch_bytes": 402653184, "gpu_cache_bytes": 87836590080}
(Worker_TP1 pid=127) EXPERT_STREAM {"hits": 0, "misses": 0, "read_bytes": 0, "read_seconds": 0.0, "rank": 1, "cache_bytes": 0, "slot_hits": 58256, "slot_misses": 16372, "packed_read_bytes": 153902039040, "graph_replays": 3428, "routed_pipeline_batches": 0, "routed_pipeline_bytes": 0, "prefetch_issued": 0, "prefetch_read_bytes": 0, "prefetch_consumed": 0, "prefetch_ready": 0, "prefetch_late": 0, "prefetch_cancelled": 0, "prefetch_unused": 0, "demand_read_bytes": 153902039040, "io_batches": 2043, "io_overlaps": 2004, "staging_bytes": 0, "staging_banks": 0, "prefetch_pending": 0, "execution_buffer_bytes": 119010504, "scratch_bytes": 402653184, "gpu_cache_bytes": 87836590080}
(Worker_TP1 pid=127) EXPERT_STREAM {"hits": 0, "misses": 0, "read_bytes": 0, "read_seconds": 0.0, "rank": 1, "cache_bytes": 0, "slot_hits": 58829, "slot_misses": 16405, "packed_read_bytes": 154212249600, "graph_replays": 3471, "routed_pipeline_batches": 0, "routed_pipeline_bytes": 0, "prefetch_issued": 0, "prefetch_read_bytes": 0, "prefetch_consumed": 0, "prefetch_ready": 0, "prefetch_late": 0, "prefetch_cancelled": 0, "prefetch_unused": 0, "demand_read_bytes": 154212249600, "io_batches": 2062, "io_overlaps": 2023, "staging_bytes": 0, "staging_banks": 0, "prefetch_pending": 0, "execution_buffer_bytes": 119010504, "scratch_bytes": 402653184, "gpu_cache_bytes": 87836590080}
(Worker_TP1 pid=127) EXPERT_STREAM {"hits": 0, "misses": 0, "read_bytes": 0, "read_seconds": 0.0, "rank": 1, "cache_bytes": 0, "slot_hits": 59488, "slot_misses": 16414, "packed_read_bytes": 154296852480, "graph_replays": 3514, "routed_pipeline_batches": 0, "routed_pipeline_bytes": 0, "prefetch_issued": 0, "prefetch_read_bytes": 0, "prefetch_consumed": 0, "prefetch_ready": 0, "prefetch_late": 0, "prefetch_cancelled": 0, "prefetch_unused": 0, "demand_read_bytes": 154296852480, "io_batches": 2070, "io_overlaps": 2031, "staging_bytes": 0, "staging_banks": 0, "prefetch_pending": 0, "execution_buffer_bytes": 119010504, "scratch_bytes": 402653184, "gpu_cache_bytes": 87836590080}
(Worker_TP1 pid=127) EXPERT_STREAM {"hits": 0, "misses": 0, "read_bytes": 0, "read_seconds": 0.0, "rank": 1, "cache_bytes": 0, "slot_hits": 60125, "slot_misses": 16441, "packed_read_bytes": 154550661120, "graph_replays": 3557, "routed_pipeline_batches": 0, "routed_pipeline_bytes": 0, "prefetch_issued": 0, "prefetch_read_bytes": 0, "prefetch_consumed": 0, "prefetch_ready": 0, "prefetch_late": 0, "prefetch_cancelled": 0, "prefetch_unused": 0, "demand_read_bytes": 154550661120, "io_batches": 2089, "io_overlaps": 2050, "staging_bytes": 0, "staging_banks": 0, "prefetch_pending": 0, "execution_buffer_bytes": 119010504, "scratch_bytes": 402653184, "gpu_cache_bytes": 87836590080}
(Worker_TP1 pid=127) EXPERT_STREAM {"hits": 0, "misses": 0, "read_bytes": 0, "read_seconds": 0.0, "rank": 1, "cache_bytes": 0, "slot_hits": 60794, "slot_misses": 16459, "packed_read_bytes": 154719866880, "graph_replays": 3600, "routed_pipeline_batches": 0, "routed_pipeline_bytes": 0, "prefetch_issued": 0, "prefetch_read_bytes": 0, "prefetch_consumed": 0, "prefetch_ready": 0, "prefetch_late": 0, "prefetch_cancelled": 0, "prefetch_unused": 0, "demand_read_bytes": 154719866880, "io_batches": 2103, "io_overlaps": 2064, "staging_bytes": 0, "staging_banks": 0, "prefetch_pending": 0, "execution_buffer_bytes": 119010504, "scratch_bytes": 402653184, "gpu_cache_bytes": 87836590080}
(Worker_TP1 pid=127) EXPERT_STREAM {"hits": 0, "misses": 0, "read_bytes": 0, "read_seconds": 0.0, "rank": 1, "cache_bytes": 0, "slot_hits": 61491, "slot_misses": 16567, "packed_read_bytes": 155735101440, "graph_replays": 3643, "routed_pipeline_batches": 0, "routed_pipeline_bytes": 0, "prefetch_issued": 0, "prefetch_read_bytes": 0, "prefetch_consumed": 0, "prefetch_ready": 0, "prefetch_late": 0, "prefetch_cancelled": 0, "prefetch_unused": 0, "demand_read_bytes": 155735101440, "io_batches": 2139, "io_overlaps": 2100, "staging_bytes": 0, "staging_banks": 0, "prefetch_pending": 0, "execution_buffer_bytes": 119010504, "scratch_bytes": 402653184, "gpu_cache_bytes": 87836590080}
(Worker_TP1 pid=127) EXPERT_STREAM {"hits": 0, "misses": 0, "read_bytes": 0, "read_seconds": 0.0, "rank": 1, "cache_bytes": 0, "slot_hits": 62306, "slot_misses": 16614, "packed_read_bytes": 156176916480, "graph_replays": 3686, "routed_pipeline_batches": 0, "routed_pipeline_bytes": 0, "prefetch_issued": 0, "prefetch_read_bytes": 0, "prefetch_consumed": 0, "prefetch_ready": 0, "prefetch_late": 0, "prefetch_cancelled": 0, "prefetch_unused": 0, "demand_read_bytes": 156176916480, "io_batches": 2166, "io_overlaps": 2127, "staging_bytes": 0, "staging_banks": 0, "prefetch_pending": 0, "execution_buffer_bytes": 119010504, "scratch_bytes": 402653184, "gpu_cache_bytes": 87836590080}
(Worker_TP1 pid=127) EXPERT_STREAM {"hits": 0, "misses": 0, "read_bytes": 0, "read_seconds": 0.0, "rank": 1, "cache_bytes": 0, "slot_hits": 63216, "slot_misses": 16678, "packed_read_bytes": 156778536960, "graph_replays": 3729, "routed_pipeline_batches": 0, "routed_pipeline_bytes": 0, "prefetch_issued": 0, "prefetch_read_bytes": 0, "prefetch_consumed": 0, "prefetch_ready": 0, "prefetch_late": 0, "prefetch_cancelled": 0, "prefetch_unused": 0, "demand_read_bytes": 156778536960, "io_batches": 2197, "io_overlaps": 2158, "staging_bytes": 0, "staging_banks": 0, "prefetch_pending": 0, "execution_buffer_bytes": 119010504, "scratch_bytes": 402653184, "gpu_cache_bytes": 87836590080}
(Worker_TP1 pid=127) EXPERT_STREAM {"hits": 0, "misses": 0, "read_bytes": 0, "read_seconds": 0.0, "rank": 1, "cache_bytes": 0, "slot_hits": 64029, "slot_misses": 16696, "packed_read_bytes": 156947742720, "graph_replays": 3772, "routed_pipeline_batches": 0, "routed_pipeline_bytes": 0, "prefetch_issued": 0, "prefetch_read_bytes": 0, "prefetch_consumed": 0, "prefetch_ready": 0, "prefetch_late": 0, "prefetch_cancelled": 0, "prefetch_unused": 0, "demand_read_bytes": 156947742720, "io_batches": 2209, "io_overlaps": 2170, "staging_bytes": 0, "staging_banks": 0, "prefetch_pending": 0, "execution_buffer_bytes": 119010504, "scratch_bytes": 402653184, "gpu_cache_bytes": 87836590080}
(Worker_TP1 pid=127) EXPERT_STREAM {"hits": 0, "misses": 0, "read_bytes": 0, "read_seconds": 0.0, "rank": 1, "cache_bytes": 0, "slot_hits": 64785, "slot_misses": 16850, "packed_read_bytes": 158395392000, "graph_replays": 3815, "routed_pipeline_batches": 0, "routed_pipeline_bytes": 0, "prefetch_issued": 0, "prefetch_read_bytes": 0, "prefetch_consumed": 0, "prefetch_ready": 0, "prefetch_late": 0, "prefetch_cancelled": 0, "prefetch_unused": 0, "demand_read_bytes": 158395392000, "io_batches": 2251, "io_overlaps": 2212, "staging_bytes": 0, "staging_banks": 0, "prefetch_pending": 0, "execution_buffer_bytes": 119010504, "scratch_bytes": 402653184, "gpu_cache_bytes": 87836590080}
(Worker_TP1 pid=127) EXPERT_STREAM {"hits": 0, "misses": 0, "read_bytes": 0, "read_seconds": 0.0, "rank": 1, "cache_bytes": 0, "slot_hits": 73210, "slot_misses": 21911, "packed_read_bytes": 205970411520, "graph_replays": 3975, "routed_pipeline_batches": 0, "routed_pipeline_bytes": 0, "prefetch_issued": 0, "prefetch_read_bytes": 0, "prefetch_consumed": 0, "prefetch_ready": 0, "prefetch_late": 0, "prefetch_cancelled": 0, "prefetch_unused": 0, "demand_read_bytes": 205970411520, "io_batches": 2292, "io_overlaps": 2253, "staging_bytes": 0, "staging_banks": 0, "prefetch_pending": 0, "execution_buffer_bytes": 119010504, "scratch_bytes": 402653184, "gpu_cache_bytes": 87836590080}
(Worker_TP1 pid=127) FINAL_DECODER_ROWS {"input_rows": 4092, "output_rows": 1, "layer": 39, "scope": "routed_experts_only"}
(Worker_TP1 pid=127) EXPERT_STREAM {"hits": 0, "misses": 0, "read_bytes": 0, "read_seconds": 0.0, "rank": 1, "cache_bytes": 0, "slot_hits": 81614, "slot_misses": 27347, "packed_read_bytes": 257070551040, "graph_replays": 4135, "routed_pipeline_batches": 0, "routed_pipeline_bytes": 0, "prefetch_issued": 0, "prefetch_read_bytes": 0, "prefetch_consumed": 0, "prefetch_ready": 0, "prefetch_late": 0, "prefetch_cancelled": 0, "prefetch_unused": 0, "demand_read_bytes": 257070551040, "io_batches": 2333, "io_overlaps": 2294, "staging_bytes": 0, "staging_banks": 0, "prefetch_pending": 0, "execution_buffer_bytes": 119010504, "scratch_bytes": 402653184, "gpu_cache_bytes": 87836590080}
(Worker_TP1 pid=127) FINAL_DECODER_ROWS {"input_rows": 4092, "output_rows": 1, "layer": 39, "scope": "routed_experts_only"}
(Worker_TP1 pid=127) STARTUP_PROBE {"time_ns": 1789204931097881725, "phase": "expert_plan_begin", "available_bytes": 16355270656, "cuda_allocated": 99298114560, "cuda_reserved": 101164515328, "layer": 0, "tokens": 128}
(Worker_TP1 pid=127) STARTUP_PROBE {"time_ns": 1789204931150454976, "phase": "expert_plan_end", "available_bytes": 16355373056, "cuda_allocated": 99302204416, "cuda_reserved": 101164515328, "layer": 0, "tokens": 128}
(Worker_TP1 pid=127) STARTUP_PROBE {"time_ns": 1789204931252849377, "phase": "expert_plan_begin", "available_bytes": 17736048640, "cuda_allocated": 99305203200, "cuda_reserved": 99805560832, "layer": 1, "tokens": 128}
(Worker_TP1 pid=127) STARTUP_PROBE {"time_ns": 1789204931305844328, "phase": "expert_plan_end", "available_bytes": 17736052736, "cuda_allocated": 99305203200, "cuda_reserved": 99805560832, "layer": 1, "tokens": 128}
(Worker_TP1 pid=127) STARTUP_PROBE {"time_ns": 1789204931396551159, "phase": "expert_plan_begin", "available_bytes": 17724026880, "cuda_allocated": 99305204224, "cuda_reserved": 99809755136, "layer": 2, "tokens": 128}
(Worker_TP1 pid=127) STARTUP_PROBE {"time_ns": 1789204931448786408, "phase": "expert_plan_end", "available_bytes": 17724026880, "cuda_allocated": 99305204224, "cuda_reserved": 99809755136, "layer": 2, "tokens": 128}
(Worker_TP1 pid=127) STARTUP_PROBE {"time_ns": 1789204931514489912, "phase": "expert_plan_begin", "available_bytes": 17728221184, "cuda_allocated": 99305205248, "cuda_reserved": 99805560832, "layer": 3, "tokens": 128}
(Worker_TP1 pid=127) STARTUP_PROBE {"time_ns": 1789204931568554936, "phase": "expert_plan_end", "available_bytes": 17728221184, "cuda_allocated": 99305205248, "cuda_reserved": 99805560832, "layer": 3, "tokens": 128}
(Worker_TP1 pid=127) STARTUP_PROBE {"time_ns": 1789204931629679331, "phase": "expert_plan_begin", "available_bytes": 17728221184, "cuda_allocated": 99305206272, "cuda_reserved": 99805560832, "layer": 4, "tokens": 128}
(Worker_TP1 pid=127) STARTUP_PROBE {"time_ns": 1789204931682731258, "phase": "expert_plan_end", "available_bytes": 17728221184, "cuda_allocated": 99305206272, "cuda_reserved": 99805560832, "layer": 4, "tokens": 128}
(Worker_TP1 pid=127) STARTUP_PROBE {"time_ns": 1789204931760479103, "phase": "expert_plan_begin", "available_bytes": 17726124032, "cuda_allocated": 99305207296, "cuda_reserved": 99805560832, "layer": 5, "tokens": 128}
(Worker_TP1 pid=127) STARTUP_PROBE {"time_ns": 1789204931813017074, "phase": "expert_plan_end", "available_bytes": 17726124032, "cuda_allocated": 99305207296, "cuda_reserved": 99805560832, "layer": 5, "tokens": 128}
(Worker_TP1 pid=127) STARTUP_PROBE {"time_ns": 1789204931863066801, "phase": "expert_plan_begin", "available_bytes": 17726201856, "cuda_allocated": 99305208320, "cuda_reserved": 99805560832, "layer": 6, "tokens": 128}
(Worker_TP1 pid=127) STARTUP_PROBE {"time_ns": 1789204931915172864, "phase": "expert_plan_end", "available_bytes": 17742032896, "cuda_allocated": 99305208320, "cuda_reserved": 99805560832, "layer": 6, "tokens": 128}
(Worker_TP1 pid=127) STARTUP_PROBE {"time_ns": 1789204931962185270, "phase": "expert_plan_begin", "available_bytes": 17736736768, "cuda_allocated": 99305209344, "cuda_reserved": 99805560832, "layer": 7, "tokens": 128}
(Worker_TP1 pid=127) STARTUP_PROBE {"time_ns": 1789204932015918035, "phase": "expert_plan_end", "available_bytes": 17736503296, "cuda_allocated": 99305209344, "cuda_reserved": 99805560832, "layer": 7, "tokens": 128}
(Worker_TP1 pid=127) STARTUP_PROBE {"time_ns": 1789204932073489279, "phase": "expert_plan_begin", "available_bytes": 17732898816, "cuda_allocated": 99305210368, "cuda_reserved": 99809755136, "layer": 8, "tokens": 128}
(Worker_TP1 pid=127) STARTUP_PROBE {"time_ns": 1789204932126737800, "phase": "expert_plan_end", "available_bytes": 17731768320, "cuda_allocated": 99305210368, "cuda_reserved": 99809755136, "layer": 8, "tokens": 128}
(Worker_TP1 pid=127) STARTUP_PROBE {"time_ns": 1789204932171046119, "phase": "expert_plan_begin", "available_bytes": 17725509632, "cuda_allocated": 99305211392, "cuda_reserved": 99805560832, "layer": 9, "tokens": 128}
(Worker_TP1 pid=127) STARTUP_PROBE {"time_ns": 1789204932226472370, "phase": "expert_plan_end", "available_bytes": 17717694464, "cuda_allocated": 99305211392, "cuda_reserved": 99805560832, "layer": 9, "tokens": 128}
(Worker_TP1 pid=127) STARTUP_PROBE {"time_ns": 1789204932286953398, "phase": "expert_plan_begin", "available_bytes": 17716367360, "cuda_allocated": 99305212416, "cuda_reserved": 99805560832, "layer": 10, "tokens": 128}
(Worker_TP1 pid=127) STARTUP_PROBE {"time_ns": 1789204932339756587, "phase": "expert_plan_end", "available_bytes": 17714372608, "cuda_allocated": 99305212416, "cuda_reserved": 99805560832, "layer": 10, "tokens": 128}
(Worker_TP1 pid=127) STARTUP_PROBE {"time_ns": 1789204932394380927, "phase": "expert_plan_begin", "available_bytes": 17700868096, "cuda_allocated": 99305213440, "cuda_reserved": 99805560832, "layer": 11, "tokens": 128}
(Worker_TP1 pid=127) STARTUP_PROBE {"time_ns": 1789204932447513047, "phase": "expert_plan_end", "available_bytes": 17698009088, "cuda_allocated": 99305213440, "cuda_reserved": 99805560832, "layer": 11, "tokens": 128}
(Worker_TP1 pid=127) STARTUP_PROBE {"time_ns": 1789204932510183886, "phase": "expert_plan_begin", "available_bytes": 17689497600, "cuda_allocated": 99305214464, "cuda_reserved": 99805560832, "layer": 12, "tokens": 128}
(Worker_TP1 pid=127) STARTUP_PROBE {"time_ns": 1789204932563506391, "phase": "expert_plan_end", "available_bytes": 17688625152, "cuda_allocated": 99305214464, "cuda_reserved": 99805560832, "layer": 12, "tokens": 128}
(Worker_TP1 pid=127) STARTUP_PROBE {"time_ns": 1789204932643164986, "phase": "expert_plan_begin", "available_bytes": 17687887872, "cuda_allocated": 99305215488, "cuda_reserved": 99805560832, "layer": 13, "tokens": 128}
(Worker_TP1 pid=127) STARTUP_PROBE {"time_ns": 1789204932697181353, "phase": "expert_plan_end", "available_bytes": 17686036480, "cuda_allocated": 99305215488, "cuda_reserved": 99805560832, "layer": 13, "tokens": 128}
(Worker_TP1 pid=127) STARTUP_PROBE {"time_ns": 1789204932764298357, "phase": "expert_plan_begin", "available_bytes": 17689370624, "cuda_allocated": 99305216512, "cuda_reserved": 99809755136, "layer": 14, "tokens": 128}
(Worker_TP1 pid=127) STARTUP_PROBE {"time_ns": 1789204932816956585, "phase": "expert_plan_end", "available_bytes": 17689341952, "cuda_allocated": 99305216512, "cuda_reserved": 99809755136, "layer": 14, "tokens": 128}
(Worker_TP1 pid=127) STARTUP_PROBE {"time_ns": 1789204932912003708, "phase": "expert_plan_begin", "available_bytes": 17699520512, "cuda_allocated": 99305053696, "cuda_reserved": 99805560832, "layer": 15, "tokens": 128}
(Worker_TP1 pid=127) STARTUP_PROBE {"time_ns": 1789204932964780912, "phase": "expert_plan_end", "available_bytes": 17712820224, "cuda_allocated": 99305053696, "cuda_reserved": 99805560832, "layer": 15, "tokens": 128}
(Worker_TP1 pid=127) STARTUP_PROBE {"time_ns": 1789204933017457876, "phase": "expert_plan_begin", "available_bytes": 17712566272, "cuda_allocated": 99305218560, "cuda_reserved": 99805560832, "layer": 16, "tokens": 128}
(Worker_TP1 pid=127) STARTUP_PROBE {"time_ns": 1789204933070952190, "phase": "expert_plan_end", "available_bytes": 17712504832, "cuda_allocated": 99305218560, "cuda_reserved": 99805560832, "layer": 16, "tokens": 128}
(Worker_TP1 pid=127) STARTUP_PROBE {"time_ns": 1789204933128864781, "phase": "expert_plan_begin", "available_bytes": 17712504832, "cuda_allocated": 99305219584, "cuda_reserved": 99805560832, "layer": 17, "tokens": 128}
(Worker_TP1 pid=127) STARTUP_PROBE {"time_ns": 1789204933180608489, "phase": "expert_plan_end", "available_bytes": 17712504832, "cuda_allocated": 99305219584, "cuda_reserved": 99805560832, "layer": 17, "tokens": 128}
(Worker_TP1 pid=127) STARTUP_PROBE {"time_ns": 1789204933231034378, "phase": "expert_plan_begin", "available_bytes": 17712508928, "cuda_allocated": 99305220608, "cuda_reserved": 99805560832, "layer": 18, "tokens": 128}
(Worker_TP1 pid=127) STARTUP_PROBE {"time_ns": 1789204933284955208, "phase": "expert_plan_end", "available_bytes": 17712508928, "cuda_allocated": 99305220608, "cuda_reserved": 99805560832, "layer": 18, "tokens": 128}
(Worker_TP1 pid=127) STARTUP_PROBE {"time_ns": 1789204933359817683, "phase": "expert_plan_begin", "available_bytes": 17710411776, "cuda_allocated": 99305221632, "cuda_reserved": 99805560832, "layer": 19, "tokens": 128}
(Worker_TP1 pid=127) STARTUP_PROBE {"time_ns": 1789204933412261172, "phase": "expert_plan_end", "available_bytes": 17710411776, "cuda_allocated": 99305221632, "cuda_reserved": 99805560832, "layer": 19, "tokens": 128}
(Worker_TP1 pid=127) STARTUP_PROBE {"time_ns": 1789204933479095421, "phase": "expert_plan_begin", "available_bytes": 17709219840, "cuda_allocated": 99305222656, "cuda_reserved": 99809755136, "layer": 20, "tokens": 128}
(Worker_TP1 pid=127) STARTUP_PROBE {"time_ns": 1789204933532388710, "phase": "expert_plan_end", "available_bytes": 17709219840, "cuda_allocated": 99305222656, "cuda_reserved": 99809755136, "layer": 20, "tokens": 128}
(Worker_TP1 pid=127) STARTUP_PROBE {"time_ns": 1789204933585448924, "phase": "expert_plan_begin", "available_bytes": 17713414144, "cuda_allocated": 99305223680, "cuda_reserved": 99805560832, "layer": 21, "tokens": 128}
(Worker_TP1 pid=127) STARTUP_PROBE {"time_ns": 1789204933637036327, "phase": "expert_plan_end", "available_bytes": 17713414144, "cuda_allocated": 99305223680, "cuda_reserved": 99805560832, "layer": 21, "tokens": 128}
(Worker_TP1 pid=127) STARTUP_PROBE {"time_ns": 1789204933693346072, "phase": "expert_plan_begin", "available_bytes": 17713414144, "cuda_allocated": 99305224704, "cuda_reserved": 99805560832, "layer": 22, "tokens": 128}
(Worker_TP1 pid=127) STARTUP_PROBE {"time_ns": 1789204933746261182, "phase": "expert_plan_end", "available_bytes": 17713414144, "cuda_allocated": 99305224704, "cuda_reserved": 99805560832, "layer": 22, "tokens": 128}
(Worker_TP1 pid=127) STARTUP_PROBE {"time_ns": 1789204933824008161, "phase": "expert_plan_begin", "available_bytes": 17713414144, "cuda_allocated": 99305225728, "cuda_reserved": 99805560832, "layer": 23, "tokens": 128}
(Worker_TP1 pid=127) STARTUP_PROBE {"time_ns": 1789204933876666628, "phase": "expert_plan_end", "available_bytes": 17721597952, "cuda_allocated": 99305225728, "cuda_reserved": 99805560832, "layer": 23, "tokens": 128}
(Worker_TP1 pid=127) STARTUP_PROBE {"time_ns": 1789204933935670684, "phase": "expert_plan_begin", "available_bytes": 17719156736, "cuda_allocated": 99305226752, "cuda_reserved": 99807657984, "layer": 24, "tokens": 128}
(Worker_TP1 pid=127) STARTUP_PROBE {"time_ns": 1789204933988388256, "phase": "expert_plan_end", "available_bytes": 17724030976, "cuda_allocated": 99305226752, "cuda_reserved": 99807657984, "layer": 24, "tokens": 128}
(Worker_TP1 pid=127) STARTUP_PROBE {"time_ns": 1789204934026597388, "phase": "expert_plan_begin", "available_bytes": 17725820928, "cuda_allocated": 99305227776, "cuda_reserved": 99805560832, "layer": 25, "tokens": 128}
(Worker_TP1 pid=127) STARTUP_PROBE {"time_ns": 1789204934080171590, "phase": "expert_plan_end", "available_bytes": 17725820928, "cuda_allocated": 99305227776, "cuda_reserved": 99805560832, "layer": 25, "tokens": 128}
(Worker_TP1 pid=127) STARTUP_PROBE {"time_ns": 1789204934121985919, "phase": "expert_plan_begin", "available_bytes": 17725820928, "cuda_allocated": 99305228800, "cuda_reserved": 99805560832, "layer": 26, "tokens": 128}
(Worker_TP1 pid=127) STARTUP_PROBE {"time_ns": 1789204934174529953, "phase": "expert_plan_end", "available_bytes": 17725825024, "cuda_allocated": 99305228800, "cuda_reserved": 99805560832, "layer": 26, "tokens": 128}
(Worker_TP1 pid=127) STARTUP_PROBE {"time_ns": 1789204934228131356, "phase": "expert_plan_begin", "available_bytes": 17725825024, "cuda_allocated": 99305229824, "cuda_reserved": 99805560832, "layer": 27, "tokens": 128}
(Worker_TP1 pid=127) STARTUP_PROBE {"time_ns": 1789204934281214562, "phase": "expert_plan_end", "available_bytes": 17725825024, "cuda_allocated": 99305229824, "cuda_reserved": 99805560832, "layer": 27, "tokens": 128}
(Worker_TP1 pid=127) STARTUP_PROBE {"time_ns": 1789204934351719913, "phase": "expert_plan_begin", "available_bytes": 17723469824, "cuda_allocated": 99305230848, "cuda_reserved": 99807657984, "layer": 28, "tokens": 128}
(Worker_TP1 pid=127) STARTUP_PROBE {"time_ns": 1789204934404628606, "phase": "expert_plan_end", "available_bytes": 17723469824, "cuda_allocated": 99305230848, "cuda_reserved": 99807657984, "layer": 28, "tokens": 128}
(Worker_TP1 pid=127) STARTUP_PROBE {"time_ns": 1789204934472160092, "phase": "expert_plan_begin", "available_bytes": 17720565760, "cuda_allocated": 99305231872, "cuda_reserved": 99805560832, "layer": 29, "tokens": 128}
(Worker_TP1 pid=127) STARTUP_PROBE {"time_ns": 1789204934524629421, "phase": "expert_plan_end", "available_bytes": 17720160256, "cuda_allocated": 99305231872, "cuda_reserved": 99805560832, "layer": 29, "tokens": 128}
(Worker_TP1 pid=127) STARTUP_PROBE {"time_ns": 1789204934591969289, "phase": "expert_plan_begin", "available_bytes": 17720160256, "cuda_allocated": 99305232896, "cuda_reserved": 99805560832, "layer": 30, "tokens": 128}
(Worker_TP1 pid=127) STARTUP_PROBE {"time_ns": 1789204934645737189, "phase": "expert_plan_end", "available_bytes": 17720160256, "cuda_allocated": 99305232896, "cuda_reserved": 99805560832, "layer": 30, "tokens": 128}
(Worker_TP1 pid=127) STARTUP_PROBE {"time_ns": 1789204934706185448, "phase": "expert_plan_begin", "available_bytes": 17720160256, "cuda_allocated": 99305233920, "cuda_reserved": 99805560832, "layer": 31, "tokens": 128}
(Worker_TP1 pid=127) STARTUP_PROBE {"time_ns": 1789204934757697266, "phase": "expert_plan_end", "available_bytes": 17720160256, "cuda_allocated": 99305233920, "cuda_reserved": 99805560832, "layer": 31, "tokens": 128}
(Worker_TP1 pid=127) STARTUP_PROBE {"time_ns": 1789204934828759037, "phase": "expert_plan_begin", "available_bytes": 17718063104, "cuda_allocated": 99305234944, "cuda_reserved": 99807657984, "layer": 32, "tokens": 128}
(Worker_TP1 pid=127) STARTUP_PROBE {"time_ns": 1789204934882284023, "phase": "expert_plan_end", "available_bytes": 17726246912, "cuda_allocated": 99305234944, "cuda_reserved": 99807657984, "layer": 32, "tokens": 128}
(Worker_TP1 pid=127) STARTUP_PROBE {"time_ns": 1789204934957619349, "phase": "expert_plan_begin", "available_bytes": 17732325376, "cuda_allocated": 99305235968, "cuda_reserved": 99805560832, "layer": 33, "tokens": 128}
(Worker_TP1 pid=127) STARTUP_PROBE {"time_ns": 1789204935010886573, "phase": "expert_plan_end", "available_bytes": 17728856064, "cuda_allocated": 99305235968, "cuda_reserved": 99805560832, "layer": 33, "tokens": 128}
(Worker_TP1 pid=127) STARTUP_PROBE {"time_ns": 1789204935078697164, "phase": "expert_plan_begin", "available_bytes": 17729622016, "cuda_allocated": 99305236992, "cuda_reserved": 99805560832, "layer": 34, "tokens": 128}
(Worker_TP1 pid=127) STARTUP_PROBE {"time_ns": 1789204935132253142, "phase": "expert_plan_end", "available_bytes": 17729626112, "cuda_allocated": 99305236992, "cuda_reserved": 99805560832, "layer": 34, "tokens": 128}
(Worker_TP1 pid=127) STARTUP_PROBE {"time_ns": 1789204935199475329, "phase": "expert_plan_begin", "available_bytes": 17729626112, "cuda_allocated": 99305238016, "cuda_reserved": 99805560832, "layer": 35, "tokens": 128}
(Worker_TP1 pid=127) STARTUP_PROBE {"time_ns": 1789204935253079883, "phase": "expert_plan_end", "available_bytes": 17729626112, "cuda_allocated": 99305238016, "cuda_reserved": 99805560832, "layer": 35, "tokens": 128}
(Worker_TP1 pid=127) STARTUP_PROBE {"time_ns": 1789204935333036959, "phase": "expert_plan_begin", "available_bytes": 17727270912, "cuda_allocated": 99305239040, "cuda_reserved": 99807657984, "layer": 36, "tokens": 128}
(Worker_TP1 pid=127) STARTUP_PROBE {"time_ns": 1789204935385025804, "phase": "expert_plan_end", "available_bytes": 17727270912, "cuda_allocated": 99305239040, "cuda_reserved": 99807657984, "layer": 36, "tokens": 128}
(Worker_TP1 pid=127) STARTUP_PROBE {"time_ns": 1789204935446097220, "phase": "expert_plan_begin", "available_bytes": 17727270912, "cuda_allocated": 99308772864, "cuda_reserved": 99807657984, "layer": 37, "tokens": 128}
(Worker_TP1 pid=127) STARTUP_PROBE {"time_ns": 1789204935498555380, "phase": "expert_plan_end", "available_bytes": 17724997632, "cuda_allocated": 99308772864, "cuda_reserved": 99807657984, "layer": 37, "tokens": 128}
(Worker_TP1 pid=127) STARTUP_PROBE {"time_ns": 1789204935572718488, "phase": "expert_plan_begin", "available_bytes": 17724547072, "cuda_allocated": 99309480448, "cuda_reserved": 99807657984, "layer": 38, "tokens": 128}
(Worker_TP1 pid=127) STARTUP_PROBE {"time_ns": 1789204935625797134, "phase": "expert_plan_end", "available_bytes": 17724551168, "cuda_allocated": 99309480448, "cuda_reserved": 99807657984, "layer": 38, "tokens": 128}
(Worker_TP1 pid=127) EXPERT_STREAM {"hits": 0, "misses": 0, "read_bytes": 0, "read_seconds": 0.0, "rank": 1, "cache_bytes": 0, "slot_hits": 84548, "slot_misses": 28642, "packed_read_bytes": 269243965440, "graph_replays": 4178, "routed_pipeline_batches": 0, "routed_pipeline_bytes": 0, "prefetch_issued": 0, "prefetch_read_bytes": 0, "prefetch_consumed": 0, "prefetch_ready": 0, "prefetch_late": 0, "prefetch_cancelled": 0, "prefetch_unused": 0, "demand_read_bytes": 269243965440, "io_batches": 2373, "io_overlaps": 2334, "staging_bytes": 0, "staging_banks": 0, "prefetch_pending": 0, "execution_buffer_bytes": 122948808, "scratch_bytes": 402653184, "gpu_cache_bytes": 87836590080}
(Worker_TP1 pid=127) b12x policy fallback: moe.decode is using a heuristic on nvidia gb10 (compute capability 12.1, 48 SMs) because profile 'nvidia.gb10.48sm' does not cover the query; query={'activation': 'silu', 'hidden_size': 5120, 'intermediate_size': 1152, 'num_experts': 224, 'num_tokens': 128, 'numerical_recipe': 'deepseek_v41', 'quant_mode': 'w4a8_mx', 'routed_rows': 768, 'source_format': 'fp4_e8m0_k32', 'top_k': 6}
(Worker_TP1 pid=127) FINAL_DECODER_ROWS {"input_rows": 69, "output_rows": 1, "layer": 39, "scope": "routed_experts_only"}
(Worker_TP1 pid=127) WARNING 09-12 09:22:15 [jit_monitor.py:141] Triton kernel JIT compilation during inference: _prepare_dflash_inputs_kernel. This causes a latency spike; consider extending warmup to cover this shape/config.
(Worker_TP1 pid=127) EXPERT_STREAM {"hits": 0, "misses": 0, "read_bytes": 0, "read_seconds": 0.0, "rank": 1, "cache_bytes": 0, "slot_hits": 85401, "slot_misses": 28835, "packed_read_bytes": 271058227200, "graph_replays": 4221, "routed_pipeline_batches": 0, "routed_pipeline_bytes": 0, "prefetch_issued": 0, "prefetch_read_bytes": 0, "prefetch_consumed": 0, "prefetch_ready": 0, "prefetch_late": 0, "prefetch_cancelled": 0, "prefetch_unused": 0, "demand_read_bytes": 271058227200, "io_batches": 2413, "io_overlaps": 2374, "staging_bytes": 0, "staging_banks": 0, "prefetch_pending": 0, "execution_buffer_bytes": 122948808, "scratch_bytes": 402653184, "gpu_cache_bytes": 87836590080}
(Worker_TP1 pid=127) EXPERT_STREAM {"hits": 0, "misses": 0, "read_bytes": 0, "read_seconds": 0.0, "rank": 1, "cache_bytes": 0, "slot_hits": 86195, "slot_misses": 28882, "packed_read_bytes": 271500042240, "graph_replays": 4264, "routed_pipeline_batches": 0, "routed_pipeline_bytes": 0, "prefetch_issued": 0, "prefetch_read_bytes": 0, "prefetch_consumed": 0, "prefetch_ready": 0, "prefetch_late": 0, "prefetch_cancelled": 0, "prefetch_unused": 0, "demand_read_bytes": 271500042240, "io_batches": 2438, "io_overlaps": 2399, "staging_bytes": 0, "staging_banks": 0, "prefetch_pending": 0, "execution_buffer_bytes": 122948808, "scratch_bytes": 402653184, "gpu_cache_bytes": 87836590080}
(Worker_TP1 pid=127) EXPERT_STREAM {"hits": 0, "misses": 0, "read_bytes": 0, "read_seconds": 0.0, "rank": 1, "cache_bytes": 0, "slot_hits": 87158, "slot_misses": 28948, "packed_read_bytes": 272120463360, "graph_replays": 4307, "routed_pipeline_batches": 0, "routed_pipeline_bytes": 0, "prefetch_issued": 0, "prefetch_read_bytes": 0, "prefetch_consumed": 0, "prefetch_ready": 0, "prefetch_late": 0, "prefetch_cancelled": 0, "prefetch_unused": 0, "demand_read_bytes": 272120463360, "io_batches": 2475, "io_overlaps": 2436, "staging_bytes": 0, "staging_banks": 0, "prefetch_pending": 0, "execution_buffer_bytes": 122948808, "scratch_bytes": 402653184, "gpu_cache_bytes": 87836590080}
(Worker_TP1 pid=127) EXPERT_CACHE_RESET 1789204948700308732
(Worker_TP1 pid=127) EXPERT_STREAM {"hits": 0, "misses": 0, "read_bytes": 0, "read_seconds": 0.0, "rank": 1, "cache_bytes": 0, "slot_hits": 0, "slot_misses": 13457, "packed_read_bytes": 126500106240, "graph_replays": 157, "routed_pipeline_batches": 0, "routed_pipeline_bytes": 0, "prefetch_issued": 0, "prefetch_read_bytes": 0, "prefetch_consumed": 0, "prefetch_ready": 0, "prefetch_late": 0, "prefetch_cancelled": 0, "prefetch_unused": 0, "demand_read_bytes": 126500106240, "io_batches": 79, "io_overlaps": 40, "staging_bytes": 0, "staging_banks": 0, "prefetch_pending": 0, "execution_buffer_bytes": 122948808, "scratch_bytes": 402653184, "gpu_cache_bytes": 87836590080}
(Worker_TP1 pid=127) FINAL_DECODER_ROWS {"input_rows": 4092, "output_rows": 1, "layer": 39, "scope": "routed_experts_only"}
(Worker_TP1 pid=127) EXPERT_STREAM {"hits": 0, "misses": 0, "read_bytes": 0, "read_seconds": 0.0, "rank": 1, "cache_bytes": 0, "slot_hits": 7895, "slot_misses": 17737, "packed_read_bytes": 166733475840, "graph_replays": 317, "routed_pipeline_batches": 0, "routed_pipeline_bytes": 0, "prefetch_issued": 0, "prefetch_read_bytes": 0, "prefetch_consumed": 0, "prefetch_ready": 0, "prefetch_late": 0, "prefetch_cancelled": 0, "prefetch_unused": 0, "demand_read_bytes": 166733475840, "io_batches": 122, "io_overlaps": 83, "staging_bytes": 0, "staging_banks": 0, "prefetch_pending": 0, "execution_buffer_bytes": 122948808, "scratch_bytes": 402653184, "gpu_cache_bytes": 87836590080}
(Worker_TP1 pid=127) FINAL_DECODER_ROWS {"input_rows": 2216, "output_rows": 1, "layer": 39, "scope": "routed_experts_only"}
(Worker_TP1 pid=127) EXPERT_STREAM {"hits": 0, "misses": 0, "read_bytes": 0, "read_seconds": 0.0, "rank": 1, "cache_bytes": 0, "slot_hits": 8640, "slot_misses": 17937, "packed_read_bytes": 168613539840, "graph_replays": 360, "routed_pipeline_batches": 0, "routed_pipeline_bytes": 0, "prefetch_issued": 0, "prefetch_read_bytes": 0, "prefetch_consumed": 0, "prefetch_ready": 0, "prefetch_late": 0, "prefetch_cancelled": 0, "prefetch_unused": 0, "demand_read_bytes": 168613539840, "io_batches": 164, "io_overlaps": 125, "staging_bytes": 0, "staging_banks": 0, "prefetch_pending": 0, "execution_buffer_bytes": 122948808, "scratch_bytes": 402653184, "gpu_cache_bytes": 87836590080}
(Worker_TP1 pid=127) EXPERT_STREAM {"hits": 0, "misses": 0, "read_bytes": 0, "read_seconds": 0.0, "rank": 1, "cache_bytes": 0, "slot_hits": 9402, "slot_misses": 18059, "packed_read_bytes": 169760378880, "graph_replays": 403, "routed_pipeline_batches": 0, "routed_pipeline_bytes": 0, "prefetch_issued": 0, "prefetch_read_bytes": 0, "prefetch_consumed": 0, "prefetch_ready": 0, "prefetch_late": 0, "prefetch_cancelled": 0, "prefetch_unused": 0, "demand_read_bytes": 169760378880, "io_batches": 204, "io_overlaps": 165, "staging_bytes": 0, "staging_banks": 0, "prefetch_pending": 0, "execution_buffer_bytes": 122948808, "scratch_bytes": 402653184, "gpu_cache_bytes": 87836590080}
(Worker_TP1 pid=127) EXPERT_CACHE_RESET 1789204982150978616
(Worker_TP1 pid=127) EXPERT_STREAM {"hits": 0, "misses": 0, "read_bytes": 0, "read_seconds": 0.0, "rank": 1, "cache_bytes": 0, "slot_hits": 0, "slot_misses": 13803, "packed_read_bytes": 129752616960, "graph_replays": 160, "routed_pipeline_batches": 0, "routed_pipeline_bytes": 0, "prefetch_issued": 0, "prefetch_read_bytes": 0, "prefetch_consumed": 0, "prefetch_ready": 0, "prefetch_late": 0, "prefetch_cancelled": 0, "prefetch_unused": 0, "demand_read_bytes": 129752616960, "io_batches": 80, "io_overlaps": 40, "staging_bytes": 0, "staging_banks": 0, "prefetch_pending": 0, "execution_buffer_bytes": 122948808, "scratch_bytes": 402653184, "gpu_cache_bytes": 87836590080}
(Worker_TP1 pid=127) EXPERT_STREAM {"hits": 0, "misses": 0, "read_bytes": 0, "read_seconds": 0.0, "rank": 1, "cache_bytes": 0, "slot_hits": 8106, "slot_misses": 18168, "packed_read_bytes": 170785013760, "graph_replays": 323, "routed_pipeline_batches": 0, "routed_pipeline_bytes": 0, "prefetch_issued": 0, "prefetch_read_bytes": 0, "prefetch_consumed": 0, "prefetch_ready": 0, "prefetch_late": 0, "prefetch_cancelled": 0, "prefetch_unused": 0, "demand_read_bytes": 170785013760, "io_batches": 123, "io_overlaps": 83, "staging_bytes": 0, "staging_banks": 0, "prefetch_pending": 0, "execution_buffer_bytes": 122948808, "scratch_bytes": 402653184, "gpu_cache_bytes": 87836590080}
(Worker_TP1 pid=127) EXPERT_STREAM {"hits": 0, "misses": 0, "read_bytes": 0, "read_seconds": 0.0, "rank": 1, "cache_bytes": 0, "slot_hits": 8886, "slot_misses": 18354, "packed_read_bytes": 172533473280, "graph_replays": 366, "routed_pipeline_batches": 0, "routed_pipeline_bytes": 0, "prefetch_issued": 0, "prefetch_read_bytes": 0, "prefetch_consumed": 0, "prefetch_ready": 0, "prefetch_late": 0, "prefetch_cancelled": 0, "prefetch_unused": 0, "demand_read_bytes": 172533473280, "io_batches": 166, "io_overlaps": 126, "staging_bytes": 0, "staging_banks": 0, "prefetch_pending": 0, "execution_buffer_bytes": 122948808, "scratch_bytes": 402653184, "gpu_cache_bytes": 87836590080}
(Worker_TP1 pid=127) EXPERT_STREAM {"hits": 0, "misses": 0, "read_bytes": 0, "read_seconds": 0.0, "rank": 1, "cache_bytes": 0, "slot_hits": 9657, "slot_misses": 18455, "packed_read_bytes": 173482905600, "graph_replays": 409, "routed_pipeline_batches": 0, "routed_pipeline_bytes": 0, "prefetch_issued": 0, "prefetch_read_bytes": 0, "prefetch_consumed": 0, "prefetch_ready": 0, "prefetch_late": 0, "prefetch_cancelled": 0, "prefetch_unused": 0, "demand_read_bytes": 173482905600, "io_batches": 205, "io_overlaps": 165, "staging_bytes": 0, "staging_banks": 0, "prefetch_pending": 0, "execution_buffer_bytes": 122948808, "scratch_bytes": 402653184, "gpu_cache_bytes": 87836590080}
(Worker_TP1 pid=127) EXPERT_CACHE_RESET 1789205016265283904
(Worker_TP1 pid=127) EXPERT_STREAM {"hits": 0, "misses": 0, "read_bytes": 0, "read_seconds": 0.0, "rank": 1, "cache_bytes": 0, "slot_hits": 0, "slot_misses": 13482, "packed_read_bytes": 126735114240, "graph_replays": 157, "routed_pipeline_batches": 0, "routed_pipeline_bytes": 0, "prefetch_issued": 0, "prefetch_read_bytes": 0, "prefetch_consumed": 0, "prefetch_ready": 0, "prefetch_late": 0, "prefetch_cancelled": 0, "prefetch_unused": 0, "demand_read_bytes": 126735114240, "io_batches": 79, "io_overlaps": 40, "staging_bytes": 0, "staging_banks": 0, "prefetch_pending": 0, "execution_buffer_bytes": 122948808, "scratch_bytes": 402653184, "gpu_cache_bytes": 87836590080}
(Worker_TP1 pid=127) FINAL_DECODER_ROWS {"input_rows": 4092, "output_rows": 1, "layer": 39, "scope": "routed_experts_only"}
(Worker_TP1 pid=127) EXPERT_STREAM {"hits": 0, "misses": 0, "read_bytes": 0, "read_seconds": 0.0, "rank": 1, "cache_bytes": 0, "slot_hits": 8483, "slot_misses": 18819, "packed_read_bytes": 176904622080, "graph_replays": 317, "routed_pipeline_batches": 0, "routed_pipeline_bytes": 0, "prefetch_issued": 0, "prefetch_read_bytes": 0, "prefetch_consumed": 0, "prefetch_ready": 0, "prefetch_late": 0, "prefetch_cancelled": 0, "prefetch_unused": 0, "demand_read_bytes": 176904622080, "io_batches": 122, "io_overlaps": 83, "staging_bytes": 0, "staging_banks": 0, "prefetch_pending": 0, "execution_buffer_bytes": 122948808, "scratch_bytes": 402653184, "gpu_cache_bytes": 87836590080}
(Worker_TP1 pid=127) FINAL_DECODER_ROWS {"input_rows": 4092, "output_rows": 1, "layer": 39, "scope": "routed_experts_only"}
(Worker_TP1 pid=127) EXPERT_STREAM {"hits": 0, "misses": 0, "read_bytes": 0, "read_seconds": 0.0, "rank": 1, "cache_bytes": 0, "slot_hits": 16304, "slot_misses": 23808, "packed_read_bytes": 223802818560, "graph_replays": 477, "routed_pipeline_batches": 0, "routed_pipeline_bytes": 0, "prefetch_issued": 0, "prefetch_read_bytes": 0, "prefetch_consumed": 0, "prefetch_ready": 0, "prefetch_late": 0, "prefetch_cancelled": 0, "prefetch_unused": 0, "demand_read_bytes": 223802818560, "io_batches": 165, "io_overlaps": 126, "staging_bytes": 0, "staging_banks": 0, "prefetch_pending": 0, "execution_buffer_bytes": 122948808, "scratch_bytes": 402653184, "gpu_cache_bytes": 87836590080}
(Worker_TP1 pid=127) FINAL_DECODER_ROWS {"input_rows": 4092, "output_rows": 1, "layer": 39, "scope": "routed_experts_only"}
(Worker_TP1 pid=127) EXPERT_STREAM {"hits": 0, "misses": 0, "read_bytes": 0, "read_seconds": 0.0, "rank": 1, "cache_bytes": 0, "slot_hits": 23162, "slot_misses": 26722, "packed_read_bytes": 251195351040, "graph_replays": 553, "routed_pipeline_batches": 0, "routed_pipeline_bytes": 0, "prefetch_issued": 0, "prefetch_read_bytes": 0, "prefetch_consumed": 0, "prefetch_ready": 0, "prefetch_late": 0, "prefetch_cancelled": 0, "prefetch_unused": 0, "demand_read_bytes": 251195351040, "io_batches": 207, "io_overlaps": 168, "staging_bytes": 0, "staging_banks": 0, "prefetch_pending": 0, "execution_buffer_bytes": 122948808, "scratch_bytes": 402653184, "gpu_cache_bytes": 87836590080}
(Worker_TP1 pid=127) FINAL_DECODER_ROWS {"input_rows": 658, "output_rows": 1, "layer": 39, "scope": "routed_experts_only"}
(Worker_TP1 pid=127) EXPERT_STREAM {"hits": 0, "misses": 0, "read_bytes": 0, "read_seconds": 0.0, "rank": 1, "cache_bytes": 0, "slot_hits": 23953, "slot_misses": 26923, "packed_read_bytes": 253084815360, "graph_replays": 596, "routed_pipeline_batches": 0, "routed_pipeline_bytes": 0, "prefetch_issued": 0, "prefetch_read_bytes": 0, "prefetch_consumed": 0, "prefetch_ready": 0, "prefetch_late": 0, "prefetch_cancelled": 0, "prefetch_unused": 0, "demand_read_bytes": 253084815360, "io_batches": 247, "io_overlaps": 208, "staging_bytes": 0, "staging_banks": 0, "prefetch_pending": 0, "execution_buffer_bytes": 122948808, "scratch_bytes": 402653184, "gpu_cache_bytes": 87836590080}
(Worker_TP1 pid=127) EXPERT_STREAM {"hits": 0, "misses": 0, "read_bytes": 0, "read_seconds": 0.0, "rank": 1, "cache_bytes": 0, "slot_hits": 24864, "slot_misses": 27013, "packed_read_bytes": 253930844160, "graph_replays": 639, "routed_pipeline_batches": 0, "routed_pipeline_bytes": 0, "prefetch_issued": 0, "prefetch_read_bytes": 0, "prefetch_consumed": 0, "prefetch_ready": 0, "prefetch_late": 0, "prefetch_cancelled": 0, "prefetch_unused": 0, "demand_read_bytes": 253930844160, "io_batches": 283, "io_overlaps": 244, "staging_bytes": 0, "staging_banks": 0, "prefetch_pending": 0, "execution_buffer_bytes": 122948808, "scratch_bytes": 402653184, "gpu_cache_bytes": 87836590080}
(Worker_TP1 pid=127) EXPERT_STREAM {"hits": 0, "misses": 0, "read_bytes": 0, "read_seconds": 0.0, "rank": 1, "cache_bytes": 0, "slot_hits": 25825, "slot_misses": 27146, "packed_read_bytes": 255181086720, "graph_replays": 682, "routed_pipeline_batches": 0, "routed_pipeline_bytes": 0, "prefetch_issued": 0, "prefetch_read_bytes": 0, "prefetch_consumed": 0, "prefetch_ready": 0, "prefetch_late": 0, "prefetch_cancelled": 0, "prefetch_unused": 0, "demand_read_bytes": 255181086720, "io_batches": 324, "io_overlaps": 285, "staging_bytes": 0, "staging_banks": 0, "prefetch_pending": 0, "execution_buffer_bytes": 122948808, "scratch_bytes": 402653184, "gpu_cache_bytes": 87836590080}
(Worker_TP1 pid=127) EXPERT_CACHE_RESET 1789205070344422718
(Worker_TP1 pid=127) EXPERT_STREAM {"hits": 0, "misses": 0, "read_bytes": 0, "read_seconds": 0.0, "rank": 1, "cache_bytes": 0, "slot_hits": 0, "slot_misses": 13824, "packed_read_bytes": 129950023680, "graph_replays": 160, "routed_pipeline_batches": 0, "routed_pipeline_bytes": 0, "prefetch_issued": 0, "prefetch_read_bytes": 0, "prefetch_consumed": 0, "prefetch_ready": 0, "prefetch_late": 0, "prefetch_cancelled": 0, "prefetch_unused": 0, "demand_read_bytes": 129950023680, "io_batches": 80, "io_overlaps": 40, "staging_bytes": 0, "staging_banks": 0, "prefetch_pending": 0, "execution_buffer_bytes": 122948808, "scratch_bytes": 402653184, "gpu_cache_bytes": 87836590080}
(Worker_TP1 pid=127) EXPERT_STREAM {"hits": 0, "misses": 0, "read_bytes": 0, "read_seconds": 0.0, "rank": 1, "cache_bytes": 0, "slot_hits": 8694, "slot_misses": 19297, "packed_read_bytes": 181397975040, "graph_replays": 323, "routed_pipeline_batches": 0, "routed_pipeline_bytes": 0, "prefetch_issued": 0, "prefetch_read_bytes": 0, "prefetch_consumed": 0, "prefetch_ready": 0, "prefetch_late": 0, "prefetch_cancelled": 0, "prefetch_unused": 0, "demand_read_bytes": 181397975040, "io_batches": 123, "io_overlaps": 83, "staging_bytes": 0, "staging_banks": 0, "prefetch_pending": 0, "execution_buffer_bytes": 122948808, "scratch_bytes": 402653184, "gpu_cache_bytes": 87836590080}
(Worker_TP1 pid=127) EXPERT_STREAM {"hits": 0, "misses": 0, "read_bytes": 0, "read_seconds": 0.0, "rank": 1, "cache_bytes": 0, "slot_hits": 16675, "slot_misses": 24403, "packed_read_bytes": 229396008960, "graph_replays": 486, "routed_pipeline_batches": 0, "routed_pipeline_bytes": 0, "prefetch_issued": 0, "prefetch_read_bytes": 0, "prefetch_consumed": 0, "prefetch_ready": 0, "prefetch_late": 0, "prefetch_cancelled": 0, "prefetch_unused": 0, "demand_read_bytes": 229396008960, "io_batches": 166, "io_overlaps": 126, "staging_bytes": 0, "staging_banks": 0, "prefetch_pending": 0, "execution_buffer_bytes": 122948808, "scratch_bytes": 402653184, "gpu_cache_bytes": 87836590080}
(Worker_TP1 pid=127) EXPERT_STREAM {"hits": 0, "misses": 0, "read_bytes": 0, "read_seconds": 0.0, "rank": 1, "cache_bytes": 0, "slot_hits": 23697, "slot_misses": 27323, "packed_read_bytes": 256844943360, "graph_replays": 561, "routed_pipeline_batches": 0, "routed_pipeline_bytes": 0, "prefetch_issued": 0, "prefetch_read_bytes": 0, "prefetch_consumed": 0, "prefetch_ready": 0, "prefetch_late": 0, "prefetch_cancelled": 0, "prefetch_unused": 0, "demand_read_bytes": 256844943360, "io_batches": 208, "io_overlaps": 168, "staging_bytes": 0, "staging_banks": 0, "prefetch_pending": 0, "execution_buffer_bytes": 122948808, "scratch_bytes": 402653184, "gpu_cache_bytes": 87836590080}
(Worker_TP1 pid=127) EXPERT_STREAM {"hits": 0, "misses": 0, "read_bytes": 0, "read_seconds": 0.0, "rank": 1, "cache_bytes": 0, "slot_hits": 24544, "slot_misses": 27537, "packed_read_bytes": 258856611840, "graph_replays": 604, "routed_pipeline_batches": 0, "routed_pipeline_bytes": 0, "prefetch_issued": 0, "prefetch_read_bytes": 0, "prefetch_consumed": 0, "prefetch_ready": 0, "prefetch_late": 0, "prefetch_cancelled": 0, "prefetch_unused": 0, "demand_read_bytes": 258856611840, "io_batches": 251, "io_overlaps": 211, "staging_bytes": 0, "staging_banks": 0, "prefetch_pending": 0, "execution_buffer_bytes": 122948808, "scratch_bytes": 402653184, "gpu_cache_bytes": 87836590080}
(Worker_TP1 pid=127) EXPERT_STREAM {"hits": 0, "misses": 0, "read_bytes": 0, "read_seconds": 0.0, "rank": 1, "cache_bytes": 0, "slot_hits": 25359, "slot_misses": 27655, "packed_read_bytes": 259965849600, "graph_replays": 647, "routed_pipeline_batches": 0, "routed_pipeline_bytes": 0, "prefetch_issued": 0, "prefetch_read_bytes": 0, "prefetch_consumed": 0, "prefetch_ready": 0, "prefetch_late": 0, "prefetch_cancelled": 0, "prefetch_unused": 0, "demand_read_bytes": 259965849600, "io_batches": 289, "io_overlaps": 249, "staging_bytes": 0, "staging_banks": 0, "prefetch_pending": 0, "execution_buffer_bytes": 122948808, "scratch_bytes": 402653184, "gpu_cache_bytes": 87836590080}
(Worker_TP1 pid=127) EXPERT_STREAM {"hits": 0, "misses": 0, "read_bytes": 0, "read_seconds": 0.0, "rank": 1, "cache_bytes": 0, "slot_hits": 26301, "slot_misses": 27752, "packed_read_bytes": 260877680640, "graph_replays": 690, "routed_pipeline_batches": 0, "routed_pipeline_bytes": 0, "prefetch_issued": 0, "prefetch_read_bytes": 0, "prefetch_consumed": 0, "prefetch_ready": 0, "prefetch_late": 0, "prefetch_cancelled": 0, "prefetch_unused": 0, "demand_read_bytes": 260877680640, "io_batches": 329, "io_overlaps": 289, "staging_bytes": 0, "staging_banks": 0, "prefetch_pending": 0, "execution_buffer_bytes": 122948808, "scratch_bytes": 402653184, "gpu_cache_bytes": 87836590080}
(Worker_TP1 pid=127) EXPERT_CACHE_RESET 1789205125471656367
(Worker_TP1 pid=127) EXPERT_STREAM {"hits": 0, "misses": 0, "read_bytes": 0, "read_seconds": 0.0, "rank": 1, "cache_bytes": 0, "slot_hits": 0, "slot_misses": 13810, "packed_read_bytes": 129818419200, "graph_replays": 160, "routed_pipeline_batches": 0, "routed_pipeline_bytes": 0, "prefetch_issued": 0, "prefetch_read_bytes": 0, "prefetch_consumed": 0, "prefetch_ready": 0, "prefetch_late": 0, "prefetch_cancelled": 0, "prefetch_unused": 0, "demand_read_bytes": 129818419200, "io_batches": 80, "io_overlaps": 40, "staging_bytes": 0, "staging_banks": 0, "prefetch_pending": 0, "execution_buffer_bytes": 122948808, "scratch_bytes": 402653184, "gpu_cache_bytes": 87836590080}
(Worker_TP1 pid=127) EXPERT_STREAM {"hits": 0, "misses": 0, "read_bytes": 0, "read_seconds": 0.0, "rank": 1, "cache_bytes": 0, "slot_hits": 8106, "slot_misses": 18147, "packed_read_bytes": 170587607040, "graph_replays": 323, "routed_pipeline_batches": 0, "routed_pipeline_bytes": 0, "prefetch_issued": 0, "prefetch_read_bytes": 0, "prefetch_consumed": 0, "prefetch_ready": 0, "prefetch_late": 0, "prefetch_cancelled": 0, "prefetch_unused": 0, "demand_read_bytes": 170587607040, "io_batches": 123, "io_overlaps": 83, "staging_bytes": 0, "staging_banks": 0, "prefetch_pending": 0, "execution_buffer_bytes": 122948808, "scratch_bytes": 402653184, "gpu_cache_bytes": 87836590080}
(Worker_TP1 pid=127) EXPERT_STREAM {"hits": 0, "misses": 0, "read_bytes": 0, "read_seconds": 0.0, "rank": 1, "cache_bytes": 0, "slot_hits": 8873, "slot_misses": 18335, "packed_read_bytes": 172354867200, "graph_replays": 366, "routed_pipeline_batches": 0, "routed_pipeline_bytes": 0, "prefetch_issued": 0, "prefetch_read_bytes": 0, "prefetch_consumed": 0, "prefetch_ready": 0, "prefetch_late": 0, "prefetch_cancelled": 0, "prefetch_unused": 0, "demand_read_bytes": 172354867200, "io_batches": 165, "io_overlaps": 125, "staging_bytes": 0, "staging_banks": 0, "prefetch_pending": 0, "execution_buffer_bytes": 122948808, "scratch_bytes": 402653184, "gpu_cache_bytes": 87836590080}
(Worker_TP1 pid=127) EXPERT_STREAM {"hits": 0, "misses": 0, "read_bytes": 0, "read_seconds": 0.0, "rank": 1, "cache_bytes": 0, "slot_hits": 9632, "slot_misses": 18434, "packed_read_bytes": 173285498880, "graph_replays": 409, "routed_pipeline_batches": 0, "routed_pipeline_bytes": 0, "prefetch_issued": 0, "prefetch_read_bytes": 0, "prefetch_consumed": 0, "prefetch_ready": 0, "prefetch_late": 0, "prefetch_cancelled": 0, "prefetch_unused": 0, "demand_read_bytes": 173285498880, "io_batches": 206, "io_overlaps": 166, "staging_bytes": 0, "staging_banks": 0, "prefetch_pending": 0, "execution_buffer_bytes": 122948808, "scratch_bytes": 402653184, "gpu_cache_bytes": 87836590080}
(Worker_TP1 pid=127) EXPERT_CACHE_RESET 1789205159390905486
(Worker_TP1 pid=127) EXPERT_STREAM {"hits": 0, "misses": 0, "read_bytes": 0, "read_seconds": 0.0, "rank": 1, "cache_bytes": 0, "slot_hits": 0, "slot_misses": 13474, "packed_read_bytes": 126659911680, "graph_replays": 157, "routed_pipeline_batches": 0, "routed_pipeline_bytes": 0, "prefetch_issued": 0, "prefetch_read_bytes": 0, "prefetch_consumed": 0, "prefetch_ready": 0, "prefetch_late": 0, "prefetch_cancelled": 0, "prefetch_unused": 0, "demand_read_bytes": 126659911680, "io_batches": 79, "io_overlaps": 40, "staging_bytes": 0, "staging_banks": 0, "prefetch_pending": 0, "execution_buffer_bytes": 122948808, "scratch_bytes": 402653184, "gpu_cache_bytes": 87836590080}
(Worker_TP1 pid=127) FINAL_DECODER_ROWS {"input_rows": 4092, "output_rows": 1, "layer": 39, "scope": "routed_experts_only"}
(Worker_TP1 pid=127) EXPERT_STREAM {"hits": 0, "misses": 0, "read_bytes": 0, "read_seconds": 0.0, "rank": 1, "cache_bytes": 0, "slot_hits": 7874, "slot_misses": 17733, "packed_read_bytes": 166695874560, "graph_replays": 317, "routed_pipeline_batches": 0, "routed_pipeline_bytes": 0, "prefetch_issued": 0, "prefetch_read_bytes": 0, "prefetch_consumed": 0, "prefetch_ready": 0, "prefetch_late": 0, "prefetch_cancelled": 0, "prefetch_unused": 0, "demand_read_bytes": 166695874560, "io_batches": 122, "io_overlaps": 83, "staging_bytes": 0, "staging_banks": 0, "prefetch_pending": 0, "execution_buffer_bytes": 122948808, "scratch_bytes": 402653184, "gpu_cache_bytes": 87836590080}
(Worker_TP1 pid=127) FINAL_DECODER_ROWS {"input_rows": 2216, "output_rows": 1, "layer": 39, "scope": "routed_experts_only"}
(Worker_TP1 pid=127) EXPERT_STREAM {"hits": 0, "misses": 0, "read_bytes": 0, "read_seconds": 0.0, "rank": 1, "cache_bytes": 0, "slot_hits": 8655, "slot_misses": 17940, "packed_read_bytes": 168641740800, "graph_replays": 360, "routed_pipeline_batches": 0, "routed_pipeline_bytes": 0, "prefetch_issued": 0, "prefetch_read_bytes": 0, "prefetch_consumed": 0, "prefetch_ready": 0, "prefetch_late": 0, "prefetch_cancelled": 0, "prefetch_unused": 0, "demand_read_bytes": 168641740800, "io_batches": 165, "io_overlaps": 126, "staging_bytes": 0, "staging_banks": 0, "prefetch_pending": 0, "execution_buffer_bytes": 122948808, "scratch_bytes": 402653184, "gpu_cache_bytes": 87836590080}
(Worker_TP1 pid=127) EXPERT_STREAM {"hits": 0, "misses": 0, "read_bytes": 0, "read_seconds": 0.0, "rank": 1, "cache_bytes": 0, "slot_hits": 9475, "slot_misses": 18166, "packed_read_bytes": 170766213120, "graph_replays": 403, "routed_pipeline_batches": 0, "routed_pipeline_bytes": 0, "prefetch_issued": 0, "prefetch_read_bytes": 0, "prefetch_consumed": 0, "prefetch_ready": 0, "prefetch_late": 0, "prefetch_cancelled": 0, "prefetch_unused": 0, "demand_read_bytes": 170766213120, "io_batches": 208, "io_overlaps": 169, "staging_bytes": 0, "staging_banks": 0, "prefetch_pending": 0, "execution_buffer_bytes": 122948808, "scratch_bytes": 402653184, "gpu_cache_bytes": 87836590080}
(Worker_TP1 pid=127) EXPERT_CACHE_RESET 1789205192744044196
(Worker_TP1 pid=127) EXPERT_STREAM {"hits": 0, "misses": 0, "read_bytes": 0, "read_seconds": 0.0, "rank": 1, "cache_bytes": 0, "slot_hits": 0, "slot_misses": 13818, "packed_read_bytes": 129893621760, "graph_replays": 160, "routed_pipeline_batches": 0, "routed_pipeline_bytes": 0, "prefetch_issued": 0, "prefetch_read_bytes": 0, "prefetch_consumed": 0, "prefetch_ready": 0, "prefetch_late": 0, "prefetch_cancelled": 0, "prefetch_unused": 0, "demand_read_bytes": 129893621760, "io_batches": 80, "io_overlaps": 40, "staging_bytes": 0, "staging_banks": 0, "prefetch_pending": 0, "execution_buffer_bytes": 122948808, "scratch_bytes": 402653184, "gpu_cache_bytes": 87836590080}
(Worker_TP1 pid=127) EXPERT_STREAM {"hits": 0, "misses": 0, "read_bytes": 0, "read_seconds": 0.0, "rank": 1, "cache_bytes": 0, "slot_hits": 8707, "slot_misses": 19299, "packed_read_bytes": 181416775680, "graph_replays": 323, "routed_pipeline_batches": 0, "routed_pipeline_bytes": 0, "prefetch_issued": 0, "prefetch_read_bytes": 0, "prefetch_consumed": 0, "prefetch_ready": 0, "prefetch_late": 0, "prefetch_cancelled": 0, "prefetch_unused": 0, "demand_read_bytes": 181416775680, "io_batches": 123, "io_overlaps": 83, "staging_bytes": 0, "staging_banks": 0, "prefetch_pending": 0, "execution_buffer_bytes": 122948808, "scratch_bytes": 402653184, "gpu_cache_bytes": 87836590080}
(Worker_TP1 pid=127) EXPERT_STREAM {"hits": 0, "misses": 0, "read_bytes": 0, "read_seconds": 0.0, "rank": 1, "cache_bytes": 0, "slot_hits": 16732, "slot_misses": 24380, "packed_read_bytes": 229179801600, "graph_replays": 486, "routed_pipeline_batches": 0, "routed_pipeline_bytes": 0, "prefetch_issued": 0, "prefetch_read_bytes": 0, "prefetch_consumed": 0, "prefetch_ready": 0, "prefetch_late": 0, "prefetch_cancelled": 0, "prefetch_unused": 0, "demand_read_bytes": 229179801600, "io_batches": 166, "io_overlaps": 126, "staging_bytes": 0, "staging_banks": 0, "prefetch_pending": 0, "execution_buffer_bytes": 122948808, "scratch_bytes": 402653184, "gpu_cache_bytes": 87836590080}
(Worker_TP1 pid=127) EXPERT_STREAM {"hits": 0, "misses": 0, "read_bytes": 0, "read_seconds": 0.0, "rank": 1, "cache_bytes": 0, "slot_hits": 23778, "slot_misses": 27338, "packed_read_bytes": 256985948160, "graph_replays": 560, "routed_pipeline_batches": 0, "routed_pipeline_bytes": 0, "prefetch_issued": 0, "prefetch_read_bytes": 0, "prefetch_consumed": 0, "prefetch_ready": 0, "prefetch_late": 0, "prefetch_cancelled": 0, "prefetch_unused": 0, "demand_read_bytes": 256985948160, "io_batches": 208, "io_overlaps": 168, "staging_bytes": 0, "staging_banks": 0, "prefetch_pending": 0, "execution_buffer_bytes": 122948808, "scratch_bytes": 402653184, "gpu_cache_bytes": 87836590080}
(Worker_TP1 pid=127) EXPERT_STREAM {"hits": 0, "misses": 0, "read_bytes": 0, "read_seconds": 0.0, "rank": 1, "cache_bytes": 0, "slot_hits": 24649, "slot_misses": 27561, "packed_read_bytes": 259082219520, "graph_replays": 603, "routed_pipeline_batches": 0, "routed_pipeline_bytes": 0, "prefetch_issued": 0, "prefetch_read_bytes": 0, "prefetch_consumed": 0, "prefetch_ready": 0, "prefetch_late": 0, "prefetch_cancelled": 0, "prefetch_unused": 0, "demand_read_bytes": 259082219520, "io_batches": 250, "io_overlaps": 210, "staging_bytes": 0, "staging_banks": 0, "prefetch_pending": 0, "execution_buffer_bytes": 122948808, "scratch_bytes": 402653184, "gpu_cache_bytes": 87836590080}
(Worker_TP1 pid=127) EXPERT_STREAM {"hits": 0, "misses": 0, "read_bytes": 0, "read_seconds": 0.0, "rank": 1, "cache_bytes": 0, "slot_hits": 25537, "slot_misses": 27670, "packed_read_bytes": 260106854400, "graph_replays": 646, "routed_pipeline_batches": 0, "routed_pipeline_bytes": 0, "prefetch_issued": 0, "prefetch_read_bytes": 0, "prefetch_consumed": 0, "prefetch_ready": 0, "prefetch_late": 0, "prefetch_cancelled": 0, "prefetch_unused": 0, "demand_read_bytes": 260106854400, "io_batches": 289, "io_overlaps": 249, "staging_bytes": 0, "staging_banks": 0, "prefetch_pending": 0, "execution_buffer_bytes": 122948808, "scratch_bytes": 402653184, "gpu_cache_bytes": 87836590080}
(Worker_TP1 pid=127) EXPERT_STREAM {"hits": 0, "misses": 0, "read_bytes": 0, "read_seconds": 0.0, "rank": 1, "cache_bytes": 0, "slot_hits": 26470, "slot_misses": 27802, "packed_read_bytes": 261347696640, "graph_replays": 689, "routed_pipeline_batches": 0, "routed_pipeline_bytes": 0, "prefetch_issued": 0, "prefetch_read_bytes": 0, "prefetch_consumed": 0, "prefetch_ready": 0, "prefetch_late": 0, "prefetch_cancelled": 0, "prefetch_unused": 0, "demand_read_bytes": 261347696640, "io_batches": 331, "io_overlaps": 291, "staging_bytes": 0, "staging_banks": 0, "prefetch_pending": 0, "execution_buffer_bytes": 122948808, "scratch_bytes": 402653184, "gpu_cache_bytes": 87836590080}
(Worker_TP1 pid=127) EXPERT_CACHE_RESET 1789205247884238172
(Worker_TP1 pid=127) EXPERT_STREAM {"hits": 0, "misses": 0, "read_bytes": 0, "read_seconds": 0.0, "rank": 1, "cache_bytes": 0, "slot_hits": 0, "slot_misses": 13446, "packed_read_bytes": 126396702720, "graph_replays": 157, "routed_pipeline_batches": 0, "routed_pipeline_bytes": 0, "prefetch_issued": 0, "prefetch_read_bytes": 0, "prefetch_consumed": 0, "prefetch_ready": 0, "prefetch_late": 0, "prefetch_cancelled": 0, "prefetch_unused": 0, "demand_read_bytes": 126396702720, "io_batches": 79, "io_overlaps": 40, "staging_bytes": 0, "staging_banks": 0, "prefetch_pending": 0, "execution_buffer_bytes": 122948808, "scratch_bytes": 402653184, "gpu_cache_bytes": 87836590080}
(Worker_TP1 pid=127) FINAL_DECODER_ROWS {"input_rows": 4092, "output_rows": 1, "layer": 39, "scope": "routed_experts_only"}
(Worker_TP1 pid=127) EXPERT_STREAM {"hits": 0, "misses": 0, "read_bytes": 0, "read_seconds": 0.0, "rank": 1, "cache_bytes": 0, "slot_hits": 8482, "slot_misses": 18807, "packed_read_bytes": 176791818240, "graph_replays": 317, "routed_pipeline_batches": 0, "routed_pipeline_bytes": 0, "prefetch_issued": 0, "prefetch_read_bytes": 0, "prefetch_consumed": 0, "prefetch_ready": 0, "prefetch_late": 0, "prefetch_cancelled": 0, "prefetch_unused": 0, "demand_read_bytes": 176791818240, "io_batches": 122, "io_overlaps": 83, "staging_bytes": 0, "staging_banks": 0, "prefetch_pending": 0, "execution_buffer_bytes": 122948808, "scratch_bytes": 402653184, "gpu_cache_bytes": 87836590080}
(Worker_TP1 pid=127) FINAL_DECODER_ROWS {"input_rows": 4092, "output_rows": 1, "layer": 39, "scope": "routed_experts_only"}
(Worker_TP1 pid=127) EXPERT_STREAM {"hits": 0, "misses": 0, "read_bytes": 0, "read_seconds": 0.0, "rank": 1, "cache_bytes": 0, "slot_hits": 16292, "slot_misses": 23801, "packed_read_bytes": 223737016320, "graph_replays": 477, "routed_pipeline_batches": 0, "routed_pipeline_bytes": 0, "prefetch_issued": 0, "prefetch_read_bytes": 0, "prefetch_consumed": 0, "prefetch_ready": 0, "prefetch_late": 0, "prefetch_cancelled": 0, "prefetch_unused": 0, "demand_read_bytes": 223737016320, "io_batches": 165, "io_overlaps": 126, "staging_bytes": 0, "staging_banks": 0, "prefetch_pending": 0, "execution_buffer_bytes": 122948808, "scratch_bytes": 402653184, "gpu_cache_bytes": 87836590080}
(Worker_TP1 pid=127) FINAL_DECODER_ROWS {"input_rows": 4092, "output_rows": 1, "layer": 39, "scope": "routed_experts_only"}
(Worker_TP1 pid=127) EXPERT_STREAM {"hits": 0, "misses": 0, "read_bytes": 0, "read_seconds": 0.0, "rank": 1, "cache_bytes": 0, "slot_hits": 23139, "slot_misses": 26743, "packed_read_bytes": 251392757760, "graph_replays": 555, "routed_pipeline_batches": 0, "routed_pipeline_bytes": 0, "prefetch_issued": 0, "prefetch_read_bytes": 0, "prefetch_consumed": 0, "prefetch_ready": 0, "prefetch_late": 0, "prefetch_cancelled": 0, "prefetch_unused": 0, "demand_read_bytes": 251392757760, "io_batches": 207, "io_overlaps": 168, "staging_bytes": 0, "staging_banks": 0, "prefetch_pending": 0, "execution_buffer_bytes": 122948808, "scratch_bytes": 402653184, "gpu_cache_bytes": 87836590080}
(Worker_TP1 pid=127) FINAL_DECODER_ROWS {"input_rows": 658, "output_rows": 1, "layer": 39, "scope": "routed_experts_only"}
(Worker_TP1 pid=127) EXPERT_STREAM {"hits": 0, "misses": 0, "read_bytes": 0, "read_seconds": 0.0, "rank": 1, "cache_bytes": 0, "slot_hits": 23952, "slot_misses": 26983, "packed_read_bytes": 253648834560, "graph_replays": 598, "routed_pipeline_batches": 0, "routed_pipeline_bytes": 0, "prefetch_issued": 0, "prefetch_read_bytes": 0, "prefetch_consumed": 0, "prefetch_ready": 0, "prefetch_late": 0, "prefetch_cancelled": 0, "prefetch_unused": 0, "demand_read_bytes": 253648834560, "io_batches": 249, "io_overlaps": 210, "staging_bytes": 0, "staging_banks": 0, "prefetch_pending": 0, "execution_buffer_bytes": 122948808, "scratch_bytes": 402653184, "gpu_cache_bytes": 87836590080}
(Worker_TP1 pid=127) EXPERT_STREAM {"hits": 0, "misses": 0, "read_bytes": 0, "read_seconds": 0.0, "rank": 1, "cache_bytes": 0, "slot_hits": 24827, "slot_misses": 27105, "packed_read_bytes": 254795673600, "graph_replays": 641, "routed_pipeline_batches": 0, "routed_pipeline_bytes": 0, "prefetch_issued": 0, "prefetch_read_bytes": 0, "prefetch_consumed": 0, "prefetch_ready": 0, "prefetch_late": 0, "prefetch_cancelled": 0, "prefetch_unused": 0, "demand_read_bytes": 254795673600, "io_batches": 288, "io_overlaps": 249, "staging_bytes": 0, "staging_banks": 0, "prefetch_pending": 0, "execution_buffer_bytes": 122948808, "scratch_bytes": 402653184, "gpu_cache_bytes": 87836590080}
(Worker_TP1 pid=127) EXPERT_STREAM {"hits": 0, "misses": 0, "read_bytes": 0, "read_seconds": 0.0, "rank": 1, "cache_bytes": 0, "slot_hits": 25768, "slot_misses": 27241, "packed_read_bytes": 256074117120, "graph_replays": 684, "routed_pipeline_batches": 0, "routed_pipeline_bytes": 0, "prefetch_issued": 0, "prefetch_read_bytes": 0, "prefetch_consumed": 0, "prefetch_ready": 0, "prefetch_late": 0, "prefetch_cancelled": 0, "prefetch_unused": 0, "demand_read_bytes": 256074117120, "io_batches": 329, "io_overlaps": 290, "staging_bytes": 0, "staging_banks": 0, "prefetch_pending": 0, "execution_buffer_bytes": 122948808, "scratch_bytes": 402653184, "gpu_cache_bytes": 87836590080}
(Worker_TP1 pid=127) EXPERT_CACHE_RESET 1789205302177736069
(Worker_TP1 pid=127) EXPERT_STREAM {"hits": 0, "misses": 0, "read_bytes": 0, "read_seconds": 0.0, "rank": 1, "cache_bytes": 0, "slot_hits": 0, "slot_misses": 13475, "packed_read_bytes": 126669312000, "graph_replays": 157, "routed_pipeline_batches": 0, "routed_pipeline_bytes": 0, "prefetch_issued": 0, "prefetch_read_bytes": 0, "prefetch_consumed": 0, "prefetch_ready": 0, "prefetch_late": 0, "prefetch_cancelled": 0, "prefetch_unused": 0, "demand_read_bytes": 126669312000, "io_batches": 79, "io_overlaps": 40, "staging_bytes": 0, "staging_banks": 0, "prefetch_pending": 0, "execution_buffer_bytes": 122948808, "scratch_bytes": 402653184, "gpu_cache_bytes": 87836590080}
(Worker_TP1 pid=127) FINAL_DECODER_ROWS {"input_rows": 4092, "output_rows": 1, "layer": 39, "scope": "routed_experts_only"}
(Worker_TP1 pid=127) EXPERT_STREAM {"hits": 0, "misses": 0, "read_bytes": 0, "read_seconds": 0.0, "rank": 1, "cache_bytes": 0, "slot_hits": 7928, "slot_misses": 17720, "packed_read_bytes": 166573670400, "graph_replays": 317, "routed_pipeline_batches": 0, "routed_pipeline_bytes": 0, "prefetch_issued": 0, "prefetch_read_bytes": 0, "prefetch_consumed": 0, "prefetch_ready": 0, "prefetch_late": 0, "prefetch_cancelled": 0, "prefetch_unused": 0, "demand_read_bytes": 166573670400, "io_batches": 122, "io_overlaps": 83, "staging_bytes": 0, "staging_banks": 0, "prefetch_pending": 0, "execution_buffer_bytes": 122948808, "scratch_bytes": 402653184, "gpu_cache_bytes": 87836590080}
(Worker_TP1 pid=127) FINAL_DECODER_ROWS {"input_rows": 2216, "output_rows": 1, "layer": 39, "scope": "routed_experts_only"}
(Worker_TP1 pid=127) EXPERT_STREAM {"hits": 0, "misses": 0, "read_bytes": 0, "read_seconds": 0.0, "rank": 1, "cache_bytes": 0, "slot_hits": 8709, "slot_misses": 17940, "packed_read_bytes": 168641740800, "graph_replays": 360, "routed_pipeline_batches": 0, "routed_pipeline_bytes": 0, "prefetch_issued": 0, "prefetch_read_bytes": 0, "prefetch_consumed": 0, "prefetch_ready": 0, "prefetch_late": 0, "prefetch_cancelled": 0, "prefetch_unused": 0, "demand_read_bytes": 168641740800, "io_batches": 165, "io_overlaps": 126, "staging_bytes": 0, "staging_banks": 0, "prefetch_pending": 0, "execution_buffer_bytes": 122948808, "scratch_bytes": 402653184, "gpu_cache_bytes": 87836590080}
(Worker_TP1 pid=127) EXPERT_STREAM {"hits": 0, "misses": 0, "read_bytes": 0, "read_seconds": 0.0, "rank": 1, "cache_bytes": 0, "slot_hits": 9536, "slot_misses": 18134, "packed_read_bytes": 170465402880, "graph_replays": 403, "routed_pipeline_batches": 0, "routed_pipeline_bytes": 0, "prefetch_issued": 0, "prefetch_read_bytes": 0, "prefetch_consumed": 0, "prefetch_ready": 0, "prefetch_late": 0, "prefetch_cancelled": 0, "prefetch_unused": 0, "demand_read_bytes": 170465402880, "io_batches": 208, "io_overlaps": 169, "staging_bytes": 0, "staging_banks": 0, "prefetch_pending": 0, "execution_buffer_bytes": 122948808, "scratch_bytes": 402653184, "gpu_cache_bytes": 87836590080}
(Worker_TP1 pid=127) EXPERT_CACHE_RESET 1789205335432700924
(Worker_TP1 pid=127) EXPERT_STREAM {"hits": 0, "misses": 0, "read_bytes": 0, "read_seconds": 0.0, "rank": 1, "cache_bytes": 0, "slot_hits": 0, "slot_misses": 13813, "packed_read_bytes": 129846620160, "graph_replays": 160, "routed_pipeline_batches": 0, "routed_pipeline_bytes": 0, "prefetch_issued": 0, "prefetch_read_bytes": 0, "prefetch_consumed": 0, "prefetch_ready": 0, "prefetch_late": 0, "prefetch_cancelled": 0, "prefetch_unused": 0, "demand_read_bytes": 129846620160, "io_batches": 80, "io_overlaps": 40, "staging_bytes": 0, "staging_banks": 0, "prefetch_pending": 0, "execution_buffer_bytes": 122948808, "scratch_bytes": 402653184, "gpu_cache_bytes": 87836590080}
(Worker_TP1 pid=127) EXPERT_STREAM {"hits": 0, "misses": 0, "read_bytes": 0, "read_seconds": 0.0, "rank": 1, "cache_bytes": 0, "slot_hits": 8106, "slot_misses": 18135, "packed_read_bytes": 170474803200, "graph_replays": 323, "routed_pipeline_batches": 0, "routed_pipeline_bytes": 0, "prefetch_issued": 0, "prefetch_read_bytes": 0, "prefetch_consumed": 0, "prefetch_ready": 0, "prefetch_late": 0, "prefetch_cancelled": 0, "prefetch_unused": 0, "demand_read_bytes": 170474803200, "io_batches": 123, "io_overlaps": 83, "staging_bytes": 0, "staging_banks": 0, "prefetch_pending": 0, "execution_buffer_bytes": 122948808, "scratch_bytes": 402653184, "gpu_cache_bytes": 87836590080}
(Worker_TP1 pid=127) EXPERT_STREAM {"hits": 0, "misses": 0, "read_bytes": 0, "read_seconds": 0.0, "rank": 1, "cache_bytes": 0, "slot_hits": 8915, "slot_misses": 18321, "packed_read_bytes": 172223262720, "graph_replays": 366, "routed_pipeline_batches": 0, "routed_pipeline_bytes": 0, "prefetch_issued": 0, "prefetch_read_bytes": 0, "prefetch_consumed": 0, "prefetch_ready": 0, "prefetch_late": 0, "prefetch_cancelled": 0, "prefetch_unused": 0, "demand_read_bytes": 172223262720, "io_batches": 166, "io_overlaps": 126, "staging_bytes": 0, "staging_banks": 0, "prefetch_pending": 0, "execution_buffer_bytes": 122948808, "scratch_bytes": 402653184, "gpu_cache_bytes": 87836590080}
(Worker_TP1 pid=127) EXPERT_STREAM {"hits": 0, "misses": 0, "read_bytes": 0, "read_seconds": 0.0, "rank": 1, "cache_bytes": 0, "slot_hits": 9763, "slot_misses": 18500, "packed_read_bytes": 173905920000, "graph_replays": 409, "routed_pipeline_batches": 0, "routed_pipeline_bytes": 0, "prefetch_issued": 0, "prefetch_read_bytes": 0, "prefetch_consumed": 0, "prefetch_ready": 0, "prefetch_late": 0, "prefetch_cancelled": 0, "prefetch_unused": 0, "demand_read_bytes": 173905920000, "io_batches": 208, "io_overlaps": 168, "staging_bytes": 0, "staging_banks": 0, "prefetch_pending": 0, "execution_buffer_bytes": 122948808, "scratch_bytes": 402653184, "gpu_cache_bytes": 87836590080}
(Worker_TP1 pid=127) EXPERT_CACHE_RESET 1789205369629501173
(Worker_TP1 pid=127) EXPERT_STREAM {"hits": 0, "misses": 0, "read_bytes": 0, "read_seconds": 0.0, "rank": 1, "cache_bytes": 0, "slot_hits": 0, "slot_misses": 13480, "packed_read_bytes": 126716313600, "graph_replays": 157, "routed_pipeline_batches": 0, "routed_pipeline_bytes": 0, "prefetch_issued": 0, "prefetch_read_bytes": 0, "prefetch_consumed": 0, "prefetch_ready": 0, "prefetch_late": 0, "prefetch_cancelled": 0, "prefetch_unused": 0, "demand_read_bytes": 126716313600, "io_batches": 79, "io_overlaps": 40, "staging_bytes": 0, "staging_banks": 0, "prefetch_pending": 0, "execution_buffer_bytes": 122948808, "scratch_bytes": 402653184, "gpu_cache_bytes": 87836590080}
(Worker_TP1 pid=127) FINAL_DECODER_ROWS {"input_rows": 4092, "output_rows": 1, "layer": 39, "scope": "routed_experts_only"}
(Worker_TP1 pid=127) EXPERT_STREAM {"hits": 0, "misses": 0, "read_bytes": 0, "read_seconds": 0.0, "rank": 1, "cache_bytes": 0, "slot_hits": 8491, "slot_misses": 18856, "packed_read_bytes": 177252433920, "graph_replays": 317, "routed_pipeline_batches": 0, "routed_pipeline_bytes": 0, "prefetch_issued": 0, "prefetch_read_bytes": 0, "prefetch_consumed": 0, "prefetch_ready": 0, "prefetch_late": 0, "prefetch_cancelled": 0, "prefetch_unused": 0, "demand_read_bytes": 177252433920, "io_batches": 122, "io_overlaps": 83, "staging_bytes": 0, "staging_banks": 0, "prefetch_pending": 0, "execution_buffer_bytes": 122948808, "scratch_bytes": 402653184, "gpu_cache_bytes": 87836590080}
(Worker_TP1 pid=127) FINAL_DECODER_ROWS {"input_rows": 4092, "output_rows": 1, "layer": 39, "scope": "routed_experts_only"}
(Worker_TP1 pid=127) EXPERT_STREAM {"hits": 0, "misses": 0, "read_bytes": 0, "read_seconds": 0.0, "rank": 1, "cache_bytes": 0, "slot_hits": 16268, "slot_misses": 23845, "packed_read_bytes": 224150630400, "graph_replays": 477, "routed_pipeline_batches": 0, "routed_pipeline_bytes": 0, "prefetch_issued": 0, "prefetch_read_bytes": 0, "prefetch_consumed": 0, "prefetch_ready": 0, "prefetch_late": 0, "prefetch_cancelled": 0, "prefetch_unused": 0, "demand_read_bytes": 224150630400, "io_batches": 165, "io_overlaps": 126, "staging_bytes": 0, "staging_banks": 0, "prefetch_pending": 0, "execution_buffer_bytes": 122948808, "scratch_bytes": 402653184, "gpu_cache_bytes": 87836590080}
(Worker_TP1 pid=127) FINAL_DECODER_ROWS {"input_rows": 4092, "output_rows": 1, "layer": 39, "scope": "routed_experts_only"}
(Worker_TP1 pid=127) EXPERT_STREAM {"hits": 0, "misses": 0, "read_bytes": 0, "read_seconds": 0.0, "rank": 1, "cache_bytes": 0, "slot_hits": 23104, "slot_misses": 26744, "packed_read_bytes": 251402158080, "graph_replays": 551, "routed_pipeline_batches": 0, "routed_pipeline_bytes": 0, "prefetch_issued": 0, "prefetch_read_bytes": 0, "prefetch_consumed": 0, "prefetch_ready": 0, "prefetch_late": 0, "prefetch_cancelled": 0, "prefetch_unused": 0, "demand_read_bytes": 251402158080, "io_batches": 207, "io_overlaps": 168, "staging_bytes": 0, "staging_banks": 0, "prefetch_pending": 0, "execution_buffer_bytes": 122948808, "scratch_bytes": 402653184, "gpu_cache_bytes": 87836590080}
(Worker_TP1 pid=127) FINAL_DECODER_ROWS {"input_rows": 658, "output_rows": 1, "layer": 39, "scope": "routed_experts_only"}
(Worker_TP1 pid=127) EXPERT_STREAM {"hits": 0, "misses": 0, "read_bytes": 0, "read_seconds": 0.0, "rank": 1, "cache_bytes": 0, "slot_hits": 23923, "slot_misses": 26975, "packed_read_bytes": 253573632000, "graph_replays": 594, "routed_pipeline_batches": 0, "routed_pipeline_bytes": 0, "prefetch_issued": 0, "prefetch_read_bytes": 0, "prefetch_consumed": 0, "prefetch_ready": 0, "prefetch_late": 0, "prefetch_cancelled": 0, "prefetch_unused": 0, "demand_read_bytes": 253573632000, "io_batches": 247, "io_overlaps": 208, "staging_bytes": 0, "staging_banks": 0, "prefetch_pending": 0, "execution_buffer_bytes": 122948808, "scratch_bytes": 402653184, "gpu_cache_bytes": 87836590080}
(Worker_TP1 pid=127) EXPERT_STREAM {"hits": 0, "misses": 0, "read_bytes": 0, "read_seconds": 0.0, "rank": 1, "cache_bytes": 0, "slot_hits": 24739, "slot_misses": 27106, "packed_read_bytes": 254805073920, "graph_replays": 637, "routed_pipeline_batches": 0, "routed_pipeline_bytes": 0, "prefetch_issued": 0, "prefetch_read_bytes": 0, "prefetch_consumed": 0, "prefetch_ready": 0, "prefetch_late": 0, "prefetch_cancelled": 0, "prefetch_unused": 0, "demand_read_bytes": 254805073920, "io_batches": 286, "io_overlaps": 247, "staging_bytes": 0, "staging_banks": 0, "prefetch_pending": 0, "execution_buffer_bytes": 122948808, "scratch_bytes": 402653184, "gpu_cache_bytes": 87836590080}
(Worker_TP1 pid=127) EXPERT_STREAM {"hits": 0, "misses": 0, "read_bytes": 0, "read_seconds": 0.0, "rank": 1, "cache_bytes": 0, "slot_hits": 25658, "slot_misses": 27250, "packed_read_bytes": 256158720000, "graph_replays": 680, "routed_pipeline_batches": 0, "routed_pipeline_bytes": 0, "prefetch_issued": 0, "prefetch_read_bytes": 0, "prefetch_consumed": 0, "prefetch_ready": 0, "prefetch_late": 0, "prefetch_cancelled": 0, "prefetch_unused": 0, "demand_read_bytes": 256158720000, "io_batches": 326, "io_overlaps": 287, "staging_bytes": 0, "staging_banks": 0, "prefetch_pending": 0, "execution_buffer_bytes": 122948808, "scratch_bytes": 402653184, "gpu_cache_bytes": 87836590080}
(Worker_TP1 pid=127) EXPERT_CACHE_RESET 1789205424087374963
(Worker_TP1 pid=127) EXPERT_STREAM {"hits": 0, "misses": 0, "read_bytes": 0, "read_seconds": 0.0, "rank": 1, "cache_bytes": 0, "slot_hits": 0, "slot_misses": 13803, "packed_read_bytes": 129752616960, "graph_replays": 160, "routed_pipeline_batches": 0, "routed_pipeline_bytes": 0, "prefetch_issued": 0, "prefetch_read_bytes": 0, "prefetch_consumed": 0, "prefetch_ready": 0, "prefetch_late": 0, "prefetch_cancelled": 0, "prefetch_unused": 0, "demand_read_bytes": 129752616960, "io_batches": 80, "io_overlaps": 40, "staging_bytes": 0, "staging_banks": 0, "prefetch_pending": 0, "execution_buffer_bytes": 122948808, "scratch_bytes": 402653184, "gpu_cache_bytes": 87836590080}
(Worker_TP1 pid=127) EXPERT_STREAM {"hits": 0, "misses": 0, "read_bytes": 0, "read_seconds": 0.0, "rank": 1, "cache_bytes": 0, "slot_hits": 8685, "slot_misses": 19270, "packed_read_bytes": 181144166400, "graph_replays": 323, "routed_pipeline_batches": 0, "routed_pipeline_bytes": 0, "prefetch_issued": 0, "prefetch_read_bytes": 0, "prefetch_consumed": 0, "prefetch_ready": 0, "prefetch_late": 0, "prefetch_cancelled": 0, "prefetch_unused": 0, "demand_read_bytes": 181144166400, "io_batches": 123, "io_overlaps": 83, "staging_bytes": 0, "staging_banks": 0, "prefetch_pending": 0, "execution_buffer_bytes": 122948808, "scratch_bytes": 402653184, "gpu_cache_bytes": 87836590080}
(Worker_TP1 pid=127) EXPERT_STREAM {"hits": 0, "misses": 0, "read_bytes": 0, "read_seconds": 0.0, "rank": 1, "cache_bytes": 0, "slot_hits": 16690, "slot_misses": 24380, "packed_read_bytes": 229179801600, "graph_replays": 486, "routed_pipeline_batches": 0, "routed_pipeline_bytes": 0, "prefetch_issued": 0, "prefetch_read_bytes": 0, "prefetch_consumed": 0, "prefetch_ready": 0, "prefetch_late": 0, "prefetch_cancelled": 0, "prefetch_unused": 0, "demand_read_bytes": 229179801600, "io_batches": 166, "io_overlaps": 126, "staging_bytes": 0, "staging_banks": 0, "prefetch_pending": 0, "execution_buffer_bytes": 122948808, "scratch_bytes": 402653184, "gpu_cache_bytes": 87836590080}
(Worker_TP1 pid=127) EXPERT_STREAM {"hits": 0, "misses": 0, "read_bytes": 0, "read_seconds": 0.0, "rank": 1, "cache_bytes": 0, "slot_hits": 23739, "slot_misses": 27352, "packed_read_bytes": 257117552640, "graph_replays": 563, "routed_pipeline_batches": 0, "routed_pipeline_bytes": 0, "prefetch_issued": 0, "prefetch_read_bytes": 0, "prefetch_consumed": 0, "prefetch_ready": 0, "prefetch_late": 0, "prefetch_cancelled": 0, "prefetch_unused": 0, "demand_read_bytes": 257117552640, "io_batches": 208, "io_overlaps": 168, "staging_bytes": 0, "staging_banks": 0, "prefetch_pending": 0, "execution_buffer_bytes": 122948808, "scratch_bytes": 402653184, "gpu_cache_bytes": 87836590080}
(Worker_TP1 pid=127) EXPERT_STREAM {"hits": 0, "misses": 0, "read_bytes": 0, "read_seconds": 0.0, "rank": 1, "cache_bytes": 0, "slot_hits": 24578, "slot_misses": 27563, "packed_read_bytes": 259101020160, "graph_replays": 606, "routed_pipeline_batches": 0, "routed_pipeline_bytes": 0, "prefetch_issued": 0, "prefetch_read_bytes": 0, "prefetch_consumed": 0, "prefetch_ready": 0, "prefetch_late": 0, "prefetch_cancelled": 0, "prefetch_unused": 0, "demand_read_bytes": 259101020160, "io_batches": 249, "io_overlaps": 209, "staging_bytes": 0, "staging_banks": 0, "prefetch_pending": 0, "execution_buffer_bytes": 122948808, "scratch_bytes": 402653184, "gpu_cache_bytes": 87836590080}
(Worker_TP1 pid=127) EXPERT_STREAM {"hits": 0, "misses": 0, "read_bytes": 0, "read_seconds": 0.0, "rank": 1, "cache_bytes": 0, "slot_hits": 25430, "slot_misses": 27667, "packed_read_bytes": 260078653440, "graph_replays": 649, "routed_pipeline_batches": 0, "routed_pipeline_bytes": 0, "prefetch_issued": 0, "prefetch_read_bytes": 0, "prefetch_consumed": 0, "prefetch_ready": 0, "prefetch_late": 0, "prefetch_cancelled": 0, "prefetch_unused": 0, "demand_read_bytes": 260078653440, "io_batches": 287, "io_overlaps": 247, "staging_bytes": 0, "staging_banks": 0, "prefetch_pending": 0, "execution_buffer_bytes": 122948808, "scratch_bytes": 402653184, "gpu_cache_bytes": 87836590080}
(Worker_TP1 pid=127) EXPERT_STREAM {"hits": 0, "misses": 0, "read_bytes": 0, "read_seconds": 0.0, "rank": 1, "cache_bytes": 0, "slot_hits": 26339, "slot_misses": 27814, "packed_read_bytes": 261460500480, "graph_replays": 692, "routed_pipeline_batches": 0, "routed_pipeline_bytes": 0, "prefetch_issued": 0, "prefetch_read_bytes": 0, "prefetch_consumed": 0, "prefetch_ready": 0, "prefetch_late": 0, "prefetch_cancelled": 0, "prefetch_unused": 0, "demand_read_bytes": 261460500480, "io_batches": 327, "io_overlaps": 287, "staging_bytes": 0, "staging_banks": 0, "prefetch_pending": 0, "execution_buffer_bytes": 122948808, "scratch_bytes": 402653184, "gpu_cache_bytes": 87836590080}
(Worker_TP1 pid=127) EXPERT_CACHE_RESET 1789205479188342358
(Worker_TP1 pid=127) EXPERT_STREAM {"hits": 0, "misses": 0, "read_bytes": 0, "read_seconds": 0.0, "rank": 1, "cache_bytes": 0, "slot_hits": 0, "slot_misses": 8068, "packed_read_bytes": 75841781760, "graph_replays": 106, "routed_pipeline_batches": 0, "routed_pipeline_bytes": 0, "prefetch_issued": 0, "prefetch_read_bytes": 0, "prefetch_consumed": 0, "prefetch_ready": 0, "prefetch_late": 0, "prefetch_cancelled": 0, "prefetch_unused": 0, "demand_read_bytes": 75841781760, "io_batches": 53, "io_overlaps": 40, "staging_bytes": 0, "staging_banks": 0, "prefetch_pending": 0, "execution_buffer_bytes": 122948808, "scratch_bytes": 402653184, "gpu_cache_bytes": 87836590080}
(Worker_TP1 pid=127) EXPERT_STREAM {"hits": 0, "misses": 0, "read_bytes": 0, "read_seconds": 0.0, "rank": 1, "cache_bytes": 0, "slot_hits": 783, "slot_misses": 8290, "packed_read_bytes": 77928652800, "graph_replays": 149, "routed_pipeline_batches": 0, "routed_pipeline_bytes": 0, "prefetch_issued": 0, "prefetch_read_bytes": 0, "prefetch_consumed": 0, "prefetch_ready": 0, "prefetch_late": 0, "prefetch_cancelled": 0, "prefetch_unused": 0, "demand_read_bytes": 77928652800, "io_batches": 95, "io_overlaps": 82, "staging_bytes": 0, "staging_banks": 0, "prefetch_pending": 0, "execution_buffer_bytes": 122948808, "scratch_bytes": 402653184, "gpu_cache_bytes": 87836590080}
(Worker_TP1 pid=127) EXPERT_STREAM {"hits": 0, "misses": 0, "read_bytes": 0, "read_seconds": 0.0, "rank": 1, "cache_bytes": 0, "slot_hits": 1671, "slot_misses": 8402, "packed_read_bytes": 78981488640, "graph_replays": 192, "routed_pipeline_batches": 0, "routed_pipeline_bytes": 0, "prefetch_issued": 0, "prefetch_read_bytes": 0, "prefetch_consumed": 0, "prefetch_ready": 0, "prefetch_late": 0, "prefetch_cancelled": 0, "prefetch_unused": 0, "demand_read_bytes": 78981488640, "io_batches": 133, "io_overlaps": 120, "staging_bytes": 0, "staging_banks": 0, "prefetch_pending": 0, "execution_buffer_bytes": 122948808, "scratch_bytes": 402653184, "gpu_cache_bytes": 87836590080}
(Worker_TP1 pid=127) EXPERT_CACHE_RESET 1789205494558339869
(Worker_TP1 pid=127) EXPERT_STREAM {"hits": 0, "misses": 0, "read_bytes": 0, "read_seconds": 0.0, "rank": 1, "cache_bytes": 0, "slot_hits": 0, "slot_misses": 5939, "packed_read_bytes": 55828500480, "graph_replays": 40, "routed_pipeline_batches": 0, "routed_pipeline_bytes": 0, "prefetch_issued": 0, "prefetch_read_bytes": 0, "prefetch_consumed": 0, "prefetch_ready": 0, "prefetch_late": 0, "prefetch_cancelled": 0, "prefetch_unused": 0, "demand_read_bytes": 55828500480, "io_batches": 40, "io_overlaps": 40, "staging_bytes": 0, "staging_banks": 0, "prefetch_pending": 0, "execution_buffer_bytes": 122948808, "scratch_bytes": 402653184, "gpu_cache_bytes": 87836590080}
(Worker_TP1 pid=127) FINAL_DECODER_ROWS {"input_rows": 414, "output_rows": 1, "layer": 39, "scope": "routed_experts_only"}
(Worker_TP1 pid=127) EXPERT_STREAM {"hits": 0, "misses": 0, "read_bytes": 0, "read_seconds": 0.0, "rank": 1, "cache_bytes": 0, "slot_hits": 673, "slot_misses": 6269, "packed_read_bytes": 58930606080, "graph_replays": 83, "routed_pipeline_batches": 0, "routed_pipeline_bytes": 0, "prefetch_issued": 0, "prefetch_read_bytes": 0, "prefetch_consumed": 0, "prefetch_ready": 0, "prefetch_late": 0, "prefetch_cancelled": 0, "prefetch_unused": 0, "demand_read_bytes": 58930606080, "io_batches": 83, "io_overlaps": 83, "staging_bytes": 0, "staging_banks": 0, "prefetch_pending": 0, "execution_buffer_bytes": 122948808, "scratch_bytes": 402653184, "gpu_cache_bytes": 87836590080}
(Worker_TP1 pid=127) EXPERT_STREAM {"hits": 0, "misses": 0, "read_bytes": 0, "read_seconds": 0.0, "rank": 1, "cache_bytes": 0, "slot_hits": 1459, "slot_misses": 6471, "packed_read_bytes": 60829470720, "graph_replays": 126, "routed_pipeline_batches": 0, "routed_pipeline_bytes": 0, "prefetch_issued": 0, "prefetch_read_bytes": 0, "prefetch_consumed": 0, "prefetch_ready": 0, "prefetch_late": 0, "prefetch_cancelled": 0, "prefetch_unused": 0, "demand_read_bytes": 60829470720, "io_batches": 124, "io_overlaps": 124, "staging_bytes": 0, "staging_banks": 0, "prefetch_pending": 0, "execution_buffer_bytes": 122948808, "scratch_bytes": 402653184, "gpu_cache_bytes": 87836590080}
(Worker_TP1 pid=127) EXPERT_CACHE_RESET 1789205504671758474
(Worker_TP1 pid=127) EXPERT_STREAM {"hits": 0, "misses": 0, "read_bytes": 0, "read_seconds": 0.0, "rank": 1, "cache_bytes": 0, "slot_hits": 0, "slot_misses": 6710, "packed_read_bytes": 63076147200, "graph_replays": 41, "routed_pipeline_batches": 0, "routed_pipeline_bytes": 0, "prefetch_issued": 0, "prefetch_read_bytes": 0, "prefetch_consumed": 0, "prefetch_ready": 0, "prefetch_late": 0, "prefetch_cancelled": 0, "prefetch_unused": 0, "demand_read_bytes": 63076147200, "io_batches": 41, "io_overlaps": 40, "staging_bytes": 0, "staging_banks": 0, "prefetch_pending": 0, "execution_buffer_bytes": 122948808, "scratch_bytes": 402653184, "gpu_cache_bytes": 87836590080}
(Worker_TP1 pid=127) EXPERT_STREAM {"hits": 0, "misses": 0, "read_bytes": 0, "read_seconds": 0.0, "rank": 1, "cache_bytes": 0, "slot_hits": 726, "slot_misses": 6995, "packed_read_bytes": 65755238400, "graph_replays": 84, "routed_pipeline_batches": 0, "routed_pipeline_bytes": 0, "prefetch_issued": 0, "prefetch_read_bytes": 0, "prefetch_consumed": 0, "prefetch_ready": 0, "prefetch_late": 0, "prefetch_cancelled": 0, "prefetch_unused": 0, "demand_read_bytes": 65755238400, "io_batches": 84, "io_overlaps": 83, "staging_bytes": 0, "staging_banks": 0, "prefetch_pending": 0, "execution_buffer_bytes": 122948808, "scratch_bytes": 402653184, "gpu_cache_bytes": 87836590080}
(Worker_TP1 pid=127) EXPERT_STREAM {"hits": 0, "misses": 0, "read_bytes": 0, "read_seconds": 0.0, "rank": 1, "cache_bytes": 0, "slot_hits": 1514, "slot_misses": 7139, "packed_read_bytes": 67108884480, "graph_replays": 127, "routed_pipeline_batches": 0, "routed_pipeline_bytes": 0, "prefetch_issued": 0, "prefetch_read_bytes": 0, "prefetch_consumed": 0, "prefetch_ready": 0, "prefetch_late": 0, "prefetch_cancelled": 0, "prefetch_unused": 0, "demand_read_bytes": 67108884480, "io_batches": 126, "io_overlaps": 125, "staging_bytes": 0, "staging_banks": 0, "prefetch_pending": 0, "execution_buffer_bytes": 122948808, "scratch_bytes": 402653184, "gpu_cache_bytes": 87836590080}
(Worker_TP1 pid=127) EXPERT_CACHE_RESET 1789205516236990098
(Worker_TP1 pid=127) EXPERT_STREAM {"hits": 0, "misses": 0, "read_bytes": 0, "read_seconds": 0.0, "rank": 1, "cache_bytes": 0, "slot_hits": 0, "slot_misses": 8824, "packed_read_bytes": 82948423680, "graph_replays": 118, "routed_pipeline_batches": 0, "routed_pipeline_bytes": 0, "prefetch_issued": 0, "prefetch_read_bytes": 0, "prefetch_consumed": 0, "prefetch_ready": 0, "prefetch_late": 0, "prefetch_cancelled": 0, "prefetch_unused": 0, "demand_read_bytes": 82948423680, "io_batches": 59, "io_overlaps": 40, "staging_bytes": 0, "staging_banks": 0, "prefetch_pending": 0, "execution_buffer_bytes": 122948808, "scratch_bytes": 402653184, "gpu_cache_bytes": 87836590080}
(Worker_TP1 pid=127) EXPERT_STREAM {"hits": 0, "misses": 0, "read_bytes": 0, "read_seconds": 0.0, "rank": 1, "cache_bytes": 0, "slot_hits": 679, "slot_misses": 9020, "packed_read_bytes": 84790886400, "graph_replays": 161, "routed_pipeline_batches": 0, "routed_pipeline_bytes": 0, "prefetch_issued": 0, "prefetch_read_bytes": 0, "prefetch_consumed": 0, "prefetch_ready": 0, "prefetch_late": 0, "prefetch_cancelled": 0, "prefetch_unused": 0, "demand_read_bytes": 84790886400, "io_batches": 98, "io_overlaps": 79, "staging_bytes": 0, "staging_banks": 0, "prefetch_pending": 0, "execution_buffer_bytes": 122948808, "scratch_bytes": 402653184, "gpu_cache_bytes": 87836590080}
(Worker_TP1 pid=127) EXPERT_STREAM {"hits": 0, "misses": 0, "read_bytes": 0, "read_seconds": 0.0, "rank": 1, "cache_bytes": 0, "slot_hits": 1368, "slot_misses": 9191, "packed_read_bytes": 86398341120, "graph_replays": 204, "routed_pipeline_batches": 0, "routed_pipeline_bytes": 0, "prefetch_issued": 0, "prefetch_read_bytes": 0, "prefetch_consumed": 0, "prefetch_ready": 0, "prefetch_late": 0, "prefetch_cancelled": 0, "prefetch_unused": 0, "demand_read_bytes": 86398341120, "io_batches": 140, "io_overlaps": 121, "staging_bytes": 0, "staging_banks": 0, "prefetch_pending": 0, "execution_buffer_bytes": 122948808, "scratch_bytes": 402653184, "gpu_cache_bytes": 87836590080}
(Worker_TP1 pid=127) EXPERT_STREAM {"hits": 0, "misses": 0, "read_bytes": 0, "read_seconds": 0.0, "rank": 1, "cache_bytes": 0, "slot_hits": 2183, "slot_misses": 9320, "packed_read_bytes": 87610982400, "graph_replays": 247, "routed_pipeline_batches": 0, "routed_pipeline_bytes": 0, "prefetch_issued": 0, "prefetch_read_bytes": 0, "prefetch_consumed": 0, "prefetch_ready": 0, "prefetch_late": 0, "prefetch_cancelled": 0, "prefetch_unused": 0, "demand_read_bytes": 87610982400, "io_batches": 176, "io_overlaps": 157, "staging_bytes": 0, "staging_banks": 0, "prefetch_pending": 0, "execution_buffer_bytes": 122948808, "scratch_bytes": 402653184, "gpu_cache_bytes": 87836590080}
(Worker_TP1 pid=127) EXPERT_STREAM {"hits": 0, "misses": 0, "read_bytes": 0, "read_seconds": 0.0, "rank": 1, "cache_bytes": 0, "slot_hits": 2948, "slot_misses": 9452, "packed_read_bytes": 88851824640, "graph_replays": 290, "routed_pipeline_batches": 0, "routed_pipeline_bytes": 0, "prefetch_issued": 0, "prefetch_read_bytes": 0, "prefetch_consumed": 0, "prefetch_ready": 0, "prefetch_late": 0, "prefetch_cancelled": 0, "prefetch_unused": 0, "demand_read_bytes": 88851824640, "io_batches": 216, "io_overlaps": 197, "staging_bytes": 0, "staging_banks": 0, "prefetch_pending": 0, "execution_buffer_bytes": 122948808, "scratch_bytes": 402653184, "gpu_cache_bytes": 87836590080}
(Worker_TP1 pid=127) EXPERT_STREAM {"hits": 0, "misses": 0, "read_bytes": 0, "read_seconds": 0.0, "rank": 1, "cache_bytes": 0, "slot_hits": 3648, "slot_misses": 9564, "packed_read_bytes": 89904660480, "graph_replays": 333, "routed_pipeline_batches": 0, "routed_pipeline_bytes": 0, "prefetch_issued": 0, "prefetch_read_bytes": 0, "prefetch_consumed": 0, "prefetch_ready": 0, "prefetch_late": 0, "prefetch_cancelled": 0, "prefetch_unused": 0, "demand_read_bytes": 89904660480, "io_batches": 255, "io_overlaps": 236, "staging_bytes": 0, "staging_banks": 0, "prefetch_pending": 0, "execution_buffer_bytes": 122948808, "scratch_bytes": 402653184, "gpu_cache_bytes": 87836590080}
(Worker_TP1 pid=127) EXPERT_STREAM {"hits": 0, "misses": 0, "read_bytes": 0, "read_seconds": 0.0, "rank": 1, "cache_bytes": 0, "slot_hits": 4490, "slot_misses": 9655, "packed_read_bytes": 90760089600, "graph_replays": 376, "routed_pipeline_batches": 0, "routed_pipeline_bytes": 0, "prefetch_issued": 0, "prefetch_read_bytes": 0, "prefetch_consumed": 0, "prefetch_ready": 0, "prefetch_late": 0, "prefetch_cancelled": 0, "prefetch_unused": 0, "demand_read_bytes": 90760089600, "io_batches": 293, "io_overlaps": 274, "staging_bytes": 0, "staging_banks": 0, "prefetch_pending": 0, "execution_buffer_bytes": 122948808, "scratch_bytes": 402653184, "gpu_cache_bytes": 87836590080}
(Worker_TP1 pid=127) EXPERT_STREAM {"hits": 0, "misses": 0, "read_bytes": 0, "read_seconds": 0.0, "rank": 1, "cache_bytes": 0, "slot_hits": 5371, "slot_misses": 9802, "packed_read_bytes": 92141936640, "graph_replays": 419, "routed_pipeline_batches": 0, "routed_pipeline_bytes": 0, "prefetch_issued": 0, "prefetch_read_bytes": 0, "prefetch_consumed": 0, "prefetch_ready": 0, "prefetch_late": 0, "prefetch_cancelled": 0, "prefetch_unused": 0, "demand_read_bytes": 92141936640, "io_batches": 332, "io_overlaps": 313, "staging_bytes": 0, "staging_banks": 0, "prefetch_pending": 0, "execution_buffer_bytes": 122948808, "scratch_bytes": 402653184, "gpu_cache_bytes": 87836590080}
(Worker_TP1 pid=127) EXPERT_STREAM {"hits": 0, "misses": 0, "read_bytes": 0, "read_seconds": 0.0, "rank": 1, "cache_bytes": 0, "slot_hits": 6197, "slot_misses": 9922, "packed_read_bytes": 93269975040, "graph_replays": 462, "routed_pipeline_batches": 0, "routed_pipeline_bytes": 0, "prefetch_issued": 0, "prefetch_read_bytes": 0, "prefetch_consumed": 0, "prefetch_ready": 0, "prefetch_late": 0, "prefetch_cancelled": 0, "prefetch_unused": 0, "demand_read_bytes": 93269975040, "io_batches": 373, "io_overlaps": 354, "staging_bytes": 0, "staging_banks": 0, "prefetch_pending": 0, "execution_buffer_bytes": 122948808, "scratch_bytes": 402653184, "gpu_cache_bytes": 87836590080}
(Worker_TP1 pid=127) EXPERT_STREAM {"hits": 0, "misses": 0, "read_bytes": 0, "read_seconds": 0.0, "rank": 1, "cache_bytes": 0, "slot_hits": 7154, "slot_misses": 10022, "packed_read_bytes": 94210007040, "graph_replays": 505, "routed_pipeline_batches": 0, "routed_pipeline_bytes": 0, "prefetch_issued": 0, "prefetch_read_bytes": 0, "prefetch_consumed": 0, "prefetch_ready": 0, "prefetch_late": 0, "prefetch_cancelled": 0, "prefetch_unused": 0, "demand_read_bytes": 94210007040, "io_batches": 411, "io_overlaps": 392, "staging_bytes": 0, "staging_banks": 0, "prefetch_pending": 0, "execution_buffer_bytes": 122948808, "scratch_bytes": 402653184, "gpu_cache_bytes": 87836590080}
(Worker_TP1 pid=127) EXPERT_STREAM {"hits": 0, "misses": 0, "read_bytes": 0, "read_seconds": 0.0, "rank": 1, "cache_bytes": 0, "slot_hits": 8019, "slot_misses": 10120, "packed_read_bytes": 95131238400, "graph_replays": 548, "routed_pipeline_batches": 0, "routed_pipeline_bytes": 0, "prefetch_issued": 0, "prefetch_read_bytes": 0, "prefetch_consumed": 0, "prefetch_ready": 0, "prefetch_late": 0, "prefetch_cancelled": 0, "prefetch_unused": 0, "demand_read_bytes": 95131238400, "io_batches": 450, "io_overlaps": 431, "staging_bytes": 0, "staging_banks": 0, "prefetch_pending": 0, "execution_buffer_bytes": 122948808, "scratch_bytes": 402653184, "gpu_cache_bytes": 87836590080}
(Worker_TP1 pid=127) EXPERT_STREAM {"hits": 0, "misses": 0, "read_bytes": 0, "read_seconds": 0.0, "rank": 1, "cache_bytes": 0, "slot_hits": 8859, "slot_misses": 10220, "packed_read_bytes": 96071270400, "graph_replays": 591, "routed_pipeline_batches": 0, "routed_pipeline_bytes": 0, "prefetch_issued": 0, "prefetch_read_bytes": 0, "prefetch_consumed": 0, "prefetch_ready": 0, "prefetch_late": 0, "prefetch_cancelled": 0, "prefetch_unused": 0, "demand_read_bytes": 96071270400, "io_batches": 485, "io_overlaps": 466, "staging_bytes": 0, "staging_banks": 0, "prefetch_pending": 0, "execution_buffer_bytes": 122948808, "scratch_bytes": 402653184, "gpu_cache_bytes": 87836590080}
(Worker_TP1 pid=127) EXPERT_STREAM {"hits": 0, "misses": 0, "read_bytes": 0, "read_seconds": 0.0, "rank": 1, "cache_bytes": 0, "slot_hits": 9774, "slot_misses": 10302, "packed_read_bytes": 96842096640, "graph_replays": 634, "routed_pipeline_batches": 0, "routed_pipeline_bytes": 0, "prefetch_issued": 0, "prefetch_read_bytes": 0, "prefetch_consumed": 0, "prefetch_ready": 0, "prefetch_late": 0, "prefetch_cancelled": 0, "prefetch_unused": 0, "demand_read_bytes": 96842096640, "io_batches": 523, "io_overlaps": 504, "staging_bytes": 0, "staging_banks": 0, "prefetch_pending": 0, "execution_buffer_bytes": 122948808, "scratch_bytes": 402653184, "gpu_cache_bytes": 87836590080}
(Worker_TP1 pid=127) EXPERT_STREAM {"hits": 0, "misses": 0, "read_bytes": 0, "read_seconds": 0.0, "rank": 1, "cache_bytes": 0, "slot_hits": 10649, "slot_misses": 10375, "packed_read_bytes": 97528320000, "graph_replays": 677, "routed_pipeline_batches": 0, "routed_pipeline_bytes": 0, "prefetch_issued": 0, "prefetch_read_bytes": 0, "prefetch_consumed": 0, "prefetch_ready": 0, "prefetch_late": 0, "prefetch_cancelled": 0, "prefetch_unused": 0, "demand_read_bytes": 97528320000, "io_batches": 554, "io_overlaps": 535, "staging_bytes": 0, "staging_banks": 0, "prefetch_pending": 0, "execution_buffer_bytes": 122948808, "scratch_bytes": 402653184, "gpu_cache_bytes": 87836590080}
(Worker_TP1 pid=127) EXPERT_STREAM {"hits": 0, "misses": 0, "read_bytes": 0, "read_seconds": 0.0, "rank": 1, "cache_bytes": 0, "slot_hits": 11652, "slot_misses": 10441, "packed_read_bytes": 98148741120, "graph_replays": 720, "routed_pipeline_batches": 0, "routed_pipeline_bytes": 0, "prefetch_issued": 0, "prefetch_read_bytes": 0, "prefetch_consumed": 0, "prefetch_ready": 0, "prefetch_late": 0, "prefetch_cancelled": 0, "prefetch_unused": 0, "demand_read_bytes": 98148741120, "io_batches": 587, "io_overlaps": 568, "staging_bytes": 0, "staging_banks": 0, "prefetch_pending": 0, "execution_buffer_bytes": 122948808, "scratch_bytes": 402653184, "gpu_cache_bytes": 87836590080}
(Worker_TP1 pid=127) EXPERT_STREAM {"hits": 0, "misses": 0, "read_bytes": 0, "read_seconds": 0.0, "rank": 1, "cache_bytes": 0, "slot_hits": 12634, "slot_misses": 10513, "packed_read_bytes": 98825564160, "graph_replays": 763, "routed_pipeline_batches": 0, "routed_pipeline_bytes": 0, "prefetch_issued": 0, "prefetch_read_bytes": 0, "prefetch_consumed": 0, "prefetch_ready": 0, "prefetch_late": 0, "prefetch_cancelled": 0, "prefetch_unused": 0, "demand_read_bytes": 98825564160, "io_batches": 619, "io_overlaps": 600, "staging_bytes": 0, "staging_banks": 0, "prefetch_pending": 0, "execution_buffer_bytes": 122948808, "scratch_bytes": 402653184, "gpu_cache_bytes": 87836590080}
(Worker_TP1 pid=127) EXPERT_STREAM {"hits": 0, "misses": 0, "read_bytes": 0, "read_seconds": 0.0, "rank": 1, "cache_bytes": 0, "slot_hits": 13649, "slot_misses": 10565, "packed_read_bytes": 99314380800, "graph_replays": 806, "routed_pipeline_batches": 0, "routed_pipeline_bytes": 0, "prefetch_issued": 0, "prefetch_read_bytes": 0, "prefetch_consumed": 0, "prefetch_ready": 0, "prefetch_late": 0, "prefetch_cancelled": 0, "prefetch_unused": 0, "demand_read_bytes": 99314380800, "io_batches": 651, "io_overlaps": 632, "staging_bytes": 0, "staging_banks": 0, "prefetch_pending": 0, "execution_buffer_bytes": 122948808, "scratch_bytes": 402653184, "gpu_cache_bytes": 87836590080}
(Worker_TP1 pid=127) EXPERT_STREAM {"hits": 0, "misses": 0, "read_bytes": 0, "read_seconds": 0.0, "rank": 1, "cache_bytes": 0, "slot_hits": 14640, "slot_misses": 10606, "packed_read_bytes": 99699793920, "graph_replays": 849, "routed_pipeline_batches": 0, "routed_pipeline_bytes": 0, "prefetch_issued": 0, "prefetch_read_bytes": 0, "prefetch_consumed": 0, "prefetch_ready": 0, "prefetch_late": 0, "prefetch_cancelled": 0, "prefetch_unused": 0, "demand_read_bytes": 99699793920, "io_batches": 677, "io_overlaps": 658, "staging_bytes": 0, "staging_banks": 0, "prefetch_pending": 0, "execution_buffer_bytes": 122948808, "scratch_bytes": 402653184, "gpu_cache_bytes": 87836590080}
(Worker_TP1 pid=127) EXPERT_STREAM {"hits": 0, "misses": 0, "read_bytes": 0, "read_seconds": 0.0, "rank": 1, "cache_bytes": 0, "slot_hits": 15630, "slot_misses": 10655, "packed_read_bytes": 100160409600, "graph_replays": 892, "routed_pipeline_batches": 0, "routed_pipeline_bytes": 0, "prefetch_issued": 0, "prefetch_read_bytes": 0, "prefetch_consumed": 0, "prefetch_ready": 0, "prefetch_late": 0, "prefetch_cancelled": 0, "prefetch_unused": 0, "demand_read_bytes": 100160409600, "io_batches": 708, "io_overlaps": 689, "staging_bytes": 0, "staging_banks": 0, "prefetch_pending": 0, "execution_buffer_bytes": 122948808, "scratch_bytes": 402653184, "gpu_cache_bytes": 87836590080}
(Worker_TP1 pid=127) EXPERT_STREAM {"hits": 0, "misses": 0, "read_bytes": 0, "read_seconds": 0.0, "rank": 1, "cache_bytes": 0, "slot_hits": 16620, "slot_misses": 10695, "packed_read_bytes": 100536422400, "graph_replays": 935, "routed_pipeline_batches": 0, "routed_pipeline_bytes": 0, "prefetch_issued": 0, "prefetch_read_bytes": 0, "prefetch_consumed": 0, "prefetch_ready": 0, "prefetch_late": 0, "prefetch_cancelled": 0, "prefetch_unused": 0, "demand_read_bytes": 100536422400, "io_batches": 727, "io_overlaps": 708, "staging_bytes": 0, "staging_banks": 0, "prefetch_pending": 0, "execution_buffer_bytes": 122948808, "scratch_bytes": 402653184, "gpu_cache_bytes": 87836590080}
(Worker_TP1 pid=127) EXPERT_STREAM {"hits": 0, "misses": 0, "read_bytes": 0, "read_seconds": 0.0, "rank": 1, "cache_bytes": 0, "slot_hits": 17548, "slot_misses": 10775, "packed_read_bytes": 101288448000, "graph_replays": 978, "routed_pipeline_batches": 0, "routed_pipeline_bytes": 0, "prefetch_issued": 0, "prefetch_read_bytes": 0, "prefetch_consumed": 0, "prefetch_ready": 0, "prefetch_late": 0, "prefetch_cancelled": 0, "prefetch_unused": 0, "demand_read_bytes": 101288448000, "io_batches": 762, "io_overlaps": 743, "staging_bytes": 0, "staging_banks": 0, "prefetch_pending": 0, "execution_buffer_bytes": 122948808, "scratch_bytes": 402653184, "gpu_cache_bytes": 87836590080}
(Worker_TP1 pid=127) EXPERT_STREAM {"hits": 0, "misses": 0, "read_bytes": 0, "read_seconds": 0.0, "rank": 1, "cache_bytes": 0, "slot_hits": 18458, "slot_misses": 10957, "packed_read_bytes": 102999306240, "graph_replays": 1021, "routed_pipeline_batches": 0, "routed_pipeline_bytes": 0, "prefetch_issued": 0, "prefetch_read_bytes": 0, "prefetch_consumed": 0, "prefetch_ready": 0, "prefetch_late": 0, "prefetch_cancelled": 0, "prefetch_unused": 0, "demand_read_bytes": 102999306240, "io_batches": 804, "io_overlaps": 785, "staging_bytes": 0, "staging_banks": 0, "prefetch_pending": 0, "execution_buffer_bytes": 122948808, "scratch_bytes": 402653184, "gpu_cache_bytes": 87836590080}
(Worker_TP1 pid=127) EXPERT_CACHE_RESET 1789205537975987767
(Worker_TP1 pid=127) EXPERT_STREAM {"hits": 0, "misses": 0, "read_bytes": 0, "read_seconds": 0.0, "rank": 1, "cache_bytes": 0, "slot_hits": 0, "slot_misses": 8611, "packed_read_bytes": 80946155520, "graph_replays": 122, "routed_pipeline_batches": 0, "routed_pipeline_bytes": 0, "prefetch_issued": 0, "prefetch_read_bytes": 0, "prefetch_consumed": 0, "prefetch_ready": 0, "prefetch_late": 0, "prefetch_cancelled": 0, "prefetch_unused": 0, "demand_read_bytes": 80946155520, "io_batches": 63, "io_overlaps": 43, "staging_bytes": 0, "staging_banks": 0, "prefetch_pending": 0, "execution_buffer_bytes": 122948808, "scratch_bytes": 402653184, "gpu_cache_bytes": 87836590080}
(Worker_TP1 pid=127) FINAL_DECODER_ROWS {"input_rows": 3399, "output_rows": 1, "layer": 39, "scope": "routed_experts_only"}
(Worker_TP1 pid=127) EXPERT_STREAM {"hits": 0, "misses": 0, "read_bytes": 0, "read_seconds": 0.0, "rank": 1, "cache_bytes": 0, "slot_hits": 617, "slot_misses": 8796, "packed_read_bytes": 82685214720, "graph_replays": 165, "routed_pipeline_batches": 0, "routed_pipeline_bytes": 0, "prefetch_issued": 0, "prefetch_read_bytes": 0, "prefetch_consumed": 0, "prefetch_ready": 0, "prefetch_late": 0, "prefetch_cancelled": 0, "prefetch_unused": 0, "demand_read_bytes": 82685214720, "io_batches": 105, "io_overlaps": 85, "staging_bytes": 0, "staging_banks": 0, "prefetch_pending": 0, "execution_buffer_bytes": 122948808, "scratch_bytes": 402653184, "gpu_cache_bytes": 87836590080}
(Worker_TP1 pid=127) EXPERT_STREAM {"hits": 0, "misses": 0, "read_bytes": 0, "read_seconds": 0.0, "rank": 1, "cache_bytes": 0, "slot_hits": 1335, "slot_misses": 8959, "packed_read_bytes": 84217466880, "graph_replays": 208, "routed_pipeline_batches": 0, "routed_pipeline_bytes": 0, "prefetch_issued": 0, "prefetch_read_bytes": 0, "prefetch_consumed": 0, "prefetch_ready": 0, "prefetch_late": 0, "prefetch_cancelled": 0, "prefetch_unused": 0, "demand_read_bytes": 84217466880, "io_batches": 145, "io_overlaps": 125, "staging_bytes": 0, "staging_banks": 0, "prefetch_pending": 0, "execution_buffer_bytes": 122948808, "scratch_bytes": 402653184, "gpu_cache_bytes": 87836590080}
(Worker_TP1 pid=127) EXPERT_STREAM {"hits": 0, "misses": 0, "read_bytes": 0, "read_seconds": 0.0, "rank": 1, "cache_bytes": 0, "slot_hits": 2023, "slot_misses": 9145, "packed_read_bytes": 85965926400, "graph_replays": 251, "routed_pipeline_batches": 0, "routed_pipeline_bytes": 0, "prefetch_issued": 0, "prefetch_read_bytes": 0, "prefetch_consumed": 0, "prefetch_ready": 0, "prefetch_late": 0, "prefetch_cancelled": 0, "prefetch_unused": 0, "demand_read_bytes": 85965926400, "io_batches": 188, "io_overlaps": 168, "staging_bytes": 0, "staging_banks": 0, "prefetch_pending": 0, "execution_buffer_bytes": 122948808, "scratch_bytes": 402653184, "gpu_cache_bytes": 87836590080}
(Worker_TP1 pid=127) EXPERT_STREAM {"hits": 0, "misses": 0, "read_bytes": 0, "read_seconds": 0.0, "rank": 1, "cache_bytes": 0, "slot_hits": 2796, "slot_misses": 9220, "packed_read_bytes": 86670950400, "graph_replays": 294, "routed_pipeline_batches": 0, "routed_pipeline_bytes": 0, "prefetch_issued": 0, "prefetch_read_bytes": 0, "prefetch_consumed": 0, "prefetch_ready": 0, "prefetch_late": 0, "prefetch_cancelled": 0, "prefetch_unused": 0, "demand_read_bytes": 86670950400, "io_batches": 220, "io_overlaps": 200, "staging_bytes": 0, "staging_banks": 0, "prefetch_pending": 0, "execution_buffer_bytes": 122948808, "scratch_bytes": 402653184, "gpu_cache_bytes": 87836590080}
(Worker_TP1 pid=127) EXPERT_STREAM {"hits": 0, "misses": 0, "read_bytes": 0, "read_seconds": 0.0, "rank": 1, "cache_bytes": 0, "slot_hits": 3674, "slot_misses": 9324, "packed_read_bytes": 87648583680, "graph_replays": 337, "routed_pipeline_batches": 0, "routed_pipeline_bytes": 0, "prefetch_issued": 0, "prefetch_read_bytes": 0, "prefetch_consumed": 0, "prefetch_ready": 0, "prefetch_late": 0, "prefetch_cancelled": 0, "prefetch_unused": 0, "demand_read_bytes": 87648583680, "io_batches": 255, "io_overlaps": 235, "staging_bytes": 0, "staging_banks": 0, "prefetch_pending": 0, "execution_buffer_bytes": 122948808, "scratch_bytes": 402653184, "gpu_cache_bytes": 87836590080}
(Worker_TP1 pid=127) EXPERT_STREAM {"hits": 0, "misses": 0, "read_bytes": 0, "read_seconds": 0.0, "rank": 1, "cache_bytes": 0, "slot_hits": 4403, "slot_misses": 9464, "packed_read_bytes": 88964628480, "graph_replays": 380, "routed_pipeline_batches": 0, "routed_pipeline_bytes": 0, "prefetch_issued": 0, "prefetch_read_bytes": 0, "prefetch_consumed": 0, "prefetch_ready": 0, "prefetch_late": 0, "prefetch_cancelled": 0, "prefetch_unused": 0, "demand_read_bytes": 88964628480, "io_batches": 296, "io_overlaps": 276, "staging_bytes": 0, "staging_banks": 0, "prefetch_pending": 0, "execution_buffer_bytes": 122948808, "scratch_bytes": 402653184, "gpu_cache_bytes": 87836590080}
(Worker_TP1 pid=127) EXPERT_STREAM {"hits": 0, "misses": 0, "read_bytes": 0, "read_seconds": 0.0, "rank": 1, "cache_bytes": 0, "slot_hits": 5179, "slot_misses": 9528, "packed_read_bytes": 89566248960, "graph_replays": 423, "routed_pipeline_batches": 0, "routed_pipeline_bytes": 0, "prefetch_issued": 0, "prefetch_read_bytes": 0, "prefetch_consumed": 0, "prefetch_ready": 0, "prefetch_late": 0, "prefetch_cancelled": 0, "prefetch_unused": 0, "demand_read_bytes": 89566248960, "io_batches": 326, "io_overlaps": 306, "staging_bytes": 0, "staging_banks": 0, "prefetch_pending": 0, "execution_buffer_bytes": 122948808, "scratch_bytes": 402653184, "gpu_cache_bytes": 87836590080}
(Worker_TP1 pid=127) EXPERT_STREAM {"hits": 0, "misses": 0, "read_bytes": 0, "read_seconds": 0.0, "rank": 1, "cache_bytes": 0, "slot_hits": 5898, "slot_misses": 9615, "packed_read_bytes": 90384076800, "graph_replays": 466, "routed_pipeline_batches": 0, "routed_pipeline_bytes": 0, "prefetch_issued": 0, "prefetch_read_bytes": 0, "prefetch_consumed": 0, "prefetch_ready": 0, "prefetch_late": 0, "prefetch_cancelled": 0, "prefetch_unused": 0, "demand_read_bytes": 90384076800, "io_batches": 362, "io_overlaps": 342, "staging_bytes": 0, "staging_banks": 0, "prefetch_pending": 0, "execution_buffer_bytes": 122948808, "scratch_bytes": 402653184, "gpu_cache_bytes": 87836590080}
(Worker_TP1 pid=127) EXPERT_STREAM {"hits": 0, "misses": 0, "read_bytes": 0, "read_seconds": 0.0, "rank": 1, "cache_bytes": 0, "slot_hits": 6784, "slot_misses": 9688, "packed_read_bytes": 91070300160, "graph_replays": 509, "routed_pipeline_batches": 0, "routed_pipeline_bytes": 0, "prefetch_issued": 0, "prefetch_read_bytes": 0, "prefetch_consumed": 0, "prefetch_ready": 0, "prefetch_late": 0, "prefetch_cancelled": 0, "prefetch_unused": 0, "demand_read_bytes": 91070300160, "io_batches": 396, "io_overlaps": 376, "staging_bytes": 0, "staging_banks": 0, "prefetch_pending": 0, "execution_buffer_bytes": 122948808, "scratch_bytes": 402653184, "gpu_cache_bytes": 87836590080}
(Worker_TP1 pid=127) EXPERT_STREAM {"hits": 0, "misses": 0, "read_bytes": 0, "read_seconds": 0.0, "rank": 1, "cache_bytes": 0, "slot_hits": 7698, "slot_misses": 9809, "packed_read_bytes": 92207738880, "graph_replays": 552, "routed_pipeline_batches": 0, "routed_pipeline_bytes": 0, "prefetch_issued": 0, "prefetch_read_bytes": 0, "prefetch_consumed": 0, "prefetch_ready": 0, "prefetch_late": 0, "prefetch_cancelled": 0, "prefetch_unused": 0, "demand_read_bytes": 92207738880, "io_batches": 437, "io_overlaps": 417, "staging_bytes": 0, "staging_banks": 0, "prefetch_pending": 0, "execution_buffer_bytes": 122948808, "scratch_bytes": 402653184, "gpu_cache_bytes": 87836590080}
(Worker_TP1 pid=127) EXPERT_STREAM {"hits": 0, "misses": 0, "read_bytes": 0, "read_seconds": 0.0, "rank": 1, "cache_bytes": 0, "slot_hits": 8516, "slot_misses": 9929, "packed_read_bytes": 93335777280, "graph_replays": 595, "routed_pipeline_batches": 0, "routed_pipeline_bytes": 0, "prefetch_issued": 0, "prefetch_read_bytes": 0, "prefetch_consumed": 0, "prefetch_ready": 0, "prefetch_late": 0, "prefetch_cancelled": 0, "prefetch_unused": 0, "demand_read_bytes": 93335777280, "io_batches": 474, "io_overlaps": 454, "staging_bytes": 0, "staging_banks": 0, "prefetch_pending": 0, "execution_buffer_bytes": 122948808, "scratch_bytes": 402653184, "gpu_cache_bytes": 87836590080}
(Worker_TP1 pid=127) EXPERT_STREAM {"hits": 0, "misses": 0, "read_bytes": 0, "read_seconds": 0.0, "rank": 1, "cache_bytes": 0, "slot_hits": 9392, "slot_misses": 10033, "packed_read_bytes": 94313410560, "graph_replays": 638, "routed_pipeline_batches": 0, "routed_pipeline_bytes": 0, "prefetch_issued": 0, "prefetch_read_bytes": 0, "prefetch_consumed": 0, "prefetch_ready": 0, "prefetch_late": 0, "prefetch_cancelled": 0, "prefetch_unused": 0, "demand_read_bytes": 94313410560, "io_batches": 513, "io_overlaps": 493, "staging_bytes": 0, "staging_banks": 0, "prefetch_pending": 0, "execution_buffer_bytes": 122948808, "scratch_bytes": 402653184, "gpu_cache_bytes": 87836590080}
(Worker_TP1 pid=127) EXPERT_STREAM {"hits": 0, "misses": 0, "read_bytes": 0, "read_seconds": 0.0, "rank": 1, "cache_bytes": 0, "slot_hits": 10248, "slot_misses": 10133, "packed_read_bytes": 95253442560, "graph_replays": 681, "routed_pipeline_batches": 0, "routed_pipeline_bytes": 0, "prefetch_issued": 0, "prefetch_read_bytes": 0, "prefetch_consumed": 0, "prefetch_ready": 0, "prefetch_late": 0, "prefetch_cancelled": 0, "prefetch_unused": 0, "demand_read_bytes": 95253442560, "io_batches": 550, "io_overlaps": 530, "staging_bytes": 0, "staging_banks": 0, "prefetch_pending": 0, "execution_buffer_bytes": 122948808, "scratch_bytes": 402653184, "gpu_cache_bytes": 87836590080}
(Worker_TP1 pid=127) EXPERT_STREAM {"hits": 0, "misses": 0, "read_bytes": 0, "read_seconds": 0.0, "rank": 1, "cache_bytes": 0, "slot_hits": 11100, "slot_misses": 10232, "packed_read_bytes": 96184074240, "graph_replays": 724, "routed_pipeline_batches": 0, "routed_pipeline_bytes": 0, "prefetch_issued": 0, "prefetch_read_bytes": 0, "prefetch_consumed": 0, "prefetch_ready": 0, "prefetch_late": 0, "prefetch_cancelled": 0, "prefetch_unused": 0, "demand_read_bytes": 96184074240, "io_batches": 587, "io_overlaps": 567, "staging_bytes": 0, "staging_banks": 0, "prefetch_pending": 0, "execution_buffer_bytes": 122948808, "scratch_bytes": 402653184, "gpu_cache_bytes": 87836590080}
(Worker_TP1 pid=127) EXPERT_STREAM {"hits": 0, "misses": 0, "read_bytes": 0, "read_seconds": 0.0, "rank": 1, "cache_bytes": 0, "slot_hits": 12034, "slot_misses": 10309, "packed_read_bytes": 96907898880, "graph_replays": 767, "routed_pipeline_batches": 0, "routed_pipeline_bytes": 0, "prefetch_issued": 0, "prefetch_read_bytes": 0, "prefetch_consumed": 0, "prefetch_ready": 0, "prefetch_late": 0, "prefetch_cancelled": 0, "prefetch_unused": 0, "demand_read_bytes": 96907898880, "io_batches": 627, "io_overlaps": 607, "staging_bytes": 0, "staging_banks": 0, "prefetch_pending": 0, "execution_buffer_bytes": 122948808, "scratch_bytes": 402653184, "gpu_cache_bytes": 87836590080}
(Worker_TP1 pid=127) EXPERT_STREAM {"hits": 0, "misses": 0, "read_bytes": 0, "read_seconds": 0.0, "rank": 1, "cache_bytes": 0, "slot_hits": 12909, "slot_misses": 10387, "packed_read_bytes": 97641123840, "graph_replays": 810, "routed_pipeline_batches": 0, "routed_pipeline_bytes": 0, "prefetch_issued": 0, "prefetch_read_bytes": 0, "prefetch_consumed": 0, "prefetch_ready": 0, "prefetch_late": 0, "prefetch_cancelled": 0, "prefetch_unused": 0, "demand_read_bytes": 97641123840, "io_batches": 657, "io_overlaps": 637, "staging_bytes": 0, "staging_banks": 0, "prefetch_pending": 0, "execution_buffer_bytes": 122948808, "scratch_bytes": 402653184, "gpu_cache_bytes": 87836590080}
(Worker_TP1 pid=127) EXPERT_STREAM {"hits": 0, "misses": 0, "read_bytes": 0, "read_seconds": 0.0, "rank": 1, "cache_bytes": 0, "slot_hits": 13910, "slot_misses": 10436, "packed_read_bytes": 98101739520, "graph_replays": 853, "routed_pipeline_batches": 0, "routed_pipeline_bytes": 0, "prefetch_issued": 0, "prefetch_read_bytes": 0, "prefetch_consumed": 0, "prefetch_ready": 0, "prefetch_late": 0, "prefetch_cancelled": 0, "prefetch_unused": 0, "demand_read_bytes": 98101739520, "io_batches": 683, "io_overlaps": 663, "staging_bytes": 0, "staging_banks": 0, "prefetch_pending": 0, "execution_buffer_bytes": 122948808, "scratch_bytes": 402653184, "gpu_cache_bytes": 87836590080}
(Worker_TP1 pid=127) EXPERT_STREAM {"hits": 0, "misses": 0, "read_bytes": 0, "read_seconds": 0.0, "rank": 1, "cache_bytes": 0, "slot_hits": 14841, "slot_misses": 10514, "packed_read_bytes": 98834964480, "graph_replays": 896, "routed_pipeline_batches": 0, "routed_pipeline_bytes": 0, "prefetch_issued": 0, "prefetch_read_bytes": 0, "prefetch_consumed": 0, "prefetch_ready": 0, "prefetch_late": 0, "prefetch_cancelled": 0, "prefetch_unused": 0, "demand_read_bytes": 98834964480, "io_batches": 714, "io_overlaps": 694, "staging_bytes": 0, "staging_banks": 0, "prefetch_pending": 0, "execution_buffer_bytes": 122948808, "scratch_bytes": 402653184, "gpu_cache_bytes": 87836590080}
(Worker_TP1 pid=127) EXPERT_STREAM {"hits": 0, "misses": 0, "read_bytes": 0, "read_seconds": 0.0, "rank": 1, "cache_bytes": 0, "slot_hits": 15846, "slot_misses": 10575, "packed_read_bytes": 99408384000, "graph_replays": 939, "routed_pipeline_batches": 0, "routed_pipeline_bytes": 0, "prefetch_issued": 0, "prefetch_read_bytes": 0, "prefetch_consumed": 0, "prefetch_ready": 0, "prefetch_late": 0, "prefetch_cancelled": 0, "prefetch_unused": 0, "demand_read_bytes": 99408384000, "io_batches": 746, "io_overlaps": 726, "staging_bytes": 0, "staging_banks": 0, "prefetch_pending": 0, "execution_buffer_bytes": 122948808, "scratch_bytes": 402653184, "gpu_cache_bytes": 87836590080}
(Worker_TP1 pid=127) EXPERT_STREAM {"hits": 0, "misses": 0, "read_bytes": 0, "read_seconds": 0.0, "rank": 1, "cache_bytes": 0, "slot_hits": 16847, "slot_misses": 10632, "packed_read_bytes": 99944202240, "graph_replays": 982, "routed_pipeline_batches": 0, "routed_pipeline_bytes": 0, "prefetch_issued": 0, "prefetch_read_bytes": 0, "prefetch_consumed": 0, "prefetch_ready": 0, "prefetch_late": 0, "prefetch_cancelled": 0, "prefetch_unused": 0, "demand_read_bytes": 99944202240, "io_batches": 775, "io_overlaps": 755, "staging_bytes": 0, "staging_banks": 0, "prefetch_pending": 0, "execution_buffer_bytes": 122948808, "scratch_bytes": 402653184, "gpu_cache_bytes": 87836590080}
(Worker_TP1 pid=127) EXPERT_STREAM {"hits": 0, "misses": 0, "read_bytes": 0, "read_seconds": 0.0, "rank": 1, "cache_bytes": 0, "slot_hits": 17877, "slot_misses": 10673, "packed_read_bytes": 100329615360, "graph_replays": 1025, "routed_pipeline_batches": 0, "routed_pipeline_bytes": 0, "prefetch_issued": 0, "prefetch_read_bytes": 0, "prefetch_consumed": 0, "prefetch_ready": 0, "prefetch_late": 0, "prefetch_cancelled": 0, "prefetch_unused": 0, "demand_read_bytes": 100329615360, "io_batches": 801, "io_overlaps": 781, "staging_bytes": 0, "staging_banks": 0, "prefetch_pending": 0, "execution_buffer_bytes": 122948808, "scratch_bytes": 402653184, "gpu_cache_bytes": 87836590080}
(Worker_TP1 pid=127) EXPERT_STREAM {"hits": 0, "misses": 0, "read_bytes": 0, "read_seconds": 0.0, "rank": 1, "cache_bytes": 0, "slot_hits": 18851, "slot_misses": 10715, "packed_read_bytes": 100724428800, "graph_replays": 1068, "routed_pipeline_batches": 0, "routed_pipeline_bytes": 0, "prefetch_issued": 0, "prefetch_read_bytes": 0, "prefetch_consumed": 0, "prefetch_ready": 0, "prefetch_late": 0, "prefetch_cancelled": 0, "prefetch_unused": 0, "demand_read_bytes": 100724428800, "io_batches": 823, "io_overlaps": 803, "staging_bytes": 0, "staging_banks": 0, "prefetch_pending": 0, "execution_buffer_bytes": 122948808, "scratch_bytes": 402653184, "gpu_cache_bytes": 87836590080}
(Worker_TP1 pid=127) EXPERT_STREAM {"hits": 0, "misses": 0, "read_bytes": 0, "read_seconds": 0.0, "rank": 1, "cache_bytes": 0, "slot_hits": 19835, "slot_misses": 10823, "packed_read_bytes": 101739663360, "graph_replays": 1111, "routed_pipeline_batches": 0, "routed_pipeline_bytes": 0, "prefetch_issued": 0, "prefetch_read_bytes": 0, "prefetch_consumed": 0, "prefetch_ready": 0, "prefetch_late": 0, "prefetch_cancelled": 0, "prefetch_unused": 0, "demand_read_bytes": 101739663360, "io_batches": 862, "io_overlaps": 842, "staging_bytes": 0, "staging_banks": 0, "prefetch_pending": 0, "execution_buffer_bytes": 122948808, "scratch_bytes": 402653184, "gpu_cache_bytes": 87836590080}
(Worker_TP1 pid=127) EXPERT_STREAM {"hits": 0, "misses": 0, "read_bytes": 0, "read_seconds": 0.0, "rank": 1, "cache_bytes": 0, "slot_hits": 20722, "slot_misses": 11003, "packed_read_bytes": 103431720960, "graph_replays": 1154, "routed_pipeline_batches": 0, "routed_pipeline_bytes": 0, "prefetch_issued": 0, "prefetch_read_bytes": 0, "prefetch_consumed": 0, "prefetch_ready": 0, "prefetch_late": 0, "prefetch_cancelled": 0, "prefetch_unused": 0, "demand_read_bytes": 103431720960, "io_batches": 903, "io_overlaps": 883, "staging_bytes": 0, "staging_banks": 0, "prefetch_pending": 0, "execution_buffer_bytes": 122948808, "scratch_bytes": 402653184, "gpu_cache_bytes": 87836590080}
(Worker_TP1 pid=127) EXPERT_CACHE_RESET 1789205616541370318
(Worker_TP1 pid=127) EXPERT_STREAM {"hits": 0, "misses": 0, "read_bytes": 0, "read_seconds": 0.0, "rank": 1, "cache_bytes": 0, "slot_hits": 0, "slot_misses": 8836, "packed_read_bytes": 83061227520, "graph_replays": 124, "routed_pipeline_batches": 0, "routed_pipeline_bytes": 0, "prefetch_issued": 0, "prefetch_read_bytes": 0, "prefetch_consumed": 0, "prefetch_ready": 0, "prefetch_late": 0, "prefetch_cancelled": 0, "prefetch_unused": 0, "demand_read_bytes": 83061227520, "io_batches": 62, "io_overlaps": 40, "staging_bytes": 0, "staging_banks": 0, "prefetch_pending": 0, "execution_buffer_bytes": 122948808, "scratch_bytes": 402653184, "gpu_cache_bytes": 87836590080}
(Worker_TP1 pid=127) EXPERT_STREAM {"hits": 0, "misses": 0, "read_bytes": 0, "read_seconds": 0.0, "rank": 1, "cache_bytes": 0, "slot_hits": 639, "slot_misses": 9000, "packed_read_bytes": 84602880000, "graph_replays": 167, "routed_pipeline_batches": 0, "routed_pipeline_bytes": 0, "prefetch_issued": 0, "prefetch_read_bytes": 0, "prefetch_consumed": 0, "prefetch_ready": 0, "prefetch_late": 0, "prefetch_cancelled": 0, "prefetch_unused": 0, "demand_read_bytes": 84602880000, "io_batches": 103, "io_overlaps": 81, "staging_bytes": 0, "staging_banks": 0, "prefetch_pending": 0, "execution_buffer_bytes": 122948808, "scratch_bytes": 402653184, "gpu_cache_bytes": 87836590080}
(Worker_TP1 pid=127) EXPERT_STREAM {"hits": 0, "misses": 0, "read_bytes": 0, "read_seconds": 0.0, "rank": 1, "cache_bytes": 0, "slot_hits": 1327, "slot_misses": 9190, "packed_read_bytes": 86388940800, "graph_replays": 210, "routed_pipeline_batches": 0, "routed_pipeline_bytes": 0, "prefetch_issued": 0, "prefetch_read_bytes": 0, "prefetch_consumed": 0, "prefetch_ready": 0, "prefetch_late": 0, "prefetch_cancelled": 0, "prefetch_unused": 0, "demand_read_bytes": 86388940800, "io_batches": 145, "io_overlaps": 123, "staging_bytes": 0, "staging_banks": 0, "prefetch_pending": 0, "execution_buffer_bytes": 122948808, "scratch_bytes": 402653184, "gpu_cache_bytes": 87836590080}
(Worker_TP1 pid=127) EXPERT_STREAM {"hits": 0, "misses": 0, "read_bytes": 0, "read_seconds": 0.0, "rank": 1, "cache_bytes": 0, "slot_hits": 2153, "slot_misses": 9289, "packed_read_bytes": 87319572480, "graph_replays": 253, "routed_pipeline_batches": 0, "routed_pipeline_bytes": 0, "prefetch_issued": 0, "prefetch_read_bytes": 0, "prefetch_consumed": 0, "prefetch_ready": 0, "prefetch_late": 0, "prefetch_cancelled": 0, "prefetch_unused": 0, "demand_read_bytes": 87319572480, "io_batches": 182, "io_overlaps": 160, "staging_bytes": 0, "staging_banks": 0, "prefetch_pending": 0, "execution_buffer_bytes": 122948808, "scratch_bytes": 402653184, "gpu_cache_bytes": 87836590080}
(Worker_TP1 pid=127) EXPERT_STREAM {"hits": 0, "misses": 0, "read_bytes": 0, "read_seconds": 0.0, "rank": 1, "cache_bytes": 0, "slot_hits": 2959, "slot_misses": 9443, "packed_read_bytes": 88767221760, "graph_replays": 296, "routed_pipeline_batches": 0, "routed_pipeline_bytes": 0, "prefetch_issued": 0, "prefetch_read_bytes": 0, "prefetch_consumed": 0, "prefetch_ready": 0, "prefetch_late": 0, "prefetch_cancelled": 0, "prefetch_unused": 0, "demand_read_bytes": 88767221760, "io_batches": 221, "io_overlaps": 199, "staging_bytes": 0, "staging_banks": 0, "prefetch_pending": 0, "execution_buffer_bytes": 122948808, "scratch_bytes": 402653184, "gpu_cache_bytes": 87836590080}
(Worker_TP1 pid=127) EXPERT_STREAM {"hits": 0, "misses": 0, "read_bytes": 0, "read_seconds": 0.0, "rank": 1, "cache_bytes": 0, "slot_hits": 3699, "slot_misses": 9547, "packed_read_bytes": 89744855040, "graph_replays": 339, "routed_pipeline_batches": 0, "routed_pipeline_bytes": 0, "prefetch_issued": 0, "prefetch_read_bytes": 0, "prefetch_consumed": 0, "prefetch_ready": 0, "prefetch_late": 0, "prefetch_cancelled": 0, "prefetch_unused": 0, "demand_read_bytes": 89744855040, "io_batches": 261, "io_overlaps": 239, "staging_bytes": 0, "staging_banks": 0, "prefetch_pending": 0, "execution_buffer_bytes": 122948808, "scratch_bytes": 402653184, "gpu_cache_bytes": 87836590080}
(Worker_TP1 pid=127) EXPERT_STREAM {"hits": 0, "misses": 0, "read_bytes": 0, "read_seconds": 0.0, "rank": 1, "cache_bytes": 0, "slot_hits": 4417, "slot_misses": 9662, "packed_read_bytes": 90825891840, "graph_replays": 382, "routed_pipeline_batches": 0, "routed_pipeline_bytes": 0, "prefetch_issued": 0, "prefetch_read_bytes": 0, "prefetch_consumed": 0, "prefetch_ready": 0, "prefetch_late": 0, "prefetch_cancelled": 0, "prefetch_unused": 0, "demand_read_bytes": 90825891840, "io_batches": 302, "io_overlaps": 280, "staging_bytes": 0, "staging_banks": 0, "prefetch_pending": 0, "execution_buffer_bytes": 122948808, "scratch_bytes": 402653184, "gpu_cache_bytes": 87836590080}
(Worker_TP1 pid=127) EXPERT_STREAM {"hits": 0, "misses": 0, "read_bytes": 0, "read_seconds": 0.0, "rank": 1, "cache_bytes": 0, "slot_hits": 5271, "slot_misses": 9738, "packed_read_bytes": 91540316160, "graph_replays": 425, "routed_pipeline_batches": 0, "routed_pipeline_bytes": 0, "prefetch_issued": 0, "prefetch_read_bytes": 0, "prefetch_consumed": 0, "prefetch_ready": 0, "prefetch_late": 0, "prefetch_cancelled": 0, "prefetch_unused": 0, "demand_read_bytes": 91540316160, "io_batches": 339, "io_overlaps": 317, "staging_bytes": 0, "staging_banks": 0, "prefetch_pending": 0, "execution_buffer_bytes": 122948808, "scratch_bytes": 402653184, "gpu_cache_bytes": 87836590080}
(Worker_TP1 pid=127) EXPERT_STREAM {"hits": 0, "misses": 0, "read_bytes": 0, "read_seconds": 0.0, "rank": 1, "cache_bytes": 0, "slot_hits": 6174, "slot_misses": 9872, "packed_read_bytes": 92799959040, "graph_replays": 468, "routed_pipeline_batches": 0, "routed_pipeline_bytes": 0, "prefetch_issued": 0, "prefetch_read_bytes": 0, "prefetch_consumed": 0, "prefetch_ready": 0, "prefetch_late": 0, "prefetch_cancelled": 0, "prefetch_unused": 0, "demand_read_bytes": 92799959040, "io_batches": 378, "io_overlaps": 356, "staging_bytes": 0, "staging_banks": 0, "prefetch_pending": 0, "execution_buffer_bytes": 122948808, "scratch_bytes": 402653184, "gpu_cache_bytes": 87836590080}
(Worker_TP1 pid=127) EXPERT_STREAM {"hits": 0, "misses": 0, "read_bytes": 0, "read_seconds": 0.0, "rank": 1, "cache_bytes": 0, "slot_hits": 7011, "slot_misses": 9986, "packed_read_bytes": 93871595520, "graph_replays": 511, "routed_pipeline_batches": 0, "routed_pipeline_bytes": 0, "prefetch_issued": 0, "prefetch_read_bytes": 0, "prefetch_consumed": 0, "prefetch_ready": 0, "prefetch_late": 0, "prefetch_cancelled": 0, "prefetch_unused": 0, "demand_read_bytes": 93871595520, "io_batches": 419, "io_overlaps": 397, "staging_bytes": 0, "staging_banks": 0, "prefetch_pending": 0, "execution_buffer_bytes": 122948808, "scratch_bytes": 402653184, "gpu_cache_bytes": 87836590080}
(Worker_TP1 pid=127) EXPERT_STREAM {"hits": 0, "misses": 0, "read_bytes": 0, "read_seconds": 0.0, "rank": 1, "cache_bytes": 0, "slot_hits": 7915, "slot_misses": 10089, "packed_read_bytes": 94839828480, "graph_replays": 554, "routed_pipeline_batches": 0, "routed_pipeline_bytes": 0, "prefetch_issued": 0, "prefetch_read_bytes": 0, "prefetch_consumed": 0, "prefetch_ready": 0, "prefetch_late": 0, "prefetch_cancelled": 0, "prefetch_unused": 0, "demand_read_bytes": 94839828480, "io_batches": 459, "io_overlaps": 437, "staging_bytes": 0, "staging_banks": 0, "prefetch_pending": 0, "execution_buffer_bytes": 122948808, "scratch_bytes": 402653184, "gpu_cache_bytes": 87836590080}
(Worker_TP1 pid=127) EXPERT_STREAM {"hits": 0, "misses": 0, "read_bytes": 0, "read_seconds": 0.0, "rank": 1, "cache_bytes": 0, "slot_hits": 8782, "slot_misses": 10185, "packed_read_bytes": 95742259200, "graph_replays": 597, "routed_pipeline_batches": 0, "routed_pipeline_bytes": 0, "prefetch_issued": 0, "prefetch_read_bytes": 0, "prefetch_consumed": 0, "prefetch_ready": 0, "prefetch_late": 0, "prefetch_cancelled": 0, "prefetch_unused": 0, "demand_read_bytes": 95742259200, "io_batches": 496, "io_overlaps": 474, "staging_bytes": 0, "staging_banks": 0, "prefetch_pending": 0, "execution_buffer_bytes": 122948808, "scratch_bytes": 402653184, "gpu_cache_bytes": 87836590080}
(Worker_TP1 pid=127) EXPERT_STREAM {"hits": 0, "misses": 0, "read_bytes": 0, "read_seconds": 0.0, "rank": 1, "cache_bytes": 0, "slot_hits": 9633, "slot_misses": 10285, "packed_read_bytes": 96682291200, "graph_replays": 640, "routed_pipeline_batches": 0, "routed_pipeline_bytes": 0, "prefetch_issued": 0, "prefetch_read_bytes": 0, "prefetch_consumed": 0, "prefetch_ready": 0, "prefetch_late": 0, "prefetch_cancelled": 0, "prefetch_unused": 0, "demand_read_bytes": 96682291200, "io_batches": 533, "io_overlaps": 511, "staging_bytes": 0, "staging_banks": 0, "prefetch_pending": 0, "execution_buffer_bytes": 122948808, "scratch_bytes": 402653184, "gpu_cache_bytes": 87836590080}
(Worker_TP1 pid=127) EXPERT_STREAM {"hits": 0, "misses": 0, "read_bytes": 0, "read_seconds": 0.0, "rank": 1, "cache_bytes": 0, "slot_hits": 10559, "slot_misses": 10384, "packed_read_bytes": 97612922880, "graph_replays": 683, "routed_pipeline_batches": 0, "routed_pipeline_bytes": 0, "prefetch_issued": 0, "prefetch_read_bytes": 0, "prefetch_consumed": 0, "prefetch_ready": 0, "prefetch_late": 0, "prefetch_cancelled": 0, "prefetch_unused": 0, "demand_read_bytes": 97612922880, "io_batches": 573, "io_overlaps": 551, "staging_bytes": 0, "staging_banks": 0, "prefetch_pending": 0, "execution_buffer_bytes": 122948808, "scratch_bytes": 402653184, "gpu_cache_bytes": 87836590080}
(Worker_TP1 pid=127) EXPERT_STREAM {"hits": 0, "misses": 0, "read_bytes": 0, "read_seconds": 0.0, "rank": 1, "cache_bytes": 0, "slot_hits": 11445, "slot_misses": 10447, "packed_read_bytes": 98205143040, "graph_replays": 726, "routed_pipeline_batches": 0, "routed_pipeline_bytes": 0, "prefetch_issued": 0, "prefetch_read_bytes": 0, "prefetch_consumed": 0, "prefetch_ready": 0, "prefetch_late": 0, "prefetch_cancelled": 0, "prefetch_unused": 0, "demand_read_bytes": 98205143040, "io_batches": 605, "io_overlaps": 583, "staging_bytes": 0, "staging_banks": 0, "prefetch_pending": 0, "execution_buffer_bytes": 122948808, "scratch_bytes": 402653184, "gpu_cache_bytes": 87836590080}
(Worker_TP1 pid=127) EXPERT_STREAM {"hits": 0, "misses": 0, "read_bytes": 0, "read_seconds": 0.0, "rank": 1, "cache_bytes": 0, "slot_hits": 12451, "slot_misses": 10504, "packed_read_bytes": 98740961280, "graph_replays": 769, "routed_pipeline_batches": 0, "routed_pipeline_bytes": 0, "prefetch_issued": 0, "prefetch_read_bytes": 0, "prefetch_consumed": 0, "prefetch_ready": 0, "prefetch_late": 0, "prefetch_cancelled": 0, "prefetch_unused": 0, "demand_read_bytes": 98740961280, "io_batches": 634, "io_overlaps": 612, "staging_bytes": 0, "staging_banks": 0, "prefetch_pending": 0, "execution_buffer_bytes": 122948808, "scratch_bytes": 402653184, "gpu_cache_bytes": 87836590080}
(Worker_TP1 pid=127) EXPERT_STREAM {"hits": 0, "misses": 0, "read_bytes": 0, "read_seconds": 0.0, "rank": 1, "cache_bytes": 0, "slot_hits": 13420, "slot_misses": 10572, "packed_read_bytes": 99380183040, "graph_replays": 812, "routed_pipeline_batches": 0, "routed_pipeline_bytes": 0, "prefetch_issued": 0, "prefetch_read_bytes": 0, "prefetch_consumed": 0, "prefetch_ready": 0, "prefetch_late": 0, "prefetch_cancelled": 0, "prefetch_unused": 0, "demand_read_bytes": 99380183040, "io_batches": 663, "io_overlaps": 641, "staging_bytes": 0, "staging_banks": 0, "prefetch_pending": 0, "execution_buffer_bytes": 122948808, "scratch_bytes": 402653184, "gpu_cache_bytes": 87836590080}
(Worker_TP1 pid=127) EXPERT_STREAM {"hits": 0, "misses": 0, "read_bytes": 0, "read_seconds": 0.0, "rank": 1, "cache_bytes": 0, "slot_hits": 14414, "slot_misses": 10628, "packed_read_bytes": 99906600960, "graph_replays": 855, "routed_pipeline_batches": 0, "routed_pipeline_bytes": 0, "prefetch_issued": 0, "prefetch_read_bytes": 0, "prefetch_consumed": 0, "prefetch_ready": 0, "prefetch_late": 0, "prefetch_cancelled": 0, "prefetch_unused": 0, "demand_read_bytes": 99906600960, "io_batches": 694, "io_overlaps": 672, "staging_bytes": 0, "staging_banks": 0, "prefetch_pending": 0, "execution_buffer_bytes": 122948808, "scratch_bytes": 402653184, "gpu_cache_bytes": 87836590080}
(Worker_TP1 pid=127) EXPERT_STREAM {"hits": 0, "misses": 0, "read_bytes": 0, "read_seconds": 0.0, "rank": 1, "cache_bytes": 0, "slot_hits": 15410, "slot_misses": 10663, "packed_read_bytes": 100235612160, "graph_replays": 898, "routed_pipeline_batches": 0, "routed_pipeline_bytes": 0, "prefetch_issued": 0, "prefetch_read_bytes": 0, "prefetch_consumed": 0, "prefetch_ready": 0, "prefetch_late": 0, "prefetch_cancelled": 0, "prefetch_unused": 0, "demand_read_bytes": 100235612160, "io_batches": 721, "io_overlaps": 699, "staging_bytes": 0, "staging_banks": 0, "prefetch_pending": 0, "execution_buffer_bytes": 122948808, "scratch_bytes": 402653184, "gpu_cache_bytes": 87836590080}
(Worker_TP1 pid=127) EXPERT_STREAM {"hits": 0, "misses": 0, "read_bytes": 0, "read_seconds": 0.0, "rank": 1, "cache_bytes": 0, "slot_hits": 16407, "slot_misses": 10708, "packed_read_bytes": 100658626560, "graph_replays": 941, "routed_pipeline_batches": 0, "routed_pipeline_bytes": 0, "prefetch_issued": 0, "prefetch_read_bytes": 0, "prefetch_consumed": 0, "prefetch_ready": 0, "prefetch_late": 0, "prefetch_cancelled": 0, "prefetch_unused": 0, "demand_read_bytes": 100658626560, "io_batches": 747, "io_overlaps": 725, "staging_bytes": 0, "staging_banks": 0, "prefetch_pending": 0, "execution_buffer_bytes": 122948808, "scratch_bytes": 402653184, "gpu_cache_bytes": 87836590080}
(Worker_TP1 pid=127) EXPERT_STREAM {"hits": 0, "misses": 0, "read_bytes": 0, "read_seconds": 0.0, "rank": 1, "cache_bytes": 0, "slot_hits": 17411, "slot_misses": 10744, "packed_read_bytes": 100997038080, "graph_replays": 984, "routed_pipeline_batches": 0, "routed_pipeline_bytes": 0, "prefetch_issued": 0, "prefetch_read_bytes": 0, "prefetch_consumed": 0, "prefetch_ready": 0, "prefetch_late": 0, "prefetch_cancelled": 0, "prefetch_unused": 0, "demand_read_bytes": 100997038080, "io_batches": 768, "io_overlaps": 746, "staging_bytes": 0, "staging_banks": 0, "prefetch_pending": 0, "execution_buffer_bytes": 122948808, "scratch_bytes": 402653184, "gpu_cache_bytes": 87836590080}
(Worker_TP1 pid=127) EXPERT_STREAM {"hits": 0, "misses": 0, "read_bytes": 0, "read_seconds": 0.0, "rank": 1, "cache_bytes": 0, "slot_hits": 18359, "slot_misses": 10837, "packed_read_bytes": 101871267840, "graph_replays": 1027, "routed_pipeline_batches": 0, "routed_pipeline_bytes": 0, "prefetch_issued": 0, "prefetch_read_bytes": 0, "prefetch_consumed": 0, "prefetch_ready": 0, "prefetch_late": 0, "prefetch_cancelled": 0, "prefetch_unused": 0, "demand_read_bytes": 101871267840, "io_batches": 807, "io_overlaps": 785, "staging_bytes": 0, "staging_banks": 0, "prefetch_pending": 0, "execution_buffer_bytes": 122948808, "scratch_bytes": 402653184, "gpu_cache_bytes": 87836590080}
(Worker_TP1 pid=127) EXPERT_STREAM {"hits": 0, "misses": 0, "read_bytes": 0, "read_seconds": 0.0, "rank": 1, "cache_bytes": 0, "slot_hits": 19310, "slot_misses": 11019, "packed_read_bytes": 103582126080, "graph_replays": 1070, "routed_pipeline_batches": 0, "routed_pipeline_bytes": 0, "prefetch_issued": 0, "prefetch_read_bytes": 0, "prefetch_consumed": 0, "prefetch_ready": 0, "prefetch_late": 0, "prefetch_cancelled": 0, "prefetch_unused": 0, "demand_read_bytes": 103582126080, "io_batches": 849, "io_overlaps": 827, "staging_bytes": 0, "staging_banks": 0, "prefetch_pending": 0, "execution_buffer_bytes": 122948808, "scratch_bytes": 402653184, "gpu_cache_bytes": 87836590080}
(Worker_TP1 pid=127) EXPERT_CACHE_RESET 1789205638791777657
(Worker_TP1 pid=127) EXPERT_STREAM {"hits": 0, "misses": 0, "read_bytes": 0, "read_seconds": 0.0, "rank": 1, "cache_bytes": 0, "slot_hits": 0, "slot_misses": 8867, "packed_read_bytes": 83352637440, "graph_replays": 122, "routed_pipeline_batches": 0, "routed_pipeline_bytes": 0, "prefetch_issued": 0, "prefetch_read_bytes": 0, "prefetch_consumed": 0, "prefetch_ready": 0, "prefetch_late": 0, "prefetch_cancelled": 0, "prefetch_unused": 0, "demand_read_bytes": 83352637440, "io_batches": 61, "io_overlaps": 40, "staging_bytes": 0, "staging_banks": 0, "prefetch_pending": 0, "execution_buffer_bytes": 122948808, "scratch_bytes": 402653184, "gpu_cache_bytes": 87836590080}
(Worker_TP1 pid=127) EXPERT_STREAM {"hits": 0, "misses": 0, "read_bytes": 0, "read_seconds": 0.0, "rank": 1, "cache_bytes": 0, "slot_hits": 698, "slot_misses": 9050, "packed_read_bytes": 85072896000, "graph_replays": 165, "routed_pipeline_batches": 0, "routed_pipeline_bytes": 0, "prefetch_issued": 0, "prefetch_read_bytes": 0, "prefetch_consumed": 0, "prefetch_ready": 0, "prefetch_late": 0, "prefetch_cancelled": 0, "prefetch_unused": 0, "demand_read_bytes": 85072896000, "io_batches": 100, "io_overlaps": 79, "staging_bytes": 0, "staging_banks": 0, "prefetch_pending": 0, "execution_buffer_bytes": 122948808, "scratch_bytes": 402653184, "gpu_cache_bytes": 87836590080}
(Worker_TP1 pid=127) EXPERT_STREAM {"hits": 0, "misses": 0, "read_bytes": 0, "read_seconds": 0.0, "rank": 1, "cache_bytes": 0, "slot_hits": 1386, "slot_misses": 9221, "packed_read_bytes": 86680350720, "graph_replays": 208, "routed_pipeline_batches": 0, "routed_pipeline_bytes": 0, "prefetch_issued": 0, "prefetch_read_bytes": 0, "prefetch_consumed": 0, "prefetch_ready": 0, "prefetch_late": 0, "prefetch_cancelled": 0, "prefetch_unused": 0, "demand_read_bytes": 86680350720, "io_batches": 140, "io_overlaps": 119, "staging_bytes": 0, "staging_banks": 0, "prefetch_pending": 0, "execution_buffer_bytes": 122948808, "scratch_bytes": 402653184, "gpu_cache_bytes": 87836590080}
(Worker_TP1 pid=127) EXPERT_STREAM {"hits": 0, "misses": 0, "read_bytes": 0, "read_seconds": 0.0, "rank": 1, "cache_bytes": 0, "slot_hits": 2199, "slot_misses": 9355, "packed_read_bytes": 87939993600, "graph_replays": 251, "routed_pipeline_batches": 0, "routed_pipeline_bytes": 0, "prefetch_issued": 0, "prefetch_read_bytes": 0, "prefetch_consumed": 0, "prefetch_ready": 0, "prefetch_late": 0, "prefetch_cancelled": 0, "prefetch_unused": 0, "demand_read_bytes": 87939993600, "io_batches": 177, "io_overlaps": 156, "staging_bytes": 0, "staging_banks": 0, "prefetch_pending": 0, "execution_buffer_bytes": 122948808, "scratch_bytes": 402653184, "gpu_cache_bytes": 87836590080}
(Worker_TP1 pid=127) EXPERT_STREAM {"hits": 0, "misses": 0, "read_bytes": 0, "read_seconds": 0.0, "rank": 1, "cache_bytes": 0, "slot_hits": 2971, "slot_misses": 9484, "packed_read_bytes": 89152634880, "graph_replays": 294, "routed_pipeline_batches": 0, "routed_pipeline_bytes": 0, "prefetch_issued": 0, "prefetch_read_bytes": 0, "prefetch_consumed": 0, "prefetch_ready": 0, "prefetch_late": 0, "prefetch_cancelled": 0, "prefetch_unused": 0, "demand_read_bytes": 89152634880, "io_batches": 217, "io_overlaps": 196, "staging_bytes": 0, "staging_banks": 0, "prefetch_pending": 0, "execution_buffer_bytes": 122948808, "scratch_bytes": 402653184, "gpu_cache_bytes": 87836590080}
(Worker_TP1 pid=127) EXPERT_STREAM {"hits": 0, "misses": 0, "read_bytes": 0, "read_seconds": 0.0, "rank": 1, "cache_bytes": 0, "slot_hits": 3674, "slot_misses": 9589, "packed_read_bytes": 90139668480, "graph_replays": 337, "routed_pipeline_batches": 0, "routed_pipeline_bytes": 0, "prefetch_issued": 0, "prefetch_read_bytes": 0, "prefetch_consumed": 0, "prefetch_ready": 0, "prefetch_late": 0, "prefetch_cancelled": 0, "prefetch_unused": 0, "demand_read_bytes": 90139668480, "io_batches": 256, "io_overlaps": 235, "staging_bytes": 0, "staging_banks": 0, "prefetch_pending": 0, "execution_buffer_bytes": 122948808, "scratch_bytes": 402653184, "gpu_cache_bytes": 87836590080}
(Worker_TP1 pid=127) EXPERT_STREAM {"hits": 0, "misses": 0, "read_bytes": 0, "read_seconds": 0.0, "rank": 1, "cache_bytes": 0, "slot_hits": 4527, "slot_misses": 9677, "packed_read_bytes": 90966896640, "graph_replays": 380, "routed_pipeline_batches": 0, "routed_pipeline_bytes": 0, "prefetch_issued": 0, "prefetch_read_bytes": 0, "prefetch_consumed": 0, "prefetch_ready": 0, "prefetch_late": 0, "prefetch_cancelled": 0, "prefetch_unused": 0, "demand_read_bytes": 90966896640, "io_batches": 292, "io_overlaps": 271, "staging_bytes": 0, "staging_banks": 0, "prefetch_pending": 0, "execution_buffer_bytes": 122948808, "scratch_bytes": 402653184, "gpu_cache_bytes": 87836590080}
(Worker_TP1 pid=127) EXPERT_STREAM {"hits": 0, "misses": 0, "read_bytes": 0, "read_seconds": 0.0, "rank": 1, "cache_bytes": 0, "slot_hits": 5416, "slot_misses": 9823, "packed_read_bytes": 92339343360, "graph_replays": 423, "routed_pipeline_batches": 0, "routed_pipeline_bytes": 0, "prefetch_issued": 0, "prefetch_read_bytes": 0, "prefetch_consumed": 0, "prefetch_ready": 0, "prefetch_late": 0, "prefetch_cancelled": 0, "prefetch_unused": 0, "demand_read_bytes": 92339343360, "io_batches": 334, "io_overlaps": 313, "staging_bytes": 0, "staging_banks": 0, "prefetch_pending": 0, "execution_buffer_bytes": 122948808, "scratch_bytes": 402653184, "gpu_cache_bytes": 87836590080}
(Worker_TP1 pid=127) EXPERT_STREAM {"hits": 0, "misses": 0, "read_bytes": 0, "read_seconds": 0.0, "rank": 1, "cache_bytes": 0, "slot_hits": 6242, "slot_misses": 9936, "packed_read_bytes": 93401579520, "graph_replays": 466, "routed_pipeline_batches": 0, "routed_pipeline_bytes": 0, "prefetch_issued": 0, "prefetch_read_bytes": 0, "prefetch_consumed": 0, "prefetch_ready": 0, "prefetch_late": 0, "prefetch_cancelled": 0, "prefetch_unused": 0, "demand_read_bytes": 93401579520, "io_batches": 375, "io_overlaps": 354, "staging_bytes": 0, "staging_banks": 0, "prefetch_pending": 0, "execution_buffer_bytes": 122948808, "scratch_bytes": 402653184, "gpu_cache_bytes": 87836590080}
(Worker_TP1 pid=127) EXPERT_STREAM {"hits": 0, "misses": 0, "read_bytes": 0, "read_seconds": 0.0, "rank": 1, "cache_bytes": 0, "slot_hits": 7147, "slot_misses": 10028, "packed_read_bytes": 94266408960, "graph_replays": 509, "routed_pipeline_batches": 0, "routed_pipeline_bytes": 0, "prefetch_issued": 0, "prefetch_read_bytes": 0, "prefetch_consumed": 0, "prefetch_ready": 0, "prefetch_late": 0, "prefetch_cancelled": 0, "prefetch_unused": 0, "demand_read_bytes": 94266408960, "io_batches": 414, "io_overlaps": 393, "staging_bytes": 0, "staging_banks": 0, "prefetch_pending": 0, "execution_buffer_bytes": 122948808, "scratch_bytes": 402653184, "gpu_cache_bytes": 87836590080}
(Worker_TP1 pid=127) EXPERT_STREAM {"hits": 0, "misses": 0, "read_bytes": 0, "read_seconds": 0.0, "rank": 1, "cache_bytes": 0, "slot_hits": 8007, "slot_misses": 10121, "packed_read_bytes": 95140638720, "graph_replays": 552, "routed_pipeline_batches": 0, "routed_pipeline_bytes": 0, "prefetch_issued": 0, "prefetch_read_bytes": 0, "prefetch_consumed": 0, "prefetch_ready": 0, "prefetch_late": 0, "prefetch_cancelled": 0, "prefetch_unused": 0, "demand_read_bytes": 95140638720, "io_batches": 454, "io_overlaps": 433, "staging_bytes": 0, "staging_banks": 0, "prefetch_pending": 0, "execution_buffer_bytes": 122948808, "scratch_bytes": 402653184, "gpu_cache_bytes": 87836590080}
(Worker_TP1 pid=127) EXPERT_STREAM {"hits": 0, "misses": 0, "read_bytes": 0, "read_seconds": 0.0, "rank": 1, "cache_bytes": 0, "slot_hits": 8859, "slot_misses": 10213, "packed_read_bytes": 96005468160, "graph_replays": 595, "routed_pipeline_batches": 0, "routed_pipeline_bytes": 0, "prefetch_issued": 0, "prefetch_read_bytes": 0, "prefetch_consumed": 0, "prefetch_ready": 0, "prefetch_late": 0, "prefetch_cancelled": 0, "prefetch_unused": 0, "demand_read_bytes": 96005468160, "io_batches": 492, "io_overlaps": 471, "staging_bytes": 0, "staging_banks": 0, "prefetch_pending": 0, "execution_buffer_bytes": 122948808, "scratch_bytes": 402653184, "gpu_cache_bytes": 87836590080}
(Worker_TP1 pid=127) EXPERT_STREAM {"hits": 0, "misses": 0, "read_bytes": 0, "read_seconds": 0.0, "rank": 1, "cache_bytes": 0, "slot_hits": 9765, "slot_misses": 10300, "packed_read_bytes": 96823296000, "graph_replays": 638, "routed_pipeline_batches": 0, "routed_pipeline_bytes": 0, "prefetch_issued": 0, "prefetch_read_bytes": 0, "prefetch_consumed": 0, "prefetch_ready": 0, "prefetch_late": 0, "prefetch_cancelled": 0, "prefetch_unused": 0, "demand_read_bytes": 96823296000, "io_batches": 531, "io_overlaps": 510, "staging_bytes": 0, "staging_banks": 0, "prefetch_pending": 0, "execution_buffer_bytes": 122948808, "scratch_bytes": 402653184, "gpu_cache_bytes": 87836590080}
(Worker_TP1 pid=127) EXPERT_STREAM {"hits": 0, "misses": 0, "read_bytes": 0, "read_seconds": 0.0, "rank": 1, "cache_bytes": 0, "slot_hits": 10639, "slot_misses": 10377, "packed_read_bytes": 97547120640, "graph_replays": 681, "routed_pipeline_batches": 0, "routed_pipeline_bytes": 0, "prefetch_issued": 0, "prefetch_read_bytes": 0, "prefetch_consumed": 0, "prefetch_ready": 0, "prefetch_late": 0, "prefetch_cancelled": 0, "prefetch_unused": 0, "demand_read_bytes": 97547120640, "io_batches": 561, "io_overlaps": 540, "staging_bytes": 0, "staging_banks": 0, "prefetch_pending": 0, "execution_buffer_bytes": 122948808, "scratch_bytes": 402653184, "gpu_cache_bytes": 87836590080}
(Worker_TP1 pid=127) EXPERT_STREAM {"hits": 0, "misses": 0, "read_bytes": 0, "read_seconds": 0.0, "rank": 1, "cache_bytes": 0, "slot_hits": 11638, "slot_misses": 10442, "packed_read_bytes": 98158141440, "graph_replays": 724, "routed_pipeline_batches": 0, "routed_pipeline_bytes": 0, "prefetch_issued": 0, "prefetch_read_bytes": 0, "prefetch_consumed": 0, "prefetch_ready": 0, "prefetch_late": 0, "prefetch_cancelled": 0, "prefetch_unused": 0, "demand_read_bytes": 98158141440, "io_batches": 593, "io_overlaps": 572, "staging_bytes": 0, "staging_banks": 0, "prefetch_pending": 0, "execution_buffer_bytes": 122948808, "scratch_bytes": 402653184, "gpu_cache_bytes": 87836590080}
(Worker_TP1 pid=127) EXPERT_STREAM {"hits": 0, "misses": 0, "read_bytes": 0, "read_seconds": 0.0, "rank": 1, "cache_bytes": 0, "slot_hits": 12626, "slot_misses": 10507, "packed_read_bytes": 98769162240, "graph_replays": 767, "routed_pipeline_batches": 0, "routed_pipeline_bytes": 0, "prefetch_issued": 0, "prefetch_read_bytes": 0, "prefetch_consumed": 0, "prefetch_ready": 0, "prefetch_late": 0, "prefetch_cancelled": 0, "prefetch_unused": 0, "demand_read_bytes": 98769162240, "io_batches": 621, "io_overlaps": 600, "staging_bytes": 0, "staging_banks": 0, "prefetch_pending": 0, "execution_buffer_bytes": 122948808, "scratch_bytes": 402653184, "gpu_cache_bytes": 87836590080}
(Worker_TP1 pid=127) EXPERT_STREAM {"hits": 0, "misses": 0, "read_bytes": 0, "read_seconds": 0.0, "rank": 1, "cache_bytes": 0, "slot_hits": 13639, "slot_misses": 10563, "packed_read_bytes": 99295580160, "graph_replays": 810, "routed_pipeline_batches": 0, "routed_pipeline_bytes": 0, "prefetch_issued": 0, "prefetch_read_bytes": 0, "prefetch_consumed": 0, "prefetch_ready": 0, "prefetch_late": 0, "prefetch_cancelled": 0, "prefetch_unused": 0, "demand_read_bytes": 99295580160, "io_batches": 651, "io_overlaps": 630, "staging_bytes": 0, "staging_banks": 0, "prefetch_pending": 0, "execution_buffer_bytes": 122948808, "scratch_bytes": 402653184, "gpu_cache_bytes": 87836590080}
(Worker_TP1 pid=127) EXPERT_STREAM {"hits": 0, "misses": 0, "read_bytes": 0, "read_seconds": 0.0, "rank": 1, "cache_bytes": 0, "slot_hits": 14628, "slot_misses": 10611, "packed_read_bytes": 99746795520, "graph_replays": 853, "routed_pipeline_batches": 0, "routed_pipeline_bytes": 0, "prefetch_issued": 0, "prefetch_read_bytes": 0, "prefetch_consumed": 0, "prefetch_ready": 0, "prefetch_late": 0, "prefetch_cancelled": 0, "prefetch_unused": 0, "demand_read_bytes": 99746795520, "io_batches": 680, "io_overlaps": 659, "staging_bytes": 0, "staging_banks": 0, "prefetch_pending": 0, "execution_buffer_bytes": 122948808, "scratch_bytes": 402653184, "gpu_cache_bytes": 87836590080}
(Worker_TP1 pid=127) EXPERT_STREAM {"hits": 0, "misses": 0, "read_bytes": 0, "read_seconds": 0.0, "rank": 1, "cache_bytes": 0, "slot_hits": 15625, "slot_misses": 10663, "packed_read_bytes": 100235612160, "graph_replays": 896, "routed_pipeline_batches": 0, "routed_pipeline_bytes": 0, "prefetch_issued": 0, "prefetch_read_bytes": 0, "prefetch_consumed": 0, "prefetch_ready": 0, "prefetch_late": 0, "prefetch_cancelled": 0, "prefetch_unused": 0, "demand_read_bytes": 100235612160, "io_batches": 711, "io_overlaps": 690, "staging_bytes": 0, "staging_banks": 0, "prefetch_pending": 0, "execution_buffer_bytes": 122948808, "scratch_bytes": 402653184, "gpu_cache_bytes": 87836590080}
(Worker_TP1 pid=127) EXPERT_STREAM {"hits": 0, "misses": 0, "read_bytes": 0, "read_seconds": 0.0, "rank": 1, "cache_bytes": 0, "slot_hits": 16605, "slot_misses": 10708, "packed_read_bytes": 100658626560, "graph_replays": 939, "routed_pipeline_batches": 0, "routed_pipeline_bytes": 0, "prefetch_issued": 0, "prefetch_read_bytes": 0, "prefetch_consumed": 0, "prefetch_ready": 0, "prefetch_late": 0, "prefetch_cancelled": 0, "prefetch_unused": 0, "demand_read_bytes": 100658626560, "io_batches": 733, "io_overlaps": 712, "staging_bytes": 0, "staging_banks": 0, "prefetch_pending": 0, "execution_buffer_bytes": 122948808, "scratch_bytes": 402653184, "gpu_cache_bytes": 87836590080}
(Worker_TP1 pid=127) EXPERT_STREAM {"hits": 0, "misses": 0, "read_bytes": 0, "read_seconds": 0.0, "rank": 1, "cache_bytes": 0, "slot_hits": 17538, "slot_misses": 10794, "packed_read_bytes": 101467054080, "graph_replays": 982, "routed_pipeline_batches": 0, "routed_pipeline_bytes": 0, "prefetch_issued": 0, "prefetch_read_bytes": 0, "prefetch_consumed": 0, "prefetch_ready": 0, "prefetch_late": 0, "prefetch_cancelled": 0, "prefetch_unused": 0, "demand_read_bytes": 101467054080, "io_batches": 772, "io_overlaps": 751, "staging_bytes": 0, "staging_banks": 0, "prefetch_pending": 0, "execution_buffer_bytes": 122948808, "scratch_bytes": 402653184, "gpu_cache_bytes": 87836590080}
(Worker_TP1 pid=127) EXPERT_STREAM {"hits": 0, "misses": 0, "read_bytes": 0, "read_seconds": 0.0, "rank": 1, "cache_bytes": 0, "slot_hits": 18418, "slot_misses": 10983, "packed_read_bytes": 103243714560, "graph_replays": 1025, "routed_pipeline_batches": 0, "routed_pipeline_bytes": 0, "prefetch_issued": 0, "prefetch_read_bytes": 0, "prefetch_consumed": 0, "prefetch_ready": 0, "prefetch_late": 0, "prefetch_cancelled": 0, "prefetch_unused": 0, "demand_read_bytes": 103243714560, "io_batches": 814, "io_overlaps": 793, "staging_bytes": 0, "staging_banks": 0, "prefetch_pending": 0, "execution_buffer_bytes": 122948808, "scratch_bytes": 402653184, "gpu_cache_bytes": 87836590080}
(Worker_TP1 pid=127) EXPERT_CACHE_RESET 1789205660675224454
(Worker_TP1 pid=127) EXPERT_STREAM {"hits": 0, "misses": 0, "read_bytes": 0, "read_seconds": 0.0, "rank": 1, "cache_bytes": 0, "slot_hits": 0, "slot_misses": 8841, "packed_read_bytes": 83108229120, "graph_replays": 120, "routed_pipeline_batches": 0, "routed_pipeline_bytes": 0, "prefetch_issued": 0, "prefetch_read_bytes": 0, "prefetch_consumed": 0, "prefetch_ready": 0, "prefetch_late": 0, "prefetch_cancelled": 0, "prefetch_unused": 0, "demand_read_bytes": 83108229120, "io_batches": 60, "io_overlaps": 40, "staging_bytes": 0, "staging_banks": 0, "prefetch_pending": 0, "execution_buffer_bytes": 122948808, "scratch_bytes": 402653184, "gpu_cache_bytes": 87836590080}
(Worker_TP1 pid=127) EXPERT_STREAM {"hits": 0, "misses": 0, "read_bytes": 0, "read_seconds": 0.0, "rank": 1, "cache_bytes": 0, "slot_hits": 6, "slot_misses": 8841, "packed_read_bytes": 83108229120, "graph_replays": 121, "routed_pipeline_batches": 0, "routed_pipeline_bytes": 0, "prefetch_issued": 0, "prefetch_read_bytes": 0, "prefetch_consumed": 0, "prefetch_ready": 0, "prefetch_late": 0, "prefetch_cancelled": 0, "prefetch_unused": 0, "demand_read_bytes": 83108229120, "io_batches": 60, "io_overlaps": 40, "staging_bytes": 0, "staging_banks": 0, "prefetch_pending": 0, "execution_buffer_bytes": 122948808, "scratch_bytes": 402653184, "gpu_cache_bytes": 87836590080}
(Worker_TP1 pid=127) FINAL_DECODER_ROWS {"input_rows": 3399, "output_rows": 1, "layer": 39, "scope": "routed_experts_only", "validation": [{"max_abs": 0.0, "rms": 0.0, "within_tolerance": true}, {"max_abs": 0.0, "rms": 0.0, "within_tolerance": true}, {"max_abs": 0.0, "rms": 0.0, "within_tolerance": true}, {"max_abs": 0.0, "rms": 0.0, "within_tolerance": true}, {"max_abs": 0.0, "rms": 0.0, "within_tolerance": true}]}
(Worker_TP1 pid=127) EXPERT_STREAM {"hits": 0, "misses": 0, "read_bytes": 0, "read_seconds": 0.0, "rank": 1, "cache_bytes": 0, "slot_hits": 639, "slot_misses": 9008, "packed_read_bytes": 84678082560, "graph_replays": 164, "routed_pipeline_batches": 0, "routed_pipeline_bytes": 0, "prefetch_issued": 0, "prefetch_read_bytes": 0, "prefetch_consumed": 0, "prefetch_ready": 0, "prefetch_late": 0, "prefetch_cancelled": 0, "prefetch_unused": 0, "demand_read_bytes": 84678082560, "io_batches": 102, "io_overlaps": 82, "staging_bytes": 0, "staging_banks": 0, "prefetch_pending": 0, "execution_buffer_bytes": 122948808, "scratch_bytes": 402653184, "gpu_cache_bytes": 87836590080}
(Worker_TP1 pid=127) EXPERT_STREAM {"hits": 0, "misses": 0, "read_bytes": 0, "read_seconds": 0.0, "rank": 1, "cache_bytes": 0, "slot_hits": 1359, "slot_misses": 9161, "packed_read_bytes": 86116331520, "graph_replays": 207, "routed_pipeline_batches": 0, "routed_pipeline_bytes": 0, "prefetch_issued": 0, "prefetch_read_bytes": 0, "prefetch_consumed": 0, "prefetch_ready": 0, "prefetch_late": 0, "prefetch_cancelled": 0, "prefetch_unused": 0, "demand_read_bytes": 86116331520, "io_batches": 144, "io_overlaps": 124, "staging_bytes": 0, "staging_banks": 0, "prefetch_pending": 0, "execution_buffer_bytes": 122948808, "scratch_bytes": 402653184, "gpu_cache_bytes": 87836590080}
(Worker_TP1 pid=127) EXPERT_STREAM {"hits": 0, "misses": 0, "read_bytes": 0, "read_seconds": 0.0, "rank": 1, "cache_bytes": 0, "slot_hits": 2051, "slot_misses": 9343, "packed_read_bytes": 87827189760, "graph_replays": 250, "routed_pipeline_batches": 0, "routed_pipeline_bytes": 0, "prefetch_issued": 0, "prefetch_read_bytes": 0, "prefetch_consumed": 0, "prefetch_ready": 0, "prefetch_late": 0, "prefetch_cancelled": 0, "prefetch_unused": 0, "demand_read_bytes": 87827189760, "io_batches": 187, "io_overlaps": 167, "staging_bytes": 0, "staging_banks": 0, "prefetch_pending": 0, "execution_buffer_bytes": 122948808, "scratch_bytes": 402653184, "gpu_cache_bytes": 87836590080}
(Worker_TP1 pid=127) EXPERT_STREAM {"hits": 0, "misses": 0, "read_bytes": 0, "read_seconds": 0.0, "rank": 1, "cache_bytes": 0, "slot_hits": 2843, "slot_misses": 9403, "packed_read_bytes": 88391208960, "graph_replays": 293, "routed_pipeline_batches": 0, "routed_pipeline_bytes": 0, "prefetch_issued": 0, "prefetch_read_bytes": 0, "prefetch_consumed": 0, "prefetch_ready": 0, "prefetch_late": 0, "prefetch_cancelled": 0, "prefetch_unused": 0, "demand_read_bytes": 88391208960, "io_batches": 218, "io_overlaps": 198, "staging_bytes": 0, "staging_banks": 0, "prefetch_pending": 0, "execution_buffer_bytes": 122948808, "scratch_bytes": 402653184, "gpu_cache_bytes": 87836590080}
(Worker_TP1 pid=127) EXPERT_STREAM {"hits": 0, "misses": 0, "read_bytes": 0, "read_seconds": 0.0, "rank": 1, "cache_bytes": 0, "slot_hits": 3706, "slot_misses": 9507, "packed_read_bytes": 89368842240, "graph_replays": 336, "routed_pipeline_batches": 0, "routed_pipeline_bytes": 0, "prefetch_issued": 0, "prefetch_read_bytes": 0, "prefetch_consumed": 0, "prefetch_ready": 0, "prefetch_late": 0, "prefetch_cancelled": 0, "prefetch_unused": 0, "demand_read_bytes": 89368842240, "io_batches": 253, "io_overlaps": 233, "staging_bytes": 0, "staging_banks": 0, "prefetch_pending": 0, "execution_buffer_bytes": 122948808, "scratch_bytes": 402653184, "gpu_cache_bytes": 87836590080}
(Worker_TP1 pid=127) EXPERT_STREAM {"hits": 0, "misses": 0, "read_bytes": 0, "read_seconds": 0.0, "rank": 1, "cache_bytes": 0, "slot_hits": 4493, "slot_misses": 9644, "packed_read_bytes": 90656686080, "graph_replays": 379, "routed_pipeline_batches": 0, "routed_pipeline_bytes": 0, "prefetch_issued": 0, "prefetch_read_bytes": 0, "prefetch_consumed": 0, "prefetch_ready": 0, "prefetch_late": 0, "prefetch_cancelled": 0, "prefetch_unused": 0, "demand_read_bytes": 90656686080, "io_batches": 291, "io_overlaps": 271, "staging_bytes": 0, "staging_banks": 0, "prefetch_pending": 0, "execution_buffer_bytes": 122948808, "scratch_bytes": 402653184, "gpu_cache_bytes": 87836590080}
(Worker_TP1 pid=127) EXPERT_STREAM {"hits": 0, "misses": 0, "read_bytes": 0, "read_seconds": 0.0, "rank": 1, "cache_bytes": 0, "slot_hits": 5184, "slot_misses": 9748, "packed_read_bytes": 91634319360, "graph_replays": 422, "routed_pipeline_batches": 0, "routed_pipeline_bytes": 0, "prefetch_issued": 0, "prefetch_read_bytes": 0, "prefetch_consumed": 0, "prefetch_ready": 0, "prefetch_late": 0, "prefetch_cancelled": 0, "prefetch_unused": 0, "demand_read_bytes": 91634319360, "io_batches": 329, "io_overlaps": 309, "staging_bytes": 0, "staging_banks": 0, "prefetch_pending": 0, "execution_buffer_bytes": 122948808, "scratch_bytes": 402653184, "gpu_cache_bytes": 87836590080}
(Worker_TP1 pid=127) EXPERT_STREAM {"hits": 0, "misses": 0, "read_bytes": 0, "read_seconds": 0.0, "rank": 1, "cache_bytes": 0, "slot_hits": 6064, "slot_misses": 9827, "packed_read_bytes": 92376944640, "graph_replays": 465, "routed_pipeline_batches": 0, "routed_pipeline_bytes": 0, "prefetch_issued": 0, "prefetch_read_bytes": 0, "prefetch_consumed": 0, "prefetch_ready": 0, "prefetch_late": 0, "prefetch_cancelled": 0, "prefetch_unused": 0, "demand_read_bytes": 92376944640, "io_batches": 365, "io_overlaps": 345, "staging_bytes": 0, "staging_banks": 0, "prefetch_pending": 0, "execution_buffer_bytes": 122948808, "scratch_bytes": 402653184, "gpu_cache_bytes": 87836590080}
(Worker_TP1 pid=127) EXPERT_STREAM {"hits": 0, "misses": 0, "read_bytes": 0, "read_seconds": 0.0, "rank": 1, "cache_bytes": 0, "slot_hits": 6995, "slot_misses": 9951, "packed_read_bytes": 93542584320, "graph_replays": 508, "routed_pipeline_batches": 0, "routed_pipeline_bytes": 0, "prefetch_issued": 0, "prefetch_read_bytes": 0, "prefetch_consumed": 0, "prefetch_ready": 0, "prefetch_late": 0, "prefetch_cancelled": 0, "prefetch_unused": 0, "demand_read_bytes": 93542584320, "io_batches": 404, "io_overlaps": 384, "staging_bytes": 0, "staging_banks": 0, "prefetch_pending": 0, "execution_buffer_bytes": 122948808, "scratch_bytes": 402653184, "gpu_cache_bytes": 87836590080}
(Worker_TP1 pid=127) EXPERT_STREAM {"hits": 0, "misses": 0, "read_bytes": 0, "read_seconds": 0.0, "rank": 1, "cache_bytes": 0, "slot_hits": 7809, "slot_misses": 10061, "packed_read_bytes": 94576619520, "graph_replays": 551, "routed_pipeline_batches": 0, "routed_pipeline_bytes": 0, "prefetch_issued": 0, "prefetch_read_bytes": 0, "prefetch_consumed": 0, "prefetch_ready": 0, "prefetch_late": 0, "prefetch_cancelled": 0, "prefetch_unused": 0, "demand_read_bytes": 94576619520, "io_batches": 444, "io_overlaps": 424, "staging_bytes": 0, "staging_banks": 0, "prefetch_pending": 0, "execution_buffer_bytes": 122948808, "scratch_bytes": 402653184, "gpu_cache_bytes": 87836590080}
(Worker_TP1 pid=127) EXPERT_STREAM {"hits": 0, "misses": 0, "read_bytes": 0, "read_seconds": 0.0, "rank": 1, "cache_bytes": 0, "slot_hits": 8693, "slot_misses": 10164, "packed_read_bytes": 95544852480, "graph_replays": 594, "routed_pipeline_batches": 0, "routed_pipeline_bytes": 0, "prefetch_issued": 0, "prefetch_read_bytes": 0, "prefetch_consumed": 0, "prefetch_ready": 0, "prefetch_late": 0, "prefetch_cancelled": 0, "prefetch_unused": 0, "demand_read_bytes": 95544852480, "io_batches": 479, "io_overlaps": 459, "staging_bytes": 0, "staging_banks": 0, "prefetch_pending": 0, "execution_buffer_bytes": 122948808, "scratch_bytes": 402653184, "gpu_cache_bytes": 87836590080}
(Worker_TP1 pid=127) EXPERT_STREAM {"hits": 0, "misses": 0, "read_bytes": 0, "read_seconds": 0.0, "rank": 1, "cache_bytes": 0, "slot_hits": 9550, "slot_misses": 10261, "packed_read_bytes": 96456683520, "graph_replays": 637, "routed_pipeline_batches": 0, "routed_pipeline_bytes": 0, "prefetch_issued": 0, "prefetch_read_bytes": 0, "prefetch_consumed": 0, "prefetch_ready": 0, "prefetch_late": 0, "prefetch_cancelled": 0, "prefetch_unused": 0, "demand_read_bytes": 96456683520, "io_batches": 518, "io_overlaps": 498, "staging_bytes": 0, "staging_banks": 0, "prefetch_pending": 0, "execution_buffer_bytes": 122948808, "scratch_bytes": 402653184, "gpu_cache_bytes": 87836590080}
(Worker_TP1 pid=127) EXPERT_STREAM {"hits": 0, "misses": 0, "read_bytes": 0, "read_seconds": 0.0, "rank": 1, "cache_bytes": 0, "slot_hits": 10444, "slot_misses": 10346, "packed_read_bytes": 97255710720, "graph_replays": 680, "routed_pipeline_batches": 0, "routed_pipeline_bytes": 0, "prefetch_issued": 0, "prefetch_read_bytes": 0, "prefetch_consumed": 0, "prefetch_ready": 0, "prefetch_late": 0, "prefetch_cancelled": 0, "prefetch_unused": 0, "demand_read_bytes": 97255710720, "io_batches": 552, "io_overlaps": 532, "staging_bytes": 0, "staging_banks": 0, "prefetch_pending": 0, "execution_buffer_bytes": 122948808, "scratch_bytes": 402653184, "gpu_cache_bytes": 87836590080}
(Worker_TP1 pid=127) EXPERT_STREAM {"hits": 0, "misses": 0, "read_bytes": 0, "read_seconds": 0.0, "rank": 1, "cache_bytes": 0, "slot_hits": 11384, "slot_misses": 10431, "packed_read_bytes": 98054737920, "graph_replays": 723, "routed_pipeline_batches": 0, "routed_pipeline_bytes": 0, "prefetch_issued": 0, "prefetch_read_bytes": 0, "prefetch_consumed": 0, "prefetch_ready": 0, "prefetch_late": 0, "prefetch_cancelled": 0, "prefetch_unused": 0, "demand_read_bytes": 98054737920, "io_batches": 591, "io_overlaps": 571, "staging_bytes": 0, "staging_banks": 0, "prefetch_pending": 0, "execution_buffer_bytes": 122948808, "scratch_bytes": 402653184, "gpu_cache_bytes": 87836590080}
(Worker_TP1 pid=127) EXPERT_STREAM {"hits": 0, "misses": 0, "read_bytes": 0, "read_seconds": 0.0, "rank": 1, "cache_bytes": 0, "slot_hits": 12354, "slot_misses": 10504, "packed_read_bytes": 98740961280, "graph_replays": 766, "routed_pipeline_batches": 0, "routed_pipeline_bytes": 0, "prefetch_issued": 0, "prefetch_read_bytes": 0, "prefetch_consumed": 0, "prefetch_ready": 0, "prefetch_late": 0, "prefetch_cancelled": 0, "prefetch_unused": 0, "demand_read_bytes": 98740961280, "io_batches": 622, "io_overlaps": 602, "staging_bytes": 0, "staging_banks": 0, "prefetch_pending": 0, "execution_buffer_bytes": 122948808, "scratch_bytes": 402653184, "gpu_cache_bytes": 87836590080}
(Worker_TP1 pid=127) EXPERT_STREAM {"hits": 0, "misses": 0, "read_bytes": 0, "read_seconds": 0.0, "rank": 1, "cache_bytes": 0, "slot_hits": 13263, "slot_misses": 10568, "packed_read_bytes": 99342581760, "graph_replays": 809, "routed_pipeline_batches": 0, "routed_pipeline_bytes": 0, "prefetch_issued": 0, "prefetch_read_bytes": 0, "prefetch_consumed": 0, "prefetch_ready": 0, "prefetch_late": 0, "prefetch_cancelled": 0, "prefetch_unused": 0, "demand_read_bytes": 99342581760, "io_batches": 650, "io_overlaps": 630, "staging_bytes": 0, "staging_banks": 0, "prefetch_pending": 0, "execution_buffer_bytes": 122948808, "scratch_bytes": 402653184, "gpu_cache_bytes": 87836590080}
(Worker_TP1 pid=127) EXPERT_STREAM {"hits": 0, "misses": 0, "read_bytes": 0, "read_seconds": 0.0, "rank": 1, "cache_bytes": 0, "slot_hits": 14212, "slot_misses": 10631, "packed_read_bytes": 99934801920, "graph_replays": 852, "routed_pipeline_batches": 0, "routed_pipeline_bytes": 0, "prefetch_issued": 0, "prefetch_read_bytes": 0, "prefetch_consumed": 0, "prefetch_ready": 0, "prefetch_late": 0, "prefetch_cancelled": 0, "prefetch_unused": 0, "demand_read_bytes": 99934801920, "io_batches": 679, "io_overlaps": 659, "staging_bytes": 0, "staging_banks": 0, "prefetch_pending": 0, "execution_buffer_bytes": 122948808, "scratch_bytes": 402653184, "gpu_cache_bytes": 87836590080}
(Worker_TP1 pid=127) EXPERT_STREAM {"hits": 0, "misses": 0, "read_bytes": 0, "read_seconds": 0.0, "rank": 1, "cache_bytes": 0, "slot_hits": 15198, "slot_misses": 10695, "packed_read_bytes": 100536422400, "graph_replays": 895, "routed_pipeline_batches": 0, "routed_pipeline_bytes": 0, "prefetch_issued": 0, "prefetch_read_bytes": 0, "prefetch_consumed": 0, "prefetch_ready": 0, "prefetch_late": 0, "prefetch_cancelled": 0, "prefetch_unused": 0, "demand_read_bytes": 100536422400, "io_batches": 711, "io_overlaps": 691, "staging_bytes": 0, "staging_banks": 0, "prefetch_pending": 0, "execution_buffer_bytes": 122948808, "scratch_bytes": 402653184, "gpu_cache_bytes": 87836590080}
(Worker_TP1 pid=127) EXPERT_STREAM {"hits": 0, "misses": 0, "read_bytes": 0, "read_seconds": 0.0, "rank": 1, "cache_bytes": 0, "slot_hits": 16226, "slot_misses": 10743, "packed_read_bytes": 100987637760, "graph_replays": 938, "routed_pipeline_batches": 0, "routed_pipeline_bytes": 0, "prefetch_issued": 0, "prefetch_read_bytes": 0, "prefetch_consumed": 0, "prefetch_ready": 0, "prefetch_late": 0, "prefetch_cancelled": 0, "prefetch_unused": 0, "demand_read_bytes": 100987637760, "io_batches": 737, "io_overlaps": 717, "staging_bytes": 0, "staging_banks": 0, "prefetch_pending": 0, "execution_buffer_bytes": 122948808, "scratch_bytes": 402653184, "gpu_cache_bytes": 87836590080}
(Worker_TP1 pid=127) EXPERT_STREAM {"hits": 0, "misses": 0, "read_bytes": 0, "read_seconds": 0.0, "rank": 1, "cache_bytes": 0, "slot_hits": 17271, "slot_misses": 10782, "packed_read_bytes": 101354250240, "graph_replays": 981, "routed_pipeline_batches": 0, "routed_pipeline_bytes": 0, "prefetch_issued": 0, "prefetch_read_bytes": 0, "prefetch_consumed": 0, "prefetch_ready": 0, "prefetch_late": 0, "prefetch_cancelled": 0, "prefetch_unused": 0, "demand_read_bytes": 101354250240, "io_batches": 762, "io_overlaps": 742, "staging_bytes": 0, "staging_banks": 0, "prefetch_pending": 0, "execution_buffer_bytes": 122948808, "scratch_bytes": 402653184, "gpu_cache_bytes": 87836590080}
(Worker_TP1 pid=127) EXPERT_STREAM {"hits": 0, "misses": 0, "read_bytes": 0, "read_seconds": 0.0, "rank": 1, "cache_bytes": 0, "slot_hits": 18211, "slot_misses": 10830, "packed_read_bytes": 101805465600, "graph_replays": 1024, "routed_pipeline_batches": 0, "routed_pipeline_bytes": 0, "prefetch_issued": 0, "prefetch_read_bytes": 0, "prefetch_consumed": 0, "prefetch_ready": 0, "prefetch_late": 0, "prefetch_cancelled": 0, "prefetch_unused": 0, "demand_read_bytes": 101805465600, "io_batches": 787, "io_overlaps": 767, "staging_bytes": 0, "staging_banks": 0, "prefetch_pending": 0, "execution_buffer_bytes": 122948808, "scratch_bytes": 402653184, "gpu_cache_bytes": 87836590080}
(Worker_TP1 pid=127) EXPERT_STREAM {"hits": 0, "misses": 0, "read_bytes": 0, "read_seconds": 0.0, "rank": 1, "cache_bytes": 0, "slot_hits": 19129, "slot_misses": 10962, "packed_read_bytes": 103046307840, "graph_replays": 1067, "routed_pipeline_batches": 0, "routed_pipeline_bytes": 0, "prefetch_issued": 0, "prefetch_read_bytes": 0, "prefetch_consumed": 0, "prefetch_ready": 0, "prefetch_late": 0, "prefetch_cancelled": 0, "prefetch_unused": 0, "demand_read_bytes": 103046307840, "io_batches": 826, "io_overlaps": 806, "staging_bytes": 0, "staging_banks": 0, "prefetch_pending": 0, "execution_buffer_bytes": 122948808, "scratch_bytes": 402653184, "gpu_cache_bytes": 87836590080}
(Worker_TP1 pid=127) EXPERT_STREAM {"hits": 0, "misses": 0, "read_bytes": 0, "read_seconds": 0.0, "rank": 1, "cache_bytes": 0, "slot_hits": 20039, "slot_misses": 11113, "packed_read_bytes": 104465756160, "graph_replays": 1110, "routed_pipeline_batches": 0, "routed_pipeline_bytes": 0, "prefetch_issued": 0, "prefetch_read_bytes": 0, "prefetch_consumed": 0, "prefetch_ready": 0, "prefetch_late": 0, "prefetch_cancelled": 0, "prefetch_unused": 0, "demand_read_bytes": 104465756160, "io_batches": 868, "io_overlaps": 848, "staging_bytes": 0, "staging_banks": 0, "prefetch_pending": 0, "execution_buffer_bytes": 122948808, "scratch_bytes": 402653184, "gpu_cache_bytes": 87836590080}
(Worker_TP1 pid=127) EXPERT_CACHE_RESET 1789205683428964213
(Worker_TP1 pid=127) EXPERT_STREAM {"hits": 0, "misses": 0, "read_bytes": 0, "read_seconds": 0.0, "rank": 1, "cache_bytes": 0, "slot_hits": 0, "slot_misses": 8798, "packed_read_bytes": 82704015360, "graph_replays": 120, "routed_pipeline_batches": 0, "routed_pipeline_bytes": 0, "prefetch_issued": 0, "prefetch_read_bytes": 0, "prefetch_consumed": 0, "prefetch_ready": 0, "prefetch_late": 0, "prefetch_cancelled": 0, "prefetch_unused": 0, "demand_read_bytes": 82704015360, "io_batches": 60, "io_overlaps": 40, "staging_bytes": 0, "staging_banks": 0, "prefetch_pending": 0, "execution_buffer_bytes": 122948808, "scratch_bytes": 402653184, "gpu_cache_bytes": 87836590080}
(Worker_TP1 pid=127) EXPERT_STREAM {"hits": 0, "misses": 0, "read_bytes": 0, "read_seconds": 0.0, "rank": 1, "cache_bytes": 0, "slot_hits": 6, "slot_misses": 8798, "packed_read_bytes": 82704015360, "graph_replays": 121, "routed_pipeline_batches": 0, "routed_pipeline_bytes": 0, "prefetch_issued": 0, "prefetch_read_bytes": 0, "prefetch_consumed": 0, "prefetch_ready": 0, "prefetch_late": 0, "prefetch_cancelled": 0, "prefetch_unused": 0, "demand_read_bytes": 82704015360, "io_batches": 60, "io_overlaps": 40, "staging_bytes": 0, "staging_banks": 0, "prefetch_pending": 0, "execution_buffer_bytes": 122948808, "scratch_bytes": 402653184, "gpu_cache_bytes": 87836590080}
(Worker_TP1 pid=127) FINAL_DECODER_ROWS {"input_rows": 3399, "output_rows": 1, "layer": 39, "scope": "routed_experts_only", "validation": [{"max_abs": 0.0, "rms": 0.0, "within_tolerance": true}, {"max_abs": 0.0, "rms": 0.0, "within_tolerance": true}, {"max_abs": 0.0, "rms": 0.0, "within_tolerance": true}, {"max_abs": 0.0, "rms": 0.0, "within_tolerance": true}, {"max_abs": 0.0, "rms": 0.0, "within_tolerance": true}]}
(Worker_TP1 pid=127) EXPERT_STREAM {"hits": 0, "misses": 0, "read_bytes": 0, "read_seconds": 0.0, "rank": 1, "cache_bytes": 0, "slot_hits": 638, "slot_misses": 8970, "packed_read_bytes": 84320870400, "graph_replays": 164, "routed_pipeline_batches": 0, "routed_pipeline_bytes": 0, "prefetch_issued": 0, "prefetch_read_bytes": 0, "prefetch_consumed": 0, "prefetch_ready": 0, "prefetch_late": 0, "prefetch_cancelled": 0, "prefetch_unused": 0, "demand_read_bytes": 84320870400, "io_batches": 103, "io_overlaps": 83, "staging_bytes": 0, "staging_banks": 0, "prefetch_pending": 0, "execution_buffer_bytes": 122948808, "scratch_bytes": 402653184, "gpu_cache_bytes": 87836590080}
(Worker_TP1 pid=127) EXPERT_STREAM {"hits": 0, "misses": 0, "read_bytes": 0, "read_seconds": 0.0, "rank": 1, "cache_bytes": 0, "slot_hits": 1350, "slot_misses": 9146, "packed_read_bytes": 85975326720, "graph_replays": 207, "routed_pipeline_batches": 0, "routed_pipeline_bytes": 0, "prefetch_issued": 0, "prefetch_read_bytes": 0, "prefetch_consumed": 0, "prefetch_ready": 0, "prefetch_late": 0, "prefetch_cancelled": 0, "prefetch_unused": 0, "demand_read_bytes": 85975326720, "io_batches": 146, "io_overlaps": 126, "staging_bytes": 0, "staging_banks": 0, "prefetch_pending": 0, "execution_buffer_bytes": 122948808, "scratch_bytes": 402653184, "gpu_cache_bytes": 87836590080}
(Worker_TP1 pid=127) EXPERT_STREAM {"hits": 0, "misses": 0, "read_bytes": 0, "read_seconds": 0.0, "rank": 1, "cache_bytes": 0, "slot_hits": 2106, "slot_misses": 9250, "packed_read_bytes": 86952960000, "graph_replays": 250, "routed_pipeline_batches": 0, "routed_pipeline_bytes": 0, "prefetch_issued": 0, "prefetch_read_bytes": 0, "prefetch_consumed": 0, "prefetch_ready": 0, "prefetch_late": 0, "prefetch_cancelled": 0, "prefetch_unused": 0, "demand_read_bytes": 86952960000, "io_batches": 182, "io_overlaps": 162, "staging_bytes": 0, "staging_banks": 0, "prefetch_pending": 0, "execution_buffer_bytes": 122948808, "scratch_bytes": 402653184, "gpu_cache_bytes": 87836590080}
(Worker_TP1 pid=127) EXPERT_STREAM {"hits": 0, "misses": 0, "read_bytes": 0, "read_seconds": 0.0, "rank": 1, "cache_bytes": 0, "slot_hits": 2934, "slot_misses": 9370, "packed_read_bytes": 88080998400, "graph_replays": 293, "routed_pipeline_batches": 0, "routed_pipeline_bytes": 0, "prefetch_issued": 0, "prefetch_read_bytes": 0, "prefetch_consumed": 0, "prefetch_ready": 0, "prefetch_late": 0, "prefetch_cancelled": 0, "prefetch_unused": 0, "demand_read_bytes": 88080998400, "io_batches": 219, "io_overlaps": 199, "staging_bytes": 0, "staging_banks": 0, "prefetch_pending": 0, "execution_buffer_bytes": 122948808, "scratch_bytes": 402653184, "gpu_cache_bytes": 87836590080}
(Worker_TP1 pid=127) EXPERT_STREAM {"hits": 0, "misses": 0, "read_bytes": 0, "read_seconds": 0.0, "rank": 1, "cache_bytes": 0, "slot_hits": 3698, "slot_misses": 9497, "packed_read_bytes": 89274839040, "graph_replays": 336, "routed_pipeline_batches": 0, "routed_pipeline_bytes": 0, "prefetch_issued": 0, "prefetch_read_bytes": 0, "prefetch_consumed": 0, "prefetch_ready": 0, "prefetch_late": 0, "prefetch_cancelled": 0, "prefetch_unused": 0, "demand_read_bytes": 89274839040, "io_batches": 260, "io_overlaps": 240, "staging_bytes": 0, "staging_banks": 0, "prefetch_pending": 0, "execution_buffer_bytes": 122948808, "scratch_bytes": 402653184, "gpu_cache_bytes": 87836590080}
(Worker_TP1 pid=127) EXPERT_STREAM {"hits": 0, "misses": 0, "read_bytes": 0, "read_seconds": 0.0, "rank": 1, "cache_bytes": 0, "slot_hits": 4395, "slot_misses": 9608, "packed_read_bytes": 90318274560, "graph_replays": 379, "routed_pipeline_batches": 0, "routed_pipeline_bytes": 0, "prefetch_issued": 0, "prefetch_read_bytes": 0, "prefetch_consumed": 0, "prefetch_ready": 0, "prefetch_late": 0, "prefetch_cancelled": 0, "prefetch_unused": 0, "demand_read_bytes": 90318274560, "io_batches": 300, "io_overlaps": 280, "staging_bytes": 0, "staging_banks": 0, "prefetch_pending": 0, "execution_buffer_bytes": 122948808, "scratch_bytes": 402653184, "gpu_cache_bytes": 87836590080}
(Worker_TP1 pid=127) EXPERT_STREAM {"hits": 0, "misses": 0, "read_bytes": 0, "read_seconds": 0.0, "rank": 1, "cache_bytes": 0, "slot_hits": 5243, "slot_misses": 9694, "packed_read_bytes": 91126702080, "graph_replays": 422, "routed_pipeline_batches": 0, "routed_pipeline_bytes": 0, "prefetch_issued": 0, "prefetch_read_bytes": 0, "prefetch_consumed": 0, "prefetch_ready": 0, "prefetch_late": 0, "prefetch_cancelled": 0, "prefetch_unused": 0, "demand_read_bytes": 91126702080, "io_batches": 336, "io_overlaps": 316, "staging_bytes": 0, "staging_banks": 0, "prefetch_pending": 0, "execution_buffer_bytes": 122948808, "scratch_bytes": 402653184, "gpu_cache_bytes": 87836590080}
(Worker_TP1 pid=127) EXPERT_STREAM {"hits": 0, "misses": 0, "read_bytes": 0, "read_seconds": 0.0, "rank": 1, "cache_bytes": 0, "slot_hits": 6137, "slot_misses": 9829, "packed_read_bytes": 92395745280, "graph_replays": 465, "routed_pipeline_batches": 0, "routed_pipeline_bytes": 0, "prefetch_issued": 0, "prefetch_read_bytes": 0, "prefetch_consumed": 0, "prefetch_ready": 0, "prefetch_late": 0, "prefetch_cancelled": 0, "prefetch_unused": 0, "demand_read_bytes": 92395745280, "io_batches": 375, "io_overlaps": 355, "staging_bytes": 0, "staging_banks": 0, "prefetch_pending": 0, "execution_buffer_bytes": 122948808, "scratch_bytes": 402653184, "gpu_cache_bytes": 87836590080}
(Worker_TP1 pid=127) EXPERT_STREAM {"hits": 0, "misses": 0, "read_bytes": 0, "read_seconds": 0.0, "rank": 1, "cache_bytes": 0, "slot_hits": 6955, "slot_misses": 9946, "packed_read_bytes": 93495582720, "graph_replays": 508, "routed_pipeline_batches": 0, "routed_pipeline_bytes": 0, "prefetch_issued": 0, "prefetch_read_bytes": 0, "prefetch_consumed": 0, "prefetch_ready": 0, "prefetch_late": 0, "prefetch_cancelled": 0, "prefetch_unused": 0, "demand_read_bytes": 93495582720, "io_batches": 416, "io_overlaps": 396, "staging_bytes": 0, "staging_banks": 0, "prefetch_pending": 0, "execution_buffer_bytes": 122948808, "scratch_bytes": 402653184, "gpu_cache_bytes": 87836590080}
(Worker_TP1 pid=127) EXPERT_STREAM {"hits": 0, "misses": 0, "read_bytes": 0, "read_seconds": 0.0, "rank": 1, "cache_bytes": 0, "slot_hits": 7858, "slot_misses": 10043, "packed_read_bytes": 94407413760, "graph_replays": 551, "routed_pipeline_batches": 0, "routed_pipeline_bytes": 0, "prefetch_issued": 0, "prefetch_read_bytes": 0, "prefetch_consumed": 0, "prefetch_ready": 0, "prefetch_late": 0, "prefetch_cancelled": 0, "prefetch_unused": 0, "demand_read_bytes": 94407413760, "io_batches": 456, "io_overlaps": 436, "staging_bytes": 0, "staging_banks": 0, "prefetch_pending": 0, "execution_buffer_bytes": 122948808, "scratch_bytes": 402653184, "gpu_cache_bytes": 87836590080}
(Worker_TP1 pid=127) EXPERT_STREAM {"hits": 0, "misses": 0, "read_bytes": 0, "read_seconds": 0.0, "rank": 1, "cache_bytes": 0, "slot_hits": 8745, "slot_misses": 10133, "packed_read_bytes": 95253442560, "graph_replays": 594, "routed_pipeline_batches": 0, "routed_pipeline_bytes": 0, "prefetch_issued": 0, "prefetch_read_bytes": 0, "prefetch_consumed": 0, "prefetch_ready": 0, "prefetch_late": 0, "prefetch_cancelled": 0, "prefetch_unused": 0, "demand_read_bytes": 95253442560, "io_batches": 497, "io_overlaps": 477, "staging_bytes": 0, "staging_banks": 0, "prefetch_pending": 0, "execution_buffer_bytes": 122948808, "scratch_bytes": 402653184, "gpu_cache_bytes": 87836590080}
(Worker_TP1 pid=127) EXPERT_STREAM {"hits": 0, "misses": 0, "read_bytes": 0, "read_seconds": 0.0, "rank": 1, "cache_bytes": 0, "slot_hits": 9589, "slot_misses": 10232, "packed_read_bytes": 96184074240, "graph_replays": 637, "routed_pipeline_batches": 0, "routed_pipeline_bytes": 0, "prefetch_issued": 0, "prefetch_read_bytes": 0, "prefetch_consumed": 0, "prefetch_ready": 0, "prefetch_late": 0, "prefetch_cancelled": 0, "prefetch_unused": 0, "demand_read_bytes": 96184074240, "io_batches": 537, "io_overlaps": 517, "staging_bytes": 0, "staging_banks": 0, "prefetch_pending": 0, "execution_buffer_bytes": 122948808, "scratch_bytes": 402653184, "gpu_cache_bytes": 87836590080}
(Worker_TP1 pid=127) EXPERT_STREAM {"hits": 0, "misses": 0, "read_bytes": 0, "read_seconds": 0.0, "rank": 1, "cache_bytes": 0, "slot_hits": 10518, "slot_misses": 10322, "packed_read_bytes": 97030103040, "graph_replays": 680, "routed_pipeline_batches": 0, "routed_pipeline_bytes": 0, "prefetch_issued": 0, "prefetch_read_bytes": 0, "prefetch_consumed": 0, "prefetch_ready": 0, "prefetch_late": 0, "prefetch_cancelled": 0, "prefetch_unused": 0, "demand_read_bytes": 97030103040, "io_batches": 577, "io_overlaps": 557, "staging_bytes": 0, "staging_banks": 0, "prefetch_pending": 0, "execution_buffer_bytes": 122948808, "scratch_bytes": 402653184, "gpu_cache_bytes": 87836590080}
(Worker_TP1 pid=127) EXPERT_STREAM {"hits": 0, "misses": 0, "read_bytes": 0, "read_seconds": 0.0, "rank": 1, "cache_bytes": 0, "slot_hits": 11390, "slot_misses": 10398, "packed_read_bytes": 97744527360, "graph_replays": 723, "routed_pipeline_batches": 0, "routed_pipeline_bytes": 0, "prefetch_issued": 0, "prefetch_read_bytes": 0, "prefetch_consumed": 0, "prefetch_ready": 0, "prefetch_late": 0, "prefetch_cancelled": 0, "prefetch_unused": 0, "demand_read_bytes": 97744527360, "io_batches": 607, "io_overlaps": 587, "staging_bytes": 0, "staging_banks": 0, "prefetch_pending": 0, "execution_buffer_bytes": 122948808, "scratch_bytes": 402653184, "gpu_cache_bytes": 87836590080}
(Worker_TP1 pid=127) EXPERT_STREAM {"hits": 0, "misses": 0, "read_bytes": 0, "read_seconds": 0.0, "rank": 1, "cache_bytes": 0, "slot_hits": 12401, "slot_misses": 10457, "packed_read_bytes": 98299146240, "graph_replays": 766, "routed_pipeline_batches": 0, "routed_pipeline_bytes": 0, "prefetch_issued": 0, "prefetch_read_bytes": 0, "prefetch_consumed": 0, "prefetch_ready": 0, "prefetch_late": 0, "prefetch_cancelled": 0, "prefetch_unused": 0, "demand_read_bytes": 98299146240, "io_batches": 640, "io_overlaps": 620, "staging_bytes": 0, "staging_banks": 0, "prefetch_pending": 0, "execution_buffer_bytes": 122948808, "scratch_bytes": 402653184, "gpu_cache_bytes": 87836590080}
(Worker_TP1 pid=127) EXPERT_STREAM {"hits": 0, "misses": 0, "read_bytes": 0, "read_seconds": 0.0, "rank": 1, "cache_bytes": 0, "slot_hits": 13388, "slot_misses": 10520, "packed_read_bytes": 98891366400, "graph_replays": 809, "routed_pipeline_batches": 0, "routed_pipeline_bytes": 0, "prefetch_issued": 0, "prefetch_read_bytes": 0, "prefetch_consumed": 0, "prefetch_ready": 0, "prefetch_late": 0, "prefetch_cancelled": 0, "prefetch_unused": 0, "demand_read_bytes": 98891366400, "io_batches": 670, "io_overlaps": 650, "staging_bytes": 0, "staging_banks": 0, "prefetch_pending": 0, "execution_buffer_bytes": 122948808, "scratch_bytes": 402653184, "gpu_cache_bytes": 87836590080}
(Worker_TP1 pid=127) EXPERT_STREAM {"hits": 0, "misses": 0, "read_bytes": 0, "read_seconds": 0.0, "rank": 1, "cache_bytes": 0, "slot_hits": 14406, "slot_misses": 10570, "packed_read_bytes": 99361382400, "graph_replays": 852, "routed_pipeline_batches": 0, "routed_pipeline_bytes": 0, "prefetch_issued": 0, "prefetch_read_bytes": 0, "prefetch_consumed": 0, "prefetch_ready": 0, "prefetch_late": 0, "prefetch_cancelled": 0, "prefetch_unused": 0, "demand_read_bytes": 99361382400, "io_batches": 697, "io_overlaps": 677, "staging_bytes": 0, "staging_banks": 0, "prefetch_pending": 0, "execution_buffer_bytes": 122948808, "scratch_bytes": 402653184, "gpu_cache_bytes": 87836590080}
(Worker_TP1 pid=127) EXPERT_STREAM {"hits": 0, "misses": 0, "read_bytes": 0, "read_seconds": 0.0, "rank": 1, "cache_bytes": 0, "slot_hits": 15393, "slot_misses": 10617, "packed_read_bytes": 99803197440, "graph_replays": 895, "routed_pipeline_batches": 0, "routed_pipeline_bytes": 0, "prefetch_issued": 0, "prefetch_read_bytes": 0, "prefetch_consumed": 0, "prefetch_ready": 0, "prefetch_late": 0, "prefetch_cancelled": 0, "prefetch_unused": 0, "demand_read_bytes": 99803197440, "io_batches": 731, "io_overlaps": 711, "staging_bytes": 0, "staging_banks": 0, "prefetch_pending": 0, "execution_buffer_bytes": 122948808, "scratch_bytes": 402653184, "gpu_cache_bytes": 87836590080}
(Worker_TP1 pid=127) EXPERT_STREAM {"hits": 0, "misses": 0, "read_bytes": 0, "read_seconds": 0.0, "rank": 1, "cache_bytes": 0, "slot_hits": 16389, "slot_misses": 10661, "packed_read_bytes": 100216811520, "graph_replays": 938, "routed_pipeline_batches": 0, "routed_pipeline_bytes": 0, "prefetch_issued": 0, "prefetch_read_bytes": 0, "prefetch_consumed": 0, "prefetch_ready": 0, "prefetch_late": 0, "prefetch_cancelled": 0, "prefetch_unused": 0, "demand_read_bytes": 100216811520, "io_batches": 756, "io_overlaps": 736, "staging_bytes": 0, "staging_banks": 0, "prefetch_pending": 0, "execution_buffer_bytes": 122948808, "scratch_bytes": 402653184, "gpu_cache_bytes": 87836590080}
(Worker_TP1 pid=127) EXPERT_STREAM {"hits": 0, "misses": 0, "read_bytes": 0, "read_seconds": 0.0, "rank": 1, "cache_bytes": 0, "slot_hits": 17392, "slot_misses": 10696, "packed_read_bytes": 100545822720, "graph_replays": 981, "routed_pipeline_batches": 0, "routed_pipeline_bytes": 0, "prefetch_issued": 0, "prefetch_read_bytes": 0, "prefetch_consumed": 0, "prefetch_ready": 0, "prefetch_late": 0, "prefetch_cancelled": 0, "prefetch_unused": 0, "demand_read_bytes": 100545822720, "io_batches": 773, "io_overlaps": 753, "staging_bytes": 0, "staging_banks": 0, "prefetch_pending": 0, "execution_buffer_bytes": 122948808, "scratch_bytes": 402653184, "gpu_cache_bytes": 87836590080}
(Worker_TP1 pid=127) EXPERT_STREAM {"hits": 0, "misses": 0, "read_bytes": 0, "read_seconds": 0.0, "rank": 1, "cache_bytes": 0, "slot_hits": 18327, "slot_misses": 10788, "packed_read_bytes": 101410652160, "graph_replays": 1024, "routed_pipeline_batches": 0, "routed_pipeline_bytes": 0, "prefetch_issued": 0, "prefetch_read_bytes": 0, "prefetch_consumed": 0, "prefetch_ready": 0, "prefetch_late": 0, "prefetch_cancelled": 0, "prefetch_unused": 0, "demand_read_bytes": 101410652160, "io_batches": 812, "io_overlaps": 792, "staging_bytes": 0, "staging_banks": 0, "prefetch_pending": 0, "execution_buffer_bytes": 122948808, "scratch_bytes": 402653184, "gpu_cache_bytes": 87836590080}
(Worker_TP1 pid=127) EXPERT_STREAM {"hits": 0, "misses": 0, "read_bytes": 0, "read_seconds": 0.0, "rank": 1, "cache_bytes": 0, "slot_hits": 19254, "slot_misses": 10989, "packed_read_bytes": 103300116480, "graph_replays": 1067, "routed_pipeline_batches": 0, "routed_pipeline_bytes": 0, "prefetch_issued": 0, "prefetch_read_bytes": 0, "prefetch_consumed": 0, "prefetch_ready": 0, "prefetch_late": 0, "prefetch_cancelled": 0, "prefetch_unused": 0, "demand_read_bytes": 103300116480, "io_batches": 854, "io_overlaps": 834, "staging_bytes": 0, "staging_banks": 0, "prefetch_pending": 0, "execution_buffer_bytes": 122948808, "scratch_bytes": 402653184, "gpu_cache_bytes": 87836590080}
(Worker_TP1 pid=127) EXPERT_CACHE_RESET 1789205759244229200
(Worker_TP1 pid=127) EXPERT_STREAM {"hits": 0, "misses": 0, "read_bytes": 0, "read_seconds": 0.0, "rank": 1, "cache_bytes": 0, "slot_hits": 0, "slot_misses": 8836, "packed_read_bytes": 83061227520, "graph_replays": 118, "routed_pipeline_batches": 0, "routed_pipeline_bytes": 0, "prefetch_issued": 0, "prefetch_read_bytes": 0, "prefetch_consumed": 0, "prefetch_ready": 0, "prefetch_late": 0, "prefetch_cancelled": 0, "prefetch_unused": 0, "demand_read_bytes": 83061227520, "io_batches": 59, "io_overlaps": 40, "staging_bytes": 0, "staging_banks": 0, "prefetch_pending": 0, "execution_buffer_bytes": 122948808, "scratch_bytes": 402653184, "gpu_cache_bytes": 87836590080}
(Worker_TP1 pid=127) EXPERT_STREAM {"hits": 0, "misses": 0, "read_bytes": 0, "read_seconds": 0.0, "rank": 1, "cache_bytes": 0, "slot_hits": 696, "slot_misses": 9027, "packed_read_bytes": 84856688640, "graph_replays": 161, "routed_pipeline_batches": 0, "routed_pipeline_bytes": 0, "prefetch_issued": 0, "prefetch_read_bytes": 0, "prefetch_consumed": 0, "prefetch_ready": 0, "prefetch_late": 0, "prefetch_cancelled": 0, "prefetch_unused": 0, "demand_read_bytes": 84856688640, "io_batches": 99, "io_overlaps": 80, "staging_bytes": 0, "staging_banks": 0, "prefetch_pending": 0, "execution_buffer_bytes": 122948808, "scratch_bytes": 402653184, "gpu_cache_bytes": 87836590080}
(Worker_TP1 pid=127) EXPERT_STREAM {"hits": 0, "misses": 0, "read_bytes": 0, "read_seconds": 0.0, "rank": 1, "cache_bytes": 0, "slot_hits": 1386, "slot_misses": 9201, "packed_read_bytes": 86492344320, "graph_replays": 204, "routed_pipeline_batches": 0, "routed_pipeline_bytes": 0, "prefetch_issued": 0, "prefetch_read_bytes": 0, "prefetch_consumed": 0, "prefetch_ready": 0, "prefetch_late": 0, "prefetch_cancelled": 0, "prefetch_unused": 0, "demand_read_bytes": 86492344320, "io_batches": 139, "io_overlaps": 120, "staging_bytes": 0, "staging_banks": 0, "prefetch_pending": 0, "execution_buffer_bytes": 122948808, "scratch_bytes": 402653184, "gpu_cache_bytes": 87836590080}
(Worker_TP1 pid=127) EXPERT_STREAM {"hits": 0, "misses": 0, "read_bytes": 0, "read_seconds": 0.0, "rank": 1, "cache_bytes": 0, "slot_hits": 2207, "slot_misses": 9335, "packed_read_bytes": 87751987200, "graph_replays": 247, "routed_pipeline_batches": 0, "routed_pipeline_bytes": 0, "prefetch_issued": 0, "prefetch_read_bytes": 0, "prefetch_consumed": 0, "prefetch_ready": 0, "prefetch_late": 0, "prefetch_cancelled": 0, "prefetch_unused": 0, "demand_read_bytes": 87751987200, "io_batches": 176, "io_overlaps": 157, "staging_bytes": 0, "staging_banks": 0, "prefetch_pending": 0, "execution_buffer_bytes": 122948808, "scratch_bytes": 402653184, "gpu_cache_bytes": 87836590080}
(Worker_TP1 pid=127) EXPERT_STREAM {"hits": 0, "misses": 0, "read_bytes": 0, "read_seconds": 0.0, "rank": 1, "cache_bytes": 0, "slot_hits": 2972, "slot_misses": 9467, "packed_read_bytes": 88992829440, "graph_replays": 290, "routed_pipeline_batches": 0, "routed_pipeline_bytes": 0, "prefetch_issued": 0, "prefetch_read_bytes": 0, "prefetch_consumed": 0, "prefetch_ready": 0, "prefetch_late": 0, "prefetch_cancelled": 0, "prefetch_unused": 0, "demand_read_bytes": 88992829440, "io_batches": 217, "io_overlaps": 198, "staging_bytes": 0, "staging_banks": 0, "prefetch_pending": 0, "execution_buffer_bytes": 122948808, "scratch_bytes": 402653184, "gpu_cache_bytes": 87836590080}
(Worker_TP1 pid=127) EXPERT_STREAM {"hits": 0, "misses": 0, "read_bytes": 0, "read_seconds": 0.0, "rank": 1, "cache_bytes": 0, "slot_hits": 3670, "slot_misses": 9577, "packed_read_bytes": 90026864640, "graph_replays": 333, "routed_pipeline_batches": 0, "routed_pipeline_bytes": 0, "prefetch_issued": 0, "prefetch_read_bytes": 0, "prefetch_consumed": 0, "prefetch_ready": 0, "prefetch_late": 0, "prefetch_cancelled": 0, "prefetch_unused": 0, "demand_read_bytes": 90026864640, "io_batches": 257, "io_overlaps": 238, "staging_bytes": 0, "staging_banks": 0, "prefetch_pending": 0, "execution_buffer_bytes": 122948808, "scratch_bytes": 402653184, "gpu_cache_bytes": 87836590080}
(Worker_TP1 pid=127) EXPERT_STREAM {"hits": 0, "misses": 0, "read_bytes": 0, "read_seconds": 0.0, "rank": 1, "cache_bytes": 0, "slot_hits": 4520, "slot_misses": 9668, "packed_read_bytes": 90882293760, "graph_replays": 376, "routed_pipeline_batches": 0, "routed_pipeline_bytes": 0, "prefetch_issued": 0, "prefetch_read_bytes": 0, "prefetch_consumed": 0, "prefetch_ready": 0, "prefetch_late": 0, "prefetch_cancelled": 0, "prefetch_unused": 0, "demand_read_bytes": 90882293760, "io_batches": 295, "io_overlaps": 276, "staging_bytes": 0, "staging_banks": 0, "prefetch_pending": 0, "execution_buffer_bytes": 122948808, "scratch_bytes": 402653184, "gpu_cache_bytes": 87836590080}
(Worker_TP1 pid=127) EXPERT_STREAM {"hits": 0, "misses": 0, "read_bytes": 0, "read_seconds": 0.0, "rank": 1, "cache_bytes": 0, "slot_hits": 5406, "slot_misses": 9813, "packed_read_bytes": 92245340160, "graph_replays": 419, "routed_pipeline_batches": 0, "routed_pipeline_bytes": 0, "prefetch_issued": 0, "prefetch_read_bytes": 0, "prefetch_consumed": 0, "prefetch_ready": 0, "prefetch_late": 0, "prefetch_cancelled": 0, "prefetch_unused": 0, "demand_read_bytes": 92245340160, "io_batches": 336, "io_overlaps": 317, "staging_bytes": 0, "staging_banks": 0, "prefetch_pending": 0, "execution_buffer_bytes": 122948808, "scratch_bytes": 402653184, "gpu_cache_bytes": 87836590080}
(Worker_TP1 pid=127) EXPERT_STREAM {"hits": 0, "misses": 0, "read_bytes": 0, "read_seconds": 0.0, "rank": 1, "cache_bytes": 0, "slot_hits": 6235, "slot_misses": 9928, "packed_read_bytes": 93326376960, "graph_replays": 462, "routed_pipeline_batches": 0, "routed_pipeline_bytes": 0, "prefetch_issued": 0, "prefetch_read_bytes": 0, "prefetch_consumed": 0, "prefetch_ready": 0, "prefetch_late": 0, "prefetch_cancelled": 0, "prefetch_unused": 0, "demand_read_bytes": 93326376960, "io_batches": 377, "io_overlaps": 358, "staging_bytes": 0, "staging_banks": 0, "prefetch_pending": 0, "execution_buffer_bytes": 122948808, "scratch_bytes": 402653184, "gpu_cache_bytes": 87836590080}
(Worker_TP1 pid=127) EXPERT_STREAM {"hits": 0, "misses": 0, "read_bytes": 0, "read_seconds": 0.0, "rank": 1, "cache_bytes": 0, "slot_hits": 7172, "slot_misses": 10029, "packed_read_bytes": 94275809280, "graph_replays": 505, "routed_pipeline_batches": 0, "routed_pipeline_bytes": 0, "prefetch_issued": 0, "prefetch_read_bytes": 0, "prefetch_consumed": 0, "prefetch_ready": 0, "prefetch_late": 0, "prefetch_cancelled": 0, "prefetch_unused": 0, "demand_read_bytes": 94275809280, "io_batches": 416, "io_overlaps": 397, "staging_bytes": 0, "staging_banks": 0, "prefetch_pending": 0, "execution_buffer_bytes": 122948808, "scratch_bytes": 402653184, "gpu_cache_bytes": 87836590080}
(Worker_TP1 pid=127) EXPERT_STREAM {"hits": 0, "misses": 0, "read_bytes": 0, "read_seconds": 0.0, "rank": 1, "cache_bytes": 0, "slot_hits": 8041, "slot_misses": 10114, "packed_read_bytes": 95074836480, "graph_replays": 548, "routed_pipeline_batches": 0, "routed_pipeline_bytes": 0, "prefetch_issued": 0, "prefetch_read_bytes": 0, "prefetch_consumed": 0, "prefetch_ready": 0, "prefetch_late": 0, "prefetch_cancelled": 0, "prefetch_unused": 0, "demand_read_bytes": 95074836480, "io_batches": 453, "io_overlaps": 434, "staging_bytes": 0, "staging_banks": 0, "prefetch_pending": 0, "execution_buffer_bytes": 122948808, "scratch_bytes": 402653184, "gpu_cache_bytes": 87836590080}
(Worker_TP1 pid=127) EXPERT_STREAM {"hits": 0, "misses": 0, "read_bytes": 0, "read_seconds": 0.0, "rank": 1, "cache_bytes": 0, "slot_hits": 8888, "slot_misses": 10211, "packed_read_bytes": 95986667520, "graph_replays": 591, "routed_pipeline_batches": 0, "routed_pipeline_bytes": 0, "prefetch_issued": 0, "prefetch_read_bytes": 0, "prefetch_consumed": 0, "prefetch_ready": 0, "prefetch_late": 0, "prefetch_cancelled": 0, "prefetch_unused": 0, "demand_read_bytes": 95986667520, "io_batches": 488, "io_overlaps": 469, "staging_bytes": 0, "staging_banks": 0, "prefetch_pending": 0, "execution_buffer_bytes": 122948808, "scratch_bytes": 402653184, "gpu_cache_bytes": 87836590080}
(Worker_TP1 pid=127) EXPERT_STREAM {"hits": 0, "misses": 0, "read_bytes": 0, "read_seconds": 0.0, "rank": 1, "cache_bytes": 0, "slot_hits": 9811, "slot_misses": 10291, "packed_read_bytes": 96738693120, "graph_replays": 634, "routed_pipeline_batches": 0, "routed_pipeline_bytes": 0, "prefetch_issued": 0, "prefetch_read_bytes": 0, "prefetch_consumed": 0, "prefetch_ready": 0, "prefetch_late": 0, "prefetch_cancelled": 0, "prefetch_unused": 0, "demand_read_bytes": 96738693120, "io_batches": 526, "io_overlaps": 507, "staging_bytes": 0, "staging_banks": 0, "prefetch_pending": 0, "execution_buffer_bytes": 122948808, "scratch_bytes": 402653184, "gpu_cache_bytes": 87836590080}
(Worker_TP1 pid=127) EXPERT_STREAM {"hits": 0, "misses": 0, "read_bytes": 0, "read_seconds": 0.0, "rank": 1, "cache_bytes": 0, "slot_hits": 10681, "slot_misses": 10370, "packed_read_bytes": 97481318400, "graph_replays": 677, "routed_pipeline_batches": 0, "routed_pipeline_bytes": 0, "prefetch_issued": 0, "prefetch_read_bytes": 0, "prefetch_consumed": 0, "prefetch_ready": 0, "prefetch_late": 0, "prefetch_cancelled": 0, "prefetch_unused": 0, "demand_read_bytes": 97481318400, "io_batches": 560, "io_overlaps": 541, "staging_bytes": 0, "staging_banks": 0, "prefetch_pending": 0, "execution_buffer_bytes": 122948808, "scratch_bytes": 402653184, "gpu_cache_bytes": 87836590080}
(Worker_TP1 pid=127) EXPERT_STREAM {"hits": 0, "misses": 0, "read_bytes": 0, "read_seconds": 0.0, "rank": 1, "cache_bytes": 0, "slot_hits": 11679, "slot_misses": 10433, "packed_read_bytes": 98073538560, "graph_replays": 720, "routed_pipeline_batches": 0, "routed_pipeline_bytes": 0, "prefetch_issued": 0, "prefetch_read_bytes": 0, "prefetch_consumed": 0, "prefetch_ready": 0, "prefetch_late": 0, "prefetch_cancelled": 0, "prefetch_unused": 0, "demand_read_bytes": 98073538560, "io_batches": 592, "io_overlaps": 573, "staging_bytes": 0, "staging_banks": 0, "prefetch_pending": 0, "execution_buffer_bytes": 122948808, "scratch_bytes": 402653184, "gpu_cache_bytes": 87836590080}
(Worker_TP1 pid=127) EXPERT_STREAM {"hits": 0, "misses": 0, "read_bytes": 0, "read_seconds": 0.0, "rank": 1, "cache_bytes": 0, "slot_hits": 12647, "slot_misses": 10499, "packed_read_bytes": 98693959680, "graph_replays": 763, "routed_pipeline_batches": 0, "routed_pipeline_bytes": 0, "prefetch_issued": 0, "prefetch_read_bytes": 0, "prefetch_consumed": 0, "prefetch_ready": 0, "prefetch_late": 0, "prefetch_cancelled": 0, "prefetch_unused": 0, "demand_read_bytes": 98693959680, "io_batches": 620, "io_overlaps": 601, "staging_bytes": 0, "staging_banks": 0, "prefetch_pending": 0, "execution_buffer_bytes": 122948808, "scratch_bytes": 402653184, "gpu_cache_bytes": 87836590080}
(Worker_TP1 pid=127) EXPERT_STREAM {"hits": 0, "misses": 0, "read_bytes": 0, "read_seconds": 0.0, "rank": 1, "cache_bytes": 0, "slot_hits": 13669, "slot_misses": 10552, "packed_read_bytes": 99192176640, "graph_replays": 806, "routed_pipeline_batches": 0, "routed_pipeline_bytes": 0, "prefetch_issued": 0, "prefetch_read_bytes": 0, "prefetch_consumed": 0, "prefetch_ready": 0, "prefetch_late": 0, "prefetch_cancelled": 0, "prefetch_unused": 0, "demand_read_bytes": 99192176640, "io_batches": 651, "io_overlaps": 632, "staging_bytes": 0, "staging_banks": 0, "prefetch_pending": 0, "execution_buffer_bytes": 122948808, "scratch_bytes": 402653184, "gpu_cache_bytes": 87836590080}
(Worker_TP1 pid=127) EXPERT_STREAM {"hits": 0, "misses": 0, "read_bytes": 0, "read_seconds": 0.0, "rank": 1, "cache_bytes": 0, "slot_hits": 14650, "slot_misses": 10591, "packed_read_bytes": 99558789120, "graph_replays": 849, "routed_pipeline_batches": 0, "routed_pipeline_bytes": 0, "prefetch_issued": 0, "prefetch_read_bytes": 0, "prefetch_consumed": 0, "prefetch_ready": 0, "prefetch_late": 0, "prefetch_cancelled": 0, "prefetch_unused": 0, "demand_read_bytes": 99558789120, "io_batches": 681, "io_overlaps": 662, "staging_bytes": 0, "staging_banks": 0, "prefetch_pending": 0, "execution_buffer_bytes": 122948808, "scratch_bytes": 402653184, "gpu_cache_bytes": 87836590080}
(Worker_TP1 pid=127) EXPERT_STREAM {"hits": 0, "misses": 0, "read_bytes": 0, "read_seconds": 0.0, "rank": 1, "cache_bytes": 0, "slot_hits": 15626, "slot_misses": 10638, "packed_read_bytes": 100000604160, "graph_replays": 892, "routed_pipeline_batches": 0, "routed_pipeline_bytes": 0, "prefetch_issued": 0, "prefetch_read_bytes": 0, "prefetch_consumed": 0, "prefetch_ready": 0, "prefetch_late": 0, "prefetch_cancelled": 0, "prefetch_unused": 0, "demand_read_bytes": 100000604160, "io_batches": 708, "io_overlaps": 689, "staging_bytes": 0, "staging_banks": 0, "prefetch_pending": 0, "execution_buffer_bytes": 122948808, "scratch_bytes": 402653184, "gpu_cache_bytes": 87836590080}
(Worker_TP1 pid=127) EXPERT_STREAM {"hits": 0, "misses": 0, "read_bytes": 0, "read_seconds": 0.0, "rank": 1, "cache_bytes": 0, "slot_hits": 16613, "slot_misses": 10677, "packed_read_bytes": 100367216640, "graph_replays": 935, "routed_pipeline_batches": 0, "routed_pipeline_bytes": 0, "prefetch_issued": 0, "prefetch_read_bytes": 0, "prefetch_consumed": 0, "prefetch_ready": 0, "prefetch_late": 0, "prefetch_cancelled": 0, "prefetch_unused": 0, "demand_read_bytes": 100367216640, "io_batches": 726, "io_overlaps": 707, "staging_bytes": 0, "staging_banks": 0, "prefetch_pending": 0, "execution_buffer_bytes": 122948808, "scratch_bytes": 402653184, "gpu_cache_bytes": 87836590080}
(Worker_TP1 pid=127) EXPERT_STREAM {"hits": 0, "misses": 0, "read_bytes": 0, "read_seconds": 0.0, "rank": 1, "cache_bytes": 0, "slot_hits": 17552, "slot_misses": 10757, "packed_read_bytes": 101119242240, "graph_replays": 978, "routed_pipeline_batches": 0, "routed_pipeline_bytes": 0, "prefetch_issued": 0, "prefetch_read_bytes": 0, "prefetch_consumed": 0, "prefetch_ready": 0, "prefetch_late": 0, "prefetch_cancelled": 0, "prefetch_unused": 0, "demand_read_bytes": 101119242240, "io_batches": 762, "io_overlaps": 743, "staging_bytes": 0, "staging_banks": 0, "prefetch_pending": 0, "execution_buffer_bytes": 122948808, "scratch_bytes": 402653184, "gpu_cache_bytes": 87836590080}
(Worker_TP1 pid=127) EXPERT_STREAM {"hits": 0, "misses": 0, "read_bytes": 0, "read_seconds": 0.0, "rank": 1, "cache_bytes": 0, "slot_hits": 18453, "slot_misses": 10984, "packed_read_bytes": 103253114880, "graph_replays": 1021, "routed_pipeline_batches": 0, "routed_pipeline_bytes": 0, "prefetch_issued": 0, "prefetch_read_bytes": 0, "prefetch_consumed": 0, "prefetch_ready": 0, "prefetch_late": 0, "prefetch_cancelled": 0, "prefetch_unused": 0, "demand_read_bytes": 103253114880, "io_batches": 804, "io_overlaps": 785, "staging_bytes": 0, "staging_banks": 0, "prefetch_pending": 0, "execution_buffer_bytes": 122948808, "scratch_bytes": 402653184, "gpu_cache_bytes": 87836590080}
(Worker_TP1 pid=127) EXPERT_CACHE_RESET 1789205780883358744
(Worker_TP1 pid=127) EXPERT_STREAM {"hits": 0, "misses": 0, "read_bytes": 0, "read_seconds": 0.0, "rank": 1, "cache_bytes": 0, "slot_hits": 0, "slot_misses": 8604, "packed_read_bytes": 80880353280, "graph_replays": 120, "routed_pipeline_batches": 0, "routed_pipeline_bytes": 0, "prefetch_issued": 0, "prefetch_read_bytes": 0, "prefetch_consumed": 0, "prefetch_ready": 0, "prefetch_late": 0, "prefetch_cancelled": 0, "prefetch_unused": 0, "demand_read_bytes": 80880353280, "io_batches": 62, "io_overlaps": 43, "staging_bytes": 0, "staging_banks": 0, "prefetch_pending": 0, "execution_buffer_bytes": 122948808, "scratch_bytes": 402653184, "gpu_cache_bytes": 87836590080}
(Worker_TP1 pid=127) FINAL_DECODER_ROWS {"input_rows": 3399, "output_rows": 1, "layer": 39, "scope": "routed_experts_only"}
(Worker_TP1 pid=127) EXPERT_STREAM {"hits": 0, "misses": 0, "read_bytes": 0, "read_seconds": 0.0, "rank": 1, "cache_bytes": 0, "slot_hits": 676, "slot_misses": 8812, "packed_read_bytes": 82835619840, "graph_replays": 163, "routed_pipeline_batches": 0, "routed_pipeline_bytes": 0, "prefetch_issued": 0, "prefetch_read_bytes": 0, "prefetch_consumed": 0, "prefetch_ready": 0, "prefetch_late": 0, "prefetch_cancelled": 0, "prefetch_unused": 0, "demand_read_bytes": 82835619840, "io_batches": 101, "io_overlaps": 82, "staging_bytes": 0, "staging_banks": 0, "prefetch_pending": 0, "execution_buffer_bytes": 122948808, "scratch_bytes": 402653184, "gpu_cache_bytes": 87836590080}
(Worker_TP1 pid=127) EXPERT_STREAM {"hits": 0, "misses": 0, "read_bytes": 0, "read_seconds": 0.0, "rank": 1, "cache_bytes": 0, "slot_hits": 1361, "slot_misses": 8956, "packed_read_bytes": 84189265920, "graph_replays": 206, "routed_pipeline_batches": 0, "routed_pipeline_bytes": 0, "prefetch_issued": 0, "prefetch_read_bytes": 0, "prefetch_consumed": 0, "prefetch_ready": 0, "prefetch_late": 0, "prefetch_cancelled": 0, "prefetch_unused": 0, "demand_read_bytes": 84189265920, "io_batches": 143, "io_overlaps": 124, "staging_bytes": 0, "staging_banks": 0, "prefetch_pending": 0, "execution_buffer_bytes": 122948808, "scratch_bytes": 402653184, "gpu_cache_bytes": 87836590080}
(Worker_TP1 pid=127) EXPERT_STREAM {"hits": 0, "misses": 0, "read_bytes": 0, "read_seconds": 0.0, "rank": 1, "cache_bytes": 0, "slot_hits": 2212, "slot_misses": 9021, "packed_read_bytes": 84800286720, "graph_replays": 249, "routed_pipeline_batches": 0, "routed_pipeline_bytes": 0, "prefetch_issued": 0, "prefetch_read_bytes": 0, "prefetch_consumed": 0, "prefetch_ready": 0, "prefetch_late": 0, "prefetch_cancelled": 0, "prefetch_unused": 0, "demand_read_bytes": 84800286720, "io_batches": 173, "io_overlaps": 154, "staging_bytes": 0, "staging_banks": 0, "prefetch_pending": 0, "execution_buffer_bytes": 122948808, "scratch_bytes": 402653184, "gpu_cache_bytes": 87836590080}
(Worker_TP1 pid=127) EXPERT_STREAM {"hits": 0, "misses": 0, "read_bytes": 0, "read_seconds": 0.0, "rank": 1, "cache_bytes": 0, "slot_hits": 2919, "slot_misses": 9166, "packed_read_bytes": 86163333120, "graph_replays": 292, "routed_pipeline_batches": 0, "routed_pipeline_bytes": 0, "prefetch_issued": 0, "prefetch_read_bytes": 0, "prefetch_consumed": 0, "prefetch_ready": 0, "prefetch_late": 0, "prefetch_cancelled": 0, "prefetch_unused": 0, "demand_read_bytes": 86163333120, "io_batches": 212, "io_overlaps": 193, "staging_bytes": 0, "staging_banks": 0, "prefetch_pending": 0, "execution_buffer_bytes": 122948808, "scratch_bytes": 402653184, "gpu_cache_bytes": 87836590080}
(Worker_TP1 pid=127) EXPERT_STREAM {"hits": 0, "misses": 0, "read_bytes": 0, "read_seconds": 0.0, "rank": 1, "cache_bytes": 0, "slot_hits": 3784, "slot_misses": 9281, "packed_read_bytes": 87244369920, "graph_replays": 335, "routed_pipeline_batches": 0, "routed_pipeline_bytes": 0, "prefetch_issued": 0, "prefetch_read_bytes": 0, "prefetch_consumed": 0, "prefetch_ready": 0, "prefetch_late": 0, "prefetch_cancelled": 0, "prefetch_unused": 0, "demand_read_bytes": 87244369920, "io_batches": 245, "io_overlaps": 226, "staging_bytes": 0, "staging_banks": 0, "prefetch_pending": 0, "execution_buffer_bytes": 122948808, "scratch_bytes": 402653184, "gpu_cache_bytes": 87836590080}
(Worker_TP1 pid=127) EXPERT_STREAM {"hits": 0, "misses": 0, "read_bytes": 0, "read_seconds": 0.0, "rank": 1, "cache_bytes": 0, "slot_hits": 4578, "slot_misses": 9407, "packed_read_bytes": 88428810240, "graph_replays": 378, "routed_pipeline_batches": 0, "routed_pipeline_bytes": 0, "prefetch_issued": 0, "prefetch_read_bytes": 0, "prefetch_consumed": 0, "prefetch_ready": 0, "prefetch_late": 0, "prefetch_cancelled": 0, "prefetch_unused": 0, "demand_read_bytes": 88428810240, "io_batches": 284, "io_overlaps": 265, "staging_bytes": 0, "staging_banks": 0, "prefetch_pending": 0, "execution_buffer_bytes": 122948808, "scratch_bytes": 402653184, "gpu_cache_bytes": 87836590080}
(Worker_TP1 pid=127) EXPERT_STREAM {"hits": 0, "misses": 0, "read_bytes": 0, "read_seconds": 0.0, "rank": 1, "cache_bytes": 0, "slot_hits": 5280, "slot_misses": 9504, "packed_read_bytes": 89340641280, "graph_replays": 421, "routed_pipeline_batches": 0, "routed_pipeline_bytes": 0, "prefetch_issued": 0, "prefetch_read_bytes": 0, "prefetch_consumed": 0, "prefetch_ready": 0, "prefetch_late": 0, "prefetch_cancelled": 0, "prefetch_unused": 0, "demand_read_bytes": 89340641280, "io_batches": 321, "io_overlaps": 302, "staging_bytes": 0, "staging_banks": 0, "prefetch_pending": 0, "execution_buffer_bytes": 122948808, "scratch_bytes": 402653184, "gpu_cache_bytes": 87836590080}
(Worker_TP1 pid=127) EXPERT_STREAM {"hits": 0, "misses": 0, "read_bytes": 0, "read_seconds": 0.0, "rank": 1, "cache_bytes": 0, "slot_hits": 6155, "slot_misses": 9587, "packed_read_bytes": 90120867840, "graph_replays": 464, "routed_pipeline_batches": 0, "routed_pipeline_bytes": 0, "prefetch_issued": 0, "prefetch_read_bytes": 0, "prefetch_consumed": 0, "prefetch_ready": 0, "prefetch_late": 0, "prefetch_cancelled": 0, "prefetch_unused": 0, "demand_read_bytes": 90120867840, "io_batches": 355, "io_overlaps": 336, "staging_bytes": 0, "staging_banks": 0, "prefetch_pending": 0, "execution_buffer_bytes": 122948808, "scratch_bytes": 402653184, "gpu_cache_bytes": 87836590080}
(Worker_TP1 pid=127) EXPERT_STREAM {"hits": 0, "misses": 0, "read_bytes": 0, "read_seconds": 0.0, "rank": 1, "cache_bytes": 0, "slot_hits": 7071, "slot_misses": 9721, "packed_read_bytes": 91380510720, "graph_replays": 507, "routed_pipeline_batches": 0, "routed_pipeline_bytes": 0, "prefetch_issued": 0, "prefetch_read_bytes": 0, "prefetch_consumed": 0, "prefetch_ready": 0, "prefetch_late": 0, "prefetch_cancelled": 0, "prefetch_unused": 0, "demand_read_bytes": 91380510720, "io_batches": 395, "io_overlaps": 376, "staging_bytes": 0, "staging_banks": 0, "prefetch_pending": 0, "execution_buffer_bytes": 122948808, "scratch_bytes": 402653184, "gpu_cache_bytes": 87836590080}
(Worker_TP1 pid=127) EXPERT_STREAM {"hits": 0, "misses": 0, "read_bytes": 0, "read_seconds": 0.0, "rank": 1, "cache_bytes": 0, "slot_hits": 7877, "slot_misses": 9843, "packed_read_bytes": 92527349760, "graph_replays": 550, "routed_pipeline_batches": 0, "routed_pipeline_bytes": 0, "prefetch_issued": 0, "prefetch_read_bytes": 0, "prefetch_consumed": 0, "prefetch_ready": 0, "prefetch_late": 0, "prefetch_cancelled": 0, "prefetch_unused": 0, "demand_read_bytes": 92527349760, "io_batches": 436, "io_overlaps": 417, "staging_bytes": 0, "staging_banks": 0, "prefetch_pending": 0, "execution_buffer_bytes": 122948808, "scratch_bytes": 402653184, "gpu_cache_bytes": 87836590080}
(Worker_TP1 pid=127) EXPERT_STREAM {"hits": 0, "misses": 0, "read_bytes": 0, "read_seconds": 0.0, "rank": 1, "cache_bytes": 0, "slot_hits": 8741, "slot_misses": 9945, "packed_read_bytes": 93486182400, "graph_replays": 593, "routed_pipeline_batches": 0, "routed_pipeline_bytes": 0, "prefetch_issued": 0, "prefetch_read_bytes": 0, "prefetch_consumed": 0, "prefetch_ready": 0, "prefetch_late": 0, "prefetch_cancelled": 0, "prefetch_unused": 0, "demand_read_bytes": 93486182400, "io_batches": 472, "io_overlaps": 453, "staging_bytes": 0, "staging_banks": 0, "prefetch_pending": 0, "execution_buffer_bytes": 122948808, "scratch_bytes": 402653184, "gpu_cache_bytes": 87836590080}
(Worker_TP1 pid=127) EXPERT_STREAM {"hits": 0, "misses": 0, "read_bytes": 0, "read_seconds": 0.0, "rank": 1, "cache_bytes": 0, "slot_hits": 9576, "slot_misses": 10047, "packed_read_bytes": 94445015040, "graph_replays": 636, "routed_pipeline_batches": 0, "routed_pipeline_bytes": 0, "prefetch_issued": 0, "prefetch_read_bytes": 0, "prefetch_consumed": 0, "prefetch_ready": 0, "prefetch_late": 0, "prefetch_cancelled": 0, "prefetch_unused": 0, "demand_read_bytes": 94445015040, "io_batches": 511, "io_overlaps": 492, "staging_bytes": 0, "staging_banks": 0, "prefetch_pending": 0, "execution_buffer_bytes": 122948808, "scratch_bytes": 402653184, "gpu_cache_bytes": 87836590080}
(Worker_TP1 pid=127) EXPERT_STREAM {"hits": 0, "misses": 0, "read_bytes": 0, "read_seconds": 0.0, "rank": 1, "cache_bytes": 0, "slot_hits": 10464, "slot_misses": 10139, "packed_read_bytes": 95309844480, "graph_replays": 679, "routed_pipeline_batches": 0, "routed_pipeline_bytes": 0, "prefetch_issued": 0, "prefetch_read_bytes": 0, "prefetch_consumed": 0, "prefetch_ready": 0, "prefetch_late": 0, "prefetch_cancelled": 0, "prefetch_unused": 0, "demand_read_bytes": 95309844480, "io_batches": 547, "io_overlaps": 528, "staging_bytes": 0, "staging_banks": 0, "prefetch_pending": 0, "execution_buffer_bytes": 122948808, "scratch_bytes": 402653184, "gpu_cache_bytes": 87836590080}
(Worker_TP1 pid=127) EXPERT_STREAM {"hits": 0, "misses": 0, "read_bytes": 0, "read_seconds": 0.0, "rank": 1, "cache_bytes": 0, "slot_hits": 11427, "slot_misses": 10221, "packed_read_bytes": 96080670720, "graph_replays": 722, "routed_pipeline_batches": 0, "routed_pipeline_bytes": 0, "prefetch_issued": 0, "prefetch_read_bytes": 0, "prefetch_consumed": 0, "prefetch_ready": 0, "prefetch_late": 0, "prefetch_cancelled": 0, "prefetch_unused": 0, "demand_read_bytes": 96080670720, "io_batches": 583, "io_overlaps": 564, "staging_bytes": 0, "staging_banks": 0, "prefetch_pending": 0, "execution_buffer_bytes": 122948808, "scratch_bytes": 402653184, "gpu_cache_bytes": 87836590080}
(Worker_TP1 pid=127) EXPERT_STREAM {"hits": 0, "misses": 0, "read_bytes": 0, "read_seconds": 0.0, "rank": 1, "cache_bytes": 0, "slot_hits": 12381, "slot_misses": 10296, "packed_read_bytes": 96785694720, "graph_replays": 765, "routed_pipeline_batches": 0, "routed_pipeline_bytes": 0, "prefetch_issued": 0, "prefetch_read_bytes": 0, "prefetch_consumed": 0, "prefetch_ready": 0, "prefetch_late": 0, "prefetch_cancelled": 0, "prefetch_unused": 0, "demand_read_bytes": 96785694720, "io_batches": 616, "io_overlaps": 597, "staging_bytes": 0, "staging_banks": 0, "prefetch_pending": 0, "execution_buffer_bytes": 122948808, "scratch_bytes": 402653184, "gpu_cache_bytes": 87836590080}
(Worker_TP1 pid=127) EXPERT_STREAM {"hits": 0, "misses": 0, "read_bytes": 0, "read_seconds": 0.0, "rank": 1, "cache_bytes": 0, "slot_hits": 13311, "slot_misses": 10359, "packed_read_bytes": 97377914880, "graph_replays": 808, "routed_pipeline_batches": 0, "routed_pipeline_bytes": 0, "prefetch_issued": 0, "prefetch_read_bytes": 0, "prefetch_consumed": 0, "prefetch_ready": 0, "prefetch_late": 0, "prefetch_cancelled": 0, "prefetch_unused": 0, "demand_read_bytes": 97377914880, "io_batches": 648, "io_overlaps": 629, "staging_bytes": 0, "staging_banks": 0, "prefetch_pending": 0, "execution_buffer_bytes": 122948808, "scratch_bytes": 402653184, "gpu_cache_bytes": 87836590080}
(Worker_TP1 pid=127) EXPERT_STREAM {"hits": 0, "misses": 0, "read_bytes": 0, "read_seconds": 0.0, "rank": 1, "cache_bytes": 0, "slot_hits": 14270, "slot_misses": 10426, "packed_read_bytes": 98007736320, "graph_replays": 851, "routed_pipeline_batches": 0, "routed_pipeline_bytes": 0, "prefetch_issued": 0, "prefetch_read_bytes": 0, "prefetch_consumed": 0, "prefetch_ready": 0, "prefetch_late": 0, "prefetch_cancelled": 0, "prefetch_unused": 0, "demand_read_bytes": 98007736320, "io_batches": 678, "io_overlaps": 659, "staging_bytes": 0, "staging_banks": 0, "prefetch_pending": 0, "execution_buffer_bytes": 122948808, "scratch_bytes": 402653184, "gpu_cache_bytes": 87836590080}
(Worker_TP1 pid=127) EXPERT_STREAM {"hits": 0, "misses": 0, "read_bytes": 0, "read_seconds": 0.0, "rank": 1, "cache_bytes": 0, "slot_hits": 15258, "slot_misses": 10481, "packed_read_bytes": 98524753920, "graph_replays": 894, "routed_pipeline_batches": 0, "routed_pipeline_bytes": 0, "prefetch_issued": 0, "prefetch_read_bytes": 0, "prefetch_consumed": 0, "prefetch_ready": 0, "prefetch_late": 0, "prefetch_cancelled": 0, "prefetch_unused": 0, "demand_read_bytes": 98524753920, "io_batches": 710, "io_overlaps": 691, "staging_bytes": 0, "staging_banks": 0, "prefetch_pending": 0, "execution_buffer_bytes": 122948808, "scratch_bytes": 402653184, "gpu_cache_bytes": 87836590080}
(Worker_TP1 pid=127) EXPERT_STREAM {"hits": 0, "misses": 0, "read_bytes": 0, "read_seconds": 0.0, "rank": 1, "cache_bytes": 0, "slot_hits": 16283, "slot_misses": 10529, "packed_read_bytes": 98975969280, "graph_replays": 937, "routed_pipeline_batches": 0, "routed_pipeline_bytes": 0, "prefetch_issued": 0, "prefetch_read_bytes": 0, "prefetch_consumed": 0, "prefetch_ready": 0, "prefetch_late": 0, "prefetch_cancelled": 0, "prefetch_unused": 0, "demand_read_bytes": 98975969280, "io_batches": 735, "io_overlaps": 716, "staging_bytes": 0, "staging_banks": 0, "prefetch_pending": 0, "execution_buffer_bytes": 122948808, "scratch_bytes": 402653184, "gpu_cache_bytes": 87836590080}
(Worker_TP1 pid=127) EXPERT_STREAM {"hits": 0, "misses": 0, "read_bytes": 0, "read_seconds": 0.0, "rank": 1, "cache_bytes": 0, "slot_hits": 17333, "slot_misses": 10569, "packed_read_bytes": 99351982080, "graph_replays": 980, "routed_pipeline_batches": 0, "routed_pipeline_bytes": 0, "prefetch_issued": 0, "prefetch_read_bytes": 0, "prefetch_consumed": 0, "prefetch_ready": 0, "prefetch_late": 0, "prefetch_cancelled": 0, "prefetch_unused": 0, "demand_read_bytes": 99351982080, "io_batches": 761, "io_overlaps": 742, "staging_bytes": 0, "staging_banks": 0, "prefetch_pending": 0, "execution_buffer_bytes": 122948808, "scratch_bytes": 402653184, "gpu_cache_bytes": 87836590080}
(Worker_TP1 pid=127) EXPERT_STREAM {"hits": 0, "misses": 0, "read_bytes": 0, "read_seconds": 0.0, "rank": 1, "cache_bytes": 0, "slot_hits": 18287, "slot_misses": 10612, "packed_read_bytes": 99756195840, "graph_replays": 1023, "routed_pipeline_batches": 0, "routed_pipeline_bytes": 0, "prefetch_issued": 0, "prefetch_read_bytes": 0, "prefetch_consumed": 0, "prefetch_ready": 0, "prefetch_late": 0, "prefetch_cancelled": 0, "prefetch_unused": 0, "demand_read_bytes": 99756195840, "io_batches": 785, "io_overlaps": 766, "staging_bytes": 0, "staging_banks": 0, "prefetch_pending": 0, "execution_buffer_bytes": 122948808, "scratch_bytes": 402653184, "gpu_cache_bytes": 87836590080}
(Worker_TP1 pid=127) EXPERT_STREAM {"hits": 0, "misses": 0, "read_bytes": 0, "read_seconds": 0.0, "rank": 1, "cache_bytes": 0, "slot_hits": 19182, "slot_misses": 10760, "packed_read_bytes": 101147443200, "graph_replays": 1066, "routed_pipeline_batches": 0, "routed_pipeline_bytes": 0, "prefetch_issued": 0, "prefetch_read_bytes": 0, "prefetch_consumed": 0, "prefetch_ready": 0, "prefetch_late": 0, "prefetch_cancelled": 0, "prefetch_unused": 0, "demand_read_bytes": 101147443200, "io_batches": 826, "io_overlaps": 807, "staging_bytes": 0, "staging_banks": 0, "prefetch_pending": 0, "execution_buffer_bytes": 122948808, "scratch_bytes": 402653184, "gpu_cache_bytes": 87836590080}
(Worker_TP1 pid=127) EXPERT_STREAM {"hits": 0, "misses": 0, "read_bytes": 0, "read_seconds": 0.0, "rank": 1, "cache_bytes": 0, "slot_hits": 20115, "slot_misses": 10953, "packed_read_bytes": 102961704960, "graph_replays": 1109, "routed_pipeline_batches": 0, "routed_pipeline_bytes": 0, "prefetch_issued": 0, "prefetch_read_bytes": 0, "prefetch_consumed": 0, "prefetch_ready": 0, "prefetch_late": 0, "prefetch_cancelled": 0, "prefetch_unused": 0, "demand_read_bytes": 102961704960, "io_batches": 866, "io_overlaps": 847, "staging_bytes": 0, "staging_banks": 0, "prefetch_pending": 0, "execution_buffer_bytes": 122948808, "scratch_bytes": 402653184, "gpu_cache_bytes": 87836590080}
(Worker_TP1 pid=127) EXPERT_CACHE_RESET 1789205803178543183
(Worker_TP1 pid=127) EXPERT_STREAM {"hits": 0, "misses": 0, "read_bytes": 0, "read_seconds": 0.0, "rank": 1, "cache_bytes": 0, "slot_hits": 0, "slot_misses": 8649, "packed_read_bytes": 81303367680, "graph_replays": 114, "routed_pipeline_batches": 0, "routed_pipeline_bytes": 0, "prefetch_issued": 0, "prefetch_read_bytes": 0, "prefetch_consumed": 0, "prefetch_ready": 0, "prefetch_late": 0, "prefetch_cancelled": 0, "prefetch_unused": 0, "demand_read_bytes": 81303367680, "io_batches": 57, "io_overlaps": 40, "staging_bytes": 0, "staging_banks": 0, "prefetch_pending": 0, "execution_buffer_bytes": 122948808, "scratch_bytes": 402653184, "gpu_cache_bytes": 87836590080}
(Worker_TP1 pid=127) EXPERT_STREAM {"hits": 0, "misses": 0, "read_bytes": 0, "read_seconds": 0.0, "rank": 1, "cache_bytes": 0, "slot_hits": 693, "slot_misses": 8874, "packed_read_bytes": 83418439680, "graph_replays": 157, "routed_pipeline_batches": 0, "routed_pipeline_bytes": 0, "prefetch_issued": 0, "prefetch_read_bytes": 0, "prefetch_consumed": 0, "prefetch_ready": 0, "prefetch_late": 0, "prefetch_cancelled": 0, "prefetch_unused": 0, "demand_read_bytes": 83418439680, "io_batches": 99, "io_overlaps": 82, "staging_bytes": 0, "staging_banks": 0, "prefetch_pending": 0, "execution_buffer_bytes": 122948808, "scratch_bytes": 402653184, "gpu_cache_bytes": 87836590080}
(Worker_TP1 pid=127) EXPERT_STREAM {"hits": 0, "misses": 0, "read_bytes": 0, "read_seconds": 0.0, "rank": 1, "cache_bytes": 0, "slot_hits": 1337, "slot_misses": 9100, "packed_read_bytes": 85542912000, "graph_replays": 200, "routed_pipeline_batches": 0, "routed_pipeline_bytes": 0, "prefetch_issued": 0, "prefetch_read_bytes": 0, "prefetch_consumed": 0, "prefetch_ready": 0, "prefetch_late": 0, "prefetch_cancelled": 0, "prefetch_unused": 0, "demand_read_bytes": 85542912000, "io_batches": 142, "io_overlaps": 125, "staging_bytes": 0, "staging_banks": 0, "prefetch_pending": 0, "execution_buffer_bytes": 122948808, "scratch_bytes": 402653184, "gpu_cache_bytes": 87836590080}
(Worker_TP1 pid=127) EXPERT_STREAM {"hits": 0, "misses": 0, "read_bytes": 0, "read_seconds": 0.0, "rank": 1, "cache_bytes": 0, "slot_hits": 2090, "slot_misses": 9216, "packed_read_bytes": 86633349120, "graph_replays": 243, "routed_pipeline_batches": 0, "routed_pipeline_bytes": 0, "prefetch_issued": 0, "prefetch_read_bytes": 0, "prefetch_consumed": 0, "prefetch_ready": 0, "prefetch_late": 0, "prefetch_cancelled": 0, "prefetch_unused": 0, "demand_read_bytes": 86633349120, "io_batches": 182, "io_overlaps": 165, "staging_bytes": 0, "staging_banks": 0, "prefetch_pending": 0, "execution_buffer_bytes": 122948808, "scratch_bytes": 402653184, "gpu_cache_bytes": 87836590080}
(Worker_TP1 pid=127) EXPERT_STREAM {"hits": 0, "misses": 0, "read_bytes": 0, "read_seconds": 0.0, "rank": 1, "cache_bytes": 0, "slot_hits": 2859, "slot_misses": 9349, "packed_read_bytes": 87883591680, "graph_replays": 286, "routed_pipeline_batches": 0, "routed_pipeline_bytes": 0, "prefetch_issued": 0, "prefetch_read_bytes": 0, "prefetch_consumed": 0, "prefetch_ready": 0, "prefetch_late": 0, "prefetch_cancelled": 0, "prefetch_unused": 0, "demand_read_bytes": 87883591680, "io_batches": 222, "io_overlaps": 205, "staging_bytes": 0, "staging_banks": 0, "prefetch_pending": 0, "execution_buffer_bytes": 122948808, "scratch_bytes": 402653184, "gpu_cache_bytes": 87836590080}
(Worker_TP1 pid=127) EXPERT_STREAM {"hits": 0, "misses": 0, "read_bytes": 0, "read_seconds": 0.0, "rank": 1, "cache_bytes": 0, "slot_hits": 3713, "slot_misses": 9509, "packed_read_bytes": 89387642880, "graph_replays": 329, "routed_pipeline_batches": 0, "routed_pipeline_bytes": 0, "prefetch_issued": 0, "prefetch_read_bytes": 0, "prefetch_consumed": 0, "prefetch_ready": 0, "prefetch_late": 0, "prefetch_cancelled": 0, "prefetch_unused": 0, "demand_read_bytes": 89387642880, "io_batches": 262, "io_overlaps": 245, "staging_bytes": 0, "staging_banks": 0, "prefetch_pending": 0, "execution_buffer_bytes": 122948808, "scratch_bytes": 402653184, "gpu_cache_bytes": 87836590080}
(Worker_TP1 pid=127) EXPERT_STREAM {"hits": 0, "misses": 0, "read_bytes": 0, "read_seconds": 0.0, "rank": 1, "cache_bytes": 0, "slot_hits": 4521, "slot_misses": 9570, "packed_read_bytes": 89961062400, "graph_replays": 372, "routed_pipeline_batches": 0, "routed_pipeline_bytes": 0, "prefetch_issued": 0, "prefetch_read_bytes": 0, "prefetch_consumed": 0, "prefetch_ready": 0, "prefetch_late": 0, "prefetch_cancelled": 0, "prefetch_unused": 0, "demand_read_bytes": 89961062400, "io_batches": 291, "io_overlaps": 274, "staging_bytes": 0, "staging_banks": 0, "prefetch_pending": 0, "execution_buffer_bytes": 122948808, "scratch_bytes": 402653184, "gpu_cache_bytes": 87836590080}
(Worker_TP1 pid=127) EXPERT_STREAM {"hits": 0, "misses": 0, "read_bytes": 0, "read_seconds": 0.0, "rank": 1, "cache_bytes": 0, "slot_hits": 5295, "slot_misses": 9671, "packed_read_bytes": 90910494720, "graph_replays": 415, "routed_pipeline_batches": 0, "routed_pipeline_bytes": 0, "prefetch_issued": 0, "prefetch_read_bytes": 0, "prefetch_consumed": 0, "prefetch_ready": 0, "prefetch_late": 0, "prefetch_cancelled": 0, "prefetch_unused": 0, "demand_read_bytes": 90910494720, "io_batches": 329, "io_overlaps": 312, "staging_bytes": 0, "staging_banks": 0, "prefetch_pending": 0, "execution_buffer_bytes": 122948808, "scratch_bytes": 402653184, "gpu_cache_bytes": 87836590080}
(Worker_TP1 pid=127) EXPERT_STREAM {"hits": 0, "misses": 0, "read_bytes": 0, "read_seconds": 0.0, "rank": 1, "cache_bytes": 0, "slot_hits": 6088, "slot_misses": 9754, "packed_read_bytes": 91690721280, "graph_replays": 458, "routed_pipeline_batches": 0, "routed_pipeline_bytes": 0, "prefetch_issued": 0, "prefetch_read_bytes": 0, "prefetch_consumed": 0, "prefetch_ready": 0, "prefetch_late": 0, "prefetch_cancelled": 0, "prefetch_unused": 0, "demand_read_bytes": 91690721280, "io_batches": 362, "io_overlaps": 345, "staging_bytes": 0, "staging_banks": 0, "prefetch_pending": 0, "execution_buffer_bytes": 122948808, "scratch_bytes": 402653184, "gpu_cache_bytes": 87836590080}
(Worker_TP1 pid=127) EXPERT_STREAM {"hits": 0, "misses": 0, "read_bytes": 0, "read_seconds": 0.0, "rank": 1, "cache_bytes": 0, "slot_hits": 6837, "slot_misses": 9814, "packed_read_bytes": 92254740480, "graph_replays": 501, "routed_pipeline_batches": 0, "routed_pipeline_bytes": 0, "prefetch_issued": 0, "prefetch_read_bytes": 0, "prefetch_consumed": 0, "prefetch_ready": 0, "prefetch_late": 0, "prefetch_cancelled": 0, "prefetch_unused": 0, "demand_read_bytes": 92254740480, "io_batches": 393, "io_overlaps": 376, "staging_bytes": 0, "staging_banks": 0, "prefetch_pending": 0, "execution_buffer_bytes": 122948808, "scratch_bytes": 402653184, "gpu_cache_bytes": 87836590080}
(Worker_TP1 pid=127) EXPERT_STREAM {"hits": 0, "misses": 0, "read_bytes": 0, "read_seconds": 0.0, "rank": 1, "cache_bytes": 0, "slot_hits": 7787, "slot_misses": 9895, "packed_read_bytes": 93016166400, "graph_replays": 544, "routed_pipeline_batches": 0, "routed_pipeline_bytes": 0, "prefetch_issued": 0, "prefetch_read_bytes": 0, "prefetch_consumed": 0, "prefetch_ready": 0, "prefetch_late": 0, "prefetch_cancelled": 0, "prefetch_unused": 0, "demand_read_bytes": 93016166400, "io_batches": 429, "io_overlaps": 412, "staging_bytes": 0, "staging_banks": 0, "prefetch_pending": 0, "execution_buffer_bytes": 122948808, "scratch_bytes": 402653184, "gpu_cache_bytes": 87836590080}
(Worker_TP1 pid=127) EXPERT_STREAM {"hits": 0, "misses": 0, "read_bytes": 0, "read_seconds": 0.0, "rank": 1, "cache_bytes": 0, "slot_hits": 8717, "slot_misses": 9956, "packed_read_bytes": 93589585920, "graph_replays": 587, "routed_pipeline_batches": 0, "routed_pipeline_bytes": 0, "prefetch_issued": 0, "prefetch_read_bytes": 0, "prefetch_consumed": 0, "prefetch_ready": 0, "prefetch_late": 0, "prefetch_cancelled": 0, "prefetch_unused": 0, "demand_read_bytes": 93589585920, "io_batches": 460, "io_overlaps": 443, "staging_bytes": 0, "staging_banks": 0, "prefetch_pending": 0, "execution_buffer_bytes": 122948808, "scratch_bytes": 402653184, "gpu_cache_bytes": 87836590080}
(Worker_TP1 pid=127) EXPERT_STREAM {"hits": 0, "misses": 0, "read_bytes": 0, "read_seconds": 0.0, "rank": 1, "cache_bytes": 0, "slot_hits": 9580, "slot_misses": 10012, "packed_read_bytes": 94116003840, "graph_replays": 630, "routed_pipeline_batches": 0, "routed_pipeline_bytes": 0, "prefetch_issued": 0, "prefetch_read_bytes": 0, "prefetch_consumed": 0, "prefetch_ready": 0, "prefetch_late": 0, "prefetch_cancelled": 0, "prefetch_unused": 0, "demand_read_bytes": 94116003840, "io_batches": 493, "io_overlaps": 476, "staging_bytes": 0, "staging_banks": 0, "prefetch_pending": 0, "execution_buffer_bytes": 122948808, "scratch_bytes": 402653184, "gpu_cache_bytes": 87836590080}
(Worker_TP1 pid=127) EXPERT_STREAM {"hits": 0, "misses": 0, "read_bytes": 0, "read_seconds": 0.0, "rank": 1, "cache_bytes": 0, "slot_hits": 10515, "slot_misses": 10045, "packed_read_bytes": 94426214400, "graph_replays": 673, "routed_pipeline_batches": 0, "routed_pipeline_bytes": 0, "prefetch_issued": 0, "prefetch_read_bytes": 0, "prefetch_consumed": 0, "prefetch_ready": 0, "prefetch_late": 0, "prefetch_cancelled": 0, "prefetch_unused": 0, "demand_read_bytes": 94426214400, "io_batches": 512, "io_overlaps": 495, "staging_bytes": 0, "staging_banks": 0, "prefetch_pending": 0, "execution_buffer_bytes": 122948808, "scratch_bytes": 402653184, "gpu_cache_bytes": 87836590080}
(Worker_TP1 pid=127) EXPERT_STREAM {"hits": 0, "misses": 0, "read_bytes": 0, "read_seconds": 0.0, "rank": 1, "cache_bytes": 0, "slot_hits": 11318, "slot_misses": 10106, "packed_read_bytes": 94999633920, "graph_replays": 716, "routed_pipeline_batches": 0, "routed_pipeline_bytes": 0, "prefetch_issued": 0, "prefetch_read_bytes": 0, "prefetch_consumed": 0, "prefetch_ready": 0, "prefetch_late": 0, "prefetch_cancelled": 0, "prefetch_unused": 0, "demand_read_bytes": 94999633920, "io_batches": 545, "io_overlaps": 528, "staging_bytes": 0, "staging_banks": 0, "prefetch_pending": 0, "execution_buffer_bytes": 122948808, "scratch_bytes": 402653184, "gpu_cache_bytes": 87836590080}
(Worker_TP1 pid=127) EXPERT_STREAM {"hits": 0, "misses": 0, "read_bytes": 0, "read_seconds": 0.0, "rank": 1, "cache_bytes": 0, "slot_hits": 12189, "slot_misses": 10182, "packed_read_bytes": 95714058240, "graph_replays": 759, "routed_pipeline_batches": 0, "routed_pipeline_bytes": 0, "prefetch_issued": 0, "prefetch_read_bytes": 0, "prefetch_consumed": 0, "prefetch_ready": 0, "prefetch_late": 0, "prefetch_cancelled": 0, "prefetch_unused": 0, "demand_read_bytes": 95714058240, "io_batches": 580, "io_overlaps": 563, "staging_bytes": 0, "staging_banks": 0, "prefetch_pending": 0, "execution_buffer_bytes": 122948808, "scratch_bytes": 402653184, "gpu_cache_bytes": 87836590080}
(Worker_TP1 pid=127) EXPERT_STREAM {"hits": 0, "misses": 0, "read_bytes": 0, "read_seconds": 0.0, "rank": 1, "cache_bytes": 0, "slot_hits": 13065, "slot_misses": 10265, "packed_read_bytes": 96494284800, "graph_replays": 802, "routed_pipeline_batches": 0, "routed_pipeline_bytes": 0, "prefetch_issued": 0, "prefetch_read_bytes": 0, "prefetch_consumed": 0, "prefetch_ready": 0, "prefetch_late": 0, "prefetch_cancelled": 0, "prefetch_unused": 0, "demand_read_bytes": 96494284800, "io_batches": 615, "io_overlaps": 598, "staging_bytes": 0, "staging_banks": 0, "prefetch_pending": 0, "execution_buffer_bytes": 122948808, "scratch_bytes": 402653184, "gpu_cache_bytes": 87836590080}
(Worker_TP1 pid=127) EXPERT_STREAM {"hits": 0, "misses": 0, "read_bytes": 0, "read_seconds": 0.0, "rank": 1, "cache_bytes": 0, "slot_hits": 14052, "slot_misses": 10325, "packed_read_bytes": 97058304000, "graph_replays": 845, "routed_pipeline_batches": 0, "routed_pipeline_bytes": 0, "prefetch_issued": 0, "prefetch_read_bytes": 0, "prefetch_consumed": 0, "prefetch_ready": 0, "prefetch_late": 0, "prefetch_cancelled": 0, "prefetch_unused": 0, "demand_read_bytes": 97058304000, "io_batches": 648, "io_overlaps": 631, "staging_bytes": 0, "staging_banks": 0, "prefetch_pending": 0, "execution_buffer_bytes": 122948808, "scratch_bytes": 402653184, "gpu_cache_bytes": 87836590080}
(Worker_TP1 pid=127) EXPERT_STREAM {"hits": 0, "misses": 0, "read_bytes": 0, "read_seconds": 0.0, "rank": 1, "cache_bytes": 0, "slot_hits": 15024, "slot_misses": 10388, "packed_read_bytes": 97650524160, "graph_replays": 888, "routed_pipeline_batches": 0, "routed_pipeline_bytes": 0, "prefetch_issued": 0, "prefetch_read_bytes": 0, "prefetch_consumed": 0, "prefetch_ready": 0, "prefetch_late": 0, "prefetch_cancelled": 0, "prefetch_unused": 0, "demand_read_bytes": 97650524160, "io_batches": 682, "io_overlaps": 665, "staging_bytes": 0, "staging_banks": 0, "prefetch_pending": 0, "execution_buffer_bytes": 122948808, "scratch_bytes": 402653184, "gpu_cache_bytes": 87836590080}
(Worker_TP1 pid=127) EXPERT_STREAM {"hits": 0, "misses": 0, "read_bytes": 0, "read_seconds": 0.0, "rank": 1, "cache_bytes": 0, "slot_hits": 15928, "slot_misses": 10432, "packed_read_bytes": 98064138240, "graph_replays": 931, "routed_pipeline_batches": 0, "routed_pipeline_bytes": 0, "prefetch_issued": 0, "prefetch_read_bytes": 0, "prefetch_consumed": 0, "prefetch_ready": 0, "prefetch_late": 0, "prefetch_cancelled": 0, "prefetch_unused": 0, "demand_read_bytes": 98064138240, "io_batches": 708, "io_overlaps": 691, "staging_bytes": 0, "staging_banks": 0, "prefetch_pending": 0, "execution_buffer_bytes": 122948808, "scratch_bytes": 402653184, "gpu_cache_bytes": 87836590080}
(Worker_TP1 pid=127) EXPERT_STREAM {"hits": 0, "misses": 0, "read_bytes": 0, "read_seconds": 0.0, "rank": 1, "cache_bytes": 0, "slot_hits": 16832, "slot_misses": 10487, "packed_read_bytes": 98581155840, "graph_replays": 974, "routed_pipeline_batches": 0, "routed_pipeline_bytes": 0, "prefetch_issued": 0, "prefetch_read_bytes": 0, "prefetch_consumed": 0, "prefetch_ready": 0, "prefetch_late": 0, "prefetch_cancelled": 0, "prefetch_unused": 0, "demand_read_bytes": 98581155840, "io_batches": 738, "io_overlaps": 721, "staging_bytes": 0, "staging_banks": 0, "prefetch_pending": 0, "execution_buffer_bytes": 122948808, "scratch_bytes": 402653184, "gpu_cache_bytes": 87836590080}
(Worker_TP1 pid=127) EXPERT_STREAM {"hits": 0, "misses": 0, "read_bytes": 0, "read_seconds": 0.0, "rank": 1, "cache_bytes": 0, "slot_hits": 17758, "slot_misses": 10542, "packed_read_bytes": 99098173440, "graph_replays": 1017, "routed_pipeline_batches": 0, "routed_pipeline_bytes": 0, "prefetch_issued": 0, "prefetch_read_bytes": 0, "prefetch_consumed": 0, "prefetch_ready": 0, "prefetch_late": 0, "prefetch_cancelled": 0, "prefetch_unused": 0, "demand_read_bytes": 99098173440, "io_batches": 767, "io_overlaps": 750, "staging_bytes": 0, "staging_banks": 0, "prefetch_pending": 0, "execution_buffer_bytes": 122948808, "scratch_bytes": 402653184, "gpu_cache_bytes": 87836590080}
(Worker_TP1 pid=127) EXPERT_STREAM {"hits": 0, "misses": 0, "read_bytes": 0, "read_seconds": 0.0, "rank": 1, "cache_bytes": 0, "slot_hits": 18693, "slot_misses": 10560, "packed_read_bytes": 99267379200, "graph_replays": 1060, "routed_pipeline_batches": 0, "routed_pipeline_bytes": 0, "prefetch_issued": 0, "prefetch_read_bytes": 0, "prefetch_consumed": 0, "prefetch_ready": 0, "prefetch_late": 0, "prefetch_cancelled": 0, "prefetch_unused": 0, "demand_read_bytes": 99267379200, "io_batches": 779, "io_overlaps": 762, "staging_bytes": 0, "staging_banks": 0, "prefetch_pending": 0, "execution_buffer_bytes": 122948808, "scratch_bytes": 402653184, "gpu_cache_bytes": 87836590080}
(Worker_TP1 pid=127) EXPERT_STREAM {"hits": 0, "misses": 0, "read_bytes": 0, "read_seconds": 0.0, "rank": 1, "cache_bytes": 0, "slot_hits": 19680, "slot_misses": 10691, "packed_read_bytes": 100498821120, "graph_replays": 1103, "routed_pipeline_batches": 0, "routed_pipeline_bytes": 0, "prefetch_issued": 0, "prefetch_read_bytes": 0, "prefetch_consumed": 0, "prefetch_ready": 0, "prefetch_late": 0, "prefetch_cancelled": 0, "prefetch_unused": 0, "demand_read_bytes": 100498821120, "io_batches": 821, "io_overlaps": 804, "staging_bytes": 0, "staging_banks": 0, "prefetch_pending": 0, "execution_buffer_bytes": 122948808, "scratch_bytes": 402653184, "gpu_cache_bytes": 87836590080}
(Worker_TP1 pid=127) EXPERT_STREAM {"hits": 0, "misses": 0, "read_bytes": 0, "read_seconds": 0.0, "rank": 1, "cache_bytes": 0, "slot_hits": 20411, "slot_misses": 10892, "packed_read_bytes": 102388285440, "graph_replays": 1146, "routed_pipeline_batches": 0, "routed_pipeline_bytes": 0, "prefetch_issued": 0, "prefetch_read_bytes": 0, "prefetch_consumed": 0, "prefetch_ready": 0, "prefetch_late": 0, "prefetch_cancelled": 0, "prefetch_unused": 0, "demand_read_bytes": 102388285440, "io_batches": 863, "io_overlaps": 846, "staging_bytes": 0, "staging_banks": 0, "prefetch_pending": 0, "execution_buffer_bytes": 122948808, "scratch_bytes": 402653184, "gpu_cache_bytes": 87836590080}
(Worker_TP1 pid=127) EXPERT_CACHE_RESET 1789205825332596481
(Worker_TP1 pid=127) EXPERT_STREAM {"hits": 0, "misses": 0, "read_bytes": 0, "read_seconds": 0.0, "rank": 1, "cache_bytes": 0, "slot_hits": 0, "slot_misses": 8396, "packed_read_bytes": 78925086720, "graph_replays": 114, "routed_pipeline_batches": 0, "routed_pipeline_bytes": 0, "prefetch_issued": 0, "prefetch_read_bytes": 0, "prefetch_consumed": 0, "prefetch_ready": 0, "prefetch_late": 0, "prefetch_cancelled": 0, "prefetch_unused": 0, "demand_read_bytes": 78925086720, "io_batches": 59, "io_overlaps": 43, "staging_bytes": 0, "staging_banks": 0, "prefetch_pending": 0, "execution_buffer_bytes": 122948808, "scratch_bytes": 402653184, "gpu_cache_bytes": 87836590080}
(Worker_TP1 pid=127) FINAL_DECODER_ROWS {"input_rows": 3385, "output_rows": 1, "layer": 39, "scope": "routed_experts_only"}
(Worker_TP1 pid=127) EXPERT_STREAM {"hits": 0, "misses": 0, "read_bytes": 0, "read_seconds": 0.0, "rank": 1, "cache_bytes": 0, "slot_hits": 692, "slot_misses": 8629, "packed_read_bytes": 81115361280, "graph_replays": 157, "routed_pipeline_batches": 0, "routed_pipeline_bytes": 0, "prefetch_issued": 0, "prefetch_read_bytes": 0, "prefetch_consumed": 0, "prefetch_ready": 0, "prefetch_late": 0, "prefetch_cancelled": 0, "prefetch_unused": 0, "demand_read_bytes": 81115361280, "io_batches": 101, "io_overlaps": 85, "staging_bytes": 0, "staging_banks": 0, "prefetch_pending": 0, "execution_buffer_bytes": 122948808, "scratch_bytes": 402653184, "gpu_cache_bytes": 87836590080}
(Worker_TP1 pid=127) EXPERT_STREAM {"hits": 0, "misses": 0, "read_bytes": 0, "read_seconds": 0.0, "rank": 1, "cache_bytes": 0, "slot_hits": 1303, "slot_misses": 8893, "packed_read_bytes": 83597045760, "graph_replays": 200, "routed_pipeline_batches": 0, "routed_pipeline_bytes": 0, "prefetch_issued": 0, "prefetch_read_bytes": 0, "prefetch_consumed": 0, "prefetch_ready": 0, "prefetch_late": 0, "prefetch_cancelled": 0, "prefetch_unused": 0, "demand_read_bytes": 83597045760, "io_batches": 144, "io_overlaps": 128, "staging_bytes": 0, "staging_banks": 0, "prefetch_pending": 0, "execution_buffer_bytes": 122948808, "scratch_bytes": 402653184, "gpu_cache_bytes": 87836590080}
(Worker_TP1 pid=127) EXPERT_STREAM {"hits": 0, "misses": 0, "read_bytes": 0, "read_seconds": 0.0, "rank": 1, "cache_bytes": 0, "slot_hits": 2032, "slot_misses": 9029, "packed_read_bytes": 84875489280, "graph_replays": 243, "routed_pipeline_batches": 0, "routed_pipeline_bytes": 0, "prefetch_issued": 0, "prefetch_read_bytes": 0, "prefetch_consumed": 0, "prefetch_ready": 0, "prefetch_late": 0, "prefetch_cancelled": 0, "prefetch_unused": 0, "demand_read_bytes": 84875489280, "io_batches": 186, "io_overlaps": 170, "staging_bytes": 0, "staging_banks": 0, "prefetch_pending": 0, "execution_buffer_bytes": 122948808, "scratch_bytes": 402653184, "gpu_cache_bytes": 87836590080}
(Worker_TP1 pid=127) EXPERT_STREAM {"hits": 0, "misses": 0, "read_bytes": 0, "read_seconds": 0.0, "rank": 1, "cache_bytes": 0, "slot_hits": 2788, "slot_misses": 9174, "packed_read_bytes": 86238535680, "graph_replays": 286, "routed_pipeline_batches": 0, "routed_pipeline_bytes": 0, "prefetch_issued": 0, "prefetch_read_bytes": 0, "prefetch_consumed": 0, "prefetch_ready": 0, "prefetch_late": 0, "prefetch_cancelled": 0, "prefetch_unused": 0, "demand_read_bytes": 86238535680, "io_batches": 228, "io_overlaps": 212, "staging_bytes": 0, "staging_banks": 0, "prefetch_pending": 0, "execution_buffer_bytes": 122948808, "scratch_bytes": 402653184, "gpu_cache_bytes": 87836590080}
(Worker_TP1 pid=127) EXPERT_STREAM {"hits": 0, "misses": 0, "read_bytes": 0, "read_seconds": 0.0, "rank": 1, "cache_bytes": 0, "slot_hits": 3630, "slot_misses": 9346, "packed_read_bytes": 87855390720, "graph_replays": 329, "routed_pipeline_batches": 0, "routed_pipeline_bytes": 0, "prefetch_issued": 0, "prefetch_read_bytes": 0, "prefetch_consumed": 0, "prefetch_ready": 0, "prefetch_late": 0, "prefetch_cancelled": 0, "prefetch_unused": 0, "demand_read_bytes": 87855390720, "io_batches": 268, "io_overlaps": 252, "staging_bytes": 0, "staging_banks": 0, "prefetch_pending": 0, "execution_buffer_bytes": 122948808, "scratch_bytes": 402653184, "gpu_cache_bytes": 87836590080}
(Worker_TP1 pid=127) EXPERT_STREAM {"hits": 0, "misses": 0, "read_bytes": 0, "read_seconds": 0.0, "rank": 1, "cache_bytes": 0, "slot_hits": 4440, "slot_misses": 9407, "packed_read_bytes": 88428810240, "graph_replays": 372, "routed_pipeline_batches": 0, "routed_pipeline_bytes": 0, "prefetch_issued": 0, "prefetch_read_bytes": 0, "prefetch_consumed": 0, "prefetch_ready": 0, "prefetch_late": 0, "prefetch_cancelled": 0, "prefetch_unused": 0, "demand_read_bytes": 88428810240, "io_batches": 299, "io_overlaps": 283, "staging_bytes": 0, "staging_banks": 0, "prefetch_pending": 0, "execution_buffer_bytes": 122948808, "scratch_bytes": 402653184, "gpu_cache_bytes": 87836590080}
(Worker_TP1 pid=127) EXPERT_STREAM {"hits": 0, "misses": 0, "read_bytes": 0, "read_seconds": 0.0, "rank": 1, "cache_bytes": 0, "slot_hits": 5227, "slot_misses": 9498, "packed_read_bytes": 89284239360, "graph_replays": 415, "routed_pipeline_batches": 0, "routed_pipeline_bytes": 0, "prefetch_issued": 0, "prefetch_read_bytes": 0, "prefetch_consumed": 0, "prefetch_ready": 0, "prefetch_late": 0, "prefetch_cancelled": 0, "prefetch_unused": 0, "demand_read_bytes": 89284239360, "io_batches": 337, "io_overlaps": 321, "staging_bytes": 0, "staging_banks": 0, "prefetch_pending": 0, "execution_buffer_bytes": 122948808, "scratch_bytes": 402653184, "gpu_cache_bytes": 87836590080}
(Worker_TP1 pid=127) EXPERT_STREAM {"hits": 0, "misses": 0, "read_bytes": 0, "read_seconds": 0.0, "rank": 1, "cache_bytes": 0, "slot_hits": 5997, "slot_misses": 9543, "packed_read_bytes": 89707253760, "graph_replays": 458, "routed_pipeline_batches": 0, "routed_pipeline_bytes": 0, "prefetch_issued": 0, "prefetch_read_bytes": 0, "prefetch_consumed": 0, "prefetch_ready": 0, "prefetch_late": 0, "prefetch_cancelled": 0, "prefetch_unused": 0, "demand_read_bytes": 89707253760, "io_batches": 367, "io_overlaps": 351, "staging_bytes": 0, "staging_banks": 0, "prefetch_pending": 0, "execution_buffer_bytes": 122948808, "scratch_bytes": 402653184, "gpu_cache_bytes": 87836590080}
(Worker_TP1 pid=127) EXPERT_STREAM {"hits": 0, "misses": 0, "read_bytes": 0, "read_seconds": 0.0, "rank": 1, "cache_bytes": 0, "slot_hits": 6848, "slot_misses": 9633, "packed_read_bytes": 90553282560, "graph_replays": 501, "routed_pipeline_batches": 0, "routed_pipeline_bytes": 0, "prefetch_issued": 0, "prefetch_read_bytes": 0, "prefetch_consumed": 0, "prefetch_ready": 0, "prefetch_late": 0, "prefetch_cancelled": 0, "prefetch_unused": 0, "demand_read_bytes": 90553282560, "io_batches": 404, "io_overlaps": 388, "staging_bytes": 0, "staging_banks": 0, "prefetch_pending": 0, "execution_buffer_bytes": 122948808, "scratch_bytes": 402653184, "gpu_cache_bytes": 87836590080}
(Worker_TP1 pid=127) EXPERT_STREAM {"hits": 0, "misses": 0, "read_bytes": 0, "read_seconds": 0.0, "rank": 1, "cache_bytes": 0, "slot_hits": 7759, "slot_misses": 9692, "packed_read_bytes": 91107901440, "graph_replays": 544, "routed_pipeline_batches": 0, "routed_pipeline_bytes": 0, "prefetch_issued": 0, "prefetch_read_bytes": 0, "prefetch_consumed": 0, "prefetch_ready": 0, "prefetch_late": 0, "prefetch_cancelled": 0, "prefetch_unused": 0, "demand_read_bytes": 91107901440, "io_batches": 436, "io_overlaps": 420, "staging_bytes": 0, "staging_banks": 0, "prefetch_pending": 0, "execution_buffer_bytes": 122948808, "scratch_bytes": 402653184, "gpu_cache_bytes": 87836590080}
(Worker_TP1 pid=127) EXPERT_STREAM {"hits": 0, "misses": 0, "read_bytes": 0, "read_seconds": 0.0, "rank": 1, "cache_bytes": 0, "slot_hits": 8728, "slot_misses": 9742, "packed_read_bytes": 91577917440, "graph_replays": 587, "routed_pipeline_batches": 0, "routed_pipeline_bytes": 0, "prefetch_issued": 0, "prefetch_read_bytes": 0, "prefetch_consumed": 0, "prefetch_ready": 0, "prefetch_late": 0, "prefetch_cancelled": 0, "prefetch_unused": 0, "demand_read_bytes": 91577917440, "io_batches": 465, "io_overlaps": 449, "staging_bytes": 0, "staging_banks": 0, "prefetch_pending": 0, "execution_buffer_bytes": 122948808, "scratch_bytes": 402653184, "gpu_cache_bytes": 87836590080}
(Worker_TP1 pid=127) EXPERT_STREAM {"hits": 0, "misses": 0, "read_bytes": 0, "read_seconds": 0.0, "rank": 1, "cache_bytes": 0, "slot_hits": 9712, "slot_misses": 9765, "packed_read_bytes": 91794124800, "graph_replays": 630, "routed_pipeline_batches": 0, "routed_pipeline_bytes": 0, "prefetch_issued": 0, "prefetch_read_bytes": 0, "prefetch_consumed": 0, "prefetch_ready": 0, "prefetch_late": 0, "prefetch_cancelled": 0, "prefetch_unused": 0, "demand_read_bytes": 91794124800, "io_batches": 481, "io_overlaps": 465, "staging_bytes": 0, "staging_banks": 0, "prefetch_pending": 0, "execution_buffer_bytes": 122948808, "scratch_bytes": 402653184, "gpu_cache_bytes": 87836590080}
(Worker_TP1 pid=127) EXPERT_STREAM {"hits": 0, "misses": 0, "read_bytes": 0, "read_seconds": 0.0, "rank": 1, "cache_bytes": 0, "slot_hits": 10562, "slot_misses": 9824, "packed_read_bytes": 92348743680, "graph_replays": 673, "routed_pipeline_batches": 0, "routed_pipeline_bytes": 0, "prefetch_issued": 0, "prefetch_read_bytes": 0, "prefetch_consumed": 0, "prefetch_ready": 0, "prefetch_late": 0, "prefetch_cancelled": 0, "prefetch_unused": 0, "demand_read_bytes": 92348743680, "io_batches": 509, "io_overlaps": 493, "staging_bytes": 0, "staging_banks": 0, "prefetch_pending": 0, "execution_buffer_bytes": 122948808, "scratch_bytes": 402653184, "gpu_cache_bytes": 87836590080}
(Worker_TP1 pid=127) EXPERT_STREAM {"hits": 0, "misses": 0, "read_bytes": 0, "read_seconds": 0.0, "rank": 1, "cache_bytes": 0, "slot_hits": 11428, "slot_misses": 9869, "packed_read_bytes": 92771758080, "graph_replays": 716, "routed_pipeline_batches": 0, "routed_pipeline_bytes": 0, "prefetch_issued": 0, "prefetch_read_bytes": 0, "prefetch_consumed": 0, "prefetch_ready": 0, "prefetch_late": 0, "prefetch_cancelled": 0, "prefetch_unused": 0, "demand_read_bytes": 92771758080, "io_batches": 537, "io_overlaps": 521, "staging_bytes": 0, "staging_banks": 0, "prefetch_pending": 0, "execution_buffer_bytes": 122948808, "scratch_bytes": 402653184, "gpu_cache_bytes": 87836590080}
(Worker_TP1 pid=127) EXPERT_STREAM {"hits": 0, "misses": 0, "read_bytes": 0, "read_seconds": 0.0, "rank": 1, "cache_bytes": 0, "slot_hits": 12344, "slot_misses": 9906, "packed_read_bytes": 93119569920, "graph_replays": 759, "routed_pipeline_batches": 0, "routed_pipeline_bytes": 0, "prefetch_issued": 0, "prefetch_read_bytes": 0, "prefetch_consumed": 0, "prefetch_ready": 0, "prefetch_late": 0, "prefetch_cancelled": 0, "prefetch_unused": 0, "demand_read_bytes": 93119569920, "io_batches": 560, "io_overlaps": 544, "staging_bytes": 0, "staging_banks": 0, "prefetch_pending": 0, "execution_buffer_bytes": 122948808, "scratch_bytes": 402653184, "gpu_cache_bytes": 87836590080}
(Worker_TP1 pid=127) EXPERT_STREAM {"hits": 0, "misses": 0, "read_bytes": 0, "read_seconds": 0.0, "rank": 1, "cache_bytes": 0, "slot_hits": 13312, "slot_misses": 9943, "packed_read_bytes": 93467381760, "graph_replays": 802, "routed_pipeline_batches": 0, "routed_pipeline_bytes": 0, "prefetch_issued": 0, "prefetch_read_bytes": 0, "prefetch_consumed": 0, "prefetch_ready": 0, "prefetch_late": 0, "prefetch_cancelled": 0, "prefetch_unused": 0, "demand_read_bytes": 93467381760, "io_batches": 584, "io_overlaps": 568, "staging_bytes": 0, "staging_banks": 0, "prefetch_pending": 0, "execution_buffer_bytes": 122948808, "scratch_bytes": 402653184, "gpu_cache_bytes": 87836590080}
(Worker_TP1 pid=127) EXPERT_STREAM {"hits": 0, "misses": 0, "read_bytes": 0, "read_seconds": 0.0, "rank": 1, "cache_bytes": 0, "slot_hits": 14164, "slot_misses": 10004, "packed_read_bytes": 94040801280, "graph_replays": 845, "routed_pipeline_batches": 0, "routed_pipeline_bytes": 0, "prefetch_issued": 0, "prefetch_read_bytes": 0, "prefetch_consumed": 0, "prefetch_ready": 0, "prefetch_late": 0, "prefetch_cancelled": 0, "prefetch_unused": 0, "demand_read_bytes": 94040801280, "io_batches": 617, "io_overlaps": 601, "staging_bytes": 0, "staging_banks": 0, "prefetch_pending": 0, "execution_buffer_bytes": 122948808, "scratch_bytes": 402653184, "gpu_cache_bytes": 87836590080}
(Worker_TP1 pid=127) EXPERT_STREAM {"hits": 0, "misses": 0, "read_bytes": 0, "read_seconds": 0.0, "rank": 1, "cache_bytes": 0, "slot_hits": 14943, "slot_misses": 10089, "packed_read_bytes": 94839828480, "graph_replays": 888, "routed_pipeline_batches": 0, "routed_pipeline_bytes": 0, "prefetch_issued": 0, "prefetch_read_bytes": 0, "prefetch_consumed": 0, "prefetch_ready": 0, "prefetch_late": 0, "prefetch_cancelled": 0, "prefetch_unused": 0, "demand_read_bytes": 94839828480, "io_batches": 652, "io_overlaps": 636, "staging_bytes": 0, "staging_banks": 0, "prefetch_pending": 0, "execution_buffer_bytes": 122948808, "scratch_bytes": 402653184, "gpu_cache_bytes": 87836590080}
(Worker_TP1 pid=127) EXPERT_STREAM {"hits": 0, "misses": 0, "read_bytes": 0, "read_seconds": 0.0, "rank": 1, "cache_bytes": 0, "slot_hits": 15870, "slot_misses": 10138, "packed_read_bytes": 95300444160, "graph_replays": 931, "routed_pipeline_batches": 0, "routed_pipeline_bytes": 0, "prefetch_issued": 0, "prefetch_read_bytes": 0, "prefetch_consumed": 0, "prefetch_ready": 0, "prefetch_late": 0, "prefetch_cancelled": 0, "prefetch_unused": 0, "demand_read_bytes": 95300444160, "io_batches": 678, "io_overlaps": 662, "staging_bytes": 0, "staging_banks": 0, "prefetch_pending": 0, "execution_buffer_bytes": 122948808, "scratch_bytes": 402653184, "gpu_cache_bytes": 87836590080}
(Worker_TP1 pid=127) EXPERT_STREAM {"hits": 0, "misses": 0, "read_bytes": 0, "read_seconds": 0.0, "rank": 1, "cache_bytes": 0, "slot_hits": 16741, "slot_misses": 10192, "packed_read_bytes": 95808061440, "graph_replays": 974, "routed_pipeline_batches": 0, "routed_pipeline_bytes": 0, "prefetch_issued": 0, "prefetch_read_bytes": 0, "prefetch_consumed": 0, "prefetch_ready": 0, "prefetch_late": 0, "prefetch_cancelled": 0, "prefetch_unused": 0, "demand_read_bytes": 95808061440, "io_batches": 711, "io_overlaps": 695, "staging_bytes": 0, "staging_banks": 0, "prefetch_pending": 0, "execution_buffer_bytes": 122948808, "scratch_bytes": 402653184, "gpu_cache_bytes": 87836590080}
(Worker_TP1 pid=127) EXPERT_STREAM {"hits": 0, "misses": 0, "read_bytes": 0, "read_seconds": 0.0, "rank": 1, "cache_bytes": 0, "slot_hits": 17688, "slot_misses": 10229, "packed_read_bytes": 96155873280, "graph_replays": 1017, "routed_pipeline_batches": 0, "routed_pipeline_bytes": 0, "prefetch_issued": 0, "prefetch_read_bytes": 0, "prefetch_consumed": 0, "prefetch_ready": 0, "prefetch_late": 0, "prefetch_cancelled": 0, "prefetch_unused": 0, "demand_read_bytes": 96155873280, "io_batches": 737, "io_overlaps": 721, "staging_bytes": 0, "staging_banks": 0, "prefetch_pending": 0, "execution_buffer_bytes": 122948808, "scratch_bytes": 402653184, "gpu_cache_bytes": 87836590080}
(Worker_TP1 pid=127) EXPERT_STREAM {"hits": 0, "misses": 0, "read_bytes": 0, "read_seconds": 0.0, "rank": 1, "cache_bytes": 0, "slot_hits": 18595, "slot_misses": 10277, "packed_read_bytes": 96607088640, "graph_replays": 1060, "routed_pipeline_batches": 0, "routed_pipeline_bytes": 0, "prefetch_issued": 0, "prefetch_read_bytes": 0, "prefetch_consumed": 0, "prefetch_ready": 0, "prefetch_late": 0, "prefetch_cancelled": 0, "prefetch_unused": 0, "demand_read_bytes": 96607088640, "io_batches": 764, "io_overlaps": 748, "staging_bytes": 0, "staging_banks": 0, "prefetch_pending": 0, "execution_buffer_bytes": 122948808, "scratch_bytes": 402653184, "gpu_cache_bytes": 87836590080}
(Worker_TP1 pid=127) EXPERT_STREAM {"hits": 0, "misses": 0, "read_bytes": 0, "read_seconds": 0.0, "rank": 1, "cache_bytes": 0, "slot_hits": 19481, "slot_misses": 10327, "packed_read_bytes": 97077104640, "graph_replays": 1103, "routed_pipeline_batches": 0, "routed_pipeline_bytes": 0, "prefetch_issued": 0, "prefetch_read_bytes": 0, "prefetch_consumed": 0, "prefetch_ready": 0, "prefetch_late": 0, "prefetch_cancelled": 0, "prefetch_unused": 0, "demand_read_bytes": 97077104640, "io_batches": 791, "io_overlaps": 775, "staging_bytes": 0, "staging_banks": 0, "prefetch_pending": 0, "execution_buffer_bytes": 122948808, "scratch_bytes": 402653184, "gpu_cache_bytes": 87836590080}
(Worker_TP1 pid=127) EXPERT_STREAM {"hits": 0, "misses": 0, "read_bytes": 0, "read_seconds": 0.0, "rank": 1, "cache_bytes": 0, "slot_hits": 20452, "slot_misses": 10377, "packed_read_bytes": 97547120640, "graph_replays": 1146, "routed_pipeline_batches": 0, "routed_pipeline_bytes": 0, "prefetch_issued": 0, "prefetch_read_bytes": 0, "prefetch_consumed": 0, "prefetch_ready": 0, "prefetch_late": 0, "prefetch_cancelled": 0, "prefetch_unused": 0, "demand_read_bytes": 97547120640, "io_batches": 819, "io_overlaps": 803, "staging_bytes": 0, "staging_banks": 0, "prefetch_pending": 0, "execution_buffer_bytes": 122948808, "scratch_bytes": 402653184, "gpu_cache_bytes": 87836590080}
(Worker_TP1 pid=127) EXPERT_STREAM {"hits": 0, "misses": 0, "read_bytes": 0, "read_seconds": 0.0, "rank": 1, "cache_bytes": 0, "slot_hits": 21247, "slot_misses": 10430, "packed_read_bytes": 98045337600, "graph_replays": 1189, "routed_pipeline_batches": 0, "routed_pipeline_bytes": 0, "prefetch_issued": 0, "prefetch_read_bytes": 0, "prefetch_consumed": 0, "prefetch_ready": 0, "prefetch_late": 0, "prefetch_cancelled": 0, "prefetch_unused": 0, "demand_read_bytes": 98045337600, "io_batches": 850, "io_overlaps": 834, "staging_bytes": 0, "staging_banks": 0, "prefetch_pending": 0, "execution_buffer_bytes": 122948808, "scratch_bytes": 402653184, "gpu_cache_bytes": 87836590080}
(Worker_TP1 pid=127) EXPERT_STREAM {"hits": 0, "misses": 0, "read_bytes": 0, "read_seconds": 0.0, "rank": 1, "cache_bytes": 0, "slot_hits": 22152, "slot_misses": 10482, "packed_read_bytes": 98534154240, "graph_replays": 1232, "routed_pipeline_batches": 0, "routed_pipeline_bytes": 0, "prefetch_issued": 0, "prefetch_read_bytes": 0, "prefetch_consumed": 0, "prefetch_ready": 0, "prefetch_late": 0, "prefetch_cancelled": 0, "prefetch_unused": 0, "demand_read_bytes": 98534154240, "io_batches": 877, "io_overlaps": 861, "staging_bytes": 0, "staging_banks": 0, "prefetch_pending": 0, "execution_buffer_bytes": 122948808, "scratch_bytes": 402653184, "gpu_cache_bytes": 87836590080}
(Worker_TP1 pid=127) EXPERT_STREAM {"hits": 0, "misses": 0, "read_bytes": 0, "read_seconds": 0.0, "rank": 1, "cache_bytes": 0, "slot_hits": 23067, "slot_misses": 10540, "packed_read_bytes": 99079372800, "graph_replays": 1275, "routed_pipeline_batches": 0, "routed_pipeline_bytes": 0, "prefetch_issued": 0, "prefetch_read_bytes": 0, "prefetch_consumed": 0, "prefetch_ready": 0, "prefetch_late": 0, "prefetch_cancelled": 0, "prefetch_unused": 0, "demand_read_bytes": 99079372800, "io_batches": 907, "io_overlaps": 891, "staging_bytes": 0, "staging_banks": 0, "prefetch_pending": 0, "execution_buffer_bytes": 122948808, "scratch_bytes": 402653184, "gpu_cache_bytes": 87836590080}
(Worker_TP1 pid=127) EXPERT_STREAM {"hits": 0, "misses": 0, "read_bytes": 0, "read_seconds": 0.0, "rank": 1, "cache_bytes": 0, "slot_hits": 24011, "slot_misses": 10561, "packed_read_bytes": 99276779520, "graph_replays": 1318, "routed_pipeline_batches": 0, "routed_pipeline_bytes": 0, "prefetch_issued": 0, "prefetch_read_bytes": 0, "prefetch_consumed": 0, "prefetch_ready": 0, "prefetch_late": 0, "prefetch_cancelled": 0, "prefetch_unused": 0, "demand_read_bytes": 99276779520, "io_batches": 923, "io_overlaps": 907, "staging_bytes": 0, "staging_banks": 0, "prefetch_pending": 0, "execution_buffer_bytes": 122948808, "scratch_bytes": 402653184, "gpu_cache_bytes": 87836590080}
(Worker_TP1 pid=127) EXPERT_STREAM {"hits": 0, "misses": 0, "read_bytes": 0, "read_seconds": 0.0, "rank": 1, "cache_bytes": 0, "slot_hits": 25010, "slot_misses": 10682, "packed_read_bytes": 100414218240, "graph_replays": 1361, "routed_pipeline_batches": 0, "routed_pipeline_bytes": 0, "prefetch_issued": 0, "prefetch_read_bytes": 0, "prefetch_consumed": 0, "prefetch_ready": 0, "prefetch_late": 0, "prefetch_cancelled": 0, "prefetch_unused": 0, "demand_read_bytes": 100414218240, "io_batches": 964, "io_overlaps": 948, "staging_bytes": 0, "staging_banks": 0, "prefetch_pending": 0, "execution_buffer_bytes": 122948808, "scratch_bytes": 402653184, "gpu_cache_bytes": 87836590080}
(Worker_TP1 pid=127) EXPERT_STREAM {"hits": 0, "misses": 0, "read_bytes": 0, "read_seconds": 0.0, "rank": 1, "cache_bytes": 0, "slot_hits": 25788, "slot_misses": 10955, "packed_read_bytes": 102980505600, "graph_replays": 1404, "routed_pipeline_batches": 0, "routed_pipeline_bytes": 0, "prefetch_issued": 0, "prefetch_read_bytes": 0, "prefetch_consumed": 0, "prefetch_ready": 0, "prefetch_late": 0, "prefetch_cancelled": 0, "prefetch_unused": 0, "demand_read_bytes": 102980505600, "io_batches": 1005, "io_overlaps": 989, "staging_bytes": 0, "staging_banks": 0, "prefetch_pending": 0, "execution_buffer_bytes": 122948808, "scratch_bytes": 402653184, "gpu_cache_bytes": 87836590080}
(Worker_TP1 pid=127) EXPERT_CACHE_RESET 1789205848123081974
(Worker_TP1 pid=127) STARTUP_PROBE {"time_ns": 1789205848838583909, "phase": "expert_plan_begin", "available_bytes": 14049415168, "cuda_allocated": 99298014208, "cuda_reserved": 100950605824, "layer": 0, "tokens": 32}
(Worker_TP1 pid=127) STARTUP_PROBE {"time_ns": 1789205848884736934, "phase": "expert_plan_end", "available_bytes": 14013837312, "cuda_allocated": 99298999296, "cuda_reserved": 100950605824, "layer": 0, "tokens": 32}
(Worker_TP1 pid=127) STARTUP_PROBE {"time_ns": 1789205849013918080, "phase": "expert_plan_begin", "available_bytes": 15098667008, "cuda_allocated": 99299904000, "cuda_reserved": 99807657984, "layer": 1, "tokens": 32}
(Worker_TP1 pid=127) STARTUP_PROBE {"time_ns": 1789205849059584976, "phase": "expert_plan_end", "available_bytes": 15105478656, "cuda_allocated": 99299904000, "cuda_reserved": 99807657984, "layer": 1, "tokens": 32}
(Worker_TP1 pid=127) STARTUP_PROBE {"time_ns": 1789205849155176369, "phase": "expert_plan_begin", "available_bytes": 15399477248, "cuda_allocated": 99299905024, "cuda_reserved": 99811852288, "layer": 2, "tokens": 32}
(Worker_TP1 pid=127) STARTUP_PROBE {"time_ns": 1789205849200441487, "phase": "expert_plan_end", "available_bytes": 15399477248, "cuda_allocated": 99299905024, "cuda_reserved": 99811852288, "layer": 2, "tokens": 32}
(Worker_TP1 pid=127) STARTUP_PROBE {"time_ns": 1789205849312330378, "phase": "expert_plan_begin", "available_bytes": 15402401792, "cuda_allocated": 99299906048, "cuda_reserved": 99807657984, "layer": 3, "tokens": 32}
(Worker_TP1 pid=127) STARTUP_PROBE {"time_ns": 1789205849357748952, "phase": "expert_plan_end", "available_bytes": 15402405888, "cuda_allocated": 99299906048, "cuda_reserved": 99807657984, "layer": 3, "tokens": 32}
(Worker_TP1 pid=127) STARTUP_PROBE {"time_ns": 1789205849455616900, "phase": "expert_plan_begin", "available_bytes": 15402405888, "cuda_allocated": 99299907072, "cuda_reserved": 99807657984, "layer": 4, "tokens": 32}
(Worker_TP1 pid=127) STARTUP_PROBE {"time_ns": 1789205849500788897, "phase": "expert_plan_end", "available_bytes": 15402405888, "cuda_allocated": 99299907072, "cuda_reserved": 99807657984, "layer": 4, "tokens": 32}
(Worker_TP1 pid=127) STARTUP_PROBE {"time_ns": 1789205849593686759, "phase": "expert_plan_begin", "available_bytes": 15408857088, "cuda_allocated": 99299908096, "cuda_reserved": 99807657984, "layer": 5, "tokens": 32}
(Worker_TP1 pid=127) STARTUP_PROBE {"time_ns": 1789205849639069061, "phase": "expert_plan_end", "available_bytes": 15408857088, "cuda_allocated": 99299908096, "cuda_reserved": 99807657984, "layer": 5, "tokens": 32}
(Worker_TP1 pid=127) STARTUP_PROBE {"time_ns": 1789205849708266207, "phase": "expert_plan_begin", "available_bytes": 15408857088, "cuda_allocated": 99299909120, "cuda_reserved": 99807657984, "layer": 6, "tokens": 32}
(Worker_TP1 pid=127) STARTUP_PROBE {"time_ns": 1789205849753271995, "phase": "expert_plan_end", "available_bytes": 15408857088, "cuda_allocated": 99299909120, "cuda_reserved": 99807657984, "layer": 6, "tokens": 32}
(Worker_TP1 pid=127) STARTUP_PROBE {"time_ns": 1789205849819310775, "phase": "expert_plan_begin", "available_bytes": 15408857088, "cuda_allocated": 99299910144, "cuda_reserved": 99807657984, "layer": 7, "tokens": 32}
(Worker_TP1 pid=127) STARTUP_PROBE {"time_ns": 1789205849864697972, "phase": "expert_plan_end", "available_bytes": 15408857088, "cuda_allocated": 99299910144, "cuda_reserved": 99807657984, "layer": 7, "tokens": 32}
(Worker_TP1 pid=127) STARTUP_PROBE {"time_ns": 1789205849938334531, "phase": "expert_plan_begin", "available_bytes": 15425875968, "cuda_allocated": 99299911168, "cuda_reserved": 99811852288, "layer": 8, "tokens": 32}
(Worker_TP1 pid=127) STARTUP_PROBE {"time_ns": 1789205849982894541, "phase": "expert_plan_end", "available_bytes": 15425880064, "cuda_allocated": 99299911168, "cuda_reserved": 99811852288, "layer": 8, "tokens": 32}
(Worker_TP1 pid=127) STARTUP_PROBE {"time_ns": 1789205850066982170, "phase": "expert_plan_begin", "available_bytes": 15441641472, "cuda_allocated": 99299912192, "cuda_reserved": 99807657984, "layer": 9, "tokens": 32}
(Worker_TP1 pid=127) STARTUP_PROBE {"time_ns": 1789205850111983782, "phase": "expert_plan_end", "available_bytes": 15441719296, "cuda_allocated": 99299912192, "cuda_reserved": 99807657984, "layer": 9, "tokens": 32}
(Worker_TP1 pid=127) STARTUP_PROBE {"time_ns": 1789205850177667568, "phase": "expert_plan_begin", "available_bytes": 15441719296, "cuda_allocated": 99299913216, "cuda_reserved": 99807657984, "layer": 10, "tokens": 32}
(Worker_TP1 pid=127) STARTUP_PROBE {"time_ns": 1789205850222884045, "phase": "expert_plan_end", "available_bytes": 15443841024, "cuda_allocated": 99299913216, "cuda_reserved": 99807657984, "layer": 10, "tokens": 32}
(Worker_TP1 pid=127) STARTUP_PROBE {"time_ns": 1789205850322146432, "phase": "expert_plan_begin", "available_bytes": 15442808832, "cuda_allocated": 99299914240, "cuda_reserved": 99807657984, "layer": 11, "tokens": 32}
(Worker_TP1 pid=127) STARTUP_PROBE {"time_ns": 1789205850366833146, "phase": "expert_plan_end", "available_bytes": 15443066880, "cuda_allocated": 99299914240, "cuda_reserved": 99807657984, "layer": 11, "tokens": 32}
(Worker_TP1 pid=127) STARTUP_PROBE {"time_ns": 1789205850440203943, "phase": "expert_plan_begin", "available_bytes": 15443066880, "cuda_allocated": 99299915264, "cuda_reserved": 99807657984, "layer": 12, "tokens": 32}
(Worker_TP1 pid=127) STARTUP_PROBE {"time_ns": 1789205850484724353, "phase": "expert_plan_end", "available_bytes": 15443066880, "cuda_allocated": 99299915264, "cuda_reserved": 99807657984, "layer": 12, "tokens": 32}
(Worker_TP1 pid=127) STARTUP_PROBE {"time_ns": 1789205850581560984, "phase": "expert_plan_begin", "available_bytes": 15443070976, "cuda_allocated": 99299916288, "cuda_reserved": 99807657984, "layer": 13, "tokens": 32}
(Worker_TP1 pid=127) STARTUP_PROBE {"time_ns": 1789205850627315528, "phase": "expert_plan_end", "available_bytes": 15449391104, "cuda_allocated": 99299916288, "cuda_reserved": 99807657984, "layer": 13, "tokens": 32}
(Worker_TP1 pid=127) STARTUP_PROBE {"time_ns": 1789205850697388277, "phase": "expert_plan_begin", "available_bytes": 15445196800, "cuda_allocated": 99299917312, "cuda_reserved": 99811852288, "layer": 14, "tokens": 32}
(Worker_TP1 pid=127) STARTUP_PROBE {"time_ns": 1789205850743272710, "phase": "expert_plan_end", "available_bytes": 15445196800, "cuda_allocated": 99299917312, "cuda_reserved": 99811852288, "layer": 14, "tokens": 32}
(Worker_TP1 pid=127) STARTUP_PROBE {"time_ns": 1789205850854892832, "phase": "expert_plan_begin", "available_bytes": 15449391104, "cuda_allocated": 99299918336, "cuda_reserved": 99807657984, "layer": 15, "tokens": 32}
(Worker_TP1 pid=127) STARTUP_PROBE {"time_ns": 1789205850899149064, "phase": "expert_plan_end", "available_bytes": 15449391104, "cuda_allocated": 99299918336, "cuda_reserved": 99807657984, "layer": 15, "tokens": 32}
(Worker_TP1 pid=127) STARTUP_PROBE {"time_ns": 1789205850981923968, "phase": "expert_plan_begin", "available_bytes": 15485263872, "cuda_allocated": 99299919360, "cuda_reserved": 99807657984, "layer": 16, "tokens": 32}
(Worker_TP1 pid=127) STARTUP_PROBE {"time_ns": 1789205851027861408, "phase": "expert_plan_end", "available_bytes": 15485263872, "cuda_allocated": 99299919360, "cuda_reserved": 99807657984, "layer": 16, "tokens": 32}
(Worker_TP1 pid=127) STARTUP_PROBE {"time_ns": 1789205851099883047, "phase": "expert_plan_begin", "available_bytes": 15480913920, "cuda_allocated": 99299920384, "cuda_reserved": 99807657984, "layer": 17, "tokens": 32}
(Worker_TP1 pid=127) STARTUP_PROBE {"time_ns": 1789205851144403297, "phase": "expert_plan_end", "available_bytes": 15481184256, "cuda_allocated": 99299920384, "cuda_reserved": 99807657984, "layer": 17, "tokens": 32}
(Worker_TP1 pid=127) STARTUP_PROBE {"time_ns": 1789205851217960494, "phase": "expert_plan_begin", "available_bytes": 15480889344, "cuda_allocated": 99299921408, "cuda_reserved": 99807657984, "layer": 18, "tokens": 32}
(Worker_TP1 pid=127) STARTUP_PROBE {"time_ns": 1789205851263315420, "phase": "expert_plan_end", "available_bytes": 15477018624, "cuda_allocated": 99299921408, "cuda_reserved": 99807657984, "layer": 18, "tokens": 32}
(Worker_TP1 pid=127) STARTUP_PROBE {"time_ns": 1789205851384225424, "phase": "expert_plan_begin", "available_bytes": 15485534208, "cuda_allocated": 99299922432, "cuda_reserved": 99807657984, "layer": 19, "tokens": 32}
(Worker_TP1 pid=127) STARTUP_PROBE {"time_ns": 1789205851431278341, "phase": "expert_plan_end", "available_bytes": 15485534208, "cuda_allocated": 99299922432, "cuda_reserved": 99807657984, "layer": 19, "tokens": 32}
(Worker_TP1 pid=127) STARTUP_PROBE {"time_ns": 1789205851536663955, "phase": "expert_plan_begin", "available_bytes": 15481339904, "cuda_allocated": 99299923456, "cuda_reserved": 99811852288, "layer": 20, "tokens": 32}
(Worker_TP1 pid=127) STARTUP_PROBE {"time_ns": 1789205851581086429, "phase": "expert_plan_end", "available_bytes": 15481339904, "cuda_allocated": 99299923456, "cuda_reserved": 99811852288, "layer": 20, "tokens": 32}
(Worker_TP1 pid=127) STARTUP_PROBE {"time_ns": 1789205851677789059, "phase": "expert_plan_begin", "available_bytes": 15491248128, "cuda_allocated": 99299924480, "cuda_reserved": 99807657984, "layer": 21, "tokens": 32}
(Worker_TP1 pid=127) STARTUP_PROBE {"time_ns": 1789205851722775407, "phase": "expert_plan_end", "available_bytes": 15491248128, "cuda_allocated": 99299924480, "cuda_reserved": 99807657984, "layer": 21, "tokens": 32}
(Worker_TP1 pid=127) STARTUP_PROBE {"time_ns": 1789205851809944586, "phase": "expert_plan_begin", "available_bytes": 15491252224, "cuda_allocated": 99299925504, "cuda_reserved": 99807657984, "layer": 22, "tokens": 32}
(Worker_TP1 pid=127) STARTUP_PROBE {"time_ns": 1789205851855102567, "phase": "expert_plan_end", "available_bytes": 15491252224, "cuda_allocated": 99299925504, "cuda_reserved": 99807657984, "layer": 22, "tokens": 32}
(Worker_TP1 pid=127) STARTUP_PROBE {"time_ns": 1789205851965581676, "phase": "expert_plan_begin", "available_bytes": 15513280512, "cuda_allocated": 99299926528, "cuda_reserved": 99807657984, "layer": 23, "tokens": 32}
(Worker_TP1 pid=127) STARTUP_PROBE {"time_ns": 1789205852010967066, "phase": "expert_plan_end", "available_bytes": 15513280512, "cuda_allocated": 99299926528, "cuda_reserved": 99807657984, "layer": 23, "tokens": 32}
(Worker_TP1 pid=127) STARTUP_PROBE {"time_ns": 1789205852104896340, "phase": "expert_plan_begin", "available_bytes": 15519440896, "cuda_allocated": 99299927552, "cuda_reserved": 99809755136, "layer": 24, "tokens": 32}
(Worker_TP1 pid=127) STARTUP_PROBE {"time_ns": 1789205852149930704, "phase": "expert_plan_end", "available_bytes": 15518334976, "cuda_allocated": 99299927552, "cuda_reserved": 99809755136, "layer": 24, "tokens": 32}
(Worker_TP1 pid=127) STARTUP_PROBE {"time_ns": 1789205852224931588, "phase": "expert_plan_begin", "available_bytes": 15527395328, "cuda_allocated": 99299928576, "cuda_reserved": 99807657984, "layer": 25, "tokens": 32}
(Worker_TP1 pid=127) STARTUP_PROBE {"time_ns": 1789205852270870372, "phase": "expert_plan_end", "available_bytes": 15529525248, "cuda_allocated": 99299928576, "cuda_reserved": 99807657984, "layer": 25, "tokens": 32}
(Worker_TP1 pid=127) STARTUP_PROBE {"time_ns": 1789205852361155245, "phase": "expert_plan_begin", "available_bytes": 15529467904, "cuda_allocated": 99299929600, "cuda_reserved": 99807657984, "layer": 26, "tokens": 32}
(Worker_TP1 pid=127) STARTUP_PROBE {"time_ns": 1789205852407910465, "phase": "expert_plan_end", "available_bytes": 15529472000, "cuda_allocated": 99299929600, "cuda_reserved": 99807657984, "layer": 26, "tokens": 32}
(Worker_TP1 pid=127) STARTUP_PROBE {"time_ns": 1789205852513197966, "phase": "expert_plan_begin", "available_bytes": 15529472000, "cuda_allocated": 99299930624, "cuda_reserved": 99807657984, "layer": 27, "tokens": 32}
(Worker_TP1 pid=127) STARTUP_PROBE {"time_ns": 1789205852557618024, "phase": "expert_plan_end", "available_bytes": 15529472000, "cuda_allocated": 99299930624, "cuda_reserved": 99807657984, "layer": 27, "tokens": 32}
(Worker_TP1 pid=127) STARTUP_PROBE {"time_ns": 1789205852649616537, "phase": "expert_plan_begin", "available_bytes": 15522373632, "cuda_allocated": 99299931648, "cuda_reserved": 99809755136, "layer": 28, "tokens": 32}
(Worker_TP1 pid=127) STARTUP_PROBE {"time_ns": 1789205852694829190, "phase": "expert_plan_end", "available_bytes": 15521955840, "cuda_allocated": 99299931648, "cuda_reserved": 99809755136, "layer": 28, "tokens": 32}
(Worker_TP1 pid=127) STARTUP_PROBE {"time_ns": 1789205852790303062, "phase": "expert_plan_begin", "available_bytes": 15524052992, "cuda_allocated": 99299932672, "cuda_reserved": 99807657984, "layer": 29, "tokens": 32}
(Worker_TP1 pid=127) STARTUP_PROBE {"time_ns": 1789205852835228850, "phase": "expert_plan_end", "available_bytes": 15524052992, "cuda_allocated": 99299932672, "cuda_reserved": 99807657984, "layer": 29, "tokens": 32}
(Worker_TP1 pid=127) STARTUP_PROBE {"time_ns": 1789205852929939679, "phase": "expert_plan_begin", "available_bytes": 15542018048, "cuda_allocated": 99299933696, "cuda_reserved": 99807657984, "layer": 30, "tokens": 32}
(Worker_TP1 pid=127) STARTUP_PROBE {"time_ns": 1789205852975320653, "phase": "expert_plan_end", "available_bytes": 15550275584, "cuda_allocated": 99299933696, "cuda_reserved": 99807657984, "layer": 30, "tokens": 32}
(Worker_TP1 pid=127) STARTUP_PROBE {"time_ns": 1789205853079350420, "phase": "expert_plan_begin", "available_bytes": 15559254016, "cuda_allocated": 99299934720, "cuda_reserved": 99807657984, "layer": 31, "tokens": 32}
(Worker_TP1 pid=127) STARTUP_PROBE {"time_ns": 1789205853125748631, "phase": "expert_plan_end", "available_bytes": 15567511552, "cuda_allocated": 99299934720, "cuda_reserved": 99807657984, "layer": 31, "tokens": 32}
(Worker_TP1 pid=127) STARTUP_PROBE {"time_ns": 1789205853223055360, "phase": "expert_plan_begin", "available_bytes": 15563063296, "cuda_allocated": 99299935744, "cuda_reserved": 99809755136, "layer": 32, "tokens": 32}
(Worker_TP1 pid=127) STARTUP_PROBE {"time_ns": 1789205853268715726, "phase": "expert_plan_end", "available_bytes": 15563063296, "cuda_allocated": 99299935744, "cuda_reserved": 99809755136, "layer": 32, "tokens": 32}
(Worker_TP1 pid=127) STARTUP_PROBE {"time_ns": 1789205853376992537, "phase": "expert_plan_begin", "available_bytes": 15565488128, "cuda_allocated": 99299936768, "cuda_reserved": 99807657984, "layer": 33, "tokens": 32}
(Worker_TP1 pid=127) STARTUP_PROBE {"time_ns": 1789205853424639169, "phase": "expert_plan_end", "available_bytes": 15565488128, "cuda_allocated": 99299936768, "cuda_reserved": 99807657984, "layer": 33, "tokens": 32}
(Worker_TP1 pid=127) STARTUP_PROBE {"time_ns": 1789205853527157330, "phase": "expert_plan_begin", "available_bytes": 15565234176, "cuda_allocated": 99299937792, "cuda_reserved": 99807657984, "layer": 34, "tokens": 32}
(Worker_TP1 pid=127) STARTUP_PROBE {"time_ns": 1789205853573211634, "phase": "expert_plan_end", "available_bytes": 15565238272, "cuda_allocated": 99299937792, "cuda_reserved": 99807657984, "layer": 34, "tokens": 32}
(Worker_TP1 pid=127) STARTUP_PROBE {"time_ns": 1789205853681298716, "phase": "expert_plan_begin", "available_bytes": 15564783616, "cuda_allocated": 99299938816, "cuda_reserved": 99807657984, "layer": 35, "tokens": 32}
(Worker_TP1 pid=127) STARTUP_PROBE {"time_ns": 1789205853726093911, "phase": "expert_plan_end", "available_bytes": 15565041664, "cuda_allocated": 99299938816, "cuda_reserved": 99807657984, "layer": 35, "tokens": 32}
(Worker_TP1 pid=127) STARTUP_PROBE {"time_ns": 1789205853840059899, "phase": "expert_plan_begin", "available_bytes": 15562366976, "cuda_allocated": 99299939840, "cuda_reserved": 99809755136, "layer": 36, "tokens": 32}
(Worker_TP1 pid=127) STARTUP_PROBE {"time_ns": 1789205853886579310, "phase": "expert_plan_end", "available_bytes": 15562366976, "cuda_allocated": 99299939840, "cuda_reserved": 99809755136, "layer": 36, "tokens": 32}
(Worker_TP1 pid=127) STARTUP_PROBE {"time_ns": 1789205853995200794, "phase": "expert_plan_begin", "available_bytes": 15585271808, "cuda_allocated": 99301067264, "cuda_reserved": 99809755136, "layer": 37, "tokens": 32}
(Worker_TP1 pid=127) STARTUP_PROBE {"time_ns": 1789205854040537912, "phase": "expert_plan_end", "available_bytes": 15585271808, "cuda_allocated": 99301067264, "cuda_reserved": 99809755136, "layer": 37, "tokens": 32}
(Worker_TP1 pid=127) STARTUP_PROBE {"time_ns": 1789205854156905447, "phase": "expert_plan_begin", "available_bytes": 15593529344, "cuda_allocated": 99301293568, "cuda_reserved": 99809755136, "layer": 38, "tokens": 32}
(Worker_TP1 pid=127) STARTUP_PROBE {"time_ns": 1789205854201244368, "phase": "expert_plan_end", "available_bytes": 15604371456, "cuda_allocated": 99301293568, "cuda_reserved": 99809755136, "layer": 38, "tokens": 32}
(Worker_TP1 pid=127) STARTUP_PROBE {"time_ns": 1789205854322713398, "phase": "expert_plan_begin", "available_bytes": 15613960192, "cuda_allocated": 99301519872, "cuda_reserved": 99809755136, "layer": 39, "tokens": 32}
(Worker_TP1 pid=127) STARTUP_PROBE {"time_ns": 1789205854367339232, "phase": "expert_plan_end", "available_bytes": 15613964288, "cuda_allocated": 99301519872, "cuda_reserved": 99809755136, "layer": 39, "tokens": 32}
(Worker_TP1 pid=127) EXPERT_STREAM {"hits": 0, "misses": 0, "read_bytes": 0, "read_seconds": 0.0, "rank": 1, "cache_bytes": 0, "slot_hits": 0, "slot_misses": 2396, "packed_read_bytes": 22523166720, "graph_replays": 43, "routed_pipeline_batches": 0, "routed_pipeline_bytes": 0, "prefetch_issued": 0, "prefetch_read_bytes": 0, "prefetch_consumed": 0, "prefetch_ready": 0, "prefetch_late": 0, "prefetch_cancelled": 0, "prefetch_unused": 0, "demand_read_bytes": 22523166720, "io_batches": 43, "io_overlaps": 43, "staging_bytes": 0, "staging_banks": 0, "prefetch_pending": 0, "execution_buffer_bytes": 123933384, "scratch_bytes": 402653184, "gpu_cache_bytes": 87836590080}
(Worker_TP1 pid=127) WARNING 09-12 09:37:34 [jit_monitor.py:141] Triton kernel JIT compilation during inference: _topk_log_softmax_kernel. This causes a latency spike; consider extending warmup to cover this shape/config.
(Worker_TP1 pid=127) EXPERT_STREAM {"hits": 0, "misses": 0, "read_bytes": 0, "read_seconds": 0.0, "rank": 1, "cache_bytes": 0, "slot_hits": 524, "slot_misses": 2886, "packed_read_bytes": 27129323520, "graph_replays": 86, "routed_pipeline_batches": 0, "routed_pipeline_bytes": 0, "prefetch_issued": 0, "prefetch_read_bytes": 0, "prefetch_consumed": 0, "prefetch_ready": 0, "prefetch_late": 0, "prefetch_cancelled": 0, "prefetch_unused": 0, "demand_read_bytes": 27129323520, "io_batches": 86, "io_overlaps": 86, "staging_bytes": 0, "staging_banks": 0, "prefetch_pending": 0, "execution_buffer_bytes": 123933384, "scratch_bytes": 402653184, "gpu_cache_bytes": 87836590080}
(Worker_TP1 pid=127) EXPERT_STREAM {"hits": 0, "misses": 0, "read_bytes": 0, "read_seconds": 0.0, "rank": 1, "cache_bytes": 0, "slot_hits": 1322, "slot_misses": 3115, "packed_read_bytes": 29281996800, "graph_replays": 129, "routed_pipeline_batches": 0, "routed_pipeline_bytes": 0, "prefetch_issued": 0, "prefetch_read_bytes": 0, "prefetch_consumed": 0, "prefetch_ready": 0, "prefetch_late": 0, "prefetch_cancelled": 0, "prefetch_unused": 0, "demand_read_bytes": 29281996800, "io_batches": 129, "io_overlaps": 129, "staging_bytes": 0, "staging_banks": 0, "prefetch_pending": 0, "execution_buffer_bytes": 123933384, "scratch_bytes": 402653184, "gpu_cache_bytes": 87836590080}
(Worker_TP1 pid=127) b12x policy fallback: moe.decode is using a heuristic on nvidia gb10 (compute capability 12.1, 48 SMs) because profile 'nvidia.gb10.48sm' does not cover the query; query={'activation': 'silu', 'hidden_size': 5120, 'intermediate_size': 1152, 'num_experts': 224, 'num_tokens': 32, 'numerical_recipe': 'deepseek_v41', 'quant_mode': 'w4a8_mx', 'routed_rows': 192, 'source_format': 'fp4_e8m0_k32', 'top_k': 6}
(Worker_TP1 pid=127) EXPERT_CACHE_RESET 1789205855406425579
(Worker_TP1 pid=127) EXPERT_STREAM {"hits": 0, "misses": 0, "read_bytes": 0, "read_seconds": 0.0, "rank": 1, "cache_bytes": 0, "slot_hits": 0, "slot_misses": 2396, "packed_read_bytes": 22523166720, "graph_replays": 43, "routed_pipeline_batches": 0, "routed_pipeline_bytes": 0, "prefetch_issued": 0, "prefetch_read_bytes": 0, "prefetch_consumed": 0, "prefetch_ready": 0, "prefetch_late": 0, "prefetch_cancelled": 0, "prefetch_unused": 0, "demand_read_bytes": 22523166720, "io_batches": 43, "io_overlaps": 43, "staging_bytes": 0, "staging_banks": 0, "prefetch_pending": 0, "execution_buffer_bytes": 123933384, "scratch_bytes": 402653184, "gpu_cache_bytes": 87836590080}
(Worker_TP1 pid=127) EXPERT_STREAM {"hits": 0, "misses": 0, "read_bytes": 0, "read_seconds": 0.0, "rank": 1, "cache_bytes": 0, "slot_hits": 525, "slot_misses": 2885, "packed_read_bytes": 27119923200, "graph_replays": 86, "routed_pipeline_batches": 0, "routed_pipeline_bytes": 0, "prefetch_issued": 0, "prefetch_read_bytes": 0, "prefetch_consumed": 0, "prefetch_ready": 0, "prefetch_late": 0, "prefetch_cancelled": 0, "prefetch_unused": 0, "demand_read_bytes": 27119923200, "io_batches": 86, "io_overlaps": 86, "staging_bytes": 0, "staging_banks": 0, "prefetch_pending": 0, "execution_buffer_bytes": 123933384, "scratch_bytes": 402653184, "gpu_cache_bytes": 87836590080}
(Worker_TP1 pid=127) EXPERT_STREAM {"hits": 0, "misses": 0, "read_bytes": 0, "read_seconds": 0.0, "rank": 1, "cache_bytes": 0, "slot_hits": 1325, "slot_misses": 3112, "packed_read_bytes": 29253795840, "graph_replays": 129, "routed_pipeline_batches": 0, "routed_pipeline_bytes": 0, "prefetch_issued": 0, "prefetch_read_bytes": 0, "prefetch_consumed": 0, "prefetch_ready": 0, "prefetch_late": 0, "prefetch_cancelled": 0, "prefetch_unused": 0, "demand_read_bytes": 29253795840, "io_batches": 129, "io_overlaps": 129, "staging_bytes": 0, "staging_banks": 0, "prefetch_pending": 0, "execution_buffer_bytes": 123933384, "scratch_bytes": 402653184, "gpu_cache_bytes": 87836590080}
(Worker_TP1 pid=127) EXPERT_CACHE_RESET 1789205949740920195
(Worker_TP1 pid=127) EXPERT_STREAM {"hits": 0, "misses": 0, "read_bytes": 0, "read_seconds": 0.0, "rank": 1, "cache_bytes": 0, "slot_hits": 0, "slot_misses": 10297, "packed_read_bytes": 96795095040, "graph_replays": 146, "routed_pipeline_batches": 0, "routed_pipeline_bytes": 0, "prefetch_issued": 0, "prefetch_read_bytes": 0, "prefetch_consumed": 0, "prefetch_ready": 0, "prefetch_late": 0, "prefetch_cancelled": 0, "prefetch_unused": 0, "demand_read_bytes": 96795095040, "io_batches": 73, "io_overlaps": 40, "staging_bytes": 0, "staging_banks": 0, "prefetch_pending": 0, "execution_buffer_bytes": 123933384, "scratch_bytes": 402653184, "gpu_cache_bytes": 87836590080}
(Worker_TP1 pid=127) EXPERT_STREAM {"hits": 0, "misses": 0, "read_bytes": 0, "read_seconds": 0.0, "rank": 1, "cache_bytes": 0, "slot_hits": 806, "slot_misses": 10411, "packed_read_bytes": 97866731520, "graph_replays": 189, "routed_pipeline_batches": 0, "routed_pipeline_bytes": 0, "prefetch_issued": 0, "prefetch_read_bytes": 0, "prefetch_consumed": 0, "prefetch_ready": 0, "prefetch_late": 0, "prefetch_cancelled": 0, "prefetch_unused": 0, "demand_read_bytes": 97866731520, "io_batches": 109, "io_overlaps": 76, "staging_bytes": 0, "staging_banks": 0, "prefetch_pending": 0, "execution_buffer_bytes": 123933384, "scratch_bytes": 402653184, "gpu_cache_bytes": 87836590080}
(Worker_TP1 pid=127) EXPERT_STREAM {"hits": 0, "misses": 0, "read_bytes": 0, "read_seconds": 0.0, "rank": 1, "cache_bytes": 0, "slot_hits": 1664, "slot_misses": 10480, "packed_read_bytes": 98515353600, "graph_replays": 232, "routed_pipeline_batches": 0, "routed_pipeline_bytes": 0, "prefetch_issued": 0, "prefetch_read_bytes": 0, "prefetch_consumed": 0, "prefetch_ready": 0, "prefetch_late": 0, "prefetch_cancelled": 0, "prefetch_unused": 0, "demand_read_bytes": 98515353600, "io_batches": 140, "io_overlaps": 107, "staging_bytes": 0, "staging_banks": 0, "prefetch_pending": 0, "execution_buffer_bytes": 123933384, "scratch_bytes": 402653184, "gpu_cache_bytes": 87836590080}
(Worker_TP1 pid=127) EXPERT_STREAM {"hits": 0, "misses": 0, "read_bytes": 0, "read_seconds": 0.0, "rank": 1, "cache_bytes": 0, "slot_hits": 2541, "slot_misses": 10541, "packed_read_bytes": 99088773120, "graph_replays": 275, "routed_pipeline_batches": 0, "routed_pipeline_bytes": 0, "prefetch_issued": 0, "prefetch_read_bytes": 0, "prefetch_consumed": 0, "prefetch_ready": 0, "prefetch_late": 0, "prefetch_cancelled": 0, "prefetch_unused": 0, "demand_read_bytes": 99088773120, "io_batches": 169, "io_overlaps": 136, "staging_bytes": 0, "staging_banks": 0, "prefetch_pending": 0, "execution_buffer_bytes": 123933384, "scratch_bytes": 402653184, "gpu_cache_bytes": 87836590080}
(Worker_TP1 pid=127) EXPERT_STREAM {"hits": 0, "misses": 0, "read_bytes": 0, "read_seconds": 0.0, "rank": 1, "cache_bytes": 0, "slot_hits": 3414, "slot_misses": 10622, "packed_read_bytes": 99850199040, "graph_replays": 318, "routed_pipeline_batches": 0, "routed_pipeline_bytes": 0, "prefetch_issued": 0, "prefetch_read_bytes": 0, "prefetch_consumed": 0, "prefetch_ready": 0, "prefetch_late": 0, "prefetch_cancelled": 0, "prefetch_unused": 0, "demand_read_bytes": 99850199040, "io_batches": 200, "io_overlaps": 167, "staging_bytes": 0, "staging_banks": 0, "prefetch_pending": 0, "execution_buffer_bytes": 123933384, "scratch_bytes": 402653184, "gpu_cache_bytes": 87836590080}
(Worker_TP1 pid=127) EXPERT_STREAM {"hits": 0, "misses": 0, "read_bytes": 0, "read_seconds": 0.0, "rank": 1, "cache_bytes": 0, "slot_hits": 4343, "slot_misses": 10700, "packed_read_bytes": 100583424000, "graph_replays": 361, "routed_pipeline_batches": 0, "routed_pipeline_bytes": 0, "prefetch_issued": 0, "prefetch_read_bytes": 0, "prefetch_consumed": 0, "prefetch_ready": 0, "prefetch_late": 0, "prefetch_cancelled": 0, "prefetch_unused": 0, "demand_read_bytes": 100583424000, "io_batches": 229, "io_overlaps": 196, "staging_bytes": 0, "staging_banks": 0, "prefetch_pending": 0, "execution_buffer_bytes": 123933384, "scratch_bytes": 402653184, "gpu_cache_bytes": 87836590080}
(Worker_TP1 pid=127) EXPERT_STREAM {"hits": 0, "misses": 0, "read_bytes": 0, "read_seconds": 0.0, "rank": 1, "cache_bytes": 0, "slot_hits": 5299, "slot_misses": 10768, "packed_read_bytes": 101222645760, "graph_replays": 404, "routed_pipeline_batches": 0, "routed_pipeline_bytes": 0, "prefetch_issued": 0, "prefetch_read_bytes": 0, "prefetch_consumed": 0, "prefetch_ready": 0, "prefetch_late": 0, "prefetch_cancelled": 0, "prefetch_unused": 0, "demand_read_bytes": 101222645760, "io_batches": 258, "io_overlaps": 225, "staging_bytes": 0, "staging_banks": 0, "prefetch_pending": 0, "execution_buffer_bytes": 123933384, "scratch_bytes": 402653184, "gpu_cache_bytes": 87836590080}
(Worker_TP1 pid=127) EXPERT_STREAM {"hits": 0, "misses": 0, "read_bytes": 0, "read_seconds": 0.0, "rank": 1, "cache_bytes": 0, "slot_hits": 6230, "slot_misses": 10805, "packed_read_bytes": 101570457600, "graph_replays": 447, "routed_pipeline_batches": 0, "routed_pipeline_bytes": 0, "prefetch_issued": 0, "prefetch_read_bytes": 0, "prefetch_consumed": 0, "prefetch_ready": 0, "prefetch_late": 0, "prefetch_cancelled": 0, "prefetch_unused": 0, "demand_read_bytes": 101570457600, "io_batches": 280, "io_overlaps": 247, "staging_bytes": 0, "staging_banks": 0, "prefetch_pending": 0, "execution_buffer_bytes": 123933384, "scratch_bytes": 402653184, "gpu_cache_bytes": 87836590080}
(Worker_TP1 pid=127) EXPERT_STREAM {"hits": 0, "misses": 0, "read_bytes": 0, "read_seconds": 0.0, "rank": 1, "cache_bytes": 0, "slot_hits": 7175, "slot_misses": 10843, "packed_read_bytes": 101927669760, "graph_replays": 490, "routed_pipeline_batches": 0, "routed_pipeline_bytes": 0, "prefetch_issued": 0, "prefetch_read_bytes": 0, "prefetch_consumed": 0, "prefetch_ready": 0, "prefetch_late": 0, "prefetch_cancelled": 0, "prefetch_unused": 0, "demand_read_bytes": 101927669760, "io_batches": 302, "io_overlaps": 269, "staging_bytes": 0, "staging_banks": 0, "prefetch_pending": 0, "execution_buffer_bytes": 123933384, "scratch_bytes": 402653184, "gpu_cache_bytes": 87836590080}
(Worker_TP1 pid=127) EXPERT_STREAM {"hits": 0, "misses": 0, "read_bytes": 0, "read_seconds": 0.0, "rank": 1, "cache_bytes": 0, "slot_hits": 8111, "slot_misses": 10873, "packed_read_bytes": 102209679360, "graph_replays": 533, "routed_pipeline_batches": 0, "routed_pipeline_bytes": 0, "prefetch_issued": 0, "prefetch_read_bytes": 0, "prefetch_consumed": 0, "prefetch_ready": 0, "prefetch_late": 0, "prefetch_cancelled": 0, "prefetch_unused": 0, "demand_read_bytes": 102209679360, "io_batches": 323, "io_overlaps": 290, "staging_bytes": 0, "staging_banks": 0, "prefetch_pending": 0, "execution_buffer_bytes": 123933384, "scratch_bytes": 402653184, "gpu_cache_bytes": 87836590080}
(Worker_TP1 pid=127) EXPERT_STREAM {"hits": 0, "misses": 0, "read_bytes": 0, "read_seconds": 0.0, "rank": 1, "cache_bytes": 0, "slot_hits": 9050, "slot_misses": 10905, "packed_read_bytes": 102510489600, "graph_replays": 576, "routed_pipeline_batches": 0, "routed_pipeline_bytes": 0, "prefetch_issued": 0, "prefetch_read_bytes": 0, "prefetch_consumed": 0, "prefetch_ready": 0, "prefetch_late": 0, "prefetch_cancelled": 0, "prefetch_unused": 0, "demand_read_bytes": 102510489600, "io_batches": 343, "io_overlaps": 310, "staging_bytes": 0, "staging_banks": 0, "prefetch_pending": 0, "execution_buffer_bytes": 123933384, "scratch_bytes": 402653184, "gpu_cache_bytes": 87836590080}
(Worker_TP1 pid=127) EXPERT_STREAM {"hits": 0, "misses": 0, "read_bytes": 0, "read_seconds": 0.0, "rank": 1, "cache_bytes": 0, "slot_hits": 10006, "slot_misses": 10935, "packed_read_bytes": 102792499200, "graph_replays": 619, "routed_pipeline_batches": 0, "routed_pipeline_bytes": 0, "prefetch_issued": 0, "prefetch_read_bytes": 0, "prefetch_consumed": 0, "prefetch_ready": 0, "prefetch_late": 0, "prefetch_cancelled": 0, "prefetch_unused": 0, "demand_read_bytes": 102792499200, "io_batches": 363, "io_overlaps": 330, "staging_bytes": 0, "staging_banks": 0, "prefetch_pending": 0, "execution_buffer_bytes": 123933384, "scratch_bytes": 402653184, "gpu_cache_bytes": 87836590080}
(Worker_TP1 pid=127) EXPERT_STREAM {"hits": 0, "misses": 0, "read_bytes": 0, "read_seconds": 0.0, "rank": 1, "cache_bytes": 0, "slot_hits": 10945, "slot_misses": 10959, "packed_read_bytes": 103018106880, "graph_replays": 662, "routed_pipeline_batches": 0, "routed_pipeline_bytes": 0, "prefetch_issued": 0, "prefetch_read_bytes": 0, "prefetch_consumed": 0, "prefetch_ready": 0, "prefetch_late": 0, "prefetch_cancelled": 0, "prefetch_unused": 0, "demand_read_bytes": 103018106880, "io_batches": 381, "io_overlaps": 348, "staging_bytes": 0, "staging_banks": 0, "prefetch_pending": 0, "execution_buffer_bytes": 123933384, "scratch_bytes": 402653184, "gpu_cache_bytes": 87836590080}
(Worker_TP1 pid=127) EXPERT_STREAM {"hits": 0, "misses": 0, "read_bytes": 0, "read_seconds": 0.0, "rank": 1, "cache_bytes": 0, "slot_hits": 11921, "slot_misses": 10985, "packed_read_bytes": 103262515200, "graph_replays": 705, "routed_pipeline_batches": 0, "routed_pipeline_bytes": 0, "prefetch_issued": 0, "prefetch_read_bytes": 0, "prefetch_consumed": 0, "prefetch_ready": 0, "prefetch_late": 0, "prefetch_cancelled": 0, "prefetch_unused": 0, "demand_read_bytes": 103262515200, "io_batches": 402, "io_overlaps": 369, "staging_bytes": 0, "staging_banks": 0, "prefetch_pending": 0, "execution_buffer_bytes": 123933384, "scratch_bytes": 402653184, "gpu_cache_bytes": 87836590080}
(Worker_TP1 pid=127) EXPERT_STREAM {"hits": 0, "misses": 0, "read_bytes": 0, "read_seconds": 0.0, "rank": 1, "cache_bytes": 0, "slot_hits": 12907, "slot_misses": 11020, "packed_read_bytes": 103591526400, "graph_replays": 748, "routed_pipeline_batches": 0, "routed_pipeline_bytes": 0, "prefetch_issued": 0, "prefetch_read_bytes": 0, "prefetch_consumed": 0, "prefetch_ready": 0, "prefetch_late": 0, "prefetch_cancelled": 0, "prefetch_unused": 0, "demand_read_bytes": 103591526400, "io_batches": 425, "io_overlaps": 392, "staging_bytes": 0, "staging_banks": 0, "prefetch_pending": 0, "execution_buffer_bytes": 123933384, "scratch_bytes": 402653184, "gpu_cache_bytes": 87836590080}
(Worker_TP1 pid=127) EXPERT_STREAM {"hits": 0, "misses": 0, "read_bytes": 0, "read_seconds": 0.0, "rank": 1, "cache_bytes": 0, "slot_hits": 13944, "slot_misses": 11043, "packed_read_bytes": 103807733760, "graph_replays": 791, "routed_pipeline_batches": 0, "routed_pipeline_bytes": 0, "prefetch_issued": 0, "prefetch_read_bytes": 0, "prefetch_consumed": 0, "prefetch_ready": 0, "prefetch_late": 0, "prefetch_cancelled": 0, "prefetch_unused": 0, "demand_read_bytes": 103807733760, "io_batches": 443, "io_overlaps": 410, "staging_bytes": 0, "staging_banks": 0, "prefetch_pending": 0, "execution_buffer_bytes": 123933384, "scratch_bytes": 402653184, "gpu_cache_bytes": 87836590080}
(Worker_TP1 pid=127) EXPERT_STREAM {"hits": 0, "misses": 0, "read_bytes": 0, "read_seconds": 0.0, "rank": 1, "cache_bytes": 0, "slot_hits": 14954, "slot_misses": 11054, "packed_read_bytes": 103911137280, "graph_replays": 834, "routed_pipeline_batches": 0, "routed_pipeline_bytes": 0, "prefetch_issued": 0, "prefetch_read_bytes": 0, "prefetch_consumed": 0, "prefetch_ready": 0, "prefetch_late": 0, "prefetch_cancelled": 0, "prefetch_unused": 0, "demand_read_bytes": 103911137280, "io_batches": 454, "io_overlaps": 421, "staging_bytes": 0, "staging_banks": 0, "prefetch_pending": 0, "execution_buffer_bytes": 123933384, "scratch_bytes": 402653184, "gpu_cache_bytes": 87836590080}
(Worker_TP1 pid=127) EXPERT_STREAM {"hits": 0, "misses": 0, "read_bytes": 0, "read_seconds": 0.0, "rank": 1, "cache_bytes": 0, "slot_hits": 15937, "slot_misses": 11076, "packed_read_bytes": 104117944320, "graph_replays": 877, "routed_pipeline_batches": 0, "routed_pipeline_bytes": 0, "prefetch_issued": 0, "prefetch_read_bytes": 0, "prefetch_consumed": 0, "prefetch_ready": 0, "prefetch_late": 0, "prefetch_cancelled": 0, "prefetch_unused": 0, "demand_read_bytes": 104117944320, "io_batches": 468, "io_overlaps": 435, "staging_bytes": 0, "staging_banks": 0, "prefetch_pending": 0, "execution_buffer_bytes": 123933384, "scratch_bytes": 402653184, "gpu_cache_bytes": 87836590080}
(Worker_TP1 pid=127) EXPERT_STREAM {"hits": 0, "misses": 0, "read_bytes": 0, "read_seconds": 0.0, "rank": 1, "cache_bytes": 0, "slot_hits": 16958, "slot_misses": 11087, "packed_read_bytes": 104221347840, "graph_replays": 920, "routed_pipeline_batches": 0, "routed_pipeline_bytes": 0, "prefetch_issued": 0, "prefetch_read_bytes": 0, "prefetch_consumed": 0, "prefetch_ready": 0, "prefetch_late": 0, "prefetch_cancelled": 0, "prefetch_unused": 0, "demand_read_bytes": 104221347840, "io_batches": 477, "io_overlaps": 444, "staging_bytes": 0, "staging_banks": 0, "prefetch_pending": 0, "execution_buffer_bytes": 123933384, "scratch_bytes": 402653184, "gpu_cache_bytes": 87836590080}
(Worker_TP1 pid=127) EXPERT_STREAM {"hits": 0, "misses": 0, "read_bytes": 0, "read_seconds": 0.0, "rank": 1, "cache_bytes": 0, "slot_hits": 17899, "slot_misses": 11145, "packed_read_bytes": 104766566400, "graph_replays": 963, "routed_pipeline_batches": 0, "routed_pipeline_bytes": 0, "prefetch_issued": 0, "prefetch_read_bytes": 0, "prefetch_consumed": 0, "prefetch_ready": 0, "prefetch_late": 0, "prefetch_cancelled": 0, "prefetch_unused": 0, "demand_read_bytes": 104766566400, "io_batches": 512, "io_overlaps": 479, "staging_bytes": 0, "staging_banks": 0, "prefetch_pending": 0, "execution_buffer_bytes": 123933384, "scratch_bytes": 402653184, "gpu_cache_bytes": 87836590080}
(Worker_TP1 pid=127) EXPERT_STREAM {"hits": 0, "misses": 0, "read_bytes": 0, "read_seconds": 0.0, "rank": 1, "cache_bytes": 0, "slot_hits": 18689, "slot_misses": 11240, "packed_read_bytes": 105659596800, "graph_replays": 1006, "routed_pipeline_batches": 0, "routed_pipeline_bytes": 0, "prefetch_issued": 0, "prefetch_read_bytes": 0, "prefetch_consumed": 0, "prefetch_ready": 0, "prefetch_late": 0, "prefetch_cancelled": 0, "prefetch_unused": 0, "demand_read_bytes": 105659596800, "io_batches": 548, "io_overlaps": 515, "staging_bytes": 0, "staging_banks": 0, "prefetch_pending": 0, "execution_buffer_bytes": 123933384, "scratch_bytes": 402653184, "gpu_cache_bytes": 87836590080}
(Worker_TP1 pid=127) EXPERT_CACHE_RESET 1789205971854442021
(Worker_TP1 pid=127) EXPERT_STREAM {"hits": 0, "misses": 0, "read_bytes": 0, "read_seconds": 0.0, "rank": 1, "cache_bytes": 0, "slot_hits": 0, "slot_misses": 9998, "packed_read_bytes": 93984399360, "graph_replays": 143, "routed_pipeline_batches": 0, "routed_pipeline_bytes": 0, "prefetch_issued": 0, "prefetch_read_bytes": 0, "prefetch_consumed": 0, "prefetch_ready": 0, "prefetch_late": 0, "prefetch_cancelled": 0, "prefetch_unused": 0, "demand_read_bytes": 93984399360, "io_batches": 72, "io_overlaps": 40, "staging_bytes": 0, "staging_banks": 0, "prefetch_pending": 0, "execution_buffer_bytes": 123933384, "scratch_bytes": 402653184, "gpu_cache_bytes": 87836590080}
(Worker_TP1 pid=127) FINAL_DECODER_ROWS {"input_rows": 3530, "output_rows": 1, "layer": 39, "scope": "routed_experts_only"}
(Worker_TP1 pid=127) EXPERT_STREAM {"hits": 0, "misses": 0, "read_bytes": 0, "read_seconds": 0.0, "rank": 1, "cache_bytes": 0, "slot_hits": 771, "slot_misses": 10144, "packed_read_bytes": 95356846080, "graph_replays": 186, "routed_pipeline_batches": 0, "routed_pipeline_bytes": 0, "prefetch_issued": 0, "prefetch_read_bytes": 0, "prefetch_consumed": 0, "prefetch_ready": 0, "prefetch_late": 0, "prefetch_cancelled": 0, "prefetch_unused": 0, "demand_read_bytes": 95356846080, "io_batches": 108, "io_overlaps": 76, "staging_bytes": 0, "staging_banks": 0, "prefetch_pending": 0, "execution_buffer_bytes": 123933384, "scratch_bytes": 402653184, "gpu_cache_bytes": 87836590080}
(Worker_TP1 pid=127) EXPERT_STREAM {"hits": 0, "misses": 0, "read_bytes": 0, "read_seconds": 0.0, "rank": 1, "cache_bytes": 0, "slot_hits": 1610, "slot_misses": 10231, "packed_read_bytes": 96174673920, "graph_replays": 229, "routed_pipeline_batches": 0, "routed_pipeline_bytes": 0, "prefetch_issued": 0, "prefetch_read_bytes": 0, "prefetch_consumed": 0, "prefetch_ready": 0, "prefetch_late": 0, "prefetch_cancelled": 0, "prefetch_unused": 0, "demand_read_bytes": 96174673920, "io_batches": 138, "io_overlaps": 106, "staging_bytes": 0, "staging_banks": 0, "prefetch_pending": 0, "execution_buffer_bytes": 123933384, "scratch_bytes": 402653184, "gpu_cache_bytes": 87836590080}
(Worker_TP1 pid=127) EXPERT_STREAM {"hits": 0, "misses": 0, "read_bytes": 0, "read_seconds": 0.0, "rank": 1, "cache_bytes": 0, "slot_hits": 2494, "slot_misses": 10300, "packed_read_bytes": 96823296000, "graph_replays": 272, "routed_pipeline_batches": 0, "routed_pipeline_bytes": 0, "prefetch_issued": 0, "prefetch_read_bytes": 0, "prefetch_consumed": 0, "prefetch_ready": 0, "prefetch_late": 0, "prefetch_cancelled": 0, "prefetch_unused": 0, "demand_read_bytes": 96823296000, "io_batches": 169, "io_overlaps": 137, "staging_bytes": 0, "staging_banks": 0, "prefetch_pending": 0, "execution_buffer_bytes": 123933384, "scratch_bytes": 402653184, "gpu_cache_bytes": 87836590080}
(Worker_TP1 pid=127) EXPERT_STREAM {"hits": 0, "misses": 0, "read_bytes": 0, "read_seconds": 0.0, "rank": 1, "cache_bytes": 0, "slot_hits": 3367, "slot_misses": 10389, "packed_read_bytes": 97659924480, "graph_replays": 315, "routed_pipeline_batches": 0, "routed_pipeline_bytes": 0, "prefetch_issued": 0, "prefetch_read_bytes": 0, "prefetch_consumed": 0, "prefetch_ready": 0, "prefetch_late": 0, "prefetch_cancelled": 0, "prefetch_unused": 0, "demand_read_bytes": 97659924480, "io_batches": 199, "io_overlaps": 167, "staging_bytes": 0, "staging_banks": 0, "prefetch_pending": 0, "execution_buffer_bytes": 123933384, "scratch_bytes": 402653184, "gpu_cache_bytes": 87836590080}
(Worker_TP1 pid=127) EXPERT_STREAM {"hits": 0, "misses": 0, "read_bytes": 0, "read_seconds": 0.0, "rank": 1, "cache_bytes": 0, "slot_hits": 4297, "slot_misses": 10476, "packed_read_bytes": 98477752320, "graph_replays": 358, "routed_pipeline_batches": 0, "routed_pipeline_bytes": 0, "prefetch_issued": 0, "prefetch_read_bytes": 0, "prefetch_consumed": 0, "prefetch_ready": 0, "prefetch_late": 0, "prefetch_cancelled": 0, "prefetch_unused": 0, "demand_read_bytes": 98477752320, "io_batches": 230, "io_overlaps": 198, "staging_bytes": 0, "staging_banks": 0, "prefetch_pending": 0, "execution_buffer_bytes": 123933384, "scratch_bytes": 402653184, "gpu_cache_bytes": 87836590080}
(Worker_TP1 pid=127) EXPERT_STREAM {"hits": 0, "misses": 0, "read_bytes": 0, "read_seconds": 0.0, "rank": 1, "cache_bytes": 0, "slot_hits": 5223, "slot_misses": 10554, "packed_read_bytes": 99210977280, "graph_replays": 401, "routed_pipeline_batches": 0, "routed_pipeline_bytes": 0, "prefetch_issued": 0, "prefetch_read_bytes": 0, "prefetch_consumed": 0, "prefetch_ready": 0, "prefetch_late": 0, "prefetch_cancelled": 0, "prefetch_unused": 0, "demand_read_bytes": 99210977280, "io_batches": 261, "io_overlaps": 229, "staging_bytes": 0, "staging_banks": 0, "prefetch_pending": 0, "execution_buffer_bytes": 123933384, "scratch_bytes": 402653184, "gpu_cache_bytes": 87836590080}
(Worker_TP1 pid=127) EXPERT_STREAM {"hits": 0, "misses": 0, "read_bytes": 0, "read_seconds": 0.0, "rank": 1, "cache_bytes": 0, "slot_hits": 6127, "slot_misses": 10600, "packed_read_bytes": 99643392000, "graph_replays": 444, "routed_pipeline_batches": 0, "routed_pipeline_bytes": 0, "prefetch_issued": 0, "prefetch_read_bytes": 0, "prefetch_consumed": 0, "prefetch_ready": 0, "prefetch_late": 0, "prefetch_cancelled": 0, "prefetch_unused": 0, "demand_read_bytes": 99643392000, "io_batches": 287, "io_overlaps": 255, "staging_bytes": 0, "staging_banks": 0, "prefetch_pending": 0, "execution_buffer_bytes": 123933384, "scratch_bytes": 402653184, "gpu_cache_bytes": 87836590080}
(Worker_TP1 pid=127) EXPERT_STREAM {"hits": 0, "misses": 0, "read_bytes": 0, "read_seconds": 0.0, "rank": 1, "cache_bytes": 0, "slot_hits": 7076, "slot_misses": 10647, "packed_read_bytes": 100085207040, "graph_replays": 487, "routed_pipeline_batches": 0, "routed_pipeline_bytes": 0, "prefetch_issued": 0, "prefetch_read_bytes": 0, "prefetch_consumed": 0, "prefetch_ready": 0, "prefetch_late": 0, "prefetch_cancelled": 0, "prefetch_unused": 0, "demand_read_bytes": 100085207040, "io_batches": 309, "io_overlaps": 277, "staging_bytes": 0, "staging_banks": 0, "prefetch_pending": 0, "execution_buffer_bytes": 123933384, "scratch_bytes": 402653184, "gpu_cache_bytes": 87836590080}
(Worker_TP1 pid=127) EXPERT_STREAM {"hits": 0, "misses": 0, "read_bytes": 0, "read_seconds": 0.0, "rank": 1, "cache_bytes": 0, "slot_hits": 8020, "slot_misses": 10682, "packed_read_bytes": 100414218240, "graph_replays": 530, "routed_pipeline_batches": 0, "routed_pipeline_bytes": 0, "prefetch_issued": 0, "prefetch_read_bytes": 0, "prefetch_consumed": 0, "prefetch_ready": 0, "prefetch_late": 0, "prefetch_cancelled": 0, "prefetch_unused": 0, "demand_read_bytes": 100414218240, "io_batches": 332, "io_overlaps": 300, "staging_bytes": 0, "staging_banks": 0, "prefetch_pending": 0, "execution_buffer_bytes": 123933384, "scratch_bytes": 402653184, "gpu_cache_bytes": 87836590080}
(Worker_TP1 pid=127) EXPERT_STREAM {"hits": 0, "misses": 0, "read_bytes": 0, "read_seconds": 0.0, "rank": 1, "cache_bytes": 0, "slot_hits": 8948, "slot_misses": 10718, "packed_read_bytes": 100752629760, "graph_replays": 573, "routed_pipeline_batches": 0, "routed_pipeline_bytes": 0, "prefetch_issued": 0, "prefetch_read_bytes": 0, "prefetch_consumed": 0, "prefetch_ready": 0, "prefetch_late": 0, "prefetch_cancelled": 0, "prefetch_unused": 0, "demand_read_bytes": 100752629760, "io_batches": 353, "io_overlaps": 321, "staging_bytes": 0, "staging_banks": 0, "prefetch_pending": 0, "execution_buffer_bytes": 123933384, "scratch_bytes": 402653184, "gpu_cache_bytes": 87836590080}
(Worker_TP1 pid=127) EXPERT_STREAM {"hits": 0, "misses": 0, "read_bytes": 0, "read_seconds": 0.0, "rank": 1, "cache_bytes": 0, "slot_hits": 9877, "slot_misses": 10755, "packed_read_bytes": 101100441600, "graph_replays": 616, "routed_pipeline_batches": 0, "routed_pipeline_bytes": 0, "prefetch_issued": 0, "prefetch_read_bytes": 0, "prefetch_consumed": 0, "prefetch_ready": 0, "prefetch_late": 0, "prefetch_cancelled": 0, "prefetch_unused": 0, "demand_read_bytes": 101100441600, "io_batches": 376, "io_overlaps": 344, "staging_bytes": 0, "staging_banks": 0, "prefetch_pending": 0, "execution_buffer_bytes": 123933384, "scratch_bytes": 402653184, "gpu_cache_bytes": 87836590080}
(Worker_TP1 pid=127) EXPERT_STREAM {"hits": 0, "misses": 0, "read_bytes": 0, "read_seconds": 0.0, "rank": 1, "cache_bytes": 0, "slot_hits": 10818, "slot_misses": 10789, "packed_read_bytes": 101420052480, "graph_replays": 659, "routed_pipeline_batches": 0, "routed_pipeline_bytes": 0, "prefetch_issued": 0, "prefetch_read_bytes": 0, "prefetch_consumed": 0, "prefetch_ready": 0, "prefetch_late": 0, "prefetch_cancelled": 0, "prefetch_unused": 0, "demand_read_bytes": 101420052480, "io_batches": 395, "io_overlaps": 363, "staging_bytes": 0, "staging_banks": 0, "prefetch_pending": 0, "execution_buffer_bytes": 123933384, "scratch_bytes": 402653184, "gpu_cache_bytes": 87836590080}
(Worker_TP1 pid=127) EXPERT_STREAM {"hits": 0, "misses": 0, "read_bytes": 0, "read_seconds": 0.0, "rank": 1, "cache_bytes": 0, "slot_hits": 11785, "slot_misses": 10819, "packed_read_bytes": 101702062080, "graph_replays": 702, "routed_pipeline_batches": 0, "routed_pipeline_bytes": 0, "prefetch_issued": 0, "prefetch_read_bytes": 0, "prefetch_consumed": 0, "prefetch_ready": 0, "prefetch_late": 0, "prefetch_cancelled": 0, "prefetch_unused": 0, "demand_read_bytes": 101702062080, "io_batches": 417, "io_overlaps": 385, "staging_bytes": 0, "staging_banks": 0, "prefetch_pending": 0, "execution_buffer_bytes": 123933384, "scratch_bytes": 402653184, "gpu_cache_bytes": 87836590080}
(Worker_TP1 pid=127) EXPERT_STREAM {"hits": 0, "misses": 0, "read_bytes": 0, "read_seconds": 0.0, "rank": 1, "cache_bytes": 0, "slot_hits": 12768, "slot_misses": 10858, "packed_read_bytes": 102068674560, "graph_replays": 745, "routed_pipeline_batches": 0, "routed_pipeline_bytes": 0, "prefetch_issued": 0, "prefetch_read_bytes": 0, "prefetch_consumed": 0, "prefetch_ready": 0, "prefetch_late": 0, "prefetch_cancelled": 0, "prefetch_unused": 0, "demand_read_bytes": 102068674560, "io_batches": 442, "io_overlaps": 410, "staging_bytes": 0, "staging_banks": 0, "prefetch_pending": 0, "execution_buffer_bytes": 123933384, "scratch_bytes": 402653184, "gpu_cache_bytes": 87836590080}
(Worker_TP1 pid=127) EXPERT_STREAM {"hits": 0, "misses": 0, "read_bytes": 0, "read_seconds": 0.0, "rank": 1, "cache_bytes": 0, "slot_hits": 13791, "slot_misses": 10881, "packed_read_bytes": 102284881920, "graph_replays": 788, "routed_pipeline_batches": 0, "routed_pipeline_bytes": 0, "prefetch_issued": 0, "prefetch_read_bytes": 0, "prefetch_consumed": 0, "prefetch_ready": 0, "prefetch_late": 0, "prefetch_cancelled": 0, "prefetch_unused": 0, "demand_read_bytes": 102284881920, "io_batches": 460, "io_overlaps": 428, "staging_bytes": 0, "staging_banks": 0, "prefetch_pending": 0, "execution_buffer_bytes": 123933384, "scratch_bytes": 402653184, "gpu_cache_bytes": 87836590080}
(Worker_TP1 pid=127) EXPERT_STREAM {"hits": 0, "misses": 0, "read_bytes": 0, "read_seconds": 0.0, "rank": 1, "cache_bytes": 0, "slot_hits": 14799, "slot_misses": 10894, "packed_read_bytes": 102407086080, "graph_replays": 831, "routed_pipeline_batches": 0, "routed_pipeline_bytes": 0, "prefetch_issued": 0, "prefetch_read_bytes": 0, "prefetch_consumed": 0, "prefetch_ready": 0, "prefetch_late": 0, "prefetch_cancelled": 0, "prefetch_unused": 0, "demand_read_bytes": 102407086080, "io_batches": 470, "io_overlaps": 438, "staging_bytes": 0, "staging_banks": 0, "prefetch_pending": 0, "execution_buffer_bytes": 123933384, "scratch_bytes": 402653184, "gpu_cache_bytes": 87836590080}
(Worker_TP1 pid=127) EXPERT_STREAM {"hits": 0, "misses": 0, "read_bytes": 0, "read_seconds": 0.0, "rank": 1, "cache_bytes": 0, "slot_hits": 15789, "slot_misses": 10914, "packed_read_bytes": 102595092480, "graph_replays": 874, "routed_pipeline_batches": 0, "routed_pipeline_bytes": 0, "prefetch_issued": 0, "prefetch_read_bytes": 0, "prefetch_consumed": 0, "prefetch_ready": 0, "prefetch_late": 0, "prefetch_cancelled": 0, "prefetch_unused": 0, "demand_read_bytes": 102595092480, "io_batches": 486, "io_overlaps": 454, "staging_bytes": 0, "staging_banks": 0, "prefetch_pending": 0, "execution_buffer_bytes": 123933384, "scratch_bytes": 402653184, "gpu_cache_bytes": 87836590080}
(Worker_TP1 pid=127) EXPERT_STREAM {"hits": 0, "misses": 0, "read_bytes": 0, "read_seconds": 0.0, "rank": 1, "cache_bytes": 0, "slot_hits": 16808, "slot_misses": 10931, "packed_read_bytes": 102754897920, "graph_replays": 917, "routed_pipeline_batches": 0, "routed_pipeline_bytes": 0, "prefetch_issued": 0, "prefetch_read_bytes": 0, "prefetch_consumed": 0, "prefetch_ready": 0, "prefetch_late": 0, "prefetch_cancelled": 0, "prefetch_unused": 0, "demand_read_bytes": 102754897920, "io_batches": 499, "io_overlaps": 467, "staging_bytes": 0, "staging_banks": 0, "prefetch_pending": 0, "execution_buffer_bytes": 123933384, "scratch_bytes": 402653184, "gpu_cache_bytes": 87836590080}
(Worker_TP1 pid=127) EXPERT_STREAM {"hits": 0, "misses": 0, "read_bytes": 0, "read_seconds": 0.0, "rank": 1, "cache_bytes": 0, "slot_hits": 17754, "slot_misses": 10987, "packed_read_bytes": 103281315840, "graph_replays": 960, "routed_pipeline_batches": 0, "routed_pipeline_bytes": 0, "prefetch_issued": 0, "prefetch_read_bytes": 0, "prefetch_consumed": 0, "prefetch_ready": 0, "prefetch_late": 0, "prefetch_cancelled": 0, "prefetch_unused": 0, "demand_read_bytes": 103281315840, "io_batches": 531, "io_overlaps": 499, "staging_bytes": 0, "staging_banks": 0, "prefetch_pending": 0, "execution_buffer_bytes": 123933384, "scratch_bytes": 402653184, "gpu_cache_bytes": 87836590080}
(Worker_TP1 pid=127) EXPERT_STREAM {"hits": 0, "misses": 0, "read_bytes": 0, "read_seconds": 0.0, "rank": 1, "cache_bytes": 0, "slot_hits": 18607, "slot_misses": 11040, "packed_read_bytes": 103779532800, "graph_replays": 1003, "routed_pipeline_batches": 0, "routed_pipeline_bytes": 0, "prefetch_issued": 0, "prefetch_read_bytes": 0, "prefetch_consumed": 0, "prefetch_ready": 0, "prefetch_late": 0, "prefetch_cancelled": 0, "prefetch_unused": 0, "demand_read_bytes": 103779532800, "io_batches": 557, "io_overlaps": 525, "staging_bytes": 0, "staging_banks": 0, "prefetch_pending": 0, "execution_buffer_bytes": 123933384, "scratch_bytes": 402653184, "gpu_cache_bytes": 87836590080}
(Worker_TP1 pid=127) EXPERT_CACHE_RESET 1789205993958017096
(Worker_TP1 pid=127) EXPERT_STREAM {"hits": 0, "misses": 0, "read_bytes": 0, "read_seconds": 0.0, "rank": 1, "cache_bytes": 0, "slot_hits": 0, "slot_misses": 10287, "packed_read_bytes": 96701091840, "graph_replays": 142, "routed_pipeline_batches": 0, "routed_pipeline_bytes": 0, "prefetch_issued": 0, "prefetch_read_bytes": 0, "prefetch_consumed": 0, "prefetch_ready": 0, "prefetch_late": 0, "prefetch_cancelled": 0, "prefetch_unused": 0, "demand_read_bytes": 96701091840, "io_batches": 71, "io_overlaps": 40, "staging_bytes": 0, "staging_banks": 0, "prefetch_pending": 0, "execution_buffer_bytes": 123933384, "scratch_bytes": 402653184, "gpu_cache_bytes": 87836590080}
(Worker_TP1 pid=127) EXPERT_STREAM {"hits": 0, "misses": 0, "read_bytes": 0, "read_seconds": 0.0, "rank": 1, "cache_bytes": 0, "slot_hits": 853, "slot_misses": 10424, "packed_read_bytes": 97988935680, "graph_replays": 185, "routed_pipeline_batches": 0, "routed_pipeline_bytes": 0, "prefetch_issued": 0, "prefetch_read_bytes": 0, "prefetch_consumed": 0, "prefetch_ready": 0, "prefetch_late": 0, "prefetch_cancelled": 0, "prefetch_unused": 0, "demand_read_bytes": 97988935680, "io_batches": 111, "io_overlaps": 80, "staging_bytes": 0, "staging_banks": 0, "prefetch_pending": 0, "execution_buffer_bytes": 123933384, "scratch_bytes": 402653184, "gpu_cache_bytes": 87836590080}
(Worker_TP1 pid=127) EXPERT_STREAM {"hits": 0, "misses": 0, "read_bytes": 0, "read_seconds": 0.0, "rank": 1, "cache_bytes": 0, "slot_hits": 1756, "slot_misses": 10523, "packed_read_bytes": 98919567360, "graph_replays": 228, "routed_pipeline_batches": 0, "routed_pipeline_bytes": 0, "prefetch_issued": 0, "prefetch_read_bytes": 0, "prefetch_consumed": 0, "prefetch_ready": 0, "prefetch_late": 0, "prefetch_cancelled": 0, "prefetch_unused": 0, "demand_read_bytes": 98919567360, "io_batches": 149, "io_overlaps": 118, "staging_bytes": 0, "staging_banks": 0, "prefetch_pending": 0, "execution_buffer_bytes": 123933384, "scratch_bytes": 402653184, "gpu_cache_bytes": 87836590080}
(Worker_TP1 pid=127) EXPERT_STREAM {"hits": 0, "misses": 0, "read_bytes": 0, "read_seconds": 0.0, "rank": 1, "cache_bytes": 0, "slot_hits": 2682, "slot_misses": 10590, "packed_read_bytes": 99549388800, "graph_replays": 271, "routed_pipeline_batches": 0, "routed_pipeline_bytes": 0, "prefetch_issued": 0, "prefetch_read_bytes": 0, "prefetch_consumed": 0, "prefetch_ready": 0, "prefetch_late": 0, "prefetch_cancelled": 0, "prefetch_unused": 0, "demand_read_bytes": 99549388800, "io_batches": 184, "io_overlaps": 153, "staging_bytes": 0, "staging_banks": 0, "prefetch_pending": 0, "execution_buffer_bytes": 123933384, "scratch_bytes": 402653184, "gpu_cache_bytes": 87836590080}
(Worker_TP1 pid=127) EXPERT_STREAM {"hits": 0, "misses": 0, "read_bytes": 0, "read_seconds": 0.0, "rank": 1, "cache_bytes": 0, "slot_hits": 3631, "slot_misses": 10657, "packed_read_bytes": 100179210240, "graph_replays": 314, "routed_pipeline_batches": 0, "routed_pipeline_bytes": 0, "prefetch_issued": 0, "prefetch_read_bytes": 0, "prefetch_consumed": 0, "prefetch_ready": 0, "prefetch_late": 0, "prefetch_cancelled": 0, "prefetch_unused": 0, "demand_read_bytes": 100179210240, "io_batches": 215, "io_overlaps": 184, "staging_bytes": 0, "staging_banks": 0, "prefetch_pending": 0, "execution_buffer_bytes": 123933384, "scratch_bytes": 402653184, "gpu_cache_bytes": 87836590080}
(Worker_TP1 pid=127) EXPERT_STREAM {"hits": 0, "misses": 0, "read_bytes": 0, "read_seconds": 0.0, "rank": 1, "cache_bytes": 0, "slot_hits": 4621, "slot_misses": 10727, "packed_read_bytes": 100837232640, "graph_replays": 357, "routed_pipeline_batches": 0, "routed_pipeline_bytes": 0, "prefetch_issued": 0, "prefetch_read_bytes": 0, "prefetch_consumed": 0, "prefetch_ready": 0, "prefetch_late": 0, "prefetch_cancelled": 0, "prefetch_unused": 0, "demand_read_bytes": 100837232640, "io_batches": 246, "io_overlaps": 215, "staging_bytes": 0, "staging_banks": 0, "prefetch_pending": 0, "execution_buffer_bytes": 123933384, "scratch_bytes": 402653184, "gpu_cache_bytes": 87836590080}
(Worker_TP1 pid=127) EXPERT_STREAM {"hits": 0, "misses": 0, "read_bytes": 0, "read_seconds": 0.0, "rank": 1, "cache_bytes": 0, "slot_hits": 5555, "slot_misses": 10778, "packed_read_bytes": 101316648960, "graph_replays": 400, "routed_pipeline_batches": 0, "routed_pipeline_bytes": 0, "prefetch_issued": 0, "prefetch_read_bytes": 0, "prefetch_consumed": 0, "prefetch_ready": 0, "prefetch_late": 0, "prefetch_cancelled": 0, "prefetch_unused": 0, "demand_read_bytes": 101316648960, "io_batches": 273, "io_overlaps": 242, "staging_bytes": 0, "staging_banks": 0, "prefetch_pending": 0, "execution_buffer_bytes": 123933384, "scratch_bytes": 402653184, "gpu_cache_bytes": 87836590080}
(Worker_TP1 pid=127) EXPERT_STREAM {"hits": 0, "misses": 0, "read_bytes": 0, "read_seconds": 0.0, "rank": 1, "cache_bytes": 0, "slot_hits": 6520, "slot_misses": 10812, "packed_read_bytes": 101636259840, "graph_replays": 443, "routed_pipeline_batches": 0, "routed_pipeline_bytes": 0, "prefetch_issued": 0, "prefetch_read_bytes": 0, "prefetch_consumed": 0, "prefetch_ready": 0, "prefetch_late": 0, "prefetch_cancelled": 0, "prefetch_unused": 0, "demand_read_bytes": 101636259840, "io_batches": 299, "io_overlaps": 268, "staging_bytes": 0, "staging_banks": 0, "prefetch_pending": 0, "execution_buffer_bytes": 123933384, "scratch_bytes": 402653184, "gpu_cache_bytes": 87836590080}
(Worker_TP1 pid=127) EXPERT_STREAM {"hits": 0, "misses": 0, "read_bytes": 0, "read_seconds": 0.0, "rank": 1, "cache_bytes": 0, "slot_hits": 7374, "slot_misses": 10868, "packed_read_bytes": 102162677760, "graph_replays": 486, "routed_pipeline_batches": 0, "routed_pipeline_bytes": 0, "prefetch_issued": 0, "prefetch_read_bytes": 0, "prefetch_consumed": 0, "prefetch_ready": 0, "prefetch_late": 0, "prefetch_cancelled": 0, "prefetch_unused": 0, "demand_read_bytes": 102162677760, "io_batches": 329, "io_overlaps": 298, "staging_bytes": 0, "staging_banks": 0, "prefetch_pending": 0, "execution_buffer_bytes": 123933384, "scratch_bytes": 402653184, "gpu_cache_bytes": 87836590080}
(Worker_TP1 pid=127) EXPERT_STREAM {"hits": 0, "misses": 0, "read_bytes": 0, "read_seconds": 0.0, "rank": 1, "cache_bytes": 0, "slot_hits": 8263, "slot_misses": 10905, "packed_read_bytes": 102510489600, "graph_replays": 529, "routed_pipeline_batches": 0, "routed_pipeline_bytes": 0, "prefetch_issued": 0, "prefetch_read_bytes": 0, "prefetch_consumed": 0, "prefetch_ready": 0, "prefetch_late": 0, "prefetch_cancelled": 0, "prefetch_unused": 0, "demand_read_bytes": 102510489600, "io_batches": 355, "io_overlaps": 324, "staging_bytes": 0, "staging_banks": 0, "prefetch_pending": 0, "execution_buffer_bytes": 123933384, "scratch_bytes": 402653184, "gpu_cache_bytes": 87836590080}
(Worker_TP1 pid=127) EXPERT_STREAM {"hits": 0, "misses": 0, "read_bytes": 0, "read_seconds": 0.0, "rank": 1, "cache_bytes": 0, "slot_hits": 9253, "slot_misses": 10952, "packed_read_bytes": 102952304640, "graph_replays": 572, "routed_pipeline_batches": 0, "routed_pipeline_bytes": 0, "prefetch_issued": 0, "prefetch_read_bytes": 0, "prefetch_consumed": 0, "prefetch_ready": 0, "prefetch_late": 0, "prefetch_cancelled": 0, "prefetch_unused": 0, "demand_read_bytes": 102952304640, "io_batches": 384, "io_overlaps": 353, "staging_bytes": 0, "staging_banks": 0, "prefetch_pending": 0, "execution_buffer_bytes": 123933384, "scratch_bytes": 402653184, "gpu_cache_bytes": 87836590080}
(Worker_TP1 pid=127) EXPERT_STREAM {"hits": 0, "misses": 0, "read_bytes": 0, "read_seconds": 0.0, "rank": 1, "cache_bytes": 0, "slot_hits": 10208, "slot_misses": 10988, "packed_read_bytes": 103290716160, "graph_replays": 615, "routed_pipeline_batches": 0, "routed_pipeline_bytes": 0, "prefetch_issued": 0, "prefetch_read_bytes": 0, "prefetch_consumed": 0, "prefetch_ready": 0, "prefetch_late": 0, "prefetch_cancelled": 0, "prefetch_unused": 0, "demand_read_bytes": 103290716160, "io_batches": 408, "io_overlaps": 377, "staging_bytes": 0, "staging_banks": 0, "prefetch_pending": 0, "execution_buffer_bytes": 123933384, "scratch_bytes": 402653184, "gpu_cache_bytes": 87836590080}
(Worker_TP1 pid=127) EXPERT_STREAM {"hits": 0, "misses": 0, "read_bytes": 0, "read_seconds": 0.0, "rank": 1, "cache_bytes": 0, "slot_hits": 11243, "slot_misses": 11087, "packed_read_bytes": 104221347840, "graph_replays": 658, "routed_pipeline_batches": 0, "routed_pipeline_bytes": 0, "prefetch_issued": 0, "prefetch_read_bytes": 0, "prefetch_consumed": 0, "prefetch_ready": 0, "prefetch_late": 0, "prefetch_cancelled": 0, "prefetch_unused": 0, "demand_read_bytes": 104221347840, "io_batches": 445, "io_overlaps": 414, "staging_bytes": 0, "staging_banks": 0, "prefetch_pending": 0, "execution_buffer_bytes": 123933384, "scratch_bytes": 402653184, "gpu_cache_bytes": 87836590080}
(Worker_TP1 pid=127) EXPERT_STREAM {"hits": 0, "misses": 0, "read_bytes": 0, "read_seconds": 0.0, "rank": 1, "cache_bytes": 0, "slot_hits": 12058, "slot_misses": 11321, "packed_read_bytes": 106421022720, "graph_replays": 701, "routed_pipeline_batches": 0, "routed_pipeline_bytes": 0, "prefetch_issued": 0, "prefetch_read_bytes": 0, "prefetch_consumed": 0, "prefetch_ready": 0, "prefetch_late": 0, "prefetch_cancelled": 0, "prefetch_unused": 0, "demand_read_bytes": 106421022720, "io_batches": 487, "io_overlaps": 456, "staging_bytes": 0, "staging_banks": 0, "prefetch_pending": 0, "execution_buffer_bytes": 123933384, "scratch_bytes": 402653184, "gpu_cache_bytes": 87836590080}
(Worker_TP1 pid=127) EXPERT_CACHE_RESET 1789206014926915137
(Worker_TP1 pid=127) EXPERT_STREAM {"hits": 0, "misses": 0, "read_bytes": 0, "read_seconds": 0.0, "rank": 1, "cache_bytes": 0, "slot_hits": 0, "slot_misses": 9994, "packed_read_bytes": 93946798080, "graph_replays": 142, "routed_pipeline_batches": 0, "routed_pipeline_bytes": 0, "prefetch_issued": 0, "prefetch_read_bytes": 0, "prefetch_consumed": 0, "prefetch_ready": 0, "prefetch_late": 0, "prefetch_cancelled": 0, "prefetch_unused": 0, "demand_read_bytes": 93946798080, "io_batches": 73, "io_overlaps": 43, "staging_bytes": 0, "staging_banks": 0, "prefetch_pending": 0, "execution_buffer_bytes": 123933384, "scratch_bytes": 402653184, "gpu_cache_bytes": 87836590080}
(Worker_TP1 pid=127) FINAL_DECODER_ROWS {"input_rows": 3488, "output_rows": 1, "layer": 39, "scope": "routed_experts_only"}
(Worker_TP1 pid=127) EXPERT_STREAM {"hits": 0, "misses": 0, "read_bytes": 0, "read_seconds": 0.0, "rank": 1, "cache_bytes": 0, "slot_hits": 822, "slot_misses": 10148, "packed_read_bytes": 95394447360, "graph_replays": 185, "routed_pipeline_batches": 0, "routed_pipeline_bytes": 0, "prefetch_issued": 0, "prefetch_read_bytes": 0, "prefetch_consumed": 0, "prefetch_ready": 0, "prefetch_late": 0, "prefetch_cancelled": 0, "prefetch_unused": 0, "demand_read_bytes": 95394447360, "io_batches": 113, "io_overlaps": 83, "staging_bytes": 0, "staging_banks": 0, "prefetch_pending": 0, "execution_buffer_bytes": 123933384, "scratch_bytes": 402653184, "gpu_cache_bytes": 87836590080}
(Worker_TP1 pid=127) EXPERT_STREAM {"hits": 0, "misses": 0, "read_bytes": 0, "read_seconds": 0.0, "rank": 1, "cache_bytes": 0, "slot_hits": 1709, "slot_misses": 10258, "packed_read_bytes": 96428482560, "graph_replays": 228, "routed_pipeline_batches": 0, "routed_pipeline_bytes": 0, "prefetch_issued": 0, "prefetch_read_bytes": 0, "prefetch_consumed": 0, "prefetch_ready": 0, "prefetch_late": 0, "prefetch_cancelled": 0, "prefetch_unused": 0, "demand_read_bytes": 96428482560, "io_batches": 150, "io_overlaps": 120, "staging_bytes": 0, "staging_banks": 0, "prefetch_pending": 0, "execution_buffer_bytes": 123933384, "scratch_bytes": 402653184, "gpu_cache_bytes": 87836590080}
(Worker_TP1 pid=127) EXPERT_STREAM {"hits": 0, "misses": 0, "read_bytes": 0, "read_seconds": 0.0, "rank": 1, "cache_bytes": 0, "slot_hits": 2618, "slot_misses": 10350, "packed_read_bytes": 97293312000, "graph_replays": 271, "routed_pipeline_batches": 0, "routed_pipeline_bytes": 0, "prefetch_issued": 0, "prefetch_read_bytes": 0, "prefetch_consumed": 0, "prefetch_ready": 0, "prefetch_late": 0, "prefetch_cancelled": 0, "prefetch_unused": 0, "demand_read_bytes": 97293312000, "io_batches": 184, "io_overlaps": 154, "staging_bytes": 0, "staging_banks": 0, "prefetch_pending": 0, "execution_buffer_bytes": 123933384, "scratch_bytes": 402653184, "gpu_cache_bytes": 87836590080}
(Worker_TP1 pid=127) EXPERT_STREAM {"hits": 0, "misses": 0, "read_bytes": 0, "read_seconds": 0.0, "rank": 1, "cache_bytes": 0, "slot_hits": 3558, "slot_misses": 10419, "packed_read_bytes": 97941934080, "graph_replays": 314, "routed_pipeline_batches": 0, "routed_pipeline_bytes": 0, "prefetch_issued": 0, "prefetch_read_bytes": 0, "prefetch_consumed": 0, "prefetch_ready": 0, "prefetch_late": 0, "prefetch_cancelled": 0, "prefetch_unused": 0, "demand_read_bytes": 97941934080, "io_batches": 217, "io_overlaps": 187, "staging_bytes": 0, "staging_banks": 0, "prefetch_pending": 0, "execution_buffer_bytes": 123933384, "scratch_bytes": 402653184, "gpu_cache_bytes": 87836590080}
(Worker_TP1 pid=127) EXPERT_STREAM {"hits": 0, "misses": 0, "read_bytes": 0, "read_seconds": 0.0, "rank": 1, "cache_bytes": 0, "slot_hits": 4543, "slot_misses": 10495, "packed_read_bytes": 98656358400, "graph_replays": 357, "routed_pipeline_batches": 0, "routed_pipeline_bytes": 0, "prefetch_issued": 0, "prefetch_read_bytes": 0, "prefetch_consumed": 0, "prefetch_ready": 0, "prefetch_late": 0, "prefetch_cancelled": 0, "prefetch_unused": 0, "demand_read_bytes": 98656358400, "io_batches": 246, "io_overlaps": 216, "staging_bytes": 0, "staging_banks": 0, "prefetch_pending": 0, "execution_buffer_bytes": 123933384, "scratch_bytes": 402653184, "gpu_cache_bytes": 87836590080}
(Worker_TP1 pid=127) EXPERT_STREAM {"hits": 0, "misses": 0, "read_bytes": 0, "read_seconds": 0.0, "rank": 1, "cache_bytes": 0, "slot_hits": 5503, "slot_misses": 10545, "packed_read_bytes": 99126374400, "graph_replays": 400, "routed_pipeline_batches": 0, "routed_pipeline_bytes": 0, "prefetch_issued": 0, "prefetch_read_bytes": 0, "prefetch_consumed": 0, "prefetch_ready": 0, "prefetch_late": 0, "prefetch_cancelled": 0, "prefetch_unused": 0, "demand_read_bytes": 99126374400, "io_batches": 278, "io_overlaps": 248, "staging_bytes": 0, "staging_banks": 0, "prefetch_pending": 0, "execution_buffer_bytes": 123933384, "scratch_bytes": 402653184, "gpu_cache_bytes": 87836590080}
(Worker_TP1 pid=127) EXPERT_STREAM {"hits": 0, "misses": 0, "read_bytes": 0, "read_seconds": 0.0, "rank": 1, "cache_bytes": 0, "slot_hits": 6475, "slot_misses": 10589, "packed_read_bytes": 99539988480, "graph_replays": 443, "routed_pipeline_batches": 0, "routed_pipeline_bytes": 0, "prefetch_issued": 0, "prefetch_read_bytes": 0, "prefetch_consumed": 0, "prefetch_ready": 0, "prefetch_late": 0, "prefetch_cancelled": 0, "prefetch_unused": 0, "demand_read_bytes": 99539988480, "io_batches": 304, "io_overlaps": 274, "staging_bytes": 0, "staging_banks": 0, "prefetch_pending": 0, "execution_buffer_bytes": 123933384, "scratch_bytes": 402653184, "gpu_cache_bytes": 87836590080}
(Worker_TP1 pid=127) EXPERT_STREAM {"hits": 0, "misses": 0, "read_bytes": 0, "read_seconds": 0.0, "rank": 1, "cache_bytes": 0, "slot_hits": 7344, "slot_misses": 10651, "packed_read_bytes": 100122808320, "graph_replays": 486, "routed_pipeline_batches": 0, "routed_pipeline_bytes": 0, "prefetch_issued": 0, "prefetch_read_bytes": 0, "prefetch_consumed": 0, "prefetch_ready": 0, "prefetch_late": 0, "prefetch_cancelled": 0, "prefetch_unused": 0, "demand_read_bytes": 100122808320, "io_batches": 334, "io_overlaps": 304, "staging_bytes": 0, "staging_banks": 0, "prefetch_pending": 0, "execution_buffer_bytes": 123933384, "scratch_bytes": 402653184, "gpu_cache_bytes": 87836590080}
(Worker_TP1 pid=127) EXPERT_STREAM {"hits": 0, "misses": 0, "read_bytes": 0, "read_seconds": 0.0, "rank": 1, "cache_bytes": 0, "slot_hits": 8239, "slot_misses": 10688, "packed_read_bytes": 100470620160, "graph_replays": 529, "routed_pipeline_batches": 0, "routed_pipeline_bytes": 0, "prefetch_issued": 0, "prefetch_read_bytes": 0, "prefetch_consumed": 0, "prefetch_ready": 0, "prefetch_late": 0, "prefetch_cancelled": 0, "prefetch_unused": 0, "demand_read_bytes": 100470620160, "io_batches": 357, "io_overlaps": 327, "staging_bytes": 0, "staging_banks": 0, "prefetch_pending": 0, "execution_buffer_bytes": 123933384, "scratch_bytes": 402653184, "gpu_cache_bytes": 87836590080}
(Worker_TP1 pid=127) EXPERT_STREAM {"hits": 0, "misses": 0, "read_bytes": 0, "read_seconds": 0.0, "rank": 1, "cache_bytes": 0, "slot_hits": 9210, "slot_misses": 10738, "packed_read_bytes": 100940636160, "graph_replays": 572, "routed_pipeline_batches": 0, "routed_pipeline_bytes": 0, "prefetch_issued": 0, "prefetch_read_bytes": 0, "prefetch_consumed": 0, "prefetch_ready": 0, "prefetch_late": 0, "prefetch_cancelled": 0, "prefetch_unused": 0, "demand_read_bytes": 100940636160, "io_batches": 384, "io_overlaps": 354, "staging_bytes": 0, "staging_banks": 0, "prefetch_pending": 0, "execution_buffer_bytes": 123933384, "scratch_bytes": 402653184, "gpu_cache_bytes": 87836590080}
(Worker_TP1 pid=127) EXPERT_STREAM {"hits": 0, "misses": 0, "read_bytes": 0, "read_seconds": 0.0, "rank": 1, "cache_bytes": 0, "slot_hits": 10162, "slot_misses": 10778, "packed_read_bytes": 101316648960, "graph_replays": 615, "routed_pipeline_batches": 0, "routed_pipeline_bytes": 0, "prefetch_issued": 0, "prefetch_read_bytes": 0, "prefetch_consumed": 0, "prefetch_ready": 0, "prefetch_late": 0, "prefetch_cancelled": 0, "prefetch_unused": 0, "demand_read_bytes": 101316648960, "io_batches": 407, "io_overlaps": 377, "staging_bytes": 0, "staging_banks": 0, "prefetch_pending": 0, "execution_buffer_bytes": 123933384, "scratch_bytes": 402653184, "gpu_cache_bytes": 87836590080}
(Worker_TP1 pid=127) EXPERT_STREAM {"hits": 0, "misses": 0, "read_bytes": 0, "read_seconds": 0.0, "rank": 1, "cache_bytes": 0, "slot_hits": 11191, "slot_misses": 10884, "packed_read_bytes": 102313082880, "graph_replays": 658, "routed_pipeline_batches": 0, "routed_pipeline_bytes": 0, "prefetch_issued": 0, "prefetch_read_bytes": 0, "prefetch_consumed": 0, "prefetch_ready": 0, "prefetch_late": 0, "prefetch_cancelled": 0, "prefetch_unused": 0, "demand_read_bytes": 102313082880, "io_batches": 446, "io_overlaps": 416, "staging_bytes": 0, "staging_banks": 0, "prefetch_pending": 0, "execution_buffer_bytes": 123933384, "scratch_bytes": 402653184, "gpu_cache_bytes": 87836590080}
(Worker_TP1 pid=127) EXPERT_STREAM {"hits": 0, "misses": 0, "read_bytes": 0, "read_seconds": 0.0, "rank": 1, "cache_bytes": 0, "slot_hits": 11997, "slot_misses": 11132, "packed_read_bytes": 104644362240, "graph_replays": 701, "routed_pipeline_batches": 0, "routed_pipeline_bytes": 0, "prefetch_issued": 0, "prefetch_read_bytes": 0, "prefetch_consumed": 0, "prefetch_ready": 0, "prefetch_late": 0, "prefetch_cancelled": 0, "prefetch_unused": 0, "demand_read_bytes": 104644362240, "io_batches": 489, "io_overlaps": 459, "staging_bytes": 0, "staging_banks": 0, "prefetch_pending": 0, "execution_buffer_bytes": 123933384, "scratch_bytes": 402653184, "gpu_cache_bytes": 87836590080}
(Worker_TP1 pid=127) EXPERT_CACHE_RESET 1789206037206886238
(Worker_TP1 pid=127) EXPERT_STREAM {"hits": 0, "misses": 0, "read_bytes": 0, "read_seconds": 0.0, "rank": 1, "cache_bytes": 0, "slot_hits": 0, "slot_misses": 10067, "packed_read_bytes": 94633021440, "graph_replays": 146, "routed_pipeline_batches": 0, "routed_pipeline_bytes": 0, "prefetch_issued": 0, "prefetch_read_bytes": 0, "prefetch_consumed": 0, "prefetch_ready": 0, "prefetch_late": 0, "prefetch_cancelled": 0, "prefetch_unused": 0, "demand_read_bytes": 94633021440, "io_batches": 75, "io_overlaps": 43, "staging_bytes": 0, "staging_banks": 0, "prefetch_pending": 0, "execution_buffer_bytes": 123933384, "scratch_bytes": 402653184, "gpu_cache_bytes": 87836590080}
(Worker_TP1 pid=127) FINAL_DECODER_ROWS {"input_rows": 3530, "output_rows": 1, "layer": 39, "scope": "routed_experts_only"}
(Worker_TP1 pid=127) EXPERT_STREAM {"hits": 0, "misses": 0, "read_bytes": 0, "read_seconds": 0.0, "rank": 1, "cache_bytes": 0, "slot_hits": 775, "slot_misses": 10211, "packed_read_bytes": 95986667520, "graph_replays": 189, "routed_pipeline_batches": 0, "routed_pipeline_bytes": 0, "prefetch_issued": 0, "prefetch_read_bytes": 0, "prefetch_consumed": 0, "prefetch_ready": 0, "prefetch_late": 0, "prefetch_cancelled": 0, "prefetch_unused": 0, "demand_read_bytes": 95986667520, "io_batches": 109, "io_overlaps": 77, "staging_bytes": 0, "staging_banks": 0, "prefetch_pending": 0, "execution_buffer_bytes": 123933384, "scratch_bytes": 402653184, "gpu_cache_bytes": 87836590080}
(Worker_TP1 pid=127) EXPERT_STREAM {"hits": 0, "misses": 0, "read_bytes": 0, "read_seconds": 0.0, "rank": 1, "cache_bytes": 0, "slot_hits": 1604, "slot_misses": 10299, "packed_read_bytes": 96813895680, "graph_replays": 232, "routed_pipeline_batches": 0, "routed_pipeline_bytes": 0, "prefetch_issued": 0, "prefetch_read_bytes": 0, "prefetch_consumed": 0, "prefetch_ready": 0, "prefetch_late": 0, "prefetch_cancelled": 0, "prefetch_unused": 0, "demand_read_bytes": 96813895680, "io_batches": 138, "io_overlaps": 106, "staging_bytes": 0, "staging_banks": 0, "prefetch_pending": 0, "execution_buffer_bytes": 123933384, "scratch_bytes": 402653184, "gpu_cache_bytes": 87836590080}
(Worker_TP1 pid=127) EXPERT_STREAM {"hits": 0, "misses": 0, "read_bytes": 0, "read_seconds": 0.0, "rank": 1, "cache_bytes": 0, "slot_hits": 2479, "slot_misses": 10356, "packed_read_bytes": 97349713920, "graph_replays": 275, "routed_pipeline_batches": 0, "routed_pipeline_bytes": 0, "prefetch_issued": 0, "prefetch_read_bytes": 0, "prefetch_consumed": 0, "prefetch_ready": 0, "prefetch_late": 0, "prefetch_cancelled": 0, "prefetch_unused": 0, "demand_read_bytes": 97349713920, "io_batches": 165, "io_overlaps": 133, "staging_bytes": 0, "staging_banks": 0, "prefetch_pending": 0, "execution_buffer_bytes": 123933384, "scratch_bytes": 402653184, "gpu_cache_bytes": 87836590080}
(Worker_TP1 pid=127) EXPERT_STREAM {"hits": 0, "misses": 0, "read_bytes": 0, "read_seconds": 0.0, "rank": 1, "cache_bytes": 0, "slot_hits": 3355, "slot_misses": 10441, "packed_read_bytes": 98148741120, "graph_replays": 318, "routed_pipeline_batches": 0, "routed_pipeline_bytes": 0, "prefetch_issued": 0, "prefetch_read_bytes": 0, "prefetch_consumed": 0, "prefetch_ready": 0, "prefetch_late": 0, "prefetch_cancelled": 0, "prefetch_unused": 0, "demand_read_bytes": 98148741120, "io_batches": 197, "io_overlaps": 165, "staging_bytes": 0, "staging_banks": 0, "prefetch_pending": 0, "execution_buffer_bytes": 123933384, "scratch_bytes": 402653184, "gpu_cache_bytes": 87836590080}
(Worker_TP1 pid=127) EXPERT_STREAM {"hits": 0, "misses": 0, "read_bytes": 0, "read_seconds": 0.0, "rank": 1, "cache_bytes": 0, "slot_hits": 4287, "slot_misses": 10535, "packed_read_bytes": 99032371200, "graph_replays": 361, "routed_pipeline_batches": 0, "routed_pipeline_bytes": 0, "prefetch_issued": 0, "prefetch_read_bytes": 0, "prefetch_consumed": 0, "prefetch_ready": 0, "prefetch_late": 0, "prefetch_cancelled": 0, "prefetch_unused": 0, "demand_read_bytes": 99032371200, "io_batches": 231, "io_overlaps": 199, "staging_bytes": 0, "staging_banks": 0, "prefetch_pending": 0, "execution_buffer_bytes": 123933384, "scratch_bytes": 402653184, "gpu_cache_bytes": 87836590080}
(Worker_TP1 pid=127) EXPERT_STREAM {"hits": 0, "misses": 0, "read_bytes": 0, "read_seconds": 0.0, "rank": 1, "cache_bytes": 0, "slot_hits": 5225, "slot_misses": 10610, "packed_read_bytes": 99737395200, "graph_replays": 404, "routed_pipeline_batches": 0, "routed_pipeline_bytes": 0, "prefetch_issued": 0, "prefetch_read_bytes": 0, "prefetch_consumed": 0, "prefetch_ready": 0, "prefetch_late": 0, "prefetch_cancelled": 0, "prefetch_unused": 0, "demand_read_bytes": 99737395200, "io_batches": 263, "io_overlaps": 231, "staging_bytes": 0, "staging_banks": 0, "prefetch_pending": 0, "execution_buffer_bytes": 123933384, "scratch_bytes": 402653184, "gpu_cache_bytes": 87836590080}
(Worker_TP1 pid=127) EXPERT_STREAM {"hits": 0, "misses": 0, "read_bytes": 0, "read_seconds": 0.0, "rank": 1, "cache_bytes": 0, "slot_hits": 6160, "slot_misses": 10651, "packed_read_bytes": 100122808320, "graph_replays": 447, "routed_pipeline_batches": 0, "routed_pipeline_bytes": 0, "prefetch_issued": 0, "prefetch_read_bytes": 0, "prefetch_consumed": 0, "prefetch_ready": 0, "prefetch_late": 0, "prefetch_cancelled": 0, "prefetch_unused": 0, "demand_read_bytes": 100122808320, "io_batches": 286, "io_overlaps": 254, "staging_bytes": 0, "staging_banks": 0, "prefetch_pending": 0, "execution_buffer_bytes": 123933384, "scratch_bytes": 402653184, "gpu_cache_bytes": 87836590080}
(Worker_TP1 pid=127) EXPERT_STREAM {"hits": 0, "misses": 0, "read_bytes": 0, "read_seconds": 0.0, "rank": 1, "cache_bytes": 0, "slot_hits": 7119, "slot_misses": 10696, "packed_read_bytes": 100545822720, "graph_replays": 490, "routed_pipeline_batches": 0, "routed_pipeline_bytes": 0, "prefetch_issued": 0, "prefetch_read_bytes": 0, "prefetch_consumed": 0, "prefetch_ready": 0, "prefetch_late": 0, "prefetch_cancelled": 0, "prefetch_unused": 0, "demand_read_bytes": 100545822720, "io_batches": 309, "io_overlaps": 277, "staging_bytes": 0, "staging_banks": 0, "prefetch_pending": 0, "execution_buffer_bytes": 123933384, "scratch_bytes": 402653184, "gpu_cache_bytes": 87836590080}
(Worker_TP1 pid=127) EXPERT_STREAM {"hits": 0, "misses": 0, "read_bytes": 0, "read_seconds": 0.0, "rank": 1, "cache_bytes": 0, "slot_hits": 8058, "slot_misses": 10735, "packed_read_bytes": 100912435200, "graph_replays": 533, "routed_pipeline_batches": 0, "routed_pipeline_bytes": 0, "prefetch_issued": 0, "prefetch_read_bytes": 0, "prefetch_consumed": 0, "prefetch_ready": 0, "prefetch_late": 0, "prefetch_cancelled": 0, "prefetch_unused": 0, "demand_read_bytes": 100912435200, "io_batches": 330, "io_overlaps": 298, "staging_bytes": 0, "staging_banks": 0, "prefetch_pending": 0, "execution_buffer_bytes": 123933384, "scratch_bytes": 402653184, "gpu_cache_bytes": 87836590080}
(Worker_TP1 pid=127) EXPERT_STREAM {"hits": 0, "misses": 0, "read_bytes": 0, "read_seconds": 0.0, "rank": 1, "cache_bytes": 0, "slot_hits": 8995, "slot_misses": 10771, "packed_read_bytes": 101250846720, "graph_replays": 576, "routed_pipeline_batches": 0, "routed_pipeline_bytes": 0, "prefetch_issued": 0, "prefetch_read_bytes": 0, "prefetch_consumed": 0, "prefetch_ready": 0, "prefetch_late": 0, "prefetch_cancelled": 0, "prefetch_unused": 0, "demand_read_bytes": 101250846720, "io_batches": 350, "io_overlaps": 318, "staging_bytes": 0, "staging_banks": 0, "prefetch_pending": 0, "execution_buffer_bytes": 123933384, "scratch_bytes": 402653184, "gpu_cache_bytes": 87836590080}
(Worker_TP1 pid=127) EXPERT_STREAM {"hits": 0, "misses": 0, "read_bytes": 0, "read_seconds": 0.0, "rank": 1, "cache_bytes": 0, "slot_hits": 9948, "slot_misses": 10803, "packed_read_bytes": 101551656960, "graph_replays": 619, "routed_pipeline_batches": 0, "routed_pipeline_bytes": 0, "prefetch_issued": 0, "prefetch_read_bytes": 0, "prefetch_consumed": 0, "prefetch_ready": 0, "prefetch_late": 0, "prefetch_cancelled": 0, "prefetch_unused": 0, "demand_read_bytes": 101551656960, "io_batches": 371, "io_overlaps": 339, "staging_bytes": 0, "staging_banks": 0, "prefetch_pending": 0, "execution_buffer_bytes": 123933384, "scratch_bytes": 402653184, "gpu_cache_bytes": 87836590080}
(Worker_TP1 pid=127) EXPERT_STREAM {"hits": 0, "misses": 0, "read_bytes": 0, "read_seconds": 0.0, "rank": 1, "cache_bytes": 0, "slot_hits": 10889, "slot_misses": 10833, "packed_read_bytes": 101833666560, "graph_replays": 662, "routed_pipeline_batches": 0, "routed_pipeline_bytes": 0, "prefetch_issued": 0, "prefetch_read_bytes": 0, "prefetch_consumed": 0, "prefetch_ready": 0, "prefetch_late": 0, "prefetch_cancelled": 0, "prefetch_unused": 0, "demand_read_bytes": 101833666560, "io_batches": 390, "io_overlaps": 358, "staging_bytes": 0, "staging_banks": 0, "prefetch_pending": 0, "execution_buffer_bytes": 123933384, "scratch_bytes": 402653184, "gpu_cache_bytes": 87836590080}
(Worker_TP1 pid=127) EXPERT_STREAM {"hits": 0, "misses": 0, "read_bytes": 0, "read_seconds": 0.0, "rank": 1, "cache_bytes": 0, "slot_hits": 11868, "slot_misses": 10862, "packed_read_bytes": 102106275840, "graph_replays": 705, "routed_pipeline_batches": 0, "routed_pipeline_bytes": 0, "prefetch_issued": 0, "prefetch_read_bytes": 0, "prefetch_consumed": 0, "prefetch_ready": 0, "prefetch_late": 0, "prefetch_cancelled": 0, "prefetch_unused": 0, "demand_read_bytes": 102106275840, "io_batches": 410, "io_overlaps": 378, "staging_bytes": 0, "staging_banks": 0, "prefetch_pending": 0, "execution_buffer_bytes": 123933384, "scratch_bytes": 402653184, "gpu_cache_bytes": 87836590080}
(Worker_TP1 pid=127) EXPERT_STREAM {"hits": 0, "misses": 0, "read_bytes": 0, "read_seconds": 0.0, "rank": 1, "cache_bytes": 0, "slot_hits": 12847, "slot_misses": 10899, "packed_read_bytes": 102454087680, "graph_replays": 748, "routed_pipeline_batches": 0, "routed_pipeline_bytes": 0, "prefetch_issued": 0, "prefetch_read_bytes": 0, "prefetch_consumed": 0, "prefetch_ready": 0, "prefetch_late": 0, "prefetch_cancelled": 0, "prefetch_unused": 0, "demand_read_bytes": 102454087680, "io_batches": 434, "io_overlaps": 402, "staging_bytes": 0, "staging_banks": 0, "prefetch_pending": 0, "execution_buffer_bytes": 123933384, "scratch_bytes": 402653184, "gpu_cache_bytes": 87836590080}
(Worker_TP1 pid=127) EXPERT_STREAM {"hits": 0, "misses": 0, "read_bytes": 0, "read_seconds": 0.0, "rank": 1, "cache_bytes": 0, "slot_hits": 13881, "slot_misses": 10915, "packed_read_bytes": 102604492800, "graph_replays": 791, "routed_pipeline_batches": 0, "routed_pipeline_bytes": 0, "prefetch_issued": 0, "prefetch_read_bytes": 0, "prefetch_consumed": 0, "prefetch_ready": 0, "prefetch_late": 0, "prefetch_cancelled": 0, "prefetch_unused": 0, "demand_read_bytes": 102604492800, "io_batches": 448, "io_overlaps": 416, "staging_bytes": 0, "staging_banks": 0, "prefetch_pending": 0, "execution_buffer_bytes": 123933384, "scratch_bytes": 402653184, "gpu_cache_bytes": 87836590080}
(Worker_TP1 pid=127) EXPERT_STREAM {"hits": 0, "misses": 0, "read_bytes": 0, "read_seconds": 0.0, "rank": 1, "cache_bytes": 0, "slot_hits": 14879, "slot_misses": 10928, "packed_read_bytes": 102726696960, "graph_replays": 834, "routed_pipeline_batches": 0, "routed_pipeline_bytes": 0, "prefetch_issued": 0, "prefetch_read_bytes": 0, "prefetch_consumed": 0, "prefetch_ready": 0, "prefetch_late": 0, "prefetch_cancelled": 0, "prefetch_unused": 0, "demand_read_bytes": 102726696960, "io_batches": 459, "io_overlaps": 427, "staging_bytes": 0, "staging_banks": 0, "prefetch_pending": 0, "execution_buffer_bytes": 123933384, "scratch_bytes": 402653184, "gpu_cache_bytes": 87836590080}
(Worker_TP1 pid=127) EXPERT_STREAM {"hits": 0, "misses": 0, "read_bytes": 0, "read_seconds": 0.0, "rank": 1, "cache_bytes": 0, "slot_hits": 15873, "slot_misses": 10948, "packed_read_bytes": 102914703360, "graph_replays": 877, "routed_pipeline_batches": 0, "routed_pipeline_bytes": 0, "prefetch_issued": 0, "prefetch_read_bytes": 0, "prefetch_consumed": 0, "prefetch_ready": 0, "prefetch_late": 0, "prefetch_cancelled": 0, "prefetch_unused": 0, "demand_read_bytes": 102914703360, "io_batches": 476, "io_overlaps": 444, "staging_bytes": 0, "staging_banks": 0, "prefetch_pending": 0, "execution_buffer_bytes": 123933384, "scratch_bytes": 402653184, "gpu_cache_bytes": 87836590080}
(Worker_TP1 pid=127) EXPERT_STREAM {"hits": 0, "misses": 0, "read_bytes": 0, "read_seconds": 0.0, "rank": 1, "cache_bytes": 0, "slot_hits": 16888, "slot_misses": 10968, "packed_read_bytes": 103102709760, "graph_replays": 920, "routed_pipeline_batches": 0, "routed_pipeline_bytes": 0, "prefetch_issued": 0, "prefetch_read_bytes": 0, "prefetch_consumed": 0, "prefetch_ready": 0, "prefetch_late": 0, "prefetch_cancelled": 0, "prefetch_unused": 0, "demand_read_bytes": 103102709760, "io_batches": 490, "io_overlaps": 458, "staging_bytes": 0, "staging_banks": 0, "prefetch_pending": 0, "execution_buffer_bytes": 123933384, "scratch_bytes": 402653184, "gpu_cache_bytes": 87836590080}
(Worker_TP1 pid=127) EXPERT_STREAM {"hits": 0, "misses": 0, "read_bytes": 0, "read_seconds": 0.0, "rank": 1, "cache_bytes": 0, "slot_hits": 17825, "slot_misses": 11031, "packed_read_bytes": 103694929920, "graph_replays": 963, "routed_pipeline_batches": 0, "routed_pipeline_bytes": 0, "prefetch_issued": 0, "prefetch_read_bytes": 0, "prefetch_consumed": 0, "prefetch_ready": 0, "prefetch_late": 0, "prefetch_cancelled": 0, "prefetch_unused": 0, "demand_read_bytes": 103694929920, "io_batches": 523, "io_overlaps": 491, "staging_bytes": 0, "staging_banks": 0, "prefetch_pending": 0, "execution_buffer_bytes": 123933384, "scratch_bytes": 402653184, "gpu_cache_bytes": 87836590080}
(Worker_TP1 pid=127) EXPERT_STREAM {"hits": 0, "misses": 0, "read_bytes": 0, "read_seconds": 0.0, "rank": 1, "cache_bytes": 0, "slot_hits": 18677, "slot_misses": 11087, "packed_read_bytes": 104221347840, "graph_replays": 1006, "routed_pipeline_batches": 0, "routed_pipeline_bytes": 0, "prefetch_issued": 0, "prefetch_read_bytes": 0, "prefetch_consumed": 0, "prefetch_ready": 0, "prefetch_late": 0, "prefetch_cancelled": 0, "prefetch_unused": 0, "demand_read_bytes": 104221347840, "io_batches": 554, "io_overlaps": 522, "staging_bytes": 0, "staging_banks": 0, "prefetch_pending": 0, "execution_buffer_bytes": 123933384, "scratch_bytes": 402653184, "gpu_cache_bytes": 87836590080}
(Worker_TP1 pid=127) EXPERT_CACHE_RESET 1789206059560593451
(Worker_TP1 pid=127) EXPERT_STREAM {"hits": 0, "misses": 0, "read_bytes": 0, "read_seconds": 0.0, "rank": 1, "cache_bytes": 0, "slot_hits": 0, "slot_misses": 10311, "packed_read_bytes": 96926699520, "graph_replays": 146, "routed_pipeline_batches": 0, "routed_pipeline_bytes": 0, "prefetch_issued": 0, "prefetch_read_bytes": 0, "prefetch_consumed": 0, "prefetch_ready": 0, "prefetch_late": 0, "prefetch_cancelled": 0, "prefetch_unused": 0, "demand_read_bytes": 96926699520, "io_batches": 73, "io_overlaps": 40, "staging_bytes": 0, "staging_banks": 0, "prefetch_pending": 0, "execution_buffer_bytes": 123933384, "scratch_bytes": 402653184, "gpu_cache_bytes": 87836590080}
(Worker_TP1 pid=127) EXPERT_STREAM {"hits": 0, "misses": 0, "read_bytes": 0, "read_seconds": 0.0, "rank": 1, "cache_bytes": 0, "slot_hits": 798, "slot_misses": 10434, "packed_read_bytes": 98082938880, "graph_replays": 189, "routed_pipeline_batches": 0, "routed_pipeline_bytes": 0, "prefetch_issued": 0, "prefetch_read_bytes": 0, "prefetch_consumed": 0, "prefetch_ready": 0, "prefetch_late": 0, "prefetch_cancelled": 0, "prefetch_unused": 0, "demand_read_bytes": 98082938880, "io_batches": 110, "io_overlaps": 77, "staging_bytes": 0, "staging_banks": 0, "prefetch_pending": 0, "execution_buffer_bytes": 123933384, "scratch_bytes": 402653184, "gpu_cache_bytes": 87836590080}
(Worker_TP1 pid=127) EXPERT_STREAM {"hits": 0, "misses": 0, "read_bytes": 0, "read_seconds": 0.0, "rank": 1, "cache_bytes": 0, "slot_hits": 1655, "slot_misses": 10506, "packed_read_bytes": 98759761920, "graph_replays": 232, "routed_pipeline_batches": 0, "routed_pipeline_bytes": 0, "prefetch_issued": 0, "prefetch_read_bytes": 0, "prefetch_consumed": 0, "prefetch_ready": 0, "prefetch_late": 0, "prefetch_cancelled": 0, "prefetch_unused": 0, "demand_read_bytes": 98759761920, "io_batches": 140, "io_overlaps": 107, "staging_bytes": 0, "staging_banks": 0, "prefetch_pending": 0, "execution_buffer_bytes": 123933384, "scratch_bytes": 402653184, "gpu_cache_bytes": 87836590080}
(Worker_TP1 pid=127) EXPERT_STREAM {"hits": 0, "misses": 0, "read_bytes": 0, "read_seconds": 0.0, "rank": 1, "cache_bytes": 0, "slot_hits": 2529, "slot_misses": 10565, "packed_read_bytes": 99314380800, "graph_replays": 275, "routed_pipeline_batches": 0, "routed_pipeline_bytes": 0, "prefetch_issued": 0, "prefetch_read_bytes": 0, "prefetch_consumed": 0, "prefetch_ready": 0, "prefetch_late": 0, "prefetch_cancelled": 0, "prefetch_unused": 0, "demand_read_bytes": 99314380800, "io_batches": 171, "io_overlaps": 138, "staging_bytes": 0, "staging_banks": 0, "prefetch_pending": 0, "execution_buffer_bytes": 123933384, "scratch_bytes": 402653184, "gpu_cache_bytes": 87836590080}
(Worker_TP1 pid=127) EXPERT_STREAM {"hits": 0, "misses": 0, "read_bytes": 0, "read_seconds": 0.0, "rank": 1, "cache_bytes": 0, "slot_hits": 3415, "slot_misses": 10638, "packed_read_bytes": 100000604160, "graph_replays": 318, "routed_pipeline_batches": 0, "routed_pipeline_bytes": 0, "prefetch_issued": 0, "prefetch_read_bytes": 0, "prefetch_consumed": 0, "prefetch_ready": 0, "prefetch_late": 0, "prefetch_cancelled": 0, "prefetch_unused": 0, "demand_read_bytes": 100000604160, "io_batches": 202, "io_overlaps": 169, "staging_bytes": 0, "staging_banks": 0, "prefetch_pending": 0, "execution_buffer_bytes": 123933384, "scratch_bytes": 402653184, "gpu_cache_bytes": 87836590080}
(Worker_TP1 pid=127) EXPERT_STREAM {"hits": 0, "misses": 0, "read_bytes": 0, "read_seconds": 0.0, "rank": 1, "cache_bytes": 0, "slot_hits": 4352, "slot_misses": 10718, "packed_read_bytes": 100752629760, "graph_replays": 361, "routed_pipeline_batches": 0, "routed_pipeline_bytes": 0, "prefetch_issued": 0, "prefetch_read_bytes": 0, "prefetch_consumed": 0, "prefetch_ready": 0, "prefetch_late": 0, "prefetch_cancelled": 0, "prefetch_unused": 0, "demand_read_bytes": 100752629760, "io_batches": 235, "io_overlaps": 202, "staging_bytes": 0, "staging_banks": 0, "prefetch_pending": 0, "execution_buffer_bytes": 123933384, "scratch_bytes": 402653184, "gpu_cache_bytes": 87836590080}
(Worker_TP1 pid=127) EXPERT_STREAM {"hits": 0, "misses": 0, "read_bytes": 0, "read_seconds": 0.0, "rank": 1, "cache_bytes": 0, "slot_hits": 5323, "slot_misses": 10797, "packed_read_bytes": 101495255040, "graph_replays": 404, "routed_pipeline_batches": 0, "routed_pipeline_bytes": 0, "prefetch_issued": 0, "prefetch_read_bytes": 0, "prefetch_consumed": 0, "prefetch_ready": 0, "prefetch_late": 0, "prefetch_cancelled": 0, "prefetch_unused": 0, "demand_read_bytes": 101495255040, "io_batches": 264, "io_overlaps": 231, "staging_bytes": 0, "staging_banks": 0, "prefetch_pending": 0, "execution_buffer_bytes": 123933384, "scratch_bytes": 402653184, "gpu_cache_bytes": 87836590080}
(Worker_TP1 pid=127) EXPERT_STREAM {"hits": 0, "misses": 0, "read_bytes": 0, "read_seconds": 0.0, "rank": 1, "cache_bytes": 0, "slot_hits": 6253, "slot_misses": 10827, "packed_read_bytes": 101777264640, "graph_replays": 447, "routed_pipeline_batches": 0, "routed_pipeline_bytes": 0, "prefetch_issued": 0, "prefetch_read_bytes": 0, "prefetch_consumed": 0, "prefetch_ready": 0, "prefetch_late": 0, "prefetch_cancelled": 0, "prefetch_unused": 0, "demand_read_bytes": 101777264640, "io_batches": 286, "io_overlaps": 253, "staging_bytes": 0, "staging_banks": 0, "prefetch_pending": 0, "execution_buffer_bytes": 123933384, "scratch_bytes": 402653184, "gpu_cache_bytes": 87836590080}
(Worker_TP1 pid=127) EXPERT_STREAM {"hits": 0, "misses": 0, "read_bytes": 0, "read_seconds": 0.0, "rank": 1, "cache_bytes": 0, "slot_hits": 7206, "slot_misses": 10861, "packed_read_bytes": 102096875520, "graph_replays": 490, "routed_pipeline_batches": 0, "routed_pipeline_bytes": 0, "prefetch_issued": 0, "prefetch_read_bytes": 0, "prefetch_consumed": 0, "prefetch_ready": 0, "prefetch_late": 0, "prefetch_cancelled": 0, "prefetch_unused": 0, "demand_read_bytes": 102096875520, "io_batches": 303, "io_overlaps": 270, "staging_bytes": 0, "staging_banks": 0, "prefetch_pending": 0, "execution_buffer_bytes": 123933384, "scratch_bytes": 402653184, "gpu_cache_bytes": 87836590080}
(Worker_TP1 pid=127) EXPERT_STREAM {"hits": 0, "misses": 0, "read_bytes": 0, "read_seconds": 0.0, "rank": 1, "cache_bytes": 0, "slot_hits": 8152, "slot_misses": 10894, "packed_read_bytes": 102407086080, "graph_replays": 533, "routed_pipeline_batches": 0, "routed_pipeline_bytes": 0, "prefetch_issued": 0, "prefetch_read_bytes": 0, "prefetch_consumed": 0, "prefetch_ready": 0, "prefetch_late": 0, "prefetch_cancelled": 0, "prefetch_unused": 0, "demand_read_bytes": 102407086080, "io_batches": 322, "io_overlaps": 289, "staging_bytes": 0, "staging_banks": 0, "prefetch_pending": 0, "execution_buffer_bytes": 123933384, "scratch_bytes": 402653184, "gpu_cache_bytes": 87836590080}
(Worker_TP1 pid=127) EXPERT_STREAM {"hits": 0, "misses": 0, "read_bytes": 0, "read_seconds": 0.0, "rank": 1, "cache_bytes": 0, "slot_hits": 9086, "slot_misses": 10924, "packed_read_bytes": 102689095680, "graph_replays": 576, "routed_pipeline_batches": 0, "routed_pipeline_bytes": 0, "prefetch_issued": 0, "prefetch_read_bytes": 0, "prefetch_consumed": 0, "prefetch_ready": 0, "prefetch_late": 0, "prefetch_cancelled": 0, "prefetch_unused": 0, "demand_read_bytes": 102689095680, "io_batches": 341, "io_overlaps": 308, "staging_bytes": 0, "staging_banks": 0, "prefetch_pending": 0, "execution_buffer_bytes": 123933384, "scratch_bytes": 402653184, "gpu_cache_bytes": 87836590080}
(Worker_TP1 pid=127) EXPERT_STREAM {"hits": 0, "misses": 0, "read_bytes": 0, "read_seconds": 0.0, "rank": 1, "cache_bytes": 0, "slot_hits": 10025, "slot_misses": 10955, "packed_read_bytes": 102980505600, "graph_replays": 619, "routed_pipeline_batches": 0, "routed_pipeline_bytes": 0, "prefetch_issued": 0, "prefetch_read_bytes": 0, "prefetch_consumed": 0, "prefetch_ready": 0, "prefetch_late": 0, "prefetch_cancelled": 0, "prefetch_unused": 0, "demand_read_bytes": 102980505600, "io_batches": 362, "io_overlaps": 329, "staging_bytes": 0, "staging_banks": 0, "prefetch_pending": 0, "execution_buffer_bytes": 123933384, "scratch_bytes": 402653184, "gpu_cache_bytes": 87836590080}
(Worker_TP1 pid=127) EXPERT_STREAM {"hits": 0, "misses": 0, "read_bytes": 0, "read_seconds": 0.0, "rank": 1, "cache_bytes": 0, "slot_hits": 10957, "slot_misses": 10987, "packed_read_bytes": 103281315840, "graph_replays": 662, "routed_pipeline_batches": 0, "routed_pipeline_bytes": 0, "prefetch_issued": 0, "prefetch_read_bytes": 0, "prefetch_consumed": 0, "prefetch_ready": 0, "prefetch_late": 0, "prefetch_cancelled": 0, "prefetch_unused": 0, "demand_read_bytes": 103281315840, "io_batches": 381, "io_overlaps": 348, "staging_bytes": 0, "staging_banks": 0, "prefetch_pending": 0, "execution_buffer_bytes": 123933384, "scratch_bytes": 402653184, "gpu_cache_bytes": 87836590080}
(Worker_TP1 pid=127) EXPERT_STREAM {"hits": 0, "misses": 0, "read_bytes": 0, "read_seconds": 0.0, "rank": 1, "cache_bytes": 0, "slot_hits": 11939, "slot_misses": 11009, "packed_read_bytes": 103488122880, "graph_replays": 705, "routed_pipeline_batches": 0, "routed_pipeline_bytes": 0, "prefetch_issued": 0, "prefetch_read_bytes": 0, "prefetch_consumed": 0, "prefetch_ready": 0, "prefetch_late": 0, "prefetch_cancelled": 0, "prefetch_unused": 0, "demand_read_bytes": 103488122880, "io_batches": 399, "io_overlaps": 366, "staging_bytes": 0, "staging_banks": 0, "prefetch_pending": 0, "execution_buffer_bytes": 123933384, "scratch_bytes": 402653184, "gpu_cache_bytes": 87836590080}
(Worker_TP1 pid=127) EXPERT_STREAM {"hits": 0, "misses": 0, "read_bytes": 0, "read_seconds": 0.0, "rank": 1, "cache_bytes": 0, "slot_hits": 12926, "slot_misses": 11047, "packed_read_bytes": 103845335040, "graph_replays": 748, "routed_pipeline_batches": 0, "routed_pipeline_bytes": 0, "prefetch_issued": 0, "prefetch_read_bytes": 0, "prefetch_consumed": 0, "prefetch_ready": 0, "prefetch_late": 0, "prefetch_cancelled": 0, "prefetch_unused": 0, "demand_read_bytes": 103845335040, "io_batches": 424, "io_overlaps": 391, "staging_bytes": 0, "staging_banks": 0, "prefetch_pending": 0, "execution_buffer_bytes": 123933384, "scratch_bytes": 402653184, "gpu_cache_bytes": 87836590080}
(Worker_TP1 pid=127) EXPERT_STREAM {"hits": 0, "misses": 0, "read_bytes": 0, "read_seconds": 0.0, "rank": 1, "cache_bytes": 0, "slot_hits": 13960, "slot_misses": 11070, "packed_read_bytes": 104061542400, "graph_replays": 791, "routed_pipeline_batches": 0, "routed_pipeline_bytes": 0, "prefetch_issued": 0, "prefetch_read_bytes": 0, "prefetch_consumed": 0, "prefetch_ready": 0, "prefetch_late": 0, "prefetch_cancelled": 0, "prefetch_unused": 0, "demand_read_bytes": 104061542400, "io_batches": 442, "io_overlaps": 409, "staging_bytes": 0, "staging_banks": 0, "prefetch_pending": 0, "execution_buffer_bytes": 123933384, "scratch_bytes": 402653184, "gpu_cache_bytes": 87836590080}
(Worker_TP1 pid=127) EXPERT_STREAM {"hits": 0, "misses": 0, "read_bytes": 0, "read_seconds": 0.0, "rank": 1, "cache_bytes": 0, "slot_hits": 14967, "slot_misses": 11081, "packed_read_bytes": 104164945920, "graph_replays": 834, "routed_pipeline_batches": 0, "routed_pipeline_bytes": 0, "prefetch_issued": 0, "prefetch_read_bytes": 0, "prefetch_consumed": 0, "prefetch_ready": 0, "prefetch_late": 0, "prefetch_cancelled": 0, "prefetch_unused": 0, "demand_read_bytes": 104164945920, "io_batches": 453, "io_overlaps": 420, "staging_bytes": 0, "staging_banks": 0, "prefetch_pending": 0, "execution_buffer_bytes": 123933384, "scratch_bytes": 402653184, "gpu_cache_bytes": 87836590080}
(Worker_TP1 pid=127) EXPERT_STREAM {"hits": 0, "misses": 0, "read_bytes": 0, "read_seconds": 0.0, "rank": 1, "cache_bytes": 0, "slot_hits": 15958, "slot_misses": 11102, "packed_read_bytes": 104362352640, "graph_replays": 877, "routed_pipeline_batches": 0, "routed_pipeline_bytes": 0, "prefetch_issued": 0, "prefetch_read_bytes": 0, "prefetch_consumed": 0, "prefetch_ready": 0, "prefetch_late": 0, "prefetch_cancelled": 0, "prefetch_unused": 0, "demand_read_bytes": 104362352640, "io_batches": 471, "io_overlaps": 438, "staging_bytes": 0, "staging_banks": 0, "prefetch_pending": 0, "execution_buffer_bytes": 123933384, "scratch_bytes": 402653184, "gpu_cache_bytes": 87836590080}
(Worker_TP1 pid=127) EXPERT_STREAM {"hits": 0, "misses": 0, "read_bytes": 0, "read_seconds": 0.0, "rank": 1, "cache_bytes": 0, "slot_hits": 16970, "slot_misses": 11116, "packed_read_bytes": 104493957120, "graph_replays": 920, "routed_pipeline_batches": 0, "routed_pipeline_bytes": 0, "prefetch_issued": 0, "prefetch_read_bytes": 0, "prefetch_consumed": 0, "prefetch_ready": 0, "prefetch_late": 0, "prefetch_cancelled": 0, "prefetch_unused": 0, "demand_read_bytes": 104493957120, "io_batches": 483, "io_overlaps": 450, "staging_bytes": 0, "staging_banks": 0, "prefetch_pending": 0, "execution_buffer_bytes": 123933384, "scratch_bytes": 402653184, "gpu_cache_bytes": 87836590080}
(Worker_TP1 pid=127) EXPERT_STREAM {"hits": 0, "misses": 0, "read_bytes": 0, "read_seconds": 0.0, "rank": 1, "cache_bytes": 0, "slot_hits": 17907, "slot_misses": 11177, "packed_read_bytes": 105067376640, "graph_replays": 963, "routed_pipeline_batches": 0, "routed_pipeline_bytes": 0, "prefetch_issued": 0, "prefetch_read_bytes": 0, "prefetch_consumed": 0, "prefetch_ready": 0, "prefetch_late": 0, "prefetch_cancelled": 0, "prefetch_unused": 0, "demand_read_bytes": 105067376640, "io_batches": 517, "io_overlaps": 484, "staging_bytes": 0, "staging_banks": 0, "prefetch_pending": 0, "execution_buffer_bytes": 123933384, "scratch_bytes": 402653184, "gpu_cache_bytes": 87836590080}
(Worker_TP1 pid=127) EXPERT_STREAM {"hits": 0, "misses": 0, "read_bytes": 0, "read_seconds": 0.0, "rank": 1, "cache_bytes": 0, "slot_hits": 18762, "slot_misses": 11233, "packed_read_bytes": 105593794560, "graph_replays": 1006, "routed_pipeline_batches": 0, "routed_pipeline_bytes": 0, "prefetch_issued": 0, "prefetch_read_bytes": 0, "prefetch_consumed": 0, "prefetch_ready": 0, "prefetch_late": 0, "prefetch_cancelled": 0, "prefetch_unused": 0, "demand_read_bytes": 105593794560, "io_batches": 546, "io_overlaps": 513, "staging_bytes": 0, "staging_banks": 0, "prefetch_pending": 0, "execution_buffer_bytes": 123933384, "scratch_bytes": 402653184, "gpu_cache_bytes": 87836590080}
(Worker_TP1 pid=127) EXPERT_CACHE_RESET 1789206081611370763
(Worker_TP1 pid=127) EXPERT_STREAM {"hits": 0, "misses": 0, "read_bytes": 0, "read_seconds": 0.0, "rank": 1, "cache_bytes": 0, "slot_hits": 0, "slot_misses": 9963, "packed_read_bytes": 93655388160, "graph_replays": 139, "routed_pipeline_batches": 0, "routed_pipeline_bytes": 0, "prefetch_issued": 0, "prefetch_read_bytes": 0, "prefetch_consumed": 0, "prefetch_ready": 0, "prefetch_late": 0, "prefetch_cancelled": 0, "prefetch_unused": 0, "demand_read_bytes": 93655388160, "io_batches": 70, "io_overlaps": 40, "staging_bytes": 0, "staging_banks": 0, "prefetch_pending": 0, "execution_buffer_bytes": 123933384, "scratch_bytes": 402653184, "gpu_cache_bytes": 87836590080}
(Worker_TP1 pid=127) FINAL_DECODER_ROWS {"input_rows": 3488, "output_rows": 1, "layer": 39, "scope": "routed_experts_only"}
(Worker_TP1 pid=127) EXPERT_STREAM {"hits": 0, "misses": 0, "read_bytes": 0, "read_seconds": 0.0, "rank": 1, "cache_bytes": 0, "slot_hits": 819, "slot_misses": 10131, "packed_read_bytes": 95234641920, "graph_replays": 182, "routed_pipeline_batches": 0, "routed_pipeline_bytes": 0, "prefetch_issued": 0, "prefetch_read_bytes": 0, "prefetch_consumed": 0, "prefetch_ready": 0, "prefetch_late": 0, "prefetch_cancelled": 0, "prefetch_unused": 0, "demand_read_bytes": 95234641920, "io_batches": 108, "io_overlaps": 78, "staging_bytes": 0, "staging_banks": 0, "prefetch_pending": 0, "execution_buffer_bytes": 123933384, "scratch_bytes": 402653184, "gpu_cache_bytes": 87836590080}
(Worker_TP1 pid=127) EXPERT_STREAM {"hits": 0, "misses": 0, "read_bytes": 0, "read_seconds": 0.0, "rank": 1, "cache_bytes": 0, "slot_hits": 1713, "slot_misses": 10241, "packed_read_bytes": 96268677120, "graph_replays": 225, "routed_pipeline_batches": 0, "routed_pipeline_bytes": 0, "prefetch_issued": 0, "prefetch_read_bytes": 0, "prefetch_consumed": 0, "prefetch_ready": 0, "prefetch_late": 0, "prefetch_cancelled": 0, "prefetch_unused": 0, "demand_read_bytes": 96268677120, "io_batches": 146, "io_overlaps": 116, "staging_bytes": 0, "staging_banks": 0, "prefetch_pending": 0, "execution_buffer_bytes": 123933384, "scratch_bytes": 402653184, "gpu_cache_bytes": 87836590080}
(Worker_TP1 pid=127) EXPERT_STREAM {"hits": 0, "misses": 0, "read_bytes": 0, "read_seconds": 0.0, "rank": 1, "cache_bytes": 0, "slot_hits": 2642, "slot_misses": 10321, "packed_read_bytes": 97020702720, "graph_replays": 268, "routed_pipeline_batches": 0, "routed_pipeline_bytes": 0, "prefetch_issued": 0, "prefetch_read_bytes": 0, "prefetch_consumed": 0, "prefetch_ready": 0, "prefetch_late": 0, "prefetch_cancelled": 0, "prefetch_unused": 0, "demand_read_bytes": 97020702720, "io_batches": 177, "io_overlaps": 147, "staging_bytes": 0, "staging_banks": 0, "prefetch_pending": 0, "execution_buffer_bytes": 123933384, "scratch_bytes": 402653184, "gpu_cache_bytes": 87836590080}
(Worker_TP1 pid=127) EXPERT_STREAM {"hits": 0, "misses": 0, "read_bytes": 0, "read_seconds": 0.0, "rank": 1, "cache_bytes": 0, "slot_hits": 3587, "slot_misses": 10398, "packed_read_bytes": 97744527360, "graph_replays": 311, "routed_pipeline_batches": 0, "routed_pipeline_bytes": 0, "prefetch_issued": 0, "prefetch_read_bytes": 0, "prefetch_consumed": 0, "prefetch_ready": 0, "prefetch_late": 0, "prefetch_cancelled": 0, "prefetch_unused": 0, "demand_read_bytes": 97744527360, "io_batches": 211, "io_overlaps": 181, "staging_bytes": 0, "staging_banks": 0, "prefetch_pending": 0, "execution_buffer_bytes": 123933384, "scratch_bytes": 402653184, "gpu_cache_bytes": 87836590080}
(Worker_TP1 pid=127) EXPERT_STREAM {"hits": 0, "misses": 0, "read_bytes": 0, "read_seconds": 0.0, "rank": 1, "cache_bytes": 0, "slot_hits": 4568, "slot_misses": 10476, "packed_read_bytes": 98477752320, "graph_replays": 354, "routed_pipeline_batches": 0, "routed_pipeline_bytes": 0, "prefetch_issued": 0, "prefetch_read_bytes": 0, "prefetch_consumed": 0, "prefetch_ready": 0, "prefetch_late": 0, "prefetch_cancelled": 0, "prefetch_unused": 0, "demand_read_bytes": 98477752320, "io_batches": 241, "io_overlaps": 211, "staging_bytes": 0, "staging_banks": 0, "prefetch_pending": 0, "execution_buffer_bytes": 123933384, "scratch_bytes": 402653184, "gpu_cache_bytes": 87836590080}
(Worker_TP1 pid=127) EXPERT_STREAM {"hits": 0, "misses": 0, "read_bytes": 0, "read_seconds": 0.0, "rank": 1, "cache_bytes": 0, "slot_hits": 5524, "slot_misses": 10523, "packed_read_bytes": 98919567360, "graph_replays": 397, "routed_pipeline_batches": 0, "routed_pipeline_bytes": 0, "prefetch_issued": 0, "prefetch_read_bytes": 0, "prefetch_consumed": 0, "prefetch_ready": 0, "prefetch_late": 0, "prefetch_cancelled": 0, "prefetch_unused": 0, "demand_read_bytes": 98919567360, "io_batches": 269, "io_overlaps": 239, "staging_bytes": 0, "staging_banks": 0, "prefetch_pending": 0, "execution_buffer_bytes": 123933384, "scratch_bytes": 402653184, "gpu_cache_bytes": 87836590080}
(Worker_TP1 pid=127) EXPERT_STREAM {"hits": 0, "misses": 0, "read_bytes": 0, "read_seconds": 0.0, "rank": 1, "cache_bytes": 0, "slot_hits": 6523, "slot_misses": 10558, "packed_read_bytes": 99248578560, "graph_replays": 440, "routed_pipeline_batches": 0, "routed_pipeline_bytes": 0, "prefetch_issued": 0, "prefetch_read_bytes": 0, "prefetch_consumed": 0, "prefetch_ready": 0, "prefetch_late": 0, "prefetch_cancelled": 0, "prefetch_unused": 0, "demand_read_bytes": 99248578560, "io_batches": 291, "io_overlaps": 261, "staging_bytes": 0, "staging_banks": 0, "prefetch_pending": 0, "execution_buffer_bytes": 123933384, "scratch_bytes": 402653184, "gpu_cache_bytes": 87836590080}
(Worker_TP1 pid=127) EXPERT_STREAM {"hits": 0, "misses": 0, "read_bytes": 0, "read_seconds": 0.0, "rank": 1, "cache_bytes": 0, "slot_hits": 7391, "slot_misses": 10622, "packed_read_bytes": 99850199040, "graph_replays": 483, "routed_pipeline_batches": 0, "routed_pipeline_bytes": 0, "prefetch_issued": 0, "prefetch_read_bytes": 0, "prefetch_consumed": 0, "prefetch_ready": 0, "prefetch_late": 0, "prefetch_cancelled": 0, "prefetch_unused": 0, "demand_read_bytes": 99850199040, "io_batches": 319, "io_overlaps": 289, "staging_bytes": 0, "staging_banks": 0, "prefetch_pending": 0, "execution_buffer_bytes": 123933384, "scratch_bytes": 402653184, "gpu_cache_bytes": 87836590080}
(Worker_TP1 pid=127) EXPERT_STREAM {"hits": 0, "misses": 0, "read_bytes": 0, "read_seconds": 0.0, "rank": 1, "cache_bytes": 0, "slot_hits": 8290, "slot_misses": 10666, "packed_read_bytes": 100263813120, "graph_replays": 526, "routed_pipeline_batches": 0, "routed_pipeline_bytes": 0, "prefetch_issued": 0, "prefetch_read_bytes": 0, "prefetch_consumed": 0, "prefetch_ready": 0, "prefetch_late": 0, "prefetch_cancelled": 0, "prefetch_unused": 0, "demand_read_bytes": 100263813120, "io_batches": 345, "io_overlaps": 315, "staging_bytes": 0, "staging_banks": 0, "prefetch_pending": 0, "execution_buffer_bytes": 123933384, "scratch_bytes": 402653184, "gpu_cache_bytes": 87836590080}
(Worker_TP1 pid=127) EXPERT_STREAM {"hits": 0, "misses": 0, "read_bytes": 0, "read_seconds": 0.0, "rank": 1, "cache_bytes": 0, "slot_hits": 9269, "slot_misses": 10717, "packed_read_bytes": 100743229440, "graph_replays": 569, "routed_pipeline_batches": 0, "routed_pipeline_bytes": 0, "prefetch_issued": 0, "prefetch_read_bytes": 0, "prefetch_consumed": 0, "prefetch_ready": 0, "prefetch_late": 0, "prefetch_cancelled": 0, "prefetch_unused": 0, "demand_read_bytes": 100743229440, "io_batches": 372, "io_overlaps": 342, "staging_bytes": 0, "staging_banks": 0, "prefetch_pending": 0, "execution_buffer_bytes": 123933384, "scratch_bytes": 402653184, "gpu_cache_bytes": 87836590080}
(Worker_TP1 pid=127) EXPERT_STREAM {"hits": 0, "misses": 0, "read_bytes": 0, "read_seconds": 0.0, "rank": 1, "cache_bytes": 0, "slot_hits": 10220, "slot_misses": 10753, "packed_read_bytes": 101081640960, "graph_replays": 612, "routed_pipeline_batches": 0, "routed_pipeline_bytes": 0, "prefetch_issued": 0, "prefetch_read_bytes": 0, "prefetch_consumed": 0, "prefetch_ready": 0, "prefetch_late": 0, "prefetch_cancelled": 0, "prefetch_unused": 0, "demand_read_bytes": 101081640960, "io_batches": 394, "io_overlaps": 364, "staging_bytes": 0, "staging_banks": 0, "prefetch_pending": 0, "execution_buffer_bytes": 123933384, "scratch_bytes": 402653184, "gpu_cache_bytes": 87836590080}
(Worker_TP1 pid=127) EXPERT_STREAM {"hits": 0, "misses": 0, "read_bytes": 0, "read_seconds": 0.0, "rank": 1, "cache_bytes": 0, "slot_hits": 11259, "slot_misses": 10855, "packed_read_bytes": 102040473600, "graph_replays": 655, "routed_pipeline_batches": 0, "routed_pipeline_bytes": 0, "prefetch_issued": 0, "prefetch_read_bytes": 0, "prefetch_consumed": 0, "prefetch_ready": 0, "prefetch_late": 0, "prefetch_cancelled": 0, "prefetch_unused": 0, "demand_read_bytes": 102040473600, "io_batches": 433, "io_overlaps": 403, "staging_bytes": 0, "staging_banks": 0, "prefetch_pending": 0, "execution_buffer_bytes": 123933384, "scratch_bytes": 402653184, "gpu_cache_bytes": 87836590080}
(Worker_TP1 pid=127) EXPERT_STREAM {"hits": 0, "misses": 0, "read_bytes": 0, "read_seconds": 0.0, "rank": 1, "cache_bytes": 0, "slot_hits": 12058, "slot_misses": 11109, "packed_read_bytes": 104428154880, "graph_replays": 698, "routed_pipeline_batches": 0, "routed_pipeline_bytes": 0, "prefetch_issued": 0, "prefetch_read_bytes": 0, "prefetch_consumed": 0, "prefetch_ready": 0, "prefetch_late": 0, "prefetch_cancelled": 0, "prefetch_unused": 0, "demand_read_bytes": 104428154880, "io_batches": 475, "io_overlaps": 445, "staging_bytes": 0, "staging_banks": 0, "prefetch_pending": 0, "execution_buffer_bytes": 123933384, "scratch_bytes": 402653184, "gpu_cache_bytes": 87836590080}
(Worker_TP1 pid=127) EXPERT_CACHE_RESET 1789206102411373355
(Worker_TP1 pid=127) EXPERT_STREAM {"hits": 0, "misses": 0, "read_bytes": 0, "read_seconds": 0.0, "rank": 1, "cache_bytes": 0, "slot_hits": 0, "slot_misses": 10284, "packed_read_bytes": 96672890880, "graph_replays": 145, "routed_pipeline_batches": 0, "routed_pipeline_bytes": 0, "prefetch_issued": 0, "prefetch_read_bytes": 0, "prefetch_consumed": 0, "prefetch_ready": 0, "prefetch_late": 0, "prefetch_cancelled": 0, "prefetch_unused": 0, "demand_read_bytes": 96672890880, "io_batches": 74, "io_overlaps": 43, "staging_bytes": 0, "staging_banks": 0, "prefetch_pending": 0, "execution_buffer_bytes": 123933384, "scratch_bytes": 402653184, "gpu_cache_bytes": 87836590080}
(Worker_TP1 pid=127) EXPERT_STREAM {"hits": 0, "misses": 0, "read_bytes": 0, "read_seconds": 0.0, "rank": 1, "cache_bytes": 0, "slot_hits": 860, "slot_misses": 10417, "packed_read_bytes": 97923133440, "graph_replays": 188, "routed_pipeline_batches": 0, "routed_pipeline_bytes": 0, "prefetch_issued": 0, "prefetch_read_bytes": 0, "prefetch_consumed": 0, "prefetch_ready": 0, "prefetch_late": 0, "prefetch_cancelled": 0, "prefetch_unused": 0, "demand_read_bytes": 97923133440, "io_batches": 112, "io_overlaps": 81, "staging_bytes": 0, "staging_banks": 0, "prefetch_pending": 0, "execution_buffer_bytes": 123933384, "scratch_bytes": 402653184, "gpu_cache_bytes": 87836590080}
(Worker_TP1 pid=127) EXPERT_STREAM {"hits": 0, "misses": 0, "read_bytes": 0, "read_seconds": 0.0, "rank": 1, "cache_bytes": 0, "slot_hits": 1762, "slot_misses": 10514, "packed_read_bytes": 98834964480, "graph_replays": 231, "routed_pipeline_batches": 0, "routed_pipeline_bytes": 0, "prefetch_issued": 0, "prefetch_read_bytes": 0, "prefetch_consumed": 0, "prefetch_ready": 0, "prefetch_late": 0, "prefetch_cancelled": 0, "prefetch_unused": 0, "demand_read_bytes": 98834964480, "io_batches": 148, "io_overlaps": 117, "staging_bytes": 0, "staging_banks": 0, "prefetch_pending": 0, "execution_buffer_bytes": 123933384, "scratch_bytes": 402653184, "gpu_cache_bytes": 87836590080}
(Worker_TP1 pid=127) EXPERT_STREAM {"hits": 0, "misses": 0, "read_bytes": 0, "read_seconds": 0.0, "rank": 1, "cache_bytes": 0, "slot_hits": 2678, "slot_misses": 10587, "packed_read_bytes": 99521187840, "graph_replays": 274, "routed_pipeline_batches": 0, "routed_pipeline_bytes": 0, "prefetch_issued": 0, "prefetch_read_bytes": 0, "prefetch_consumed": 0, "prefetch_ready": 0, "prefetch_late": 0, "prefetch_cancelled": 0, "prefetch_unused": 0, "demand_read_bytes": 99521187840, "io_batches": 180, "io_overlaps": 149, "staging_bytes": 0, "staging_banks": 0, "prefetch_pending": 0, "execution_buffer_bytes": 123933384, "scratch_bytes": 402653184, "gpu_cache_bytes": 87836590080}
(Worker_TP1 pid=127) EXPERT_STREAM {"hits": 0, "misses": 0, "read_bytes": 0, "read_seconds": 0.0, "rank": 1, "cache_bytes": 0, "slot_hits": 3647, "slot_misses": 10655, "packed_read_bytes": 100160409600, "graph_replays": 317, "routed_pipeline_batches": 0, "routed_pipeline_bytes": 0, "prefetch_issued": 0, "prefetch_read_bytes": 0, "prefetch_consumed": 0, "prefetch_ready": 0, "prefetch_late": 0, "prefetch_cancelled": 0, "prefetch_unused": 0, "demand_read_bytes": 100160409600, "io_batches": 213, "io_overlaps": 182, "staging_bytes": 0, "staging_banks": 0, "prefetch_pending": 0, "execution_buffer_bytes": 123933384, "scratch_bytes": 402653184, "gpu_cache_bytes": 87836590080}
(Worker_TP1 pid=127) EXPERT_STREAM {"hits": 0, "misses": 0, "read_bytes": 0, "read_seconds": 0.0, "rank": 1, "cache_bytes": 0, "slot_hits": 4628, "slot_misses": 10727, "packed_read_bytes": 100837232640, "graph_replays": 360, "routed_pipeline_batches": 0, "routed_pipeline_bytes": 0, "prefetch_issued": 0, "prefetch_read_bytes": 0, "prefetch_consumed": 0, "prefetch_ready": 0, "prefetch_late": 0, "prefetch_cancelled": 0, "prefetch_unused": 0, "demand_read_bytes": 100837232640, "io_batches": 244, "io_overlaps": 213, "staging_bytes": 0, "staging_banks": 0, "prefetch_pending": 0, "execution_buffer_bytes": 123933384, "scratch_bytes": 402653184, "gpu_cache_bytes": 87836590080}
(Worker_TP1 pid=127) EXPERT_STREAM {"hits": 0, "misses": 0, "read_bytes": 0, "read_seconds": 0.0, "rank": 1, "cache_bytes": 0, "slot_hits": 5562, "slot_misses": 10778, "packed_read_bytes": 101316648960, "graph_replays": 403, "routed_pipeline_batches": 0, "routed_pipeline_bytes": 0, "prefetch_issued": 0, "prefetch_read_bytes": 0, "prefetch_consumed": 0, "prefetch_ready": 0, "prefetch_late": 0, "prefetch_cancelled": 0, "prefetch_unused": 0, "demand_read_bytes": 101316648960, "io_batches": 273, "io_overlaps": 242, "staging_bytes": 0, "staging_banks": 0, "prefetch_pending": 0, "execution_buffer_bytes": 123933384, "scratch_bytes": 402653184, "gpu_cache_bytes": 87836590080}
(Worker_TP1 pid=127) EXPERT_STREAM {"hits": 0, "misses": 0, "read_bytes": 0, "read_seconds": 0.0, "rank": 1, "cache_bytes": 0, "slot_hits": 6558, "slot_misses": 10813, "packed_read_bytes": 101645660160, "graph_replays": 446, "routed_pipeline_batches": 0, "routed_pipeline_bytes": 0, "prefetch_issued": 0, "prefetch_read_bytes": 0, "prefetch_consumed": 0, "prefetch_ready": 0, "prefetch_late": 0, "prefetch_cancelled": 0, "prefetch_unused": 0, "demand_read_bytes": 101645660160, "io_batches": 299, "io_overlaps": 268, "staging_bytes": 0, "staging_banks": 0, "prefetch_pending": 0, "execution_buffer_bytes": 123933384, "scratch_bytes": 402653184, "gpu_cache_bytes": 87836590080}
(Worker_TP1 pid=127) EXPERT_STREAM {"hits": 0, "misses": 0, "read_bytes": 0, "read_seconds": 0.0, "rank": 1, "cache_bytes": 0, "slot_hits": 7438, "slot_misses": 10869, "packed_read_bytes": 102172078080, "graph_replays": 489, "routed_pipeline_batches": 0, "routed_pipeline_bytes": 0, "prefetch_issued": 0, "prefetch_read_bytes": 0, "prefetch_consumed": 0, "prefetch_ready": 0, "prefetch_late": 0, "prefetch_cancelled": 0, "prefetch_unused": 0, "demand_read_bytes": 102172078080, "io_batches": 329, "io_overlaps": 298, "staging_bytes": 0, "staging_banks": 0, "prefetch_pending": 0, "execution_buffer_bytes": 123933384, "scratch_bytes": 402653184, "gpu_cache_bytes": 87836590080}
(Worker_TP1 pid=127) EXPERT_STREAM {"hits": 0, "misses": 0, "read_bytes": 0, "read_seconds": 0.0, "rank": 1, "cache_bytes": 0, "slot_hits": 8335, "slot_misses": 10902, "packed_read_bytes": 102482288640, "graph_replays": 532, "routed_pipeline_batches": 0, "routed_pipeline_bytes": 0, "prefetch_issued": 0, "prefetch_read_bytes": 0, "prefetch_consumed": 0, "prefetch_ready": 0, "prefetch_late": 0, "prefetch_cancelled": 0, "prefetch_unused": 0, "demand_read_bytes": 102482288640, "io_batches": 352, "io_overlaps": 321, "staging_bytes": 0, "staging_banks": 0, "prefetch_pending": 0, "execution_buffer_bytes": 123933384, "scratch_bytes": 402653184, "gpu_cache_bytes": 87836590080}
(Worker_TP1 pid=127) EXPERT_STREAM {"hits": 0, "misses": 0, "read_bytes": 0, "read_seconds": 0.0, "rank": 1, "cache_bytes": 0, "slot_hits": 9340, "slot_misses": 10942, "packed_read_bytes": 102858301440, "graph_replays": 575, "routed_pipeline_batches": 0, "routed_pipeline_bytes": 0, "prefetch_issued": 0, "prefetch_read_bytes": 0, "prefetch_consumed": 0, "prefetch_ready": 0, "prefetch_late": 0, "prefetch_cancelled": 0, "prefetch_unused": 0, "demand_read_bytes": 102858301440, "io_batches": 378, "io_overlaps": 347, "staging_bytes": 0, "staging_banks": 0, "prefetch_pending": 0, "execution_buffer_bytes": 123933384, "scratch_bytes": 402653184, "gpu_cache_bytes": 87836590080}
(Worker_TP1 pid=127) EXPERT_STREAM {"hits": 0, "misses": 0, "read_bytes": 0, "read_seconds": 0.0, "rank": 1, "cache_bytes": 0, "slot_hits": 10297, "slot_misses": 10975, "packed_read_bytes": 103168512000, "graph_replays": 618, "routed_pipeline_batches": 0, "routed_pipeline_bytes": 0, "prefetch_issued": 0, "prefetch_read_bytes": 0, "prefetch_consumed": 0, "prefetch_ready": 0, "prefetch_late": 0, "prefetch_cancelled": 0, "prefetch_unused": 0, "demand_read_bytes": 103168512000, "io_batches": 404, "io_overlaps": 373, "staging_bytes": 0, "staging_banks": 0, "prefetch_pending": 0, "execution_buffer_bytes": 123933384, "scratch_bytes": 402653184, "gpu_cache_bytes": 87836590080}
(Worker_TP1 pid=127) EXPERT_STREAM {"hits": 0, "misses": 0, "read_bytes": 0, "read_seconds": 0.0, "rank": 1, "cache_bytes": 0, "slot_hits": 11332, "slot_misses": 11071, "packed_read_bytes": 104070942720, "graph_replays": 661, "routed_pipeline_batches": 0, "routed_pipeline_bytes": 0, "prefetch_issued": 0, "prefetch_read_bytes": 0, "prefetch_consumed": 0, "prefetch_ready": 0, "prefetch_late": 0, "prefetch_cancelled": 0, "prefetch_unused": 0, "demand_read_bytes": 104070942720, "io_batches": 441, "io_overlaps": 410, "staging_bytes": 0, "staging_banks": 0, "prefetch_pending": 0, "execution_buffer_bytes": 123933384, "scratch_bytes": 402653184, "gpu_cache_bytes": 87836590080}
(Worker_TP1 pid=127) EXPERT_STREAM {"hits": 0, "misses": 0, "read_bytes": 0, "read_seconds": 0.0, "rank": 1, "cache_bytes": 0, "slot_hits": 12146, "slot_misses": 11316, "packed_read_bytes": 106374021120, "graph_replays": 704, "routed_pipeline_batches": 0, "routed_pipeline_bytes": 0, "prefetch_issued": 0, "prefetch_read_bytes": 0, "prefetch_consumed": 0, "prefetch_ready": 0, "prefetch_late": 0, "prefetch_cancelled": 0, "prefetch_unused": 0, "demand_read_bytes": 106374021120, "io_batches": 484, "io_overlaps": 453, "staging_bytes": 0, "staging_banks": 0, "prefetch_pending": 0, "execution_buffer_bytes": 123933384, "scratch_bytes": 402653184, "gpu_cache_bytes": 87836590080}
