Sep 09 00:41:02 spark-f05a kernel: Booting Linux on physical CPU 0x0000000000 [0x410fd871]
Sep 09 00:41:02 spark-f05a kernel: Linux version 6.17.0-1032-nvidia (buildd@bos03-arm64-084) (aarch64-linux-gnu-gcc-13 (Ubuntu 13.3.0-6ubuntu2~24.04.1) 13.3.0, GNU ld (GNU Binutils for Ubuntu) 2.42) #32-Ubuntu SMP PREEMPT_DYNAMIC Wed Aug 19 17:40:46 UTC 2026 (Ubuntu 6.17.0-1032.32-nvidia 6.17.13)
Sep 09 00:41:02 spark-f05a kernel: KASLR enabled
Sep 09 00:41:02 spark-f05a kernel: earlycon: uart0 at MMIO32 0x0000000016a00000 (options '')
Sep 09 00:41:02 spark-f05a kernel: printk: legacy bootconsole [uart0] enabled
Sep 09 00:41:02 spark-f05a kernel: efi: EFI v2.9 by American Megatrends
Sep 09 00:41:02 spark-f05a kernel: efi: RTPROP=0x86f4fd18 ACPI 2.0=0x8707e018 SMBIOS=0x86dd0000 SMBIOS 3.0=0x86dc0000 TPMFinalLog=0x86fe0000 ESRT=0x855e9d98 MOKvar=0x86d10000 INITRD=0x853cfa18 RNG=0x87065e18 MEMRESERVE=0x853cf598 
Sep 09 00:41:02 spark-f05a kernel: random: crng init done
Sep 09 00:41:02 spark-f05a kernel: secureboot: Secure boot disabled
Sep 09 00:41:02 spark-f05a kernel: esrt: Reserving ESRT space from 0x00000000855e9d98 to 0x00000000855e9e20.
Sep 09 00:41:02 spark-f05a kernel: ACPI: Early table checksum verification disabled
Sep 09 00:41:02 spark-f05a kernel: ACPI: RSDP 0x000000008707E018 000024 (v02 ALASKA)
Sep 09 00:41:02 spark-f05a kernel: ACPI: XSDT 0x000000008707E098 0000BC (v01 ALASKA A M I    01072009 AMI  01000013)
Sep 09 00:41:02 spark-f05a kernel: ACPI: FACP 0x000000008707EB18 000114 (v06 ALASKA A M I    01072009 AMI  00010013)
Sep 09 00:41:02 spark-f05a kernel: ACPI: DSDT 0x000000008706C018 0111FF (v02 ALASKA A M I    01072009 INTL 20230628)
Sep 09 00:41:02 spark-f05a kernel: ACPI: FIDT 0x000000008707EF18 00009C (v01 ALASKA A M I    01072009 AMI  00010013)
Sep 09 00:41:02 spark-f05a kernel: ACPI: SSDT 0x000000008706A018 001A08 (v02 MTKINC ANGUS    00000001 INTL 20230628)
Sep 09 00:41:02 spark-f05a kernel: ACPI: SSDT 0x0000000087069018 000305 (v02 MTKINC ANGUSCPU 000000FF INTL 20230628)
Sep 09 00:41:02 spark-f05a kernel: ACPI: CSRT 0x0000000087069E98 000068 (v00 ALASKA A M I    20130221 AMI  00000099)
Sep 09 00:41:02 spark-f05a kernel: ACPI: DBG2 0x000000008707EC98 000175 (v00 ALASKA A M I    20130221 AMI  00000099)
Sep 09 00:41:02 spark-f05a kernel: ACPI: GTDT 0x0000000087069418 0001D8 (v03 ALASKA A M I    20130221 AMI  00000099)
Sep 09 00:41:02 spark-f05a kernel: ACPI: APIC 0x0000000087067018 0006A8 (v05 ALASKA A M I    20130221 AMI  00000099)
Sep 09 00:41:02 spark-f05a kernel: ACPI: MCFG 0x0000000087067E98 00012C (v01 ALASKA A M I    20130221 AMI  00000099)
Sep 09 00:41:02 spark-f05a kernel: ACPI: PPTT 0x0000000087066018 0008B8 (v02 ALASKA A M I    20130221 AMI  00000099)
Sep 09 00:41:02 spark-f05a kernel: ACPI: SPCR 0x0000000087069F98 000050 (v02 ALASKA A M I    20130221 AMI  00000099)
Sep 09 00:41:02 spark-f05a kernel: ACPI: SDEV 0x0000000087066E98 000024 (v01 ALASKA NVSDEV   00000000 AMI  00000001)
Sep 09 00:41:02 spark-f05a kernel: ACPI: SSDT 0x0000000087065018 000793 (v02 ALASKA A M I    00000001 INTL 20230628)
Sep 09 00:41:02 spark-f05a kernel: ACPI: SSDT 0x0000000087065A98 000171 (v01 NVIDIA NBCI     00000001 INTL 20230628)
Sep 09 00:41:02 spark-f05a kernel: ACPI: IORT 0x0000000087068018 000F40 (v06 MEDTEK MTKSGI   00000000 MTK  00000001)
Sep 09 00:41:02 spark-f05a kernel: ACPI: FPDT 0x0000000087066F18 000044 (v01 ALASKA A M I    01072009 AMI  01000013)
Sep 09 00:41:02 spark-f05a kernel: ACPI: BGRT 0x0000000087066F98 000038 (v01 ALASKA A M I    01072009 AMI  00010013)
Sep 09 00:41:02 spark-f05a kernel: ACPI: WSMT 0x0000000087065D18 000028 (v01 ALASKA A M I    01072009 AMI  00010013)
Sep 09 00:41:02 spark-f05a kernel: ACPI: BERT 0x0000000087065D98 000030 (v01 MTKID  MTKTABLE 00000001 CREA 00000001)
Sep 09 00:41:02 spark-f05a kernel: ACPI: SPCR: console: uart,mmio32,0x16a00000,115200
Sep 09 00:41:02 spark-f05a kernel: ACPI: Use ACPI SPCR as default console: Yes
Sep 09 00:41:02 spark-f05a kernel: NUMA: Faking a node at [mem 0x0000000080000000-0x000000207fffffff]
Sep 09 00:41:02 spark-f05a kernel: NODE_DATA(0) allocated [mem 0x206968d440-0x2069692fff]
Sep 09 00:41:02 spark-f05a kernel: Zone ranges:
Sep 09 00:41:02 spark-f05a kernel:   DMA      [mem 0x0000000080000000-0x00000000ffffffff]
Sep 09 00:41:02 spark-f05a kernel:   DMA32    empty
Sep 09 00:41:02 spark-f05a kernel:   Normal   [mem 0x0000000100000000-0x000000207fffffff]
Sep 09 00:41:02 spark-f05a kernel:   Device   empty
Sep 09 00:41:02 spark-f05a kernel: Movable zone start for each node
Sep 09 00:41:02 spark-f05a kernel: Early memory node ranges
Sep 09 00:41:02 spark-f05a kernel:   node   0: [mem 0x0000000080000000-0x000000008007ffff]
Sep 09 00:41:02 spark-f05a kernel:   node   0: [mem 0x0000000080080000-0x000000008655ffff]
Sep 09 00:41:02 spark-f05a kernel:   node   0: [mem 0x0000000086560000-0x000000008701ffff]
Sep 09 00:41:02 spark-f05a kernel:   node   0: [mem 0x0000000087020000-0x000000008707ffff]
Sep 09 00:41:02 spark-f05a kernel:   node   0: [mem 0x0000000087080000-0x0000000088100fff]
Sep 09 00:41:02 spark-f05a kernel:   node   0: [mem 0x0000000088200000-0x000000008a0fffff]
Sep 09 00:41:02 spark-f05a kernel:   node   0: [mem 0x000000008b080000-0x000000008e07ffff]
Sep 09 00:41:02 spark-f05a kernel:   node   0: [mem 0x0000000090000000-0x00000000933dffff]
Sep 09 00:41:02 spark-f05a kernel:   node   0: [mem 0x0000000093400000-0x00000000afffffff]
Sep 09 00:41:02 spark-f05a kernel:   node   0: [mem 0x00000000b9600000-0x00000000b97fffff]
Sep 09 00:41:02 spark-f05a kernel:   node   0: [mem 0x00000000c2e00000-0x00000000d59fffff]
Sep 09 00:41:02 spark-f05a kernel:   node   0: [mem 0x00000000d5a00000-0x00000000ddffffff]
Sep 09 00:41:02 spark-f05a kernel:   node   0: [mem 0x00000000e0000000-0x00000000e001ffff]
Sep 09 00:41:02 spark-f05a kernel:   node   0: [mem 0x00000000e0020000-0x00000000f9ffffff]
Sep 09 00:41:02 spark-f05a kernel:   node   0: [mem 0x00000000fa000000-0x00000000fa001fff]
Sep 09 00:41:02 spark-f05a kernel:   node   0: [mem 0x00000000fa002000-0x00000000fbceffff]
Sep 09 00:41:02 spark-f05a kernel:   node   0: [mem 0x00000000fbcf0000-0x00000000ffd1ffff]
Sep 09 00:41:02 spark-f05a kernel:   node   0: [mem 0x00000000ffd20000-0x000000027fffffff]
Sep 09 00:41:02 spark-f05a kernel:   node   0: [mem 0x0000000280000000-0x00000003237fffff]
Sep 09 00:41:02 spark-f05a kernel:   node   0: [mem 0x0000000323800000-0x000000207df6ffff]
Sep 09 00:41:02 spark-f05a kernel:   node   0: [mem 0x000000207df70000-0x000000207fffffff]
Sep 09 00:41:02 spark-f05a kernel: Initmem setup node 0 [mem 0x0000000080000000-0x000000207fffffff]
Sep 09 00:41:02 spark-f05a kernel: On node 0, zone DMA: 255 pages in unavailable ranges
Sep 09 00:41:02 spark-f05a kernel: On node 0, zone DMA: 3968 pages in unavailable ranges
Sep 09 00:41:02 spark-f05a kernel: On node 0, zone DMA: 8064 pages in unavailable ranges
Sep 09 00:41:02 spark-f05a kernel: On node 0, zone DMA: 32 pages in unavailable ranges
Sep 09 00:41:02 spark-f05a kernel: On node 0, zone DMA: 5632 pages in unavailable ranges
Sep 09 00:41:02 spark-f05a kernel: On node 0, zone DMA: 38400 pages in unavailable ranges
Sep 09 00:41:02 spark-f05a kernel: On node 0, zone DMA: 8192 pages in unavailable ranges
Sep 09 00:41:02 spark-f05a kernel: cma: Reserved 128 MiB at 0x00000000f2000000
Sep 09 00:41:02 spark-f05a kernel: crashkernel size resulted in zero bytes
Sep 09 00:41:02 spark-f05a kernel: psci: probing for conduit method from ACPI.
Sep 09 00:41:02 spark-f05a kernel: psci: PSCIv1.1 detected in firmware.
Sep 09 00:41:02 spark-f05a kernel: psci: Using standard PSCI v0.2 function IDs
Sep 09 00:41:02 spark-f05a kernel: psci: MIGRATE_INFO_TYPE not supported.
Sep 09 00:41:02 spark-f05a kernel: psci: SMC Calling Convention v1.5
Sep 09 00:41:02 spark-f05a kernel: percpu: Embedded 57 pages/cpu s108056 r8192 d117224 u233472
Sep 09 00:41:02 spark-f05a kernel: pcpu-alloc: s108056 r8192 d117224 u233472 alloc=57*4096
Sep 09 00:41:02 spark-f05a kernel: pcpu-alloc: [0] 00 [0] 01 [0] 02 [0] 03 [0] 04 [0] 05 [0] 06 [0] 07 
Sep 09 00:41:02 spark-f05a kernel: pcpu-alloc: [0] 08 [0] 09 [0] 10 [0] 11 [0] 12 [0] 13 [0] 14 [0] 15 
Sep 09 00:41:02 spark-f05a kernel: pcpu-alloc: [0] 16 [0] 17 [0] 18 [0] 19 
Sep 09 00:41:02 spark-f05a kernel: Detected PIPT I-cache on CPU0
Sep 09 00:41:02 spark-f05a kernel: CPU features: detected: Address authentication (architected QARMA3 algorithm)
Sep 09 00:41:02 spark-f05a kernel: CPU features: detected: GICv3 CPU interface
Sep 09 00:41:02 spark-f05a kernel: CPU features: detected: HCRX_EL2 register
Sep 09 00:41:02 spark-f05a kernel: CPU features: detected: Virtualization Host Extensions
Sep 09 00:41:02 spark-f05a kernel: CPU features: detected: Spectre-v4
Sep 09 00:41:02 spark-f05a kernel: CPU features: detected: Spectre-BHB
Sep 09 00:41:02 spark-f05a kernel: CPU features: detected: SSBS not fully self-synchronizing
Sep 09 00:41:02 spark-f05a kernel: alternatives: applying boot alternatives
Sep 09 00:41:02 spark-f05a kernel: Kernel command line: BOOT_IMAGE=/boot/vmlinuz-6.17.0-1032-nvidia root=UUID=cf531b7b-fe62-4347-9af2-197f9b7a76f0 ro init_on_alloc=0 iommu.passthrough=0 console=tty0 plymouth.ignore-serial-consoles plymouth.use-simpledrm earlycon=uart,mmio32,0x16A00000 console=tty0 console=ttyS0,921600 crashkernel=1G-:0M quiet splash initcall_blacklist=tegra234_cbb_init pci=pcie_bus_safe vt.handoff=7
Sep 09 00:41:02 spark-f05a kernel: blacklisting initcall tegra234_cbb_init
Sep 09 00:41:02 spark-f05a kernel: Unknown kernel command line parameters "splash", will be passed to user space.
Sep 09 00:41:02 spark-f05a kernel: printk: log buffer data + meta data: 262144 + 917504 = 1179648 bytes
Sep 09 00:41:02 spark-f05a kernel: Dentry cache hash table entries: 8388608 (order: 14, 67108864 bytes, linear)
Sep 09 00:41:02 spark-f05a kernel: Inode-cache hash table entries: 4194304 (order: 13, 33554432 bytes, linear)
Sep 09 00:41:02 spark-f05a kernel: software IO TLB: area num 32.
Sep 09 00:41:02 spark-f05a kernel: software IO TLB: mapped [mem 0x00000000ee000000-0x00000000f2000000] (64MB)
Sep 09 00:41:02 spark-f05a kernel: Fallback order for Node 0: 0 
Sep 09 00:41:02 spark-f05a kernel: Built 1 zonelists, mobility grouping on.  Total pages: 33457121
Sep 09 00:41:02 spark-f05a kernel: Policy zone: Normal
Sep 09 00:41:02 spark-f05a kernel: mem auto-init: stack:all(zero), heap alloc:off, heap free:off
Sep 09 00:41:02 spark-f05a kernel: SLUB: HWalign=64, Order=0-3, MinObjects=0, CPUs=20, Nodes=1
Sep 09 00:41:02 spark-f05a kernel: ftrace: allocating 69245 entries in 272 pages
Sep 09 00:41:02 spark-f05a kernel: ftrace: allocated 272 pages with 2 groups
Sep 09 00:41:02 spark-f05a kernel: Dynamic Preempt: none
Sep 09 00:41:02 spark-f05a kernel: rcu: Preemptible hierarchical RCU implementation.
Sep 09 00:41:02 spark-f05a kernel: rcu:         RCU restricting CPUs from NR_CPUS=512 to nr_cpu_ids=20.
Sep 09 00:41:02 spark-f05a kernel:         Trampoline variant of Tasks RCU enabled.
Sep 09 00:41:02 spark-f05a kernel:         Rude variant of Tasks RCU enabled.
Sep 09 00:41:02 spark-f05a kernel:         Tracing variant of Tasks RCU enabled.
Sep 09 00:41:02 spark-f05a kernel: rcu: RCU calculated value of scheduler-enlistment delay is 100 jiffies.
Sep 09 00:41:02 spark-f05a kernel: rcu: Adjusting geometry for rcu_fanout_leaf=16, nr_cpu_ids=20
Sep 09 00:41:02 spark-f05a kernel: RCU Tasks: Setting shift to 5 and lim to 1 rcu_task_cb_adjust=1 rcu_task_cpu_ids=20.
Sep 09 00:41:02 spark-f05a kernel: RCU Tasks Rude: Setting shift to 5 and lim to 1 rcu_task_cb_adjust=1 rcu_task_cpu_ids=20.
Sep 09 00:41:02 spark-f05a kernel: RCU Tasks Trace: Setting shift to 5 and lim to 1 rcu_task_cb_adjust=1 rcu_task_cpu_ids=20.
Sep 09 00:41:02 spark-f05a kernel: NR_IRQS: 64, nr_irqs: 64, preallocated irqs: 0
Sep 09 00:41:02 spark-f05a kernel: GICv3: GIC: Using split EOI/Deactivate mode
Sep 09 00:41:02 spark-f05a kernel: GICv3: 960 SPIs implemented
Sep 09 00:41:02 spark-f05a kernel: GICv3: 672 Extended SPIs implemented
Sep 09 00:41:02 spark-f05a kernel: Root IRQ handler: gic_handle_irq
Sep 09 00:41:02 spark-f05a kernel: GICv3: GICv3 features: 16 PPIs, DirectLPI
Sep 09 00:41:02 spark-f05a kernel: GICv3: GICv4 features: DirectLPI RVPEID Valid+Dirty 
Sep 09 00:41:02 spark-f05a kernel: GICv3: GICD_CTLR.DS=0, SCR_EL3.FIQ=1
Sep 09 00:41:02 spark-f05a kernel: GICv3: CPU0: found redistributor 0 region 0:0x0000000006880000
Sep 09 00:41:02 spark-f05a kernel: ITS [mem 0x06840000-0x0685ffff]
Sep 09 00:41:02 spark-f05a kernel: ITS@0x0000000006840000: Single VMOVP capable
Sep 09 00:41:02 spark-f05a kernel: ITS@0x0000000006840000: Using GICv4.1 mode 00000000 00000001
Sep 09 00:41:02 spark-f05a kernel: ITS@0x0000000006840000: allocated 8192 Devices @100320000 (indirect, esz 8, psz 64K, shr 1)
Sep 09 00:41:02 spark-f05a kernel: ITS@0x0000000006840000: allocated 32768 Interrupt Collections @100330000 (flat, esz 2, psz 64K, shr 1)
Sep 09 00:41:02 spark-f05a kernel: ITS@0x0000000006840000: allocated 8192 Virtual CPUs @100340000 (flat, esz 8, psz 64K, shr 1)
Sep 09 00:41:02 spark-f05a kernel: GICv3: using LPI property table @0x0000000100350000
Sep 09 00:41:02 spark-f05a kernel: ITS: Using DirectLPI for VPE invalidation
Sep 09 00:41:02 spark-f05a kernel: ITS: Enabling GICv4 support
Sep 09 00:41:02 spark-f05a kernel: GICv3: CPU0: using allocated LPI pending table @0x0000000100360000
Sep 09 00:41:02 spark-f05a kernel: rcu: srcu_init: Setting srcu_struct sizes based on contention.
Sep 09 00:41:02 spark-f05a kernel: ACPI GTDT: found 1 memory-mapped timer block(s).
Sep 09 00:41:02 spark-f05a kernel: arch_timer: cp15 and mmio timer(s) running at 1000.00MHz (phys/virt).
Sep 09 00:41:02 spark-f05a kernel: clocksource: arch_sys_counter: mask: 0x1fffffffffffffff max_cycles: 0x1cd42e4dffb, max_idle_ns: 881590591483 ns
Sep 09 00:41:02 spark-f05a kernel: sched_clock: 61 bits at 1000MHz, resolution 1ns, wraps every 4398046511103ns
Sep 09 00:41:02 spark-f05a kernel: Console: colour dummy device 80x25
Sep 09 00:41:02 spark-f05a kernel: printk: legacy console [tty0] enabled
Sep 09 00:41:02 spark-f05a kernel: ACPI: Core revision 20250404
Sep 09 00:41:02 spark-f05a kernel: Calibrating delay loop (skipped), value calculated using timer frequency.. 2000.00 BogoMIPS (lpj=1000000)
Sep 09 00:41:02 spark-f05a kernel: pid_max: default: 32768 minimum: 301
Sep 09 00:41:02 spark-f05a kernel: LSM: initializing lsm=lockdown,capability,landlock,yama,apparmor,ima,evm
Sep 09 00:41:02 spark-f05a kernel: landlock: Up and running.
Sep 09 00:41:02 spark-f05a kernel: Yama: becoming mindful.
Sep 09 00:41:02 spark-f05a kernel: AppArmor: AppArmor initialized
Sep 09 00:41:02 spark-f05a kernel: Mount-cache hash table entries: 131072 (order: 8, 1048576 bytes, linear)
Sep 09 00:41:02 spark-f05a kernel: Mountpoint-cache hash table entries: 131072 (order: 8, 1048576 bytes, linear)
Sep 09 00:41:02 spark-f05a kernel: rcu: Hierarchical SRCU implementation.
Sep 09 00:41:02 spark-f05a kernel: rcu:         Max phase no-delay instances is 400.
Sep 09 00:41:02 spark-f05a kernel: Timer migration: 2 hierarchy levels; 8 children per group; 2 crossnode level
Sep 09 00:41:02 spark-f05a kernel: fsl-mc MSI: ITS@0x6840000 domain created
Sep 09 00:41:02 spark-f05a kernel: Remapping and enabling EFI services.
Sep 09 00:41:02 spark-f05a kernel: smp: Bringing up secondary CPUs ...
Sep 09 00:41:02 spark-f05a kernel: Detected PIPT I-cache on CPU1
Sep 09 00:41:02 spark-f05a kernel: GICv3: CPU1: found redistributor 100 region 0:0x00000000068c0000
Sep 09 00:41:02 spark-f05a kernel: GICv3: CPU1: using allocated LPI pending table @0x0000000100370000
Sep 09 00:41:02 spark-f05a kernel: CPU1: Booted secondary processor 0x0000000100 [0x410fd871]
Sep 09 00:41:02 spark-f05a kernel: Detected PIPT I-cache on CPU2
Sep 09 00:41:02 spark-f05a kernel: GICv3: CPU2: found redistributor 200 region 0:0x0000000006900000
Sep 09 00:41:02 spark-f05a kernel: GICv3: CPU2: using allocated LPI pending table @0x0000000100380000
Sep 09 00:41:02 spark-f05a kernel: CPU2: Booted secondary processor 0x0000000200 [0x410fd871]
Sep 09 00:41:02 spark-f05a kernel: Detected PIPT I-cache on CPU3
Sep 09 00:41:02 spark-f05a kernel: GICv3: CPU3: found redistributor 300 region 0:0x0000000006940000
Sep 09 00:41:02 spark-f05a kernel: GICv3: CPU3: using allocated LPI pending table @0x0000000100390000
Sep 09 00:41:02 spark-f05a kernel: CPU3: Booted secondary processor 0x0000000300 [0x410fd871]
Sep 09 00:41:02 spark-f05a kernel: Detected PIPT I-cache on CPU4
Sep 09 00:41:02 spark-f05a kernel: GICv3: CPU4: found redistributor 400 region 0:0x0000000006980000
Sep 09 00:41:02 spark-f05a kernel: GICv3: CPU4: using allocated LPI pending table @0x00000001003a0000
Sep 09 00:41:02 spark-f05a kernel: CPU4: Booted secondary processor 0x0000000400 [0x410fd871]
Sep 09 00:41:02 spark-f05a kernel: CPU features: detected: Broken broadcast TLBI completion
Sep 09 00:41:02 spark-f05a kernel: Detected PIPT I-cache on CPU5
Sep 09 00:41:02 spark-f05a kernel: GICv3: CPU5: found redistributor 500 region 0:0x00000000069c0000
Sep 09 00:41:02 spark-f05a kernel: GICv3: CPU5: using allocated LPI pending table @0x00000001003b0000
Sep 09 00:41:02 spark-f05a kernel: CPU5: Booted secondary processor 0x0000000500 [0x410fd851]
Sep 09 00:41:02 spark-f05a kernel: Detected PIPT I-cache on CPU6
Sep 09 00:41:02 spark-f05a kernel: GICv3: CPU6: found redistributor 600 region 0:0x0000000006a00000
Sep 09 00:41:02 spark-f05a kernel: GICv3: CPU6: using allocated LPI pending table @0x00000001003c0000
Sep 09 00:41:02 spark-f05a kernel: CPU6: Booted secondary processor 0x0000000600 [0x410fd851]
Sep 09 00:41:02 spark-f05a kernel: Detected PIPT I-cache on CPU7
Sep 09 00:41:02 spark-f05a kernel: GICv3: CPU7: found redistributor 700 region 0:0x0000000006a40000
Sep 09 00:41:02 spark-f05a kernel: GICv3: CPU7: using allocated LPI pending table @0x00000001003d0000
Sep 09 00:41:02 spark-f05a kernel: CPU7: Booted secondary processor 0x0000000700 [0x410fd851]
Sep 09 00:41:02 spark-f05a kernel: Detected PIPT I-cache on CPU8
Sep 09 00:41:02 spark-f05a kernel: GICv3: CPU8: found redistributor 800 region 0:0x0000000006a80000
Sep 09 00:41:02 spark-f05a kernel: GICv3: CPU8: using allocated LPI pending table @0x00000001003e0000
Sep 09 00:41:02 spark-f05a kernel: CPU8: Booted secondary processor 0x0000000800 [0x410fd851]
Sep 09 00:41:02 spark-f05a kernel: Detected PIPT I-cache on CPU9
Sep 09 00:41:02 spark-f05a kernel: GICv3: CPU9: found redistributor 900 region 0:0x0000000006ac0000
Sep 09 00:41:02 spark-f05a kernel: GICv3: CPU9: using allocated LPI pending table @0x00000001003f0000
Sep 09 00:41:02 spark-f05a kernel: CPU9: Booted secondary processor 0x0000000900 [0x410fd851]
Sep 09 00:41:02 spark-f05a kernel: Detected PIPT I-cache on CPU10
Sep 09 00:41:02 spark-f05a kernel: GICv3: CPU10: found redistributor 10000 region 0:0x0000000006b00000
Sep 09 00:41:02 spark-f05a kernel: GICv3: CPU10: using allocated LPI pending table @0x0000000100400000
Sep 09 00:41:02 spark-f05a kernel: CPU10: Booted secondary processor 0x0000010000 [0x410fd871]
Sep 09 00:41:02 spark-f05a kernel: Detected PIPT I-cache on CPU11
Sep 09 00:41:02 spark-f05a kernel: GICv3: CPU11: found redistributor 10100 region 0:0x0000000006b40000
Sep 09 00:41:02 spark-f05a kernel: GICv3: CPU11: using allocated LPI pending table @0x0000000100410000
Sep 09 00:41:02 spark-f05a kernel: CPU11: Booted secondary processor 0x0000010100 [0x410fd871]
Sep 09 00:41:02 spark-f05a kernel: Detected PIPT I-cache on CPU12
Sep 09 00:41:02 spark-f05a kernel: GICv3: CPU12: found redistributor 10200 region 0:0x0000000006b80000
Sep 09 00:41:02 spark-f05a kernel: GICv3: CPU12: using allocated LPI pending table @0x0000000100420000
Sep 09 00:41:02 spark-f05a kernel: CPU12: Booted secondary processor 0x0000010200 [0x410fd871]
Sep 09 00:41:02 spark-f05a kernel: Detected PIPT I-cache on CPU13
Sep 09 00:41:02 spark-f05a kernel: GICv3: CPU13: found redistributor 10300 region 0:0x0000000006bc0000
Sep 09 00:41:02 spark-f05a kernel: GICv3: CPU13: using allocated LPI pending table @0x0000000100430000
Sep 09 00:41:02 spark-f05a kernel: CPU13: Booted secondary processor 0x0000010300 [0x410fd871]
Sep 09 00:41:02 spark-f05a kernel: Detected PIPT I-cache on CPU14
Sep 09 00:41:02 spark-f05a kernel: GICv3: CPU14: found redistributor 10400 region 0:0x0000000006c00000
Sep 09 00:41:02 spark-f05a kernel: GICv3: CPU14: using allocated LPI pending table @0x0000000100440000
Sep 09 00:41:02 spark-f05a kernel: CPU14: Booted secondary processor 0x0000010400 [0x410fd871]
Sep 09 00:41:02 spark-f05a kernel: Detected PIPT I-cache on CPU15
Sep 09 00:41:02 spark-f05a kernel: GICv3: CPU15: found redistributor 10500 region 0:0x0000000006c40000
Sep 09 00:41:02 spark-f05a kernel: GICv3: CPU15: using allocated LPI pending table @0x0000000100450000
Sep 09 00:41:02 spark-f05a kernel: CPU15: Booted secondary processor 0x0000010500 [0x410fd851]
Sep 09 00:41:02 spark-f05a kernel: Detected PIPT I-cache on CPU16
Sep 09 00:41:02 spark-f05a kernel: GICv3: CPU16: found redistributor 10600 region 0:0x0000000006c80000
Sep 09 00:41:02 spark-f05a kernel: GICv3: CPU16: using allocated LPI pending table @0x0000000100460000
Sep 09 00:41:02 spark-f05a kernel: CPU16: Booted secondary processor 0x0000010600 [0x410fd851]
Sep 09 00:41:02 spark-f05a kernel: Detected PIPT I-cache on CPU17
Sep 09 00:41:02 spark-f05a kernel: GICv3: CPU17: found redistributor 10700 region 0:0x0000000006cc0000
Sep 09 00:41:02 spark-f05a kernel: GICv3: CPU17: using allocated LPI pending table @0x0000000100470000
Sep 09 00:41:02 spark-f05a kernel: CPU17: Booted secondary processor 0x0000010700 [0x410fd851]
Sep 09 00:41:02 spark-f05a kernel: Detected PIPT I-cache on CPU18
Sep 09 00:41:02 spark-f05a kernel: GICv3: CPU18: found redistributor 10800 region 0:0x0000000006d00000
Sep 09 00:41:02 spark-f05a kernel: GICv3: CPU18: using allocated LPI pending table @0x0000000100480000
Sep 09 00:41:02 spark-f05a kernel: CPU18: Booted secondary processor 0x0000010800 [0x410fd851]
Sep 09 00:41:02 spark-f05a kernel: Detected PIPT I-cache on CPU19
Sep 09 00:41:02 spark-f05a kernel: GICv3: CPU19: found redistributor 10900 region 0:0x0000000006d40000
Sep 09 00:41:02 spark-f05a kernel: GICv3: CPU19: using allocated LPI pending table @0x0000000100490000
Sep 09 00:41:02 spark-f05a kernel: CPU19: Booted secondary processor 0x0000010900 [0x410fd851]
Sep 09 00:41:02 spark-f05a kernel: smp: Brought up 1 node, 20 CPUs
Sep 09 00:41:02 spark-f05a kernel: SMP: Total of 20 processors activated.
Sep 09 00:41:02 spark-f05a kernel: CPU: All CPU(s) started at EL2
Sep 09 00:41:02 spark-f05a kernel: CPU features: detected: Branch Target Identification
Sep 09 00:41:02 spark-f05a kernel: CPU features: detected: ARMv8.4 Translation Table Level
Sep 09 00:41:02 spark-f05a kernel: CPU features: detected: Data cache clean to the PoU not required for I/D coherence
Sep 09 00:41:02 spark-f05a kernel: CPU features: detected: Common not Private translations
Sep 09 00:41:02 spark-f05a kernel: CPU features: detected: CRC32 instructions
Sep 09 00:41:02 spark-f05a kernel: CPU features: detected: Data cache clean to Point of Deep Persistence
Sep 09 00:41:02 spark-f05a kernel: CPU features: detected: Data cache clean to Point of Persistence
Sep 09 00:41:02 spark-f05a kernel: CPU features: detected: Data independent timing control (DIT)
Sep 09 00:41:02 spark-f05a kernel: CPU features: detected: E0PD
Sep 09 00:41:02 spark-f05a kernel: CPU features: detected: Enhanced Counter Virtualization
Sep 09 00:41:02 spark-f05a kernel: CPU features: detected: Enhanced Counter Virtualization (CNTPOFF)
Sep 09 00:41:02 spark-f05a kernel: CPU features: detected: Enhanced Privileged Access Never
Sep 09 00:41:02 spark-f05a kernel: CPU features: detected: Enhanced Virtualization Traps
Sep 09 00:41:02 spark-f05a kernel: CPU features: detected: Fine Grained Traps
Sep 09 00:41:02 spark-f05a kernel: CPU features: detected: Generic authentication (architected QARMA3 algorithm)
Sep 09 00:41:02 spark-f05a kernel: CPU features: detected: RCpc load-acquire (LDAPR)
Sep 09 00:41:02 spark-f05a kernel: CPU features: detected: LSE atomic instructions
Sep 09 00:41:02 spark-f05a kernel: CPU features: detected: Privileged Access Never
Sep 09 00:41:02 spark-f05a kernel: CPU features: detected: PMUv3
Sep 09 00:41:02 spark-f05a kernel: CPU features: detected: RAS Extension Support
Sep 09 00:41:02 spark-f05a kernel: CPU features: detected: RASv1p1 Extension Support
Sep 09 00:41:02 spark-f05a kernel: CPU features: detected: Speculation barrier (SB)
Sep 09 00:41:02 spark-f05a kernel: CPU features: detected: Stage-2 Force Write-Back
Sep 09 00:41:02 spark-f05a kernel: CPU features: detected: TLB range maintenance instructions
Sep 09 00:41:02 spark-f05a kernel: CPU features: detected: WFx with timeout
Sep 09 00:41:02 spark-f05a kernel: CPU features: detected: Memory Partitioning And Monitoring
Sep 09 00:41:02 spark-f05a kernel: CPU features: detected: Memory Partitioning And Monitoring Virtualisation
Sep 09 00:41:02 spark-f05a kernel: CPU features: detected: Speculative Store Bypassing Safe (SSBS)
Sep 09 00:41:02 spark-f05a kernel: CPU features: detected: Scalable Vector Extension
Sep 09 00:41:02 spark-f05a kernel: alternatives: applying system-wide alternatives
Sep 09 00:41:02 spark-f05a kernel: CPU features: detected: Activity Monitors Unit (AMU) on CPU0-19
Sep 09 00:41:02 spark-f05a kernel: CPU features: detected: Hardware dirty bit management on CPU0-19
Sep 09 00:41:02 spark-f05a kernel: SVE: maximum available vector length 16 bytes per vector
Sep 09 00:41:02 spark-f05a kernel: SVE: default vector length 16 bytes per vector
Sep 09 00:41:02 spark-f05a kernel: Memory: 127282648K/133828484K available (26048K kernel code, 6390K rwdata, 19344K rodata, 14784K init, 1192K bss, 6390320K reserved, 131072K cma-reserved)
Sep 09 00:41:02 spark-f05a kernel: devtmpfs: initialized
Sep 09 00:41:02 spark-f05a kernel: initcall tegra234_cbb_init blacklisted
Sep 09 00:41:02 spark-f05a kernel: clocksource: jiffies: mask: 0xffffffff max_cycles: 0xffffffff, max_idle_ns: 1911260446275000 ns
Sep 09 00:41:02 spark-f05a kernel: posixtimers hash table entries: 16384 (order: 6, 262144 bytes, linear)
Sep 09 00:41:02 spark-f05a kernel: futex hash table entries: 8192 (524288 bytes on 1 NUMA nodes, total 512 KiB, linear).
Sep 09 00:41:02 spark-f05a kernel: 2G module region forced by RANDOMIZE_MODULE_REGION_FULL
Sep 09 00:41:02 spark-f05a kernel: 0 pages in range for non-PLT usage
Sep 09 00:41:02 spark-f05a kernel: 507280 pages in range for PLT usage
Sep 09 00:41:02 spark-f05a kernel: pinctrl core: initialized pinctrl subsystem
Sep 09 00:41:02 spark-f05a kernel: SMBIOS 3.3.0 present.
Sep 09 00:41:02 spark-f05a kernel: DMI: ASUSTeK COMPUTER INC. GX10/GX10, BIOS GX10DGX.0106.2026.0707.0731 07/07/2026
Sep 09 00:41:02 spark-f05a kernel: DMI: Memory slots populated: 1/1
Sep 09 00:41:02 spark-f05a kernel: NET: Registered PF_NETLINK/PF_ROUTE protocol family
Sep 09 00:41:02 spark-f05a kernel: DMA: preallocated 16384 KiB GFP_KERNEL pool for atomic allocations
Sep 09 00:41:02 spark-f05a kernel: DMA: preallocated 16384 KiB GFP_KERNEL|GFP_DMA pool for atomic allocations
Sep 09 00:41:02 spark-f05a kernel: DMA: preallocated 16384 KiB GFP_KERNEL|GFP_DMA32 pool for atomic allocations
Sep 09 00:41:02 spark-f05a kernel: audit: initializing netlink subsys (disabled)
Sep 09 00:41:02 spark-f05a kernel: audit: type=2000 audit(0.042:1): state=initialized audit_enabled=0 res=1
Sep 09 00:41:02 spark-f05a kernel: thermal_sys: Registered thermal governor 'fair_share'
Sep 09 00:41:02 spark-f05a kernel: thermal_sys: Registered thermal governor 'bang_bang'
Sep 09 00:41:02 spark-f05a kernel: thermal_sys: Registered thermal governor 'step_wise'
Sep 09 00:41:02 spark-f05a kernel: thermal_sys: Registered thermal governor 'user_space'
Sep 09 00:41:02 spark-f05a kernel: thermal_sys: Registered thermal governor 'power_allocator'
Sep 09 00:41:02 spark-f05a kernel: cpuidle: using governor ladder
Sep 09 00:41:02 spark-f05a kernel: cpuidle: using governor menu
Sep 09 00:41:02 spark-f05a kernel: hw-breakpoint: found 6 breakpoint and 4 watchpoint registers.
Sep 09 00:41:02 spark-f05a kernel: ASID allocator initialised with 65536 entries
Sep 09 00:41:02 spark-f05a kernel: acpiphp: ACPI Hot Plug PCI Controller Driver version: 0.5
Sep 09 00:41:02 spark-f05a kernel: Serial: AMBA PL011 UART driver
Sep 09 00:41:02 spark-f05a kernel: HugeTLB: registered 1.00 GiB page size, pre-allocated 0 pages
Sep 09 00:41:02 spark-f05a kernel: HugeTLB: 0 KiB vmemmap can be freed for a 1.00 GiB page
Sep 09 00:41:02 spark-f05a kernel: HugeTLB: registered 32.0 MiB page size, pre-allocated 0 pages
Sep 09 00:41:02 spark-f05a kernel: HugeTLB: 0 KiB vmemmap can be freed for a 32.0 MiB page
Sep 09 00:41:02 spark-f05a kernel: HugeTLB: registered 2.00 MiB page size, pre-allocated 0 pages
Sep 09 00:41:02 spark-f05a kernel: HugeTLB: 0 KiB vmemmap can be freed for a 2.00 MiB page
Sep 09 00:41:02 spark-f05a kernel: HugeTLB: registered 64.0 KiB page size, pre-allocated 0 pages
Sep 09 00:41:02 spark-f05a kernel: HugeTLB: 0 KiB vmemmap can be freed for a 64.0 KiB page
Sep 09 00:41:02 spark-f05a kernel: ACPI: Added _OSI(Module Device)
Sep 09 00:41:02 spark-f05a kernel: ACPI: Added _OSI(Processor Device)
Sep 09 00:41:02 spark-f05a kernel: ACPI: Added _OSI(Processor Aggregator Device)
Sep 09 00:41:02 spark-f05a kernel: ACPI: 5 ACPI AML tables successfully acquired and loaded
Sep 09 00:41:02 spark-f05a kernel: ACPI: USB4 _OSC: OS supports USB3+ DisplayPort+ PCIe+ XDomain+
Sep 09 00:41:02 spark-f05a kernel: ACPI: USB4 _OSC: OS controls USB3+ DisplayPort+ PCIe+ XDomain+
Sep 09 00:41:02 spark-f05a kernel: ACPI: Interpreter enabled
Sep 09 00:41:02 spark-f05a kernel: ACPI: Using GIC for interrupt routing
Sep 09 00:41:02 spark-f05a kernel: ACPI: MCFG table detected, 16 entries
Sep 09 00:41:02 spark-f05a kernel: ACPI: \_SB_.P0RR: New power resource
Sep 09 00:41:02 spark-f05a kernel: ACPI: \_SB_.R0RR: New power resource
Sep 09 00:41:02 spark-f05a kernel: ACPI: \_SB_.P2RR: New power resource
Sep 09 00:41:02 spark-f05a kernel: ACPI: \_SB_.R2RR: New power resource
Sep 09 00:41:02 spark-f05a kernel: ACPI: \_SB_.P4RR: New power resource
Sep 09 00:41:02 spark-f05a kernel: ACPI: \_SB_.R4RR: New power resource
Sep 09 00:41:02 spark-f05a kernel: ACPI: \_SB_.P6RR: New power resource
Sep 09 00:41:02 spark-f05a kernel: ACPI: \_SB_.R6RR: New power resource
Sep 09 00:41:02 spark-f05a kernel: ACPI: \_SB_.P7RR: New power resource
Sep 09 00:41:02 spark-f05a kernel: ACPI: \_SB_.R7RR: New power resource
Sep 09 00:41:02 spark-f05a kernel: ACPI: \_SB_.P8RR: New power resource
Sep 09 00:41:02 spark-f05a kernel: ACPI: \_SB_.R8RR: New power resource
Sep 09 00:41:02 spark-f05a kernel: ACPI: \_SB_.P9RR: New power resource
Sep 09 00:41:02 spark-f05a kernel: ACPI: \_SB_.R9RR: New power resource
Sep 09 00:41:02 spark-f05a kernel: ACPI: \_SB_.USB5.RHUB.PRT2.PWFR: New power resource
Sep 09 00:41:02 spark-f05a kernel: ACPI: \_SB_.PBRR: New power resource
Sep 09 00:41:02 spark-f05a kernel: ACPI: \_SB_.RBRR: New power resource
Sep 09 00:41:02 spark-f05a kernel: ACPI: \_SB_.PCRR: New power resource
Sep 09 00:41:02 spark-f05a kernel: ACPI: \_SB_.RCRR: New power resource
Sep 09 00:41:02 spark-f05a kernel: ACPI: \_SB_.PDRR: New power resource
Sep 09 00:41:02 spark-f05a kernel: ACPI: \_SB_.RDRR: New power resource
Sep 09 00:41:02 spark-f05a kernel: ACPI: \_SB_.PERR: New power resource
Sep 09 00:41:02 spark-f05a kernel: ACPI: \_SB_.RERR: New power resource
Sep 09 00:41:02 spark-f05a kernel: ACPI: \_SB_.PFRR: New power resource
Sep 09 00:41:02 spark-f05a kernel: ACPI: CPU0 has been hot-added
Sep 09 00:41:02 spark-f05a kernel: ACPI: CPU1 has been hot-added
Sep 09 00:41:02 spark-f05a kernel: ACPI: CPU2 has been hot-added
Sep 09 00:41:02 spark-f05a kernel: ACPI: CPU3 has been hot-added
Sep 09 00:41:02 spark-f05a kernel: ACPI: CPU4 has been hot-added
Sep 09 00:41:02 spark-f05a kernel: ACPI: CPU5 has been hot-added
Sep 09 00:41:02 spark-f05a kernel: ACPI: CPU6 has been hot-added
Sep 09 00:41:02 spark-f05a kernel: ACPI: CPU7 has been hot-added
Sep 09 00:41:02 spark-f05a kernel: ACPI: CPU8 has been hot-added
Sep 09 00:41:02 spark-f05a kernel: ACPI: CPU9 has been hot-added
Sep 09 00:41:02 spark-f05a kernel: ACPI: CPU10 has been hot-added
Sep 09 00:41:02 spark-f05a kernel: ACPI: CPU11 has been hot-added
Sep 09 00:41:02 spark-f05a kernel: ACPI: CPU12 has been hot-added
Sep 09 00:41:02 spark-f05a kernel: ACPI: CPU13 has been hot-added
Sep 09 00:41:02 spark-f05a kernel: ACPI: CPU14 has been hot-added
Sep 09 00:41:02 spark-f05a kernel: ACPI: CPU15 has been hot-added
Sep 09 00:41:02 spark-f05a kernel: ACPI: CPU16 has been hot-added
Sep 09 00:41:02 spark-f05a kernel: ACPI: CPU17 has been hot-added
Sep 09 00:41:02 spark-f05a kernel: ACPI: CPU18 has been hot-added
Sep 09 00:41:02 spark-f05a kernel: ACPI: CPU19 has been hot-added
Sep 09 00:41:02 spark-f05a kernel: ACPI: PCI Root Bridge [PCI0] (domain 0000 [bus 00-0f])
Sep 09 00:41:02 spark-f05a kernel: acpi PNP0A08:00: _OSC: OS supports [ExtendedConfig ASPM ClockPM Segments MSI EDR HPX-Type3]
Sep 09 00:41:02 spark-f05a kernel: acpi PNP0A08:00: _OSC: platform does not support [SHPCHotplug DPC]
Sep 09 00:41:02 spark-f05a kernel: acpi PNP0A08:00: _OSC: OS now controls [PCIeHotplug PME AER PCIeCapability LTR]
Sep 09 00:41:02 spark-f05a kernel: acpi PNP0A08:00: ECAM area [mem 0xf300000000-0xf300ffffff] reserved by PNP0C02:00
Sep 09 00:41:02 spark-f05a kernel: acpi PNP0A08:00: ECAM at [mem 0xf300000000-0xf300ffffff] for [bus 00-0f]
Sep 09 00:41:02 spark-f05a kernel: ACPI: Remapped I/O 0x0000000067000000 to [io  0x0000-0xffff window]
Sep 09 00:41:02 spark-f05a kernel: PCI host bridge to bus 0000:00
Sep 09 00:41:02 spark-f05a kernel: pci_bus 0000:00: root bus resource [io  0x0000-0xffff window] (bus address [0x67000000-0x6700ffff])
Sep 09 00:41:02 spark-f05a kernel: pci_bus 0000:00: root bus resource [mem 0x67010000-0x697fffff window]
Sep 09 00:41:02 spark-f05a kernel: pci_bus 0000:00: root bus resource [mem 0x7500000000-0x82ffffffff window]
Sep 09 00:41:02 spark-f05a kernel: pci_bus 0000:00: root bus resource [bus 00-0f]
Sep 09 00:41:02 spark-f05a kernel: PCI: OF: of_root node is NULL, cannot create PCI host bridge node
Sep 09 00:41:02 spark-f05a kernel: pci 0000:00:00.0: [10de:22ce] type 01 class 0x060400 PCIe Root Port
Sep 09 00:41:02 spark-f05a kernel: pci 0000:00:00.0: PCI bridge to [bus 01-0f]
Sep 09 00:41:02 spark-f05a kernel: pci 0000:00:00.0: PME# supported from D0 D3hot D3cold
Sep 09 00:41:02 spark-f05a kernel: pci 0000:01:00.0: [15b3:1021] type 00 class 0x020000 PCIe Endpoint
Sep 09 00:41:02 spark-f05a kernel: pci 0000:01:00.0: BAR 0 [mem 0x00000000-0x01ffffff 64bit pref]
Sep 09 00:41:02 spark-f05a kernel: pci 0000:01:00.0: ROM [mem 0x00000000-0x000fffff pref]
Sep 09 00:41:02 spark-f05a kernel: pci 0000:01:00.0: PME# supported from D3cold
Sep 09 00:41:02 spark-f05a kernel: pci 0000:01:00.0: VF BAR 0 [mem 0x00000000-0x000fffff 64bit pref]
Sep 09 00:41:02 spark-f05a kernel: pci 0000:01:00.0: VF BAR 0 [mem 0x00000000-0x007fffff 64bit pref]: contains BAR 0 for 8 VFs
Sep 09 00:41:02 spark-f05a kernel: pci 0000:01:00.1: [15b3:1021] type 00 class 0x020000 PCIe Endpoint
Sep 09 00:41:02 spark-f05a kernel: pci 0000:01:00.1: BAR 0 [mem 0x00000000-0x01ffffff 64bit pref]
Sep 09 00:41:02 spark-f05a kernel: pci 0000:01:00.1: ROM [mem 0x00000000-0x000fffff pref]
Sep 09 00:41:02 spark-f05a kernel: pci 0000:01:00.1: PME# supported from D3cold
Sep 09 00:41:02 spark-f05a kernel: pci 0000:01:00.1: VF BAR 0 [mem 0x00000000-0x000fffff 64bit pref]
Sep 09 00:41:02 spark-f05a kernel: pci 0000:01:00.1: VF BAR 0 [mem 0x00000000-0x007fffff 64bit pref]: contains BAR 0 for 8 VFs
Sep 09 00:41:02 spark-f05a kernel: pci_bus 0000:00: max bus depth: 1 pci_try_num: 2
Sep 09 00:41:02 spark-f05a kernel: pci 0000:00:00.0: bridge window [mem 0x7500000000-0x7505ffffff 64bit pref]: assigned
Sep 09 00:41:02 spark-f05a kernel: pci 0000:00:00.0: bridge window [mem 0x67100000-0x672fffff]: assigned
Sep 09 00:41:02 spark-f05a kernel: pci 0000:01:00.0: BAR 0 [mem 0x7500000000-0x7501ffffff 64bit pref]: assigned
Sep 09 00:41:02 spark-f05a kernel: pci 0000:01:00.1: BAR 0 [mem 0x7502000000-0x7503ffffff 64bit pref]: assigned
Sep 09 00:41:02 spark-f05a kernel: pci 0000:01:00.0: ROM [mem 0x67100000-0x671fffff pref]: assigned
Sep 09 00:41:02 spark-f05a kernel: pci 0000:01:00.0: VF BAR 0 [mem 0x7504000000-0x75047fffff 64bit pref]: assigned
Sep 09 00:41:02 spark-f05a kernel: pci 0000:01:00.1: ROM [mem 0x67200000-0x672fffff pref]: assigned
Sep 09 00:41:02 spark-f05a kernel: pci 0000:01:00.1: VF BAR 0 [mem 0x7504800000-0x7504ffffff 64bit pref]: assigned
Sep 09 00:41:02 spark-f05a kernel: pci 0000:00:00.0: PCI bridge to [bus 01-0f]
Sep 09 00:41:02 spark-f05a kernel: pci 0000:00:00.0:   bridge window [mem 0x67100000-0x672fffff]
Sep 09 00:41:02 spark-f05a kernel: pci 0000:00:00.0:   bridge window [mem 0x7500000000-0x7505ffffff 64bit pref]
Sep 09 00:41:02 spark-f05a kernel: pci_bus 0000:00: resource 4 [io  0x0000-0xffff window]
Sep 09 00:41:02 spark-f05a kernel: pci_bus 0000:00: resource 5 [mem 0x67010000-0x697fffff window]
Sep 09 00:41:02 spark-f05a kernel: pci_bus 0000:00: resource 6 [mem 0x7500000000-0x82ffffffff window]
Sep 09 00:41:02 spark-f05a kernel: pci_bus 0000:01: resource 1 [mem 0x67100000-0x672fffff]
Sep 09 00:41:02 spark-f05a kernel: pci_bus 0000:01: resource 2 [mem 0x7500000000-0x7505ffffff 64bit pref]
Sep 09 00:41:02 spark-f05a kernel: pci 0000:00:00.0: Max Payload Size set to  512/ 512 (was  128), Max Read Rq  512
Sep 09 00:41:02 spark-f05a kernel: pci 0000:01:00.0: Max Payload Size set to  512/ 512 (was  128), Max Read Rq  512
Sep 09 00:41:02 spark-f05a kernel: pci 0000:01:00.1: Max Payload Size set to  512/ 512 (was  128), Max Read Rq  512
Sep 09 00:41:02 spark-f05a kernel: ACPI: PCI Root Bridge [PCI2] (domain 0002 [bus 00-0f])
Sep 09 00:41:02 spark-f05a kernel: acpi PNP0A08:01: _OSC: OS supports [ExtendedConfig ASPM ClockPM Segments MSI EDR HPX-Type3]
Sep 09 00:41:02 spark-f05a kernel: acpi PNP0A08:01: _OSC: platform does not support [SHPCHotplug DPC]
Sep 09 00:41:02 spark-f05a kernel: acpi PNP0A08:01: _OSC: OS now controls [PCIeHotplug PME AER PCIeCapability LTR]
Sep 09 00:41:02 spark-f05a kernel: acpi PNP0A08:01: ECAM area [mem 0xf320000000-0xf320ffffff] reserved by PNP0C02:00
Sep 09 00:41:02 spark-f05a kernel: acpi PNP0A08:01: ECAM at [mem 0xf320000000-0xf320ffffff] for [bus 00-0f]
Sep 09 00:41:02 spark-f05a kernel: ACPI: Remapped I/O 0x000000005d000000 to [io  0x10000-0x1ffff window]
Sep 09 00:41:02 spark-f05a kernel: PCI host bridge to bus 0002:00
Sep 09 00:41:02 spark-f05a kernel: pci_bus 0002:00: root bus resource [io  0x10000-0x1ffff window] (bus address [0x5d000000-0x5d00ffff])
Sep 09 00:41:02 spark-f05a kernel: pci_bus 0002:00: root bus resource [mem 0x5d010000-0x5f7fffff window]
Sep 09 00:41:02 spark-f05a kernel: pci_bus 0002:00: root bus resource [mem 0x3d00000000-0x4affffffff window]
Sep 09 00:41:02 spark-f05a kernel: pci_bus 0002:00: root bus resource [bus 00-0f]
Sep 09 00:41:02 spark-f05a kernel: PCI: OF: of_root node is NULL, cannot create PCI host bridge node
Sep 09 00:41:02 spark-f05a kernel: pci 0002:00:00.0: [10de:22ce] type 01 class 0x060400 PCIe Root Port
Sep 09 00:41:02 spark-f05a kernel: pci 0002:00:00.0: PCI bridge to [bus 01-0f]
Sep 09 00:41:02 spark-f05a kernel: pci 0002:00:00.0: PME# supported from D0 D3hot D3cold
Sep 09 00:41:02 spark-f05a kernel: pci 0002:01:00.0: [15b3:1021] type 00 class 0x020000 PCIe Endpoint
Sep 09 00:41:02 spark-f05a kernel: pci 0002:01:00.0: BAR 0 [mem 0x00000000-0x01ffffff 64bit pref]
Sep 09 00:41:02 spark-f05a kernel: pci 0002:01:00.0: ROM [mem 0x00000000-0x000fffff pref]
Sep 09 00:41:02 spark-f05a kernel: pci 0002:01:00.0: PME# supported from D3cold
Sep 09 00:41:02 spark-f05a kernel: pci 0002:01:00.0: VF BAR 0 [mem 0x00000000-0x000fffff 64bit pref]
Sep 09 00:41:02 spark-f05a kernel: pci 0002:01:00.0: VF BAR 0 [mem 0x00000000-0x007fffff 64bit pref]: contains BAR 0 for 8 VFs
Sep 09 00:41:02 spark-f05a kernel: pci 0002:01:00.1: [15b3:1021] type 00 class 0x020000 PCIe Endpoint
Sep 09 00:41:02 spark-f05a kernel: pci 0002:01:00.1: BAR 0 [mem 0x00000000-0x01ffffff 64bit pref]
Sep 09 00:41:02 spark-f05a kernel: pci 0002:01:00.1: ROM [mem 0x00000000-0x000fffff pref]
Sep 09 00:41:02 spark-f05a kernel: pci 0002:01:00.1: PME# supported from D3cold
Sep 09 00:41:02 spark-f05a kernel: pci 0002:01:00.1: VF BAR 0 [mem 0x00000000-0x000fffff 64bit pref]
Sep 09 00:41:02 spark-f05a kernel: pci 0002:01:00.1: VF BAR 0 [mem 0x00000000-0x007fffff 64bit pref]: contains BAR 0 for 8 VFs
Sep 09 00:41:02 spark-f05a kernel: pci_bus 0002:00: max bus depth: 1 pci_try_num: 2
Sep 09 00:41:02 spark-f05a kernel: pci 0002:00:00.0: bridge window [mem 0x3d00000000-0x3d05ffffff 64bit pref]: assigned
Sep 09 00:41:02 spark-f05a kernel: pci 0002:00:00.0: bridge window [mem 0x5d100000-0x5d2fffff]: assigned
Sep 09 00:41:02 spark-f05a kernel: pci 0002:01:00.0: BAR 0 [mem 0x3d00000000-0x3d01ffffff 64bit pref]: assigned
Sep 09 00:41:02 spark-f05a kernel: pci 0002:01:00.1: BAR 0 [mem 0x3d02000000-0x3d03ffffff 64bit pref]: assigned
Sep 09 00:41:02 spark-f05a kernel: pci 0002:01:00.0: ROM [mem 0x5d100000-0x5d1fffff pref]: assigned
Sep 09 00:41:02 spark-f05a kernel: pci 0002:01:00.0: VF BAR 0 [mem 0x3d04000000-0x3d047fffff 64bit pref]: assigned
Sep 09 00:41:02 spark-f05a kernel: pci 0002:01:00.1: ROM [mem 0x5d200000-0x5d2fffff pref]: assigned
Sep 09 00:41:02 spark-f05a kernel: pci 0002:01:00.1: VF BAR 0 [mem 0x3d04800000-0x3d04ffffff 64bit pref]: assigned
Sep 09 00:41:02 spark-f05a kernel: pci 0002:00:00.0: PCI bridge to [bus 01-0f]
Sep 09 00:41:02 spark-f05a kernel: pci 0002:00:00.0:   bridge window [mem 0x5d100000-0x5d2fffff]
Sep 09 00:41:02 spark-f05a kernel: pci 0002:00:00.0:   bridge window [mem 0x3d00000000-0x3d05ffffff 64bit pref]
Sep 09 00:41:02 spark-f05a kernel: pci_bus 0002:00: resource 4 [io  0x10000-0x1ffff window]
Sep 09 00:41:02 spark-f05a kernel: pci_bus 0002:00: resource 5 [mem 0x5d010000-0x5f7fffff window]
Sep 09 00:41:02 spark-f05a kernel: pci_bus 0002:00: resource 6 [mem 0x3d00000000-0x4affffffff window]
Sep 09 00:41:02 spark-f05a kernel: pci_bus 0002:01: resource 1 [mem 0x5d100000-0x5d2fffff]
Sep 09 00:41:02 spark-f05a kernel: pci_bus 0002:01: resource 2 [mem 0x3d00000000-0x3d05ffffff 64bit pref]
Sep 09 00:41:02 spark-f05a kernel: pci 0002:00:00.0: Max Payload Size set to  512/ 512 (was  128), Max Read Rq  512
Sep 09 00:41:02 spark-f05a kernel: pci 0002:01:00.0: Max Payload Size set to  512/ 512 (was  128), Max Read Rq  512
Sep 09 00:41:02 spark-f05a kernel: pci 0002:01:00.1: Max Payload Size set to  512/ 512 (was  128), Max Read Rq  512
Sep 09 00:41:02 spark-f05a kernel: ACPI: PCI Root Bridge [PCI4] (domain 0004 [bus 00-0f])
Sep 09 00:41:02 spark-f05a kernel: acpi PNP0A08:02: _OSC: OS supports [ExtendedConfig ASPM ClockPM Segments MSI EDR HPX-Type3]
Sep 09 00:41:02 spark-f05a kernel: acpi PNP0A08:02: _OSC: platform does not support [SHPCHotplug DPC]
Sep 09 00:41:02 spark-f05a kernel: acpi PNP0A08:02: _OSC: OS now controls [PCIeHotplug PME AER PCIeCapability LTR]
Sep 09 00:41:02 spark-f05a kernel: acpi PNP0A08:02: ECAM area [mem 0xf340000000-0xf340ffffff] reserved by PNP0C02:00
Sep 09 00:41:02 spark-f05a kernel: acpi PNP0A08:02: ECAM at [mem 0xf340000000-0xf340ffffff] for [bus 00-0f]
Sep 09 00:41:02 spark-f05a kernel: ACPI: Remapped I/O 0x0000000062000000 to [io  0x20000-0x2ffff window]
Sep 09 00:41:02 spark-f05a kernel: PCI host bridge to bus 0004:00
Sep 09 00:41:02 spark-f05a kernel: pci_bus 0004:00: root bus resource [io  0x20000-0x2ffff window] (bus address [0x62000000-0x6200ffff])
Sep 09 00:41:02 spark-f05a kernel: pci_bus 0004:00: root bus resource [mem 0x62010000-0x647fffff window]
Sep 09 00:41:02 spark-f05a kernel: pci_bus 0004:00: root bus resource [mem 0x5900000000-0x66ffffffff window]
Sep 09 00:41:02 spark-f05a kernel: pci_bus 0004:00: root bus resource [bus 00-0f]
Sep 09 00:41:02 spark-f05a kernel: PCI: OF: of_root node is NULL, cannot create PCI host bridge node
Sep 09 00:41:02 spark-f05a kernel: pci 0004:00:00.0: [10de:22ce] type 01 class 0x060400 PCIe Root Port
Sep 09 00:41:02 spark-f05a kernel: pci 0004:00:00.0: PCI bridge to [bus 01-0f]
Sep 09 00:41:02 spark-f05a kernel: pci 0004:00:00.0:   bridge window [mem 0x62100000-0x621fffff]
Sep 09 00:41:02 spark-f05a kernel: pci 0004:00:00.0: PME# supported from D0 D3hot D3cold
Sep 09 00:41:02 spark-f05a kernel: pci 0004:01:00.0: [1987:5031] type 00 class 0x010802 PCIe Endpoint
Sep 09 00:41:02 spark-f05a kernel: pci 0004:01:00.0: BAR 0 [mem 0x62100000-0x62103fff 64bit]
Sep 09 00:41:02 spark-f05a kernel: pci 0004:00:00.0: bridge window [io  0x1000-0x0fff] to [bus 01-0f] add_size 1000
Sep 09 00:41:02 spark-f05a kernel: pci 0004:00:00.0: bridge window [mem 0x00100000-0x000fffff 64bit pref] to [bus 01-0f] add_size 200000 add_align 100000
Sep 09 00:41:02 spark-f05a kernel: pci 0004:00:00.0: bridge window [mem 0x00100000-0x001fffff] to [bus 01-0f] add_size 100000 add_align 100000
Sep 09 00:41:02 spark-f05a kernel: pci 0004:00:00.0: bridge window [mem 0x62100000-0x622fffff]: assigned
Sep 09 00:41:02 spark-f05a kernel: pci 0004:00:00.0: bridge window [mem 0x5900000000-0x59001fffff 64bit pref]: assigned
Sep 09 00:41:02 spark-f05a kernel: pci 0004:00:00.0: bridge window [io  0x20000-0x20fff]: assigned
Sep 09 00:41:02 spark-f05a kernel: pci 0004:01:00.0: BAR 0 [mem 0x62100000-0x62103fff 64bit]: assigned
Sep 09 00:41:02 spark-f05a kernel: pci 0004:00:00.0: PCI bridge to [bus 01-0f]
Sep 09 00:41:02 spark-f05a kernel: pci 0004:00:00.0:   bridge window [io  0x20000-0x20fff]
Sep 09 00:41:02 spark-f05a kernel: pci 0004:00:00.0:   bridge window [mem 0x62100000-0x622fffff]
Sep 09 00:41:02 spark-f05a kernel: pci 0004:00:00.0:   bridge window [mem 0x5900000000-0x59001fffff 64bit pref]
Sep 09 00:41:02 spark-f05a kernel: pci_bus 0004:00: resource 4 [io  0x20000-0x2ffff window]
Sep 09 00:41:02 spark-f05a kernel: pci_bus 0004:00: resource 5 [mem 0x62010000-0x647fffff window]
Sep 09 00:41:02 spark-f05a kernel: pci_bus 0004:00: resource 6 [mem 0x5900000000-0x66ffffffff window]
Sep 09 00:41:02 spark-f05a kernel: pci_bus 0004:01: resource 0 [io  0x20000-0x20fff]
Sep 09 00:41:02 spark-f05a kernel: pci_bus 0004:01: resource 1 [mem 0x62100000-0x622fffff]
Sep 09 00:41:02 spark-f05a kernel: pci_bus 0004:01: resource 2 [mem 0x5900000000-0x59001fffff 64bit pref]
Sep 09 00:41:02 spark-f05a kernel: pci 0004:00:00.0: Max Payload Size set to  512/ 512 (was  128), Max Read Rq  256
Sep 09 00:41:02 spark-f05a kernel: pci 0004:01:00.0: Max Payload Size set to  512/ 512 (was  128), Max Read Rq  256
Sep 09 00:41:02 spark-f05a kernel: ACPI: PCI Root Bridge [PCI7] (domain 0007 [bus 00-0f])
Sep 09 00:41:02 spark-f05a kernel: acpi PNP0A08:04: _OSC: OS supports [ExtendedConfig ASPM ClockPM Segments MSI EDR HPX-Type3]
Sep 09 00:41:02 spark-f05a kernel: acpi PNP0A08:04: _OSC: platform does not support [SHPCHotplug DPC]
Sep 09 00:41:02 spark-f05a kernel: acpi PNP0A08:04: _OSC: OS now controls [PCIeHotplug PME AER PCIeCapability LTR]
Sep 09 00:41:02 spark-f05a kernel: acpi PNP0A08:04: ECAM area [mem 0xf370000000-0xf370ffffff] reserved by PNP0C02:00
Sep 09 00:41:02 spark-f05a kernel: acpi PNP0A08:04: ECAM at [mem 0xf370000000-0xf370ffffff] for [bus 00-0f]
Sep 09 00:41:02 spark-f05a kernel: ACPI: Remapped I/O 0x000000006e800000 to [io  0x30000-0x3ffff window]
Sep 09 00:41:02 spark-f05a kernel: PCI host bridge to bus 0007:00
Sep 09 00:41:02 spark-f05a kernel: pci_bus 0007:00: root bus resource [io  0x30000-0x3ffff window] (bus address [0x6e800000-0x6e80ffff])
Sep 09 00:41:02 spark-f05a kernel: pci_bus 0007:00: root bus resource [mem 0x6e810000-0x70ffffff window]
Sep 09 00:41:02 spark-f05a kernel: pci_bus 0007:00: root bus resource [mem 0x9f00000000-0xacffffffff window]
Sep 09 00:41:02 spark-f05a kernel: pci_bus 0007:00: root bus resource [bus 00-0f]
Sep 09 00:41:02 spark-f05a kernel: PCI: OF: of_root node is NULL, cannot create PCI host bridge node
Sep 09 00:41:02 spark-f05a kernel: pci 0007:00:00.0: [10de:22d0] type 01 class 0x060400 PCIe Root Port
Sep 09 00:41:02 spark-f05a kernel: pci 0007:00:00.0: PCI bridge to [bus 01-0f]
Sep 09 00:41:02 spark-f05a kernel: pci 0007:00:00.0:   bridge window [io  0x30000-0x30fff]
Sep 09 00:41:02 spark-f05a kernel: pci 0007:00:00.0:   bridge window [mem 0x6e900000-0x6e9fffff]
Sep 09 00:41:02 spark-f05a kernel: pci 0007:00:00.0: PME# supported from D0 D3hot D3cold
Sep 09 00:41:02 spark-f05a kernel: pci 0007:01:00.0: [10ec:8127] type 00 class 0x020000 PCIe Endpoint
Sep 09 00:41:02 spark-f05a kernel: pci 0007:01:00.0: BAR 0 [io  0x30000-0x300ff]
Sep 09 00:41:02 spark-f05a kernel: pci 0007:01:00.0: BAR 2 [mem 0x6e900000-0x6e93ffff 64bit]
Sep 09 00:41:02 spark-f05a kernel: pci 0007:01:00.0: BAR 4 [mem 0x6e940000-0x6e943fff 64bit]
Sep 09 00:41:02 spark-f05a kernel: pci 0007:01:00.0: supports D1 D2
Sep 09 00:41:02 spark-f05a kernel: pci 0007:01:00.0: PME# supported from D0 D1 D2 D3hot D3cold
Sep 09 00:41:02 spark-f05a kernel: pci 0007:00:00.0: bridge window [io  0x1000-0x1fff] to [bus 01-0f] add_size 1000
Sep 09 00:41:02 spark-f05a kernel: pci 0007:00:00.0: bridge window [mem 0x00100000-0x000fffff 64bit pref] to [bus 01-0f] add_size 200000 add_align 100000
Sep 09 00:41:02 spark-f05a kernel: pci 0007:00:00.0: bridge window [mem 0x00100000-0x001fffff] to [bus 01-0f] add_size 100000 add_align 100000
Sep 09 00:41:02 spark-f05a kernel: pci 0007:00:00.0: bridge window [mem 0x6e900000-0x6eafffff]: assigned
Sep 09 00:41:02 spark-f05a kernel: pci 0007:00:00.0: bridge window [mem 0x9f00000000-0x9f001fffff 64bit pref]: assigned
Sep 09 00:41:02 spark-f05a kernel: pci 0007:00:00.0: bridge window [io  0x30000-0x31fff]: assigned
Sep 09 00:41:02 spark-f05a kernel: pci 0007:01:00.0: BAR 2 [mem 0x6e900000-0x6e93ffff 64bit]: assigned
Sep 09 00:41:02 spark-f05a kernel: pci 0007:01:00.0: BAR 4 [mem 0x6e940000-0x6e943fff 64bit]: assigned
Sep 09 00:41:02 spark-f05a kernel: pci 0007:01:00.0: BAR 0 [io  0x30000-0x300ff]: assigned
Sep 09 00:41:02 spark-f05a kernel: pci 0007:00:00.0: PCI bridge to [bus 01-0f]
Sep 09 00:41:02 spark-f05a kernel: pci 0007:00:00.0:   bridge window [io  0x30000-0x31fff]
Sep 09 00:41:02 spark-f05a kernel: pci 0007:00:00.0:   bridge window [mem 0x6e900000-0x6eafffff]
Sep 09 00:41:02 spark-f05a kernel: pci 0007:00:00.0:   bridge window [mem 0x9f00000000-0x9f001fffff 64bit pref]
Sep 09 00:41:02 spark-f05a kernel: pci_bus 0007:00: resource 4 [io  0x30000-0x3ffff window]
Sep 09 00:41:02 spark-f05a kernel: pci_bus 0007:00: resource 5 [mem 0x6e810000-0x70ffffff window]
Sep 09 00:41:02 spark-f05a kernel: pci_bus 0007:00: resource 6 [mem 0x9f00000000-0xacffffffff window]
Sep 09 00:41:02 spark-f05a kernel: pci_bus 0007:01: resource 0 [io  0x30000-0x31fff]
Sep 09 00:41:02 spark-f05a kernel: pci_bus 0007:01: resource 1 [mem 0x6e900000-0x6eafffff]
Sep 09 00:41:02 spark-f05a kernel: pci_bus 0007:01: resource 2 [mem 0x9f00000000-0x9f001fffff 64bit pref]
Sep 09 00:41:02 spark-f05a kernel: pci 0007:00:00.0: Max Payload Size set to  512/ 512 (was  128), Max Read Rq  256
Sep 09 00:41:02 spark-f05a kernel: pci 0007:01:00.0: Max Payload Size set to  512/ 512 (was  128), Max Read Rq  256
Sep 09 00:41:02 spark-f05a kernel: ACPI: PCI Root Bridge [PCI9] (domain 0009 [bus 00-0f])
Sep 09 00:41:02 spark-f05a kernel: acpi PNP0A08:06: _OSC: OS supports [ExtendedConfig ASPM ClockPM Segments MSI EDR HPX-Type3]
Sep 09 00:41:02 spark-f05a kernel: acpi PNP0A08:06: _OSC: platform does not support [SHPCHotplug DPC]
Sep 09 00:41:02 spark-f05a kernel: acpi PNP0A08:06: _OSC: OS now controls [PCIeHotplug PME AER PCIeCapability LTR]
Sep 09 00:41:02 spark-f05a kernel: acpi PNP0A08:06: ECAM area [mem 0xf390000000-0xf390ffffff] reserved by PNP0C02:00
Sep 09 00:41:02 spark-f05a kernel: acpi PNP0A08:06: ECAM at [mem 0xf390000000-0xf390ffffff] for [bus 00-0f]
Sep 09 00:41:02 spark-f05a kernel: ACPI: Remapped I/O 0x0000000073800000 to [io  0x40000-0x4ffff window]
Sep 09 00:41:02 spark-f05a kernel: PCI host bridge to bus 0009:00
Sep 09 00:41:02 spark-f05a kernel: pci_bus 0009:00: root bus resource [io  0x40000-0x4ffff window] (bus address [0x73800000-0x7380ffff])
Sep 09 00:41:02 spark-f05a kernel: pci_bus 0009:00: root bus resource [mem 0x73810000-0x75ffffff window]
Sep 09 00:41:02 spark-f05a kernel: pci_bus 0009:00: root bus resource [mem 0xbb00000000-0xc8ffffffff window]
Sep 09 00:41:02 spark-f05a kernel: pci_bus 0009:00: root bus resource [bus 00-0f]
Sep 09 00:41:02 spark-f05a kernel: PCI: OF: of_root node is NULL, cannot create PCI host bridge node
Sep 09 00:41:02 spark-f05a kernel: pci 0009:00:00.0: [10de:22d0] type 01 class 0x060400 PCIe Root Port
Sep 09 00:41:02 spark-f05a kernel: pci 0009:00:00.0: PCI bridge to [bus 01-0f]
Sep 09 00:41:02 spark-f05a kernel: pci 0009:00:00.0:   bridge window [mem 0x73a00000-0x73cfffff]
Sep 09 00:41:02 spark-f05a kernel: pci 0009:00:00.0: PME# supported from D0 D3hot D3cold
Sep 09 00:41:02 spark-f05a kernel: pci 0009:01:00.0: [14c3:7925] type 00 class 0x028000 PCIe Endpoint
Sep 09 00:41:02 spark-f05a kernel: pci 0009:01:00.0: BAR 0 [mem 0x73a00000-0x73bfffff 64bit]
Sep 09 00:41:02 spark-f05a kernel: pci 0009:01:00.0: BAR 2 [mem 0x73c00000-0x73c07fff 64bit]
Sep 09 00:41:02 spark-f05a kernel: pci 0009:01:00.0: PME# supported from D0 D3hot D3cold
Sep 09 00:41:02 spark-f05a kernel: pci 0009:00:00.0: bridge window [io  0x1000-0x0fff] to [bus 01-0f] add_size 1000
Sep 09 00:41:02 spark-f05a kernel: pci 0009:00:00.0: bridge window [mem 0x00100000-0x000fffff 64bit pref] to [bus 01-0f] add_size 200000 add_align 100000
Sep 09 00:41:02 spark-f05a kernel: pci 0009:00:00.0: bridge window [mem 0x73900000-0x73bfffff]: assigned
Sep 09 00:41:02 spark-f05a kernel: pci 0009:00:00.0: bridge window [mem 0xbb00000000-0xbb001fffff 64bit pref]: assigned
Sep 09 00:41:02 spark-f05a kernel: pci 0009:00:00.0: bridge window [io  0x40000-0x40fff]: assigned
Sep 09 00:41:02 spark-f05a kernel: pci 0009:01:00.0: BAR 0 [mem 0x73a00000-0x73bfffff 64bit]: assigned
Sep 09 00:41:02 spark-f05a kernel: pci 0009:01:00.0: BAR 2 [mem 0x73900000-0x73907fff 64bit]: assigned
Sep 09 00:41:02 spark-f05a kernel: pci 0009:00:00.0: PCI bridge to [bus 01-0f]
Sep 09 00:41:02 spark-f05a kernel: pci 0009:00:00.0:   bridge window [io  0x40000-0x40fff]
Sep 09 00:41:02 spark-f05a kernel: pci 0009:00:00.0:   bridge window [mem 0x73900000-0x73bfffff]
Sep 09 00:41:02 spark-f05a kernel: pci 0009:00:00.0:   bridge window [mem 0xbb00000000-0xbb001fffff 64bit pref]
Sep 09 00:41:02 spark-f05a kernel: pci_bus 0009:00: resource 4 [io  0x40000-0x4ffff window]
Sep 09 00:41:02 spark-f05a kernel: pci_bus 0009:00: resource 5 [mem 0x73810000-0x75ffffff window]
Sep 09 00:41:02 spark-f05a kernel: pci_bus 0009:00: resource 6 [mem 0xbb00000000-0xc8ffffffff window]
Sep 09 00:41:02 spark-f05a kernel: pci_bus 0009:01: resource 0 [io  0x40000-0x40fff]
Sep 09 00:41:02 spark-f05a kernel: pci_bus 0009:01: resource 1 [mem 0x73900000-0x73bfffff]
Sep 09 00:41:02 spark-f05a kernel: pci_bus 0009:01: resource 2 [mem 0xbb00000000-0xbb001fffff 64bit pref]
Sep 09 00:41:02 spark-f05a kernel: pci 0009:00:00.0: Max Payload Size set to  256/ 512 (was  128), Max Read Rq  256
Sep 09 00:41:02 spark-f05a kernel: pci 0009:01:00.0: Max Payload Size set to  256/ 256 (was  128), Max Read Rq  256
Sep 09 00:41:02 spark-f05a kernel: ACPI: PCI Root Bridge [PCIF] (domain 000f [bus 00-01])
Sep 09 00:41:02 spark-f05a kernel: acpi PNP0A08:0b: _OSC: OS supports [ExtendedConfig ASPM ClockPM Segments MSI EDR HPX-Type3]
Sep 09 00:41:02 spark-f05a kernel: acpi PNP0A08:0b: _OSC: platform does not support [SHPCHotplug DPC]
Sep 09 00:41:02 spark-f05a kernel: acpi PNP0A08:0b: _OSC: OS now controls [PCIeHotplug PME AER PCIeCapability LTR]
Sep 09 00:41:02 spark-f05a kernel: acpi PNP0A08:0b: ECAM area [mem 0x29000000-0x291fffff] reserved by PNP0C02:01
Sep 09 00:41:02 spark-f05a kernel: acpi PNP0A08:0b: ECAM at [mem 0x29000000-0x291fffff] for [bus 00-01]
Sep 09 00:41:02 spark-f05a kernel: PCI host bridge to bus 000f:00
Sep 09 00:41:02 spark-f05a kernel: pci_bus 000f:00: root bus resource [mem 0x24000000-0x281fffff window]
Sep 09 00:41:02 spark-f05a kernel: pci_bus 000f:00: root bus resource [bus 00-01]
Sep 09 00:41:02 spark-f05a kernel: PCI: OF: of_root node is NULL, cannot create PCI host bridge node
Sep 09 00:41:02 spark-f05a kernel: pci 000f:00:00.0: [10de:22d1] type 01 class 0x060400 PCIe Root Port
Sep 09 00:41:02 spark-f05a kernel: pci 000f:00:00.0: PCI bridge to [bus 01]
Sep 09 00:41:02 spark-f05a kernel: pci 000f:00:00.0:   bridge window [mem 0x24000000-0x27ffffff 64bit pref]
Sep 09 00:41:02 spark-f05a kernel: pci 000f:00:00.0: PME# supported from D0 D3hot
Sep 09 00:41:02 spark-f05a kernel: pci 000f:01:00.0: [10de:2e12] type 00 class 0x030000 PCIe Endpoint
Sep 09 00:41:02 spark-f05a kernel: pci 000f:01:00.0: BAR 0 [mem 0x24000000-0x27ffffff 64bit pref]
Sep 09 00:41:02 spark-f05a kernel: pci 000f:01:00.0: Enabling HDA controller
Sep 09 00:41:02 spark-f05a kernel: pci 000f:01:00.0: 0.000 Gb/s available PCIe bandwidth, limited by Unknown x0 link at 000f:00:00.0 (capable of 32.000 Gb/s with 2.5 GT/s PCIe x16 link)
Sep 09 00:41:02 spark-f05a kernel: pci 000f:00:00.0: PCI bridge to [bus 01]
Sep 09 00:41:02 spark-f05a kernel: pci 000f:00:00.0: PCI bridge to [bus 01]
Sep 09 00:41:02 spark-f05a kernel: pci 000f:00:00.0:   bridge window [mem 0x24000000-0x27ffffff 64bit pref]
Sep 09 00:41:02 spark-f05a kernel: pci_bus 000f:00: resource 4 [mem 0x24000000-0x281fffff window]
Sep 09 00:41:02 spark-f05a kernel: pci_bus 000f:01: resource 2 [mem 0x24000000-0x27ffffff 64bit pref]
Sep 09 00:41:02 spark-f05a kernel: pci 000f:00:00.0: Max Payload Size set to  256/ 512 (was  128), Max Read Rq  512
Sep 09 00:41:02 spark-f05a kernel: pci 000f:01:00.0: Max Payload Size set to  256/ 256 (was  128), Max Read Rq  512
Sep 09 00:41:02 spark-f05a kernel: iommu: Default domain type: Translated (set via kernel command line)
Sep 09 00:41:02 spark-f05a kernel: iommu: DMA domain TLB invalidation policy: lazy mode
Sep 09 00:41:02 spark-f05a kernel: SCSI subsystem initialized
Sep 09 00:41:02 spark-f05a kernel: libata version 3.00 loaded.
Sep 09 00:41:02 spark-f05a kernel: ACPI: bus type USB registered
Sep 09 00:41:02 spark-f05a kernel: usbcore: registered new interface driver usbfs
Sep 09 00:41:02 spark-f05a kernel: usbcore: registered new interface driver hub
Sep 09 00:41:02 spark-f05a kernel: usbcore: registered new device driver usb
Sep 09 00:41:02 spark-f05a kernel: pps_core: LinuxPPS API ver. 1 registered
Sep 09 00:41:02 spark-f05a kernel: pps_core: Software ver. 5.3.6 - Copyright 2005-2007 Rodolfo Giometti <giometti@linux.it>
Sep 09 00:41:02 spark-f05a kernel: PTP clock support registered
Sep 09 00:41:02 spark-f05a kernel: EDAC MC: Ver: 3.0.0
Sep 09 00:41:02 spark-f05a kernel: scmi_core: SCMI protocol bus registered
Sep 09 00:41:02 spark-f05a kernel: efivars: Registered efivars operations
Sep 09 00:41:02 spark-f05a kernel: mpam:mpam_msc_driver_init: No MSC devices found in firmware
Sep 09 00:41:02 spark-f05a kernel: NetLabel: Initializing
Sep 09 00:41:02 spark-f05a kernel: NetLabel:  domain hash size = 128
Sep 09 00:41:02 spark-f05a kernel: NetLabel:  protocols = UNLABELED CIPSOv4 CALIPSO
Sep 09 00:41:02 spark-f05a kernel: NetLabel:  unlabeled traffic allowed by default
Sep 09 00:41:02 spark-f05a kernel: mctp: management component transport protocol core
Sep 09 00:41:02 spark-f05a kernel: NET: Registered PF_MCTP protocol family
Sep 09 00:41:02 spark-f05a kernel: pci 000f:01:00.0: vgaarb: setting as boot VGA device
Sep 09 00:41:02 spark-f05a kernel: pci 000f:01:00.0: vgaarb: bridge control possible
Sep 09 00:41:02 spark-f05a kernel: pci 000f:01:00.0: vgaarb: VGA device added: decodes=io+mem,owns=none,locks=none
Sep 09 00:41:02 spark-f05a kernel: vgaarb: loaded
Sep 09 00:41:02 spark-f05a kernel: clocksource: Switched to clocksource arch_sys_counter
Sep 09 00:41:02 spark-f05a kernel: VFS: Disk quotas dquot_6.6.0
Sep 09 00:41:02 spark-f05a kernel: VFS: Dquot-cache hash table entries: 512 (order 0, 4096 bytes)
Sep 09 00:41:02 spark-f05a kernel: AppArmor: AppArmor Filesystem Enabled
Sep 09 00:41:02 spark-f05a kernel: pnp: PnP ACPI init
Sep 09 00:41:02 spark-f05a kernel: system 00:00: [mem 0xf300000000-0xf3ffffffff window] could not be reserved
Sep 09 00:41:02 spark-f05a kernel: system 00:00: [mem 0x1d790000-0x1d790fff] has been reserved
Sep 09 00:41:02 spark-f05a kernel: system 00:00: [mem 0x1d690000-0x1d690fff] has been reserved
Sep 09 00:41:02 spark-f05a kernel: system 00:00: [mem 0x1d600000-0x1d600fff] has been reserved
Sep 09 00:41:02 spark-f05a kernel: system 00:00: [mem 0x1d640000-0x1d640fff] has been reserved
Sep 09 00:41:02 spark-f05a kernel: system 00:00: [mem 0x16bd0000-0x16bd0fff] has been reserved
Sep 09 00:41:02 spark-f05a kernel: system 00:01: [mem 0x29000000-0x291fffff window] could not be reserved
Sep 09 00:41:02 spark-f05a kernel: pnp: PnP ACPI: found 2 devices
Sep 09 00:41:02 spark-f05a kernel: NET: Registered PF_INET protocol family
Sep 09 00:41:02 spark-f05a kernel: IP idents hash table entries: 262144 (order: 9, 2097152 bytes, linear)
Sep 09 00:41:02 spark-f05a kernel: tcp_listen_portaddr_hash hash table entries: 65536 (order: 8, 1048576 bytes, linear)
Sep 09 00:41:02 spark-f05a kernel: Table-perturb hash table entries: 65536 (order: 6, 262144 bytes, linear)
Sep 09 00:41:02 spark-f05a kernel: TCP established hash table entries: 524288 (order: 10, 4194304 bytes, linear)
Sep 09 00:41:02 spark-f05a kernel: TCP bind hash table entries: 65536 (order: 9, 2097152 bytes, linear)
Sep 09 00:41:02 spark-f05a kernel: TCP: Hash tables configured (established 524288 bind 65536)
Sep 09 00:41:02 spark-f05a kernel: MPTCP token hash table entries: 65536 (order: 9, 1572864 bytes, linear)
Sep 09 00:41:02 spark-f05a kernel: UDP hash table entries: 65536 (order: 10, 4194304 bytes, linear)
Sep 09 00:41:02 spark-f05a kernel: UDP-Lite hash table entries: 65536 (order: 10, 4194304 bytes, linear)
Sep 09 00:41:02 spark-f05a kernel: NET: Registered PF_UNIX/PF_LOCAL protocol family
Sep 09 00:41:02 spark-f05a kernel: NET: Registered PF_XDP protocol family
Sep 09 00:41:02 spark-f05a kernel: PCI: CLS 0 bytes, default 64
Sep 09 00:41:02 spark-f05a kernel: ARM FF-A: Driver version 1.2
Sep 09 00:41:02 spark-f05a kernel: ARM FF-A: Firmware version 1.2 found
Sep 09 00:41:02 spark-f05a kernel: Trying to unpack rootfs image as initramfs...
Sep 09 00:41:02 spark-f05a kernel: kvm [1]: nv: 567 coarse grained trap handlers
Sep 09 00:41:02 spark-f05a kernel: kvm [1]: nv: 664 fine grained trap handlers
Sep 09 00:41:02 spark-f05a kernel: kvm [1]: IPA Size Limit: 40 bits
Sep 09 00:41:02 spark-f05a kernel: kvm [1]: GICv4 support disabled
Sep 09 00:41:02 spark-f05a kernel: kvm [1]: GICv3: no GICV resource entry
Sep 09 00:41:02 spark-f05a kernel: kvm [1]: disabling GICv2 emulation
Sep 09 00:41:02 spark-f05a kernel: kvm [1]: GIC system register CPU interface enabled
Sep 09 00:41:02 spark-f05a kernel: kvm [1]: vgic interrupt IRQ9
Sep 09 00:41:02 spark-f05a kernel: kvm [1]: VHE mode initialized successfully
Sep 09 00:41:02 spark-f05a kernel: Initialise system trusted keyrings
Sep 09 00:41:02 spark-f05a kernel: Key type blacklist registered
Sep 09 00:41:02 spark-f05a kernel: workingset: timestamp_bits=40 max_order=25 bucket_order=0
Sep 09 00:41:02 spark-f05a kernel: squashfs: version 4.0 (2009/01/31) Phillip Lougher
Sep 09 00:41:02 spark-f05a kernel: fuse: init (API version 7.44)
Sep 09 00:41:02 spark-f05a kernel: integrity: Platform Keyring initialized
Sep 09 00:41:02 spark-f05a kernel: integrity: Machine keyring initialized
Sep 09 00:41:02 spark-f05a kernel: Key type asymmetric registered
Sep 09 00:41:02 spark-f05a kernel: Asymmetric key parser 'x509' registered
Sep 09 00:41:02 spark-f05a kernel: Block layer SCSI generic (bsg) driver version 0.4 loaded (major 239)
Sep 09 00:41:02 spark-f05a kernel: io scheduler mq-deadline registered
Sep 09 00:41:02 spark-f05a kernel: ledtrig-cpu: registered to indicate activity on CPUs
Sep 09 00:41:02 spark-f05a kernel: input: Power Button as /devices/LNXSYSTM:00/LNXSYBUS:00/PNP0C0C:00/input/input0
Sep 09 00:41:02 spark-f05a kernel: ACPI: button: Power Button [PWRB]
Sep 09 00:41:02 spark-f05a kernel: input: Lid Switch as /devices/LNXSYSTM:00/LNXSYBUS:00/PNP0C0D:00/input/input1
Sep 09 00:41:02 spark-f05a kernel: ACPI: button: Lid Switch [LID0]
Sep 09 00:41:02 spark-f05a kernel: input: Sleep Button as /devices/LNXSYSTM:00/LNXSYBUS:00/PNP0C0E:00/input/input2
Sep 09 00:41:02 spark-f05a kernel: ACPI: button: Sleep Button [SLPB]
Sep 09 00:41:02 spark-f05a kernel: thermal LNXTHERM:00: registered as thermal_zone0
Sep 09 00:41:02 spark-f05a kernel: ACPI: thermal: Thermal Zone [TSOC] (63 C)
Sep 09 00:41:02 spark-f05a kernel: thermal LNXTHERM:01: registered as thermal_zone1
Sep 09 00:41:02 spark-f05a kernel: ACPI: thermal: Thermal Zone [TS0E] (63 C)
Sep 09 00:41:02 spark-f05a kernel: thermal LNXTHERM:02: registered as thermal_zone2
Sep 09 00:41:02 spark-f05a kernel: ACPI: thermal: Thermal Zone [TS0P] (63 C)
Sep 09 00:41:02 spark-f05a kernel: thermal LNXTHERM:03: registered as thermal_zone3
Sep 09 00:41:02 spark-f05a kernel: ACPI: thermal: Thermal Zone [TS1E] (63 C)
Sep 09 00:41:02 spark-f05a kernel: thermal LNXTHERM:04: registered as thermal_zone4
Sep 09 00:41:02 spark-f05a kernel: ACPI: thermal: Thermal Zone [TS1P] (63 C)
Sep 09 00:41:02 spark-f05a kernel: thermal LNXTHERM:05: registered as thermal_zone5
Sep 09 00:41:02 spark-f05a kernel: ACPI: thermal: Thermal Zone [TGPU] (63 C)
Sep 09 00:41:02 spark-f05a kernel: thermal LNXTHERM:06: registered as thermal_zone6
Sep 09 00:41:02 spark-f05a kernel: ACPI: thermal: Thermal Zone [TUNC] (63 C)
Sep 09 00:41:02 spark-f05a kernel: ACPI GTDT: found 1 SBSA generic Watchdog(s).
Sep 09 00:41:02 spark-f05a kernel: Serial: 8250/16550 driver, 32 ports, IRQ sharing enabled
Sep 09 00:41:02 spark-f05a kernel: printk: legacy console [ttyS0] disabled
Sep 09 00:41:02 spark-f05a kernel: MTKI0511:00: ttyS0 at MMIO 0x16a00000 (irq = 45, base_baud = 1625000) is a ST16650V2
Sep 09 00:41:02 spark-f05a kernel: printk: legacy console [ttyS0] enabled
Sep 09 00:41:02 spark-f05a kernel: printk: legacy bootconsole [uart0] disabled
Sep 09 00:41:02 spark-f05a kernel: msm_serial: driver initialized
Sep 09 00:41:02 spark-f05a kernel: SuperH (H)SCI(F) driver initialized
Sep 09 00:41:02 spark-f05a kernel: arm-smmu-v3 arm-smmu-v3.0.auto: option mask 0x0
Sep 09 00:41:02 spark-f05a kernel: arm-smmu-v3 arm-smmu-v3.0.auto: ias 40-bit, oas 40-bit (features 0x0396dfbf)
Sep 09 00:41:02 spark-f05a kernel: arm-smmu-v3 arm-smmu-v3.0.auto: allocated 65536 entries for cmdq
Sep 09 00:41:02 spark-f05a kernel: arm-smmu-v3 arm-smmu-v3.0.auto: allocated 32768 entries for evtq
Sep 09 00:41:02 spark-f05a kernel: arm-smmu-v3 arm-smmu-v3.0.auto: allocated 65536 entries for priq
Sep 09 00:41:02 spark-f05a kernel: arm-smmu-v3 arm-smmu-v3.0.auto: 2-level strtab only covers 25/32 bits of SID
Sep 09 00:41:02 spark-f05a kernel: arm-smmu-v3 arm-smmu-v3.0.auto: msi_domain absent - falling back to wired irqs
Sep 09 00:41:02 spark-f05a kernel: platform NVDA8000:00: Adding to iommu group 0
Sep 09 00:41:02 spark-f05a kernel: platform NVDA8000:01: Adding to iommu group 1
Sep 09 00:41:02 spark-f05a kernel: platform NVDA8000:02: Adding to iommu group 2
Sep 09 00:41:02 spark-f05a kernel: platform NVDA8000:03: Adding to iommu group 3
Sep 09 00:41:02 spark-f05a kernel: platform NVDA8001:00: Adding to iommu group 4
Sep 09 00:41:02 spark-f05a kernel: platform NVDA8000:04: Adding to iommu group 5
Sep 09 00:41:02 spark-f05a kernel: pci 0000:00:00.0: Adding to iommu group 6
Sep 09 00:41:02 spark-f05a kernel: pci 0000:01:00.0: Adding to iommu group 7
Sep 09 00:41:02 spark-f05a kernel: pci 0000:01:00.1: Adding to iommu group 8
Sep 09 00:41:02 spark-f05a kernel: pci 0002:00:00.0: Adding to iommu group 9
Sep 09 00:41:02 spark-f05a kernel: pci 0002:01:00.0: Adding to iommu group 10
Sep 09 00:41:02 spark-f05a kernel: pci 0002:01:00.1: Adding to iommu group 11
Sep 09 00:41:02 spark-f05a kernel: pci 0004:00:00.0: Adding to iommu group 12
Sep 09 00:41:02 spark-f05a kernel: pci 0004:01:00.0: Adding to iommu group 13
Sep 09 00:41:02 spark-f05a kernel: pci 0007:00:00.0: Adding to iommu group 14
Sep 09 00:41:02 spark-f05a kernel: pci 0007:01:00.0: Adding to iommu group 15
Sep 09 00:41:02 spark-f05a kernel: pci 0009:00:00.0: Adding to iommu group 16
Sep 09 00:41:02 spark-f05a kernel: pci 0009:01:00.0: Adding to iommu group 17
Sep 09 00:41:02 spark-f05a kernel: arm-smmu-v3 arm-smmu-v3.1.auto: option mask 0x0
Sep 09 00:41:02 spark-f05a kernel: arm-smmu-v3 arm-smmu-v3.1.auto: ias 40-bit, oas 40-bit (features 0x0396dfbf)
Sep 09 00:41:02 spark-f05a kernel: arm-smmu-v3 arm-smmu-v3.1.auto: allocated 65536 entries for cmdq
Sep 09 00:41:02 spark-f05a kernel: arm-smmu-v3 arm-smmu-v3.1.auto: allocated 32768 entries for evtq
Sep 09 00:41:02 spark-f05a kernel: arm-smmu-v3 arm-smmu-v3.1.auto: allocated 65536 entries for priq
Sep 09 00:41:02 spark-f05a kernel: arm-smmu-v3 arm-smmu-v3.1.auto: 2-level strtab only covers 25/32 bits of SID
Sep 09 00:41:02 spark-f05a kernel: arm-smmu-v3 arm-smmu-v3.1.auto: msi_domain absent - falling back to wired irqs
Sep 09 00:41:02 spark-f05a kernel: platform NVDA2014:00: Adding to iommu group 18
Sep 09 00:41:02 spark-f05a kernel: pci 000f:00:00.0: Adding to iommu group 19
Sep 09 00:41:02 spark-f05a kernel: pci 000f:01:00.0: Adding to iommu group 20
Sep 09 00:41:02 spark-f05a kernel: arm-smmu-v3 arm-smmu-v3.2.auto: option mask 0x0
Sep 09 00:41:02 spark-f05a kernel: arm-smmu-v3 arm-smmu-v3.2.auto: ias 40-bit, oas 40-bit (features 0x0396dfbf)
Sep 09 00:41:02 spark-f05a kernel: arm-smmu-v3 arm-smmu-v3.2.auto: allocated 65536 entries for cmdq
Sep 09 00:41:02 spark-f05a kernel: arm-smmu-v3 arm-smmu-v3.2.auto: allocated 32768 entries for evtq
Sep 09 00:41:02 spark-f05a kernel: arm-smmu-v3 arm-smmu-v3.2.auto: allocated 65536 entries for priq
Sep 09 00:41:02 spark-f05a kernel: arm-smmu-v3 arm-smmu-v3.2.auto: 2-level strtab only covers 25/32 bits of SID
Sep 09 00:41:02 spark-f05a kernel: arm-smmu-v3 arm-smmu-v3.2.auto: msi_domain absent - falling back to wired irqs
Sep 09 00:41:02 spark-f05a kernel: arm-smmu-v3 arm-smmu-v3.2.auto: no priq irq - PRI will be broken
Sep 09 00:41:02 spark-f05a kernel: platform NVDA2861:00: Adding to iommu group 21
Sep 09 00:41:02 spark-f05a kernel: platform NVDA0210:00: Adding to iommu group 22
Sep 09 00:41:02 spark-f05a kernel: platform NVDA0210:01: Adding to iommu group 23
Sep 09 00:41:02 spark-f05a kernel: platform NVDA0210:02: Adding to iommu group 24
Sep 09 00:41:02 spark-f05a kernel: loop: module loaded
Sep 09 00:41:02 spark-f05a kernel: ACPI: bus type drm_connector registered
Sep 09 00:41:02 spark-f05a kernel: tun: Universal TUN/TAP device driver, 1.6
Sep 09 00:41:02 spark-f05a kernel: PPP generic driver version 2.4.2
Sep 09 00:41:02 spark-f05a kernel: mousedev: PS/2 mouse device common for all mice
Sep 09 00:41:02 spark-f05a kernel: rtc-efi rtc-efi.0: registered as rtc0
Sep 09 00:41:02 spark-f05a kernel: rtc-efi rtc-efi.0: setting system clock to 2026-09-08T15:40:56 UTC (1788882056)
Sep 09 00:41:02 spark-f05a kernel: i2c_dev: i2c /dev entries driver
Sep 09 00:41:02 spark-f05a kernel: device-mapper: core: CONFIG_IMA_DISABLE_HTABLE is disabled. Duplicate IMA measurements will not be recorded in the IMA log.
Sep 09 00:41:02 spark-f05a kernel: device-mapper: uevent: version 1.0.3
Sep 09 00:41:02 spark-f05a kernel: device-mapper: ioctl: 4.50.0-ioctl (2025-04-28) initialised: dm-devel@lists.linux.dev
Sep 09 00:41:02 spark-f05a kernel: simple-framebuffer simple-framebuffer.0: [drm] Registered 1 planes with drm panic
Sep 09 00:41:02 spark-f05a kernel: [drm] Initialized simpledrm 1.0.0 for simple-framebuffer.0 on minor 0
Sep 09 00:41:02 spark-f05a kernel: fbcon: Deferring console take-over
Sep 09 00:41:02 spark-f05a kernel: simple-framebuffer simple-framebuffer.0: [drm] fb0: simpledrmdrmfb frame buffer device
Sep 09 00:41:02 spark-f05a kernel: SMCCC: SOC_ID: ID = jep106:0426:8901 Revision = 0x00000000
Sep 09 00:41:02 spark-f05a kernel: Arm LFA: Live Firmware activation: no firmware agent found
Sep 09 00:41:02 spark-f05a kernel: hw perfevents: enabled with armv8_pmuv3_0 PMU driver, 21 (0,800fffff) counters available
Sep 09 00:41:02 spark-f05a kernel: hw perfevents: enabled with armv8_pmuv3_1 PMU driver, 32 (0,ffffffff) counters available
Sep 09 00:41:02 spark-f05a kernel: drop_monitor: Initializing network drop monitor service
Sep 09 00:41:02 spark-f05a kernel: NET: Registered PF_INET6 protocol family
Sep 09 00:41:02 spark-f05a kernel: watchdog: NMI not fully supported
Sep 09 00:41:02 spark-f05a kernel: watchdog: Hard watchdog permanently disabled
Sep 09 00:41:02 spark-f05a kernel: Segment Routing with IPv6
Sep 09 00:41:02 spark-f05a kernel: In-situ OAM (IOAM) with IPv6
Sep 09 00:41:02 spark-f05a kernel: NET: Registered PF_PACKET protocol family
Sep 09 00:41:02 spark-f05a kernel: Key type dns_resolver registered
Sep 09 00:41:02 spark-f05a kernel: registered taskstats version 1
Sep 09 00:41:02 spark-f05a kernel: Loading compiled-in X.509 certificates
Sep 09 00:41:02 spark-f05a kernel: Loaded X.509 cert 'Build time autogenerated kernel key: 089776c88b90080275e4ced32a1af732ccfb72a8'
Sep 09 00:41:02 spark-f05a kernel: Loaded X.509 cert 'Canonical Ltd. Live Patch Signing 2025 Kmod: d541cef61dc7e793b7eb7e899970a2eef0b5dc8c'
Sep 09 00:41:02 spark-f05a kernel: Loaded X.509 cert 'Canonical Ltd. Live Patch Signing: 14df34d1a87cf37625abec039ef2bf521249b969'
Sep 09 00:41:02 spark-f05a kernel: Loaded X.509 cert 'Canonical Ltd. Kernel Module Signing 2025 Kmod: 4627603d2357a2a3f81006370894c221175893e9'
Sep 09 00:41:02 spark-f05a kernel: Loaded X.509 cert 'Canonical Ltd. Kernel Module Signing: 88f752e560a1e0737e31163a466ad7b70a850c19'
Sep 09 00:41:02 spark-f05a kernel: blacklist: Loading compiled-in revocation X.509 certificates
Sep 09 00:41:02 spark-f05a kernel: Loaded X.509 cert 'Canonical Ltd. Secure Boot Signing: 61482aa2830d0ab2ad5af10b7250da9033ddcef0'
Sep 09 00:41:02 spark-f05a kernel: Loaded X.509 cert 'Canonical Ltd. Secure Boot Signing (2017): 242ade75ac4a15e50d50c84b0d45ff3eae707a03'
Sep 09 00:41:02 spark-f05a kernel: Loaded X.509 cert 'Canonical Ltd. Secure Boot Signing (ESM 2018): 365188c1d374d6b07c3c8f240f8ef722433d6a8b'
Sep 09 00:41:02 spark-f05a kernel: Loaded X.509 cert 'Canonical Ltd. Secure Boot Signing (2019): c0746fd6c5da3ae827864651ad66ae47fe24b3e8'
Sep 09 00:41:02 spark-f05a kernel: Loaded X.509 cert 'Canonical Ltd. Secure Boot Signing (2021 v1): a8d54bbb3825cfb94fa13c9f8a594a195c107b8d'
Sep 09 00:41:02 spark-f05a kernel: Loaded X.509 cert 'Canonical Ltd. Secure Boot Signing (2021 v2): 4cf046892d6fd3c9a5b03f98d845f90851dc6a8c'
Sep 09 00:41:02 spark-f05a kernel: Loaded X.509 cert 'Canonical Ltd. Secure Boot Signing (2021 v3): 100437bb6de6e469b581e61cd66bce3ef4ed53af'
Sep 09 00:41:02 spark-f05a kernel: Loaded X.509 cert 'Canonical Ltd. Secure Boot Signing (Ubuntu Core 2019): c1d57b8f6b743f23ee41f4f7ee292f06eecadfb9'
Sep 09 00:41:02 spark-f05a kernel: Demotion targets for Node 0: null
Sep 09 00:41:02 spark-f05a kernel: Key type .fscrypt registered
Sep 09 00:41:02 spark-f05a kernel: Key type fscrypt-provisioning registered
Sep 09 00:41:02 spark-f05a kernel: Key type big_key registered
Sep 09 00:41:02 spark-f05a kernel: Freeing initrd memory: 82200K
Sep 09 00:41:02 spark-f05a kernel: Key type encrypted registered
Sep 09 00:41:02 spark-f05a kernel: AppArmor: AppArmor sha256 policy hashing enabled
Sep 09 00:41:02 spark-f05a kernel: integrity: Loading X.509 certificate: UEFI:db
Sep 09 00:41:02 spark-f05a kernel: integrity: Loaded X.509 cert 'ASUS UEFI SW Key Certificate: b0fa6680874410ba479208b6268c10e4'
Sep 09 00:41:02 spark-f05a kernel: integrity: Loading X.509 certificate: UEFI:db
Sep 09 00:41:02 spark-f05a kernel: integrity: Loaded X.509 cert 'Microsoft Corporation UEFI CA 2011: 13adbf4309bd82709c8cd54f316ed522988a1bd4'
Sep 09 00:41:02 spark-f05a kernel: integrity: Loading X.509 certificate: UEFI:db
Sep 09 00:41:02 spark-f05a kernel: integrity: Loaded X.509 cert 'Microsoft Windows Production PCA 2011: a92902398e16c49778cd90f99e4f9ae17c55af53'
Sep 09 00:41:02 spark-f05a kernel: integrity: Loading X.509 certificate: UEFI:db
Sep 09 00:41:02 spark-f05a kernel: integrity: Loaded X.509 cert 'Microsoft Corporation: Windows UEFI CA 2023: aefc5fbbbe055d8f8daa585473499417ab5a5272'
Sep 09 00:41:02 spark-f05a kernel: integrity: Loading X.509 certificate: UEFI:db
Sep 09 00:41:02 spark-f05a kernel: integrity: Loaded X.509 cert 'Microsoft UEFI CA 2023: 81aa6b3244c935bce0d6628af39827421e32497d'
Sep 09 00:41:02 spark-f05a kernel: ima: secureboot mode disabled
Sep 09 00:41:02 spark-f05a kernel: ima: No TPM chip found, activating TPM-bypass!
Sep 09 00:41:02 spark-f05a kernel: Loading compiled-in module X.509 certificates
Sep 09 00:41:02 spark-f05a kernel: Loaded X.509 cert 'Build time autogenerated kernel key: 089776c88b90080275e4ced32a1af732ccfb72a8'
Sep 09 00:41:02 spark-f05a kernel: ima: Allocated hash algorithm: sha256
Sep 09 00:41:02 spark-f05a kernel: ima: No architecture policies found
Sep 09 00:41:02 spark-f05a kernel: evm: Initialising EVM extended attributes:
Sep 09 00:41:02 spark-f05a kernel: evm: security.selinux
Sep 09 00:41:02 spark-f05a kernel: evm: security.SMACK64
Sep 09 00:41:02 spark-f05a kernel: evm: security.SMACK64EXEC
Sep 09 00:41:02 spark-f05a kernel: evm: security.SMACK64TRANSMUTE
Sep 09 00:41:02 spark-f05a kernel: evm: security.SMACK64MMAP
Sep 09 00:41:02 spark-f05a kernel: evm: security.apparmor
Sep 09 00:41:02 spark-f05a kernel: evm: security.ima
Sep 09 00:41:02 spark-f05a kernel: evm: security.capability
Sep 09 00:41:02 spark-f05a kernel: evm: HMAC attrs: 0x1
Sep 09 00:41:02 spark-f05a kernel: BERT: Error records from previous boot:
Sep 09 00:41:02 spark-f05a kernel: [Hardware Error]: It has been corrected by h/w and requires no further action
Sep 09 00:41:02 spark-f05a kernel: [Hardware Error]: event severity: corrected
Sep 09 00:41:02 spark-f05a kernel: [Hardware Error]:  Error 0, type: corrected
Sep 09 00:41:02 spark-f05a kernel: [Hardware Error]:   section type: unknown, 3c1e3f4b-1e1a-43df-af28-59820e958e3c
Sep 09 00:41:02 spark-f05a kernel: [Hardware Error]:   section length: 0x3e
Sep 09 00:41:02 spark-f05a kernel: [Hardware Error]:   00000000: 000d0000 544d0000 0044494b 00000000  ......MTKID.....
Sep 09 00:41:02 spark-f05a kernel: [Hardware Error]:   00000010: 00000000 00000020 00000022 56190000  .... ..."......V
Sep 09 00:41:02 spark-f05a kernel: [Hardware Error]:   00000020: a451e0a4 c2964450 0ae9a1c7 0000fa95  ..Q.PD..........
Sep 09 00:41:02 spark-f05a kernel: [Hardware Error]:   00000030: 00 00 00 00 00 00 00 00 00 00 00 00 00 00        ..............
Sep 09 00:41:02 spark-f05a kernel: BERT: Total records found: 1
Sep 09 00:41:02 spark-f05a kernel: pcieport 0000:00:00.0: PME: Signaling with IRQ 276
Sep 09 00:41:02 spark-f05a kernel: pcieport 0000:00:00.0: AER: enabled with IRQ 277
Sep 09 00:41:02 spark-f05a kernel: pcieport 0002:00:00.0: PME: Signaling with IRQ 279
Sep 09 00:41:02 spark-f05a kernel: pcieport 0002:00:00.0: AER: enabled with IRQ 280
Sep 09 00:41:02 spark-f05a kernel: pcieport 0004:00:00.0: PME: Signaling with IRQ 282
Sep 09 00:41:02 spark-f05a kernel: pcieport 0004:00:00.0: AER: enabled with IRQ 283
Sep 09 00:41:02 spark-f05a kernel: pcieport 0004:00:00.0: pciehp: Slot #4 AttnBtn- PwrCtrl- MRL- AttnInd- PwrInd- HotPlug+ Surprise+ Interlock- NoCompl+ IbPresDis- LLActRep+
Sep 09 00:41:02 spark-f05a kernel: pcieport 0007:00:00.0: PME: Signaling with IRQ 285
Sep 09 00:41:02 spark-f05a kernel: pcieport 0007:00:00.0: AER: enabled with IRQ 286
Sep 09 00:41:02 spark-f05a kernel: pcieport 0007:00:00.0: pciehp: Slot #7 AttnBtn- PwrCtrl- MRL- AttnInd- PwrInd- HotPlug+ Surprise+ Interlock- NoCompl+ IbPresDis- LLActRep+
Sep 09 00:41:02 spark-f05a kernel: pcieport 0009:00:00.0: PME: Signaling with IRQ 288
Sep 09 00:41:02 spark-f05a kernel: pcieport 0009:00:00.0: AER: enabled with IRQ 289
Sep 09 00:41:02 spark-f05a kernel: pcieport 0009:00:00.0: pciehp: Slot #9 AttnBtn- PwrCtrl- MRL- AttnInd- PwrInd- HotPlug+ Surprise+ Interlock- NoCompl+ IbPresDis- LLActRep+
Sep 09 00:41:02 spark-f05a kernel: pcieport 000f:00:00.0: PME: Signaling with IRQ 290
Sep 09 00:41:02 spark-f05a kernel: pcieport 000f:00:00.0: AER: enabled with IRQ 292
Sep 09 00:41:02 spark-f05a kernel: clk: Disabling unused clocks
Sep 09 00:41:02 spark-f05a kernel: PM: genpd: Disabling unused power domains
Sep 09 00:41:02 spark-f05a kernel: Freeing unused kernel memory: 14784K
Sep 09 00:41:02 spark-f05a kernel: Checked W+X mappings: passed, no W+X pages found
Sep 09 00:41:02 spark-f05a kernel: Run /init as init process
Sep 09 00:41:02 spark-f05a kernel:   with arguments:
Sep 09 00:41:02 spark-f05a kernel:     /init
Sep 09 00:41:02 spark-f05a kernel:     splash
Sep 09 00:41:02 spark-f05a kernel:   with environment:
Sep 09 00:41:02 spark-f05a kernel:     HOME=/
Sep 09 00:41:02 spark-f05a kernel:     TERM=linux
Sep 09 00:41:02 spark-f05a kernel: xhci-hcd NVDA8000:00: xHCI Host Controller
Sep 09 00:41:02 spark-f05a kernel: xhci-hcd NVDA8000:00: new USB bus registered, assigned bus number 1
Sep 09 00:41:02 spark-f05a kernel: xhci-hcd NVDA8000:00: hcc params 0x01844f91 hci version 0x120 quirks 0x0008000000000010
Sep 09 00:41:02 spark-f05a kernel: xhci-hcd NVDA8000:00: irq 48, io mem 0x1db60000
Sep 09 00:41:02 spark-f05a kernel: xhci-hcd NVDA8000:00: xHCI Host Controller
Sep 09 00:41:02 spark-f05a kernel: xhci-hcd NVDA8000:00: new USB bus registered, assigned bus number 2
Sep 09 00:41:02 spark-f05a kernel: xhci-hcd NVDA8000:00: Host supports USB 3.2 Enhanced SuperSpeed
Sep 09 00:41:02 spark-f05a kernel: usb usb1: New USB device found, idVendor=1d6b, idProduct=0002, bcdDevice= 6.17
Sep 09 00:41:02 spark-f05a kernel: usb usb1: New USB device strings: Mfr=3, Product=2, SerialNumber=1
Sep 09 00:41:02 spark-f05a kernel: usb usb1: Product: xHCI Host Controller
Sep 09 00:41:02 spark-f05a kernel: usb usb1: Manufacturer: Linux 6.17.0-1032-nvidia xhci-hcd
Sep 09 00:41:02 spark-f05a kernel: usb usb1: SerialNumber: NVDA8000:00
Sep 09 00:41:02 spark-f05a kernel: hub 1-0:1.0: USB hub found
Sep 09 00:41:02 spark-f05a kernel: hub 1-0:1.0: 1 port detected
Sep 09 00:41:02 spark-f05a kernel: usb usb2: We don't know the algorithms for LPM for this host, disabling LPM.
Sep 09 00:41:02 spark-f05a kernel: usb usb2: New USB device found, idVendor=1d6b, idProduct=0003, bcdDevice= 6.17
Sep 09 00:41:02 spark-f05a kernel: usb usb2: New USB device strings: Mfr=3, Product=2, SerialNumber=1
Sep 09 00:41:02 spark-f05a kernel: usb usb2: Product: xHCI Host Controller
Sep 09 00:41:02 spark-f05a kernel: usb usb2: Manufacturer: Linux 6.17.0-1032-nvidia xhci-hcd
Sep 09 00:41:02 spark-f05a kernel: usb usb2: SerialNumber: NVDA8000:00
Sep 09 00:41:02 spark-f05a kernel: hub 2-0:1.0: USB hub found
Sep 09 00:41:02 spark-f05a kernel: hub 2-0:1.0: 1 port detected
Sep 09 00:41:02 spark-f05a kernel: xhci-hcd NVDA8000:01: xHCI Host Controller
Sep 09 00:41:02 spark-f05a kernel: xhci-hcd NVDA8000:01: new USB bus registered, assigned bus number 3
Sep 09 00:41:02 spark-f05a kernel: xhci-hcd NVDA8000:01: hcc params 0x01844f91 hci version 0x120 quirks 0x0008000000000010
Sep 09 00:41:02 spark-f05a kernel: xhci-hcd NVDA8000:01: irq 49, io mem 0x1db90000
Sep 09 00:41:02 spark-f05a kernel: xhci-hcd NVDA8000:01: xHCI Host Controller
Sep 09 00:41:02 spark-f05a kernel: xhci-hcd NVDA8000:01: new USB bus registered, assigned bus number 4
Sep 09 00:41:02 spark-f05a kernel: xhci-hcd NVDA8000:01: Host supports USB 3.2 Enhanced SuperSpeed
Sep 09 00:41:02 spark-f05a kernel: usb usb3: New USB device found, idVendor=1d6b, idProduct=0002, bcdDevice= 6.17
Sep 09 00:41:02 spark-f05a kernel: usb usb3: New USB device strings: Mfr=3, Product=2, SerialNumber=1
Sep 09 00:41:02 spark-f05a kernel: usb usb3: Product: xHCI Host Controller
Sep 09 00:41:02 spark-f05a kernel: usb usb3: Manufacturer: Linux 6.17.0-1032-nvidia xhci-hcd
Sep 09 00:41:02 spark-f05a kernel: usb usb3: SerialNumber: NVDA8000:01
Sep 09 00:41:02 spark-f05a kernel: hub 3-0:1.0: USB hub found
Sep 09 00:41:02 spark-f05a kernel: hub 3-0:1.0: 1 port detected
Sep 09 00:41:02 spark-f05a kernel: usb usb4: We don't know the algorithms for LPM for this host, disabling LPM.
Sep 09 00:41:02 spark-f05a kernel: usb usb4: New USB device found, idVendor=1d6b, idProduct=0003, bcdDevice= 6.17
Sep 09 00:41:02 spark-f05a kernel: usb usb4: New USB device strings: Mfr=3, Product=2, SerialNumber=1
Sep 09 00:41:02 spark-f05a kernel: usb usb4: Product: xHCI Host Controller
Sep 09 00:41:02 spark-f05a kernel: usb usb4: Manufacturer: Linux 6.17.0-1032-nvidia xhci-hcd
Sep 09 00:41:02 spark-f05a kernel: usb usb4: SerialNumber: NVDA8000:01
Sep 09 00:41:02 spark-f05a kernel: Key type psk registered
Sep 09 00:41:02 spark-f05a kernel: hub 4-0:1.0: USB hub found
Sep 09 00:41:02 spark-f05a kernel: hub 4-0:1.0: 1 port detected
Sep 09 00:41:02 spark-f05a kernel: r8127 Ethernet controller driver 11.014.00-NAPI loaded
Sep 09 00:41:02 spark-f05a kernel: xhci-hcd NVDA8000:02: xHCI Host Controller
Sep 09 00:41:02 spark-f05a kernel: xhci-hcd NVDA8000:02: new USB bus registered, assigned bus number 5
Sep 09 00:41:02 spark-f05a kernel: xhci-hcd NVDA8000:02: hcc params 0x01844f91 hci version 0x120 quirks 0x0008000000000010
Sep 09 00:41:02 spark-f05a kernel: xhci-hcd NVDA8000:02: irq 50, io mem 0x1dde0000
Sep 09 00:41:02 spark-f05a kernel: xhci-hcd NVDA8000:02: xHCI Host Controller
Sep 09 00:41:02 spark-f05a kernel: xhci-hcd NVDA8000:02: new USB bus registered, assigned bus number 6
Sep 09 00:41:02 spark-f05a kernel: xhci-hcd NVDA8000:02: Host supports USB 3.2 Enhanced SuperSpeed
Sep 09 00:41:02 spark-f05a kernel: usb usb5: New USB device found, idVendor=1d6b, idProduct=0002, bcdDevice= 6.17
Sep 09 00:41:02 spark-f05a kernel: usb usb5: New USB device strings: Mfr=3, Product=2, SerialNumber=1
Sep 09 00:41:02 spark-f05a kernel: usb usb5: Product: xHCI Host Controller
Sep 09 00:41:02 spark-f05a kernel: usb usb5: Manufacturer: Linux 6.17.0-1032-nvidia xhci-hcd
Sep 09 00:41:02 spark-f05a kernel: usb usb5: SerialNumber: NVDA8000:02
Sep 09 00:41:02 spark-f05a kernel: hub 5-0:1.0: USB hub found
Sep 09 00:41:02 spark-f05a kernel: hub 5-0:1.0: 1 port detected
Sep 09 00:41:02 spark-f05a kernel: usb usb6: We don't know the algorithms for LPM for this host, disabling LPM.
Sep 09 00:41:02 spark-f05a kernel: usb usb6: New USB device found, idVendor=1d6b, idProduct=0003, bcdDevice= 6.17
Sep 09 00:41:02 spark-f05a kernel: usb usb6: New USB device strings: Mfr=3, Product=2, SerialNumber=1
Sep 09 00:41:02 spark-f05a kernel: usb usb6: Product: xHCI Host Controller
Sep 09 00:41:02 spark-f05a kernel: usb usb6: Manufacturer: Linux 6.17.0-1032-nvidia xhci-hcd
Sep 09 00:41:02 spark-f05a kernel: usb usb6: SerialNumber: NVDA8000:02
Sep 09 00:41:02 spark-f05a kernel: hub 6-0:1.0: USB hub found
Sep 09 00:41:02 spark-f05a kernel: hub 6-0:1.0: 1 port detected
Sep 09 00:41:02 spark-f05a kernel: xhci-hcd NVDA8000:03: xHCI Host Controller
Sep 09 00:41:02 spark-f05a kernel: xhci-hcd NVDA8000:03: new USB bus registered, assigned bus number 7
Sep 09 00:41:02 spark-f05a kernel: xhci-hcd NVDA8000:03: hcc params 0x01844f91 hci version 0x120 quirks 0x0008000000000010
Sep 09 00:41:02 spark-f05a kernel: xhci-hcd NVDA8000:03: irq 51, io mem 0x1de10000
Sep 09 00:41:02 spark-f05a kernel: xhci-hcd NVDA8000:03: xHCI Host Controller
Sep 09 00:41:02 spark-f05a kernel: xhci-hcd NVDA8000:03: new USB bus registered, assigned bus number 8
Sep 09 00:41:02 spark-f05a kernel: xhci-hcd NVDA8000:03: Host supports USB 3.2 Enhanced SuperSpeed
Sep 09 00:41:02 spark-f05a kernel: usb usb7: New USB device found, idVendor=1d6b, idProduct=0002, bcdDevice= 6.17
Sep 09 00:41:02 spark-f05a kernel: usb usb7: New USB device strings: Mfr=3, Product=2, SerialNumber=1
Sep 09 00:41:02 spark-f05a kernel: usb usb7: Product: xHCI Host Controller
Sep 09 00:41:02 spark-f05a kernel: usb usb7: Manufacturer: Linux 6.17.0-1032-nvidia xhci-hcd
Sep 09 00:41:02 spark-f05a kernel: usb usb7: SerialNumber: NVDA8000:03
Sep 09 00:41:02 spark-f05a kernel: hub 7-0:1.0: USB hub found
Sep 09 00:41:02 spark-f05a kernel: hub 7-0:1.0: 1 port detected
Sep 09 00:41:02 spark-f05a kernel: usb usb8: We don't know the algorithms for LPM for this host, disabling LPM.
Sep 09 00:41:02 spark-f05a kernel: usb usb8: New USB device found, idVendor=1d6b, idProduct=0003, bcdDevice= 6.17
Sep 09 00:41:02 spark-f05a kernel: usb usb8: New USB device strings: Mfr=3, Product=2, SerialNumber=1
Sep 09 00:41:02 spark-f05a kernel: usb usb8: Product: xHCI Host Controller
Sep 09 00:41:02 spark-f05a kernel: usb usb8: Manufacturer: Linux 6.17.0-1032-nvidia xhci-hcd
Sep 09 00:41:02 spark-f05a kernel: usb usb8: SerialNumber: NVDA8000:03
Sep 09 00:41:02 spark-f05a kernel: hub 8-0:1.0: USB hub found
Sep 09 00:41:02 spark-f05a kernel: hub 8-0:1.0: 1 port detected
Sep 09 00:41:02 spark-f05a kernel: xhci-hcd NVDA8001:00: xHCI Host Controller
Sep 09 00:41:02 spark-f05a kernel: xhci-hcd NVDA8001:00: new USB bus registered, assigned bus number 9
Sep 09 00:41:02 spark-f05a kernel: xhci-hcd NVDA8001:00: hcc params 0x01844f91 hci version 0x120 quirks 0x0008000000000010
Sep 09 00:41:02 spark-f05a kernel: xhci-hcd NVDA8001:00: irq 52, io mem 0x1d860000
Sep 09 00:41:02 spark-f05a kernel: xhci-hcd NVDA8001:00: xHCI Host Controller
Sep 09 00:41:02 spark-f05a kernel: xhci-hcd NVDA8001:00: new USB bus registered, assigned bus number 10
Sep 09 00:41:02 spark-f05a kernel: xhci-hcd NVDA8001:00: Host supports USB 3.2 Enhanced SuperSpeed
Sep 09 00:41:02 spark-f05a kernel: usb usb9: New USB device found, idVendor=1d6b, idProduct=0002, bcdDevice= 6.17
Sep 09 00:41:02 spark-f05a kernel: usb usb9: New USB device strings: Mfr=3, Product=2, SerialNumber=1
Sep 09 00:41:02 spark-f05a kernel: usb usb9: Product: xHCI Host Controller
Sep 09 00:41:02 spark-f05a kernel: usb usb9: Manufacturer: Linux 6.17.0-1032-nvidia xhci-hcd
Sep 09 00:41:02 spark-f05a kernel: usb usb9: SerialNumber: NVDA8001:00
Sep 09 00:41:02 spark-f05a kernel: hub 9-0:1.0: USB hub found
Sep 09 00:41:02 spark-f05a kernel: hub 9-0:1.0: 1 port detected
Sep 09 00:41:02 spark-f05a kernel: nvme nvme0: pci function 0004:01:00.0
Sep 09 00:41:02 spark-f05a kernel: usb usb10: We don't know the algorithms for LPM for this host, disabling LPM.
Sep 09 00:41:02 spark-f05a kernel: usb usb10: New USB device found, idVendor=1d6b, idProduct=0003, bcdDevice= 6.17
Sep 09 00:41:02 spark-f05a kernel: usb usb10: New USB device strings: Mfr=3, Product=2, SerialNumber=1
Sep 09 00:41:02 spark-f05a kernel: usb usb10: Product: xHCI Host Controller
Sep 09 00:41:02 spark-f05a kernel: usb usb10: Manufacturer: Linux 6.17.0-1032-nvidia xhci-hcd
Sep 09 00:41:02 spark-f05a kernel: usb usb10: SerialNumber: NVDA8001:00
Sep 09 00:41:02 spark-f05a kernel: r8127: This product is covered by one or more of the following patents: US6,570,884, US6,115,776, and US6,327,625.
Sep 09 00:41:02 spark-f05a kernel: r8127  Copyright (C) 2025 Realtek NIC software team <nicfae@realtek.com> 
                                    This program comes with ABSOLUTELY NO WARRANTY; for details, please see <http://www.gnu.org/licenses/>. 
                                    This is free software, and you are welcome to redistribute it under certain conditions; see <http://www.gnu.org/licenses/>. 
Sep 09 00:41:02 spark-f05a kernel: hub 10-0:1.0: USB hub found
Sep 09 00:41:02 spark-f05a kernel: hub 10-0:1.0: 1 port detected
Sep 09 00:41:02 spark-f05a kernel: xhci-hcd NVDA8000:04: xHCI Host Controller
Sep 09 00:41:02 spark-f05a kernel: xhci-hcd NVDA8000:04: new USB bus registered, assigned bus number 11
Sep 09 00:41:02 spark-f05a kernel: xhci-hcd NVDA8000:04: hcc params 0x01844f91 hci version 0x120 quirks 0x0008000000000010
Sep 09 00:41:02 spark-f05a kernel: xhci-hcd NVDA8000:04: irq 53, io mem 0x1d870000
Sep 09 00:41:02 spark-f05a kernel: xhci-hcd NVDA8000:04: xHCI Host Controller
Sep 09 00:41:02 spark-f05a kernel: xhci-hcd NVDA8000:04: new USB bus registered, assigned bus number 12
Sep 09 00:41:02 spark-f05a kernel: xhci-hcd NVDA8000:04: Host supports USB 3.2 Enhanced SuperSpeed
Sep 09 00:41:02 spark-f05a kernel: usb usb11: New USB device found, idVendor=1d6b, idProduct=0002, bcdDevice= 6.17
Sep 09 00:41:02 spark-f05a kernel: usb usb11: New USB device strings: Mfr=3, Product=2, SerialNumber=1
Sep 09 00:41:02 spark-f05a kernel: usb usb11: Product: xHCI Host Controller
Sep 09 00:41:02 spark-f05a kernel: usb usb11: Manufacturer: Linux 6.17.0-1032-nvidia xhci-hcd
Sep 09 00:41:02 spark-f05a kernel: usb usb11: SerialNumber: NVDA8000:04
Sep 09 00:41:02 spark-f05a kernel: hub 11-0:1.0: USB hub found
Sep 09 00:41:02 spark-f05a kernel: hub 11-0:1.0: 2 ports detected
Sep 09 00:41:02 spark-f05a kernel: usb usb12: We don't know the algorithms for LPM for this host, disabling LPM.
Sep 09 00:41:02 spark-f05a kernel: usb usb12: New USB device found, idVendor=1d6b, idProduct=0003, bcdDevice= 6.17
Sep 09 00:41:02 spark-f05a kernel: usb usb12: New USB device strings: Mfr=3, Product=2, SerialNumber=1
Sep 09 00:41:02 spark-f05a kernel: usb usb12: Product: xHCI Host Controller
Sep 09 00:41:02 spark-f05a kernel: usb usb12: Manufacturer: Linux 6.17.0-1032-nvidia xhci-hcd
Sep 09 00:41:02 spark-f05a kernel: usb usb12: SerialNumber: NVDA8000:04
Sep 09 00:41:02 spark-f05a kernel: hub 12-0:1.0: USB hub found
Sep 09 00:41:02 spark-f05a kernel: hub 12-0:1.0: 1 port detected
Sep 09 00:41:02 spark-f05a kernel: nvme nvme0: allocated 64 MiB host memory buffer (1 segment).
Sep 09 00:41:02 spark-f05a kernel: nvme nvme0: 20/0/0 default/read/poll queues
Sep 09 00:41:02 spark-f05a kernel:  nvme0n1: p1 p2
Sep 09 00:41:02 spark-f05a kernel: r8127 0007:01:00.0 enP7s7: renamed from eth0
Sep 09 00:41:02 spark-f05a kernel: mlx5_core 0000:01:00.0: enabling device (0000 -> 0002)
Sep 09 00:41:02 spark-f05a kernel: mlx5_core 0000:01:00.0: firmware version: 28.45.4028
Sep 09 00:41:02 spark-f05a kernel: mlx5_core 0000:01:00.0: 126.028 Gb/s available PCIe bandwidth (32.0 GT/s PCIe x4 link)
Sep 09 00:41:02 spark-f05a kernel: usb 11-2: new high-speed USB device number 2 using xhci-hcd
Sep 09 00:41:02 spark-f05a kernel: mlx5_core 0000:01:00.0: Rate limit: 127 rates are supported, range: 0Mbps to 195312Mbps
Sep 09 00:41:02 spark-f05a kernel: mlx5_core 0000:01:00.0: E-Switch: Total vports 10, per vport: max uc(128) max mc(2048)
Sep 09 00:41:02 spark-f05a kernel: mlx5_core 0000:01:00.0: Flow counters bulk query buffer size increased, bulk_query_len(8)
Sep 09 00:41:02 spark-f05a kernel: mlx5_core 0000:01:00.0: Port module event: module 0, Cable unplugged
Sep 09 00:41:02 spark-f05a kernel: mlx5_core 0000:01:00.0: mlx5_pcie_event:326:(pid 12): Detected insufficient power on the PCIe slot (27W).
Sep 09 00:41:02 spark-f05a kernel: mlx5_core 0000:01:00.0: mlx5e: IPSec ESP acceleration enabled
Sep 09 00:41:02 spark-f05a kernel: usb 11-2: New USB device found, idVendor=13d3, idProduct=3608, bcdDevice= 1.00
Sep 09 00:41:02 spark-f05a kernel: usb 11-2: New USB device strings: Mfr=5, Product=6, SerialNumber=7
Sep 09 00:41:02 spark-f05a kernel: usb 11-2: Product: Wireless_Device
Sep 09 00:41:02 spark-f05a kernel: usb 11-2: Manufacturer: MediaTek Inc.
Sep 09 00:41:02 spark-f05a kernel: usb 11-2: SerialNumber: 000000000
Sep 09 00:41:02 spark-f05a kernel: mlx5_core 0000:01:00.0: MLX5E: StrdRq(1) RqSz(8) StrdSz(2048) RxCqeCmprss(0 enhanced)
Sep 09 00:41:02 spark-f05a kernel: mlx5_core 0000:01:00.1: enabling device (0000 -> 0002)
Sep 09 00:41:02 spark-f05a kernel: mlx5_core 0000:01:00.1: firmware version: 28.45.4028
Sep 09 00:41:02 spark-f05a kernel: mlx5_core 0000:01:00.1: 126.028 Gb/s available PCIe bandwidth (32.0 GT/s PCIe x4 link)
Sep 09 00:41:02 spark-f05a kernel: mlx5_core 0000:01:00.1: Rate limit: 127 rates are supported, range: 0Mbps to 195312Mbps
Sep 09 00:41:02 spark-f05a kernel: mlx5_core 0000:01:00.1: E-Switch: Total vports 10, per vport: max uc(128) max mc(2048)
Sep 09 00:41:02 spark-f05a kernel: mlx5_core 0000:01:00.1: Flow counters bulk query buffer size increased, bulk_query_len(8)
Sep 09 00:41:02 spark-f05a kernel: mlx5_core 0000:01:00.1: Port module event: module 1, Cable plugged
Sep 09 00:41:02 spark-f05a kernel: mlx5_core 0000:01:00.1: mlx5_pcie_event:326:(pid 408): Detected insufficient power on the PCIe slot (27W).
Sep 09 00:41:02 spark-f05a kernel: mlx5_core 0000:01:00.1: mlx5e: IPSec ESP acceleration enabled
Sep 09 00:41:02 spark-f05a kernel: mlx5_core 0000:01:00.1: MLX5E: StrdRq(1) RqSz(8) StrdSz(2048) RxCqeCmprss(0 enhanced)
Sep 09 00:41:02 spark-f05a kernel: mlx5_core 0002:01:00.0: enabling device (0000 -> 0002)
Sep 09 00:41:02 spark-f05a kernel: mlx5_core 0002:01:00.0: firmware version: 28.45.4028
Sep 09 00:41:02 spark-f05a kernel: mlx5_core 0002:01:00.0: 126.028 Gb/s available PCIe bandwidth (32.0 GT/s PCIe x4 link)
Sep 09 00:41:02 spark-f05a kernel: mlx5_core 0002:01:00.0: Rate limit: 127 rates are supported, range: 0Mbps to 195312Mbps
Sep 09 00:41:02 spark-f05a kernel: mlx5_core 0002:01:00.0: E-Switch: Total vports 10, per vport: max uc(128) max mc(2048)
Sep 09 00:41:02 spark-f05a kernel: mlx5_core 0002:01:00.0: Flow counters bulk query buffer size increased, bulk_query_len(8)
Sep 09 00:41:02 spark-f05a kernel: mlx5_core 0002:01:00.0: Port module event: module 0, Cable unplugged
Sep 09 00:41:02 spark-f05a kernel: mlx5_core 0002:01:00.0: mlx5_pcie_event:326:(pid 437): Detected insufficient power on the PCIe slot (27W).
Sep 09 00:41:02 spark-f05a kernel: mlx5_core 0002:01:00.0: mlx5e: IPSec ESP acceleration enabled
Sep 09 00:41:02 spark-f05a kernel: mlx5_core 0002:01:00.0: MLX5E: StrdRq(1) RqSz(8) StrdSz(2048) RxCqeCmprss(0 enhanced)
Sep 09 00:41:02 spark-f05a kernel: mlx5_core 0002:01:00.1: enabling device (0000 -> 0002)
Sep 09 00:41:02 spark-f05a kernel: mlx5_core 0002:01:00.1: firmware version: 28.45.4028
Sep 09 00:41:02 spark-f05a kernel: mlx5_core 0002:01:00.1: 126.028 Gb/s available PCIe bandwidth (32.0 GT/s PCIe x4 link)
Sep 09 00:41:02 spark-f05a kernel: mlx5_core 0002:01:00.1: Rate limit: 127 rates are supported, range: 0Mbps to 195312Mbps
Sep 09 00:41:02 spark-f05a kernel: mlx5_core 0002:01:00.1: E-Switch: Total vports 10, per vport: max uc(128) max mc(2048)
Sep 09 00:41:02 spark-f05a kernel: mlx5_core 0002:01:00.1: Flow counters bulk query buffer size increased, bulk_query_len(8)
Sep 09 00:41:02 spark-f05a kernel: mlx5_core 0002:01:00.1: Port module event: module 1, Cable plugged
Sep 09 00:41:02 spark-f05a kernel: mlx5_core 0002:01:00.1: mlx5_pcie_event:326:(pid 437): Detected insufficient power on the PCIe slot (27W).
Sep 09 00:41:02 spark-f05a kernel: mlx5_core 0002:01:00.1: mlx5e: IPSec ESP acceleration enabled
Sep 09 00:41:02 spark-f05a kernel: mlx5_core 0002:01:00.1: MLX5E: StrdRq(1) RqSz(8) StrdSz(2048) RxCqeCmprss(0 enhanced)
Sep 09 00:41:02 spark-f05a kernel: mlx5_core 0000:01:00.0 enp1s0f0np0: renamed from eth0
Sep 09 00:41:02 spark-f05a kernel: mlx5_core 0000:01:00.1 enp1s0f1np1: renamed from eth1
Sep 09 00:41:02 spark-f05a kernel: mlx5_core 0002:01:00.0 enP2p1s0f0np0: renamed from eth2
Sep 09 00:41:02 spark-f05a kernel: mlx5_core 0002:01:00.1 enP2p1s0f1np1: renamed from eth3
Sep 09 00:41:02 spark-f05a kernel: MACsec IEEE 802.1AE
Sep 09 00:41:02 spark-f05a kernel: raid6: neonx8   gen() 18937 MB/s
Sep 09 00:41:02 spark-f05a kernel: raid6: neonx4   gen() 15750 MB/s
Sep 09 00:41:02 spark-f05a kernel: raid6: neonx2   gen() 14368 MB/s
Sep 09 00:41:02 spark-f05a kernel: raid6: neonx1   gen() 13104 MB/s
Sep 09 00:41:02 spark-f05a kernel: raid6: int64x8  gen()  6435 MB/s
Sep 09 00:41:02 spark-f05a kernel: raid6: int64x4  gen()  6253 MB/s
Sep 09 00:41:02 spark-f05a kernel: raid6: int64x2  gen()  5208 MB/s
Sep 09 00:41:02 spark-f05a kernel: raid6: int64x1  gen()  4262 MB/s
Sep 09 00:41:02 spark-f05a kernel: raid6: using algorithm neonx8 gen() 18937 MB/s
Sep 09 00:41:02 spark-f05a kernel: raid6: .... xor() 14616 MB/s, rmw enabled
Sep 09 00:41:02 spark-f05a kernel: raid6: using neon recovery algorithm
Sep 09 00:41:02 spark-f05a kernel: xor: measuring software checksum speed
Sep 09 00:41:02 spark-f05a kernel:    8regs           : 18791 MB/sec
Sep 09 00:41:02 spark-f05a kernel:    32regs          : 18614 MB/sec
Sep 09 00:41:02 spark-f05a kernel:    arm64_neon      : 25390 MB/sec
Sep 09 00:41:02 spark-f05a kernel: xor: using function: arm64_neon (25390 MB/sec)
Sep 09 00:41:02 spark-f05a kernel: async_tx: api initialized (async)
Sep 09 00:41:02 spark-f05a kernel: Btrfs loaded, zoned=yes, fsverity=yes
Sep 09 00:41:02 spark-f05a kernel: EXT4-fs (nvme0n1p2): mounted filesystem cf531b7b-fe62-4347-9af2-197f9b7a76f0 ro with ordered data mode. Quota mode: none.
Sep 09 00:41:02 spark-f05a systemd[1]: Inserted module 'autofs4'
Sep 09 00:41:02 spark-f05a systemd[1]: systemd 255.4-1ubuntu8.17 running in system mode (+PAM +AUDIT +SELINUX +APPARMOR +IMA +SMACK +SECCOMP +GCRYPT -GNUTLS +OPENSSL +ACL +BLKID +CURL +ELFUTILS +FIDO2 +IDN2 -IDN +IPTC +KMOD +LIBCRYPTSETUP +LIBFDISK +PCRE2 -PWQUALITY +P11KIT +QRENCODE +TPM2 +BZIP2 +LZ4 +XZ +ZLIB +ZSTD -BPF_FRAMEWORK -XKBCOMMON +UTMP +SYSVINIT default-hierarchy=unified)
Sep 09 00:41:02 spark-f05a systemd[1]: Detected architecture arm64.
Sep 09 00:41:02 spark-f05a systemd[1]: Hostname set to <spark-f05a>.
Sep 09 00:41:02 spark-f05a systemd[1]: Queued start job for default target graphical.target.
Sep 09 00:41:02 spark-f05a systemd[1]: Created slice system-modprobe.slice - Slice /system/modprobe.
Sep 09 00:41:02 spark-f05a systemd[1]: Created slice system-serial\x2dgetty.slice - Slice /system/serial-getty.
Sep 09 00:41:02 spark-f05a systemd[1]: Created slice system-systemd\x2dfsck.slice - Slice /system/systemd-fsck.
Sep 09 00:41:02 spark-f05a systemd[1]: Created slice user.slice - User and Session Slice.
Sep 09 00:41:02 spark-f05a systemd[1]: Started systemd-ask-password-wall.path - Forward Password Requests to Wall Directory Watch.
Sep 09 00:41:02 spark-f05a systemd[1]: Set up automount proc-sys-fs-binfmt_misc.automount - Arbitrary Executable File Formats File System Automount Point.
Sep 09 00:41:02 spark-f05a systemd[1]: Expecting device dev-disk-by\x2duuid-433C\x2dD53D.device - /dev/disk/by-uuid/433C-D53D...
Sep 09 00:41:02 spark-f05a systemd[1]: Expecting device dev-ttyS0.device - /dev/ttyS0...
Sep 09 00:41:02 spark-f05a systemd[1]: Reached target integritysetup.target - Local Integrity Protected Volumes.
Sep 09 00:41:02 spark-f05a systemd[1]: Reached target nss-user-lookup.target - User and Group Name Lookups.
Sep 09 00:41:02 spark-f05a systemd[1]: Reached target slices.target - Slice Units.
Sep 09 00:41:02 spark-f05a systemd[1]: Reached target snapd.mounts-pre.target - Mounting snaps.
Sep 09 00:41:02 spark-f05a systemd[1]: Reached target veritysetup.target - Local Verity Protected Volumes.
Sep 09 00:41:02 spark-f05a systemd[1]: Listening on dm-event.socket - Device-mapper event daemon FIFOs.
Sep 09 00:41:02 spark-f05a systemd[1]: Listening on lvm2-lvmpolld.socket - LVM2 poll daemon socket.
Sep 09 00:41:02 spark-f05a systemd[1]: Listening on multipathd.socket - multipathd control socket.
Sep 09 00:41:02 spark-f05a systemd[1]: Listening on syslog.socket - Syslog Socket.
Sep 09 00:41:02 spark-f05a systemd[1]: Listening on systemd-fsckd.socket - fsck to fsckd communication Socket.
Sep 09 00:41:02 spark-f05a systemd[1]: Listening on systemd-initctl.socket - initctl Compatibility Named Pipe.
Sep 09 00:41:02 spark-f05a systemd[1]: Listening on systemd-journald-dev-log.socket - Journal Socket (/dev/log).
Sep 09 00:41:02 spark-f05a systemd[1]: Listening on systemd-journald.socket - Journal Socket.
Sep 09 00:41:02 spark-f05a systemd[1]: Listening on systemd-networkd.socket - Network Service Netlink Socket.
Sep 09 00:41:02 spark-f05a systemd[1]: systemd-pcrextend.socket - TPM2 PCR Extension (Varlink) was skipped because of an unmet condition check (ConditionSecurity=measured-uki).
Sep 09 00:41:02 spark-f05a systemd[1]: Listening on systemd-udevd-control.socket - udev Control Socket.
Sep 09 00:41:02 spark-f05a systemd[1]: Listening on systemd-udevd-kernel.socket - udev Kernel Socket.
Sep 09 00:41:02 spark-f05a systemd[1]: Mounting dev-hugepages.mount - Huge Pages File System...
Sep 09 00:41:02 spark-f05a systemd[1]: Mounting dev-mqueue.mount - POSIX Message Queue File System...
Sep 09 00:41:02 spark-f05a systemd[1]: Mounting sys-kernel-debug.mount - Kernel Debug File System...
Sep 09 00:41:02 spark-f05a systemd[1]: Mounting sys-kernel-tracing.mount - Kernel Trace File System...
Sep 09 00:41:02 spark-f05a systemd[1]: Starting systemd-journald.service - Journal Service...
Sep 09 00:41:02 spark-f05a systemd[1]: auth-rpcgss-module.service - Kernel Module supporting RPCSEC_GSS was skipped because of an unmet condition check (ConditionPathExists=/etc/krb5.keytab).
Sep 09 00:41:02 spark-f05a systemd[1]: Starting keyboard-setup.service - Set the console keyboard layout...
Sep 09 00:41:02 spark-f05a systemd[1]: Starting kmod-static-nodes.service - Create List of Static Device Nodes...
Sep 09 00:41:02 spark-f05a systemd[1]: Starting lvm2-monitor.service - Monitoring of LVM2 mirrors, snapshots etc. using dmeventd or progress polling...
Sep 09 00:41:02 spark-f05a systemd[1]: Starting modprobe@configfs.service - Load Kernel Module configfs...
Sep 09 00:41:02 spark-f05a systemd[1]: Starting modprobe@dm_mod.service - Load Kernel Module dm_mod...
Sep 09 00:41:02 spark-f05a systemd[1]: Starting modprobe@drm.service - Load Kernel Module drm...
Sep 09 00:41:02 spark-f05a systemd[1]: Starting modprobe@efi_pstore.service - Load Kernel Module efi_pstore...
Sep 09 00:41:02 spark-f05a systemd[1]: Starting modprobe@fuse.service - Load Kernel Module fuse...
Sep 09 00:41:02 spark-f05a systemd[1]: Starting modprobe@loop.service - Load Kernel Module loop...
Sep 09 00:41:02 spark-f05a systemd[1]: Starting modprobe@nvme_fabrics.service - Load Kernel Module nvme_fabrics...
Sep 09 00:41:02 spark-f05a systemd[1]: netplan-ovs-cleanup.service - OpenVSwitch configuration for cleanup was skipped because of an unmet condition check (ConditionFileIsExecutable=/usr/bin/ovs-vsctl).
Sep 09 00:41:02 spark-f05a systemd[1]: systemd-fsck-root.service - File System Check on Root Device was skipped because of an unmet condition check (ConditionPathExists=!/run/initramfs/fsck-root).
Sep 09 00:41:02 spark-f05a systemd[1]: Starting systemd-modules-load.service - Load Kernel Modules...
Sep 09 00:41:02 spark-f05a systemd[1]: systemd-pcrmachine.service - TPM2 PCR Machine ID Measurement was skipped because of an unmet condition check (ConditionSecurity=measured-uki).
Sep 09 00:41:02 spark-f05a systemd[1]: Starting systemd-remount-fs.service - Remount Root and Kernel File Systems...
Sep 09 00:41:02 spark-f05a systemd[1]: systemd-tpm2-setup-early.service - TPM2 SRK Setup (Early) was skipped because of an unmet condition check (ConditionSecurity=measured-uki).
Sep 09 00:41:02 spark-f05a systemd[1]: Starting systemd-udev-trigger.service - Coldplug All udev Devices...
Sep 09 00:41:02 spark-f05a systemd[1]: Mounted dev-hugepages.mount - Huge Pages File System.
Sep 09 00:41:02 spark-f05a systemd[1]: Mounted dev-mqueue.mount - POSIX Message Queue File System.
Sep 09 00:41:02 spark-f05a systemd[1]: Mounted sys-kernel-debug.mount - Kernel Debug File System.
Sep 09 00:41:02 spark-f05a systemd[1]: Mounted sys-kernel-tracing.mount - Kernel Trace File System.
Sep 09 00:41:02 spark-f05a systemd[1]: Finished kmod-static-nodes.service - Create List of Static Device Nodes.
Sep 09 00:41:02 spark-f05a systemd[1]: modprobe@configfs.service: Deactivated successfully.
Sep 09 00:41:02 spark-f05a systemd[1]: Finished modprobe@configfs.service - Load Kernel Module configfs.
Sep 09 00:41:02 spark-f05a systemd[1]: modprobe@dm_mod.service: Deactivated successfully.
Sep 09 00:41:02 spark-f05a systemd[1]: Finished modprobe@dm_mod.service - Load Kernel Module dm_mod.
Sep 09 00:41:02 spark-f05a systemd[1]: modprobe@drm.service: Deactivated successfully.
Sep 09 00:41:02 spark-f05a systemd[1]: Finished modprobe@drm.service - Load Kernel Module drm.
Sep 09 00:41:02 spark-f05a systemd[1]: Mounting sys-kernel-config.mount - Kernel Configuration File System...
Sep 09 00:41:02 spark-f05a systemd[1]: Starting systemd-tmpfiles-setup-dev-early.service - Create Static Device Nodes in /dev gracefully...
Sep 09 00:41:02 spark-f05a systemd[1]: modprobe@fuse.service: Deactivated successfully.
Sep 09 00:41:02 spark-f05a systemd[1]: Finished modprobe@fuse.service - Load Kernel Module fuse.
Sep 09 00:41:02 spark-f05a systemd[1]: modprobe@loop.service: Deactivated successfully.
Sep 09 00:41:02 spark-f05a kernel: pstore: Using crash dump compression: deflate
Sep 09 00:41:02 spark-f05a systemd[1]: Finished modprobe@loop.service - Load Kernel Module loop.
Sep 09 00:41:02 spark-f05a systemd[1]: Mounting sys-fs-fuse-connections.mount - FUSE Control File System...
Sep 09 00:41:02 spark-f05a systemd[1]: systemd-repart.service - Repartition Root Disk was skipped because no trigger condition checks were met.
Sep 09 00:41:02 spark-f05a kernel: pstore: Registered efi_pstore as persistent store backend
Sep 09 00:41:02 spark-f05a systemd[1]: modprobe@efi_pstore.service: Deactivated successfully.
Sep 09 00:41:02 spark-f05a systemd[1]: Finished modprobe@efi_pstore.service - Load Kernel Module efi_pstore.
Sep 09 00:41:02 spark-f05a systemd[1]: modprobe@nvme_fabrics.service: Deactivated successfully.
Sep 09 00:41:02 spark-f05a systemd[1]: Finished modprobe@nvme_fabrics.service - Load Kernel Module nvme_fabrics.
Sep 09 00:41:02 spark-f05a systemd[1]: Mounted sys-kernel-config.mount - Kernel Configuration File System.
Sep 09 00:41:02 spark-f05a systemd[1]: Mounted sys-fs-fuse-connections.mount - FUSE Control File System.
Sep 09 00:41:02 spark-f05a kernel: IPMI message handler: version 39.2
Sep 09 00:41:02 spark-f05a systemd-journald[659]: Collecting audit messages is disabled.
Sep 09 00:41:02 spark-f05a kernel: ipmi device interface
Sep 09 00:41:02 spark-f05a systemd[1]: Finished systemd-tmpfiles-setup-dev-early.service - Create Static Device Nodes in /dev gracefully.
Sep 09 00:41:02 spark-f05a kernel: mstflint_access: loading out-of-tree module taints kernel.
Sep 09 00:41:02 spark-f05a kernel:   MST::  : mst_init 1963: Mellanox Technologies Software Tools Driver - version 2.0.0
Sep 09 00:41:02 spark-f05a kernel:   MST::  : mst_init 1976: found device - domain=0x0, bus=0x1, slot=0x0, func=0x0, vendor=0x15b3, device=0x1021
Sep 09 00:41:02 spark-f05a kernel:   MST::  : mst_init 1976: found device - domain=0x0, bus=0x1, slot=0x0, func=0x1, vendor=0x15b3, device=0x1021
Sep 09 00:41:02 spark-f05a kernel:   MST::  : mst_init 1976: found device - domain=0x2, bus=0x1, slot=0x0, func=0x0, vendor=0x15b3, device=0x1021
Sep 09 00:41:02 spark-f05a kernel:   MST::  : mst_init 1976: found device - domain=0x2, bus=0x1, slot=0x0, func=0x1, vendor=0x15b3, device=0x1021
Sep 09 00:41:02 spark-f05a systemd[1]: Finished systemd-modules-load.service - Load Kernel Modules.
Sep 09 00:41:02 spark-f05a kernel: EXT4-fs (nvme0n1p2): re-mounted cf531b7b-fe62-4347-9af2-197f9b7a76f0 r/w.
Sep 09 00:41:02 spark-f05a systemd[1]: Starting systemd-sysctl.service - Apply Kernel Variables...
Sep 09 00:41:02 spark-f05a systemd[1]: Finished keyboard-setup.service - Set the console keyboard layout.
Sep 09 00:41:02 spark-f05a systemd[1]: Finished systemd-remount-fs.service - Remount Root and Kernel File Systems.
Sep 09 00:41:02 spark-f05a systemd[1]: Activating swap swap.img.swap - /swap.img...
Sep 09 00:41:02 spark-f05a systemd[1]: Starting multipathd.service - Device-Mapper Multipath Device Controller...
Sep 09 00:41:02 spark-f05a systemd[1]: systemd-hwdb-update.service - Rebuild Hardware Database was skipped because of an unmet condition check (ConditionNeedsUpdate=/etc).
Sep 09 00:41:02 spark-f05a systemd[1]: systemd-pstore.service - Platform Persistent Storage Archival was skipped because of an unmet condition check (ConditionDirectoryNotEmpty=/sys/fs/pstore).
Sep 09 00:41:02 spark-f05a systemd[1]: Starting systemd-random-seed.service - Load/Save OS Random Seed...
Sep 09 00:41:02 spark-f05a systemd[1]: systemd-sysusers.service - Create System Users was skipped because no trigger condition checks were met.
Sep 09 00:41:02 spark-f05a systemd[1]: Starting systemd-tmpfiles-setup-dev.service - Create Static Device Nodes in /dev...
Sep 09 00:41:02 spark-f05a systemd[1]: systemd-tpm2-setup.service - TPM2 SRK Setup was skipped because of an unmet condition check (ConditionSecurity=measured-uki).
Sep 09 00:41:02 spark-f05a systemd[1]: Finished lvm2-monitor.service - Monitoring of LVM2 mirrors, snapshots etc. using dmeventd or progress polling.
Sep 09 00:41:02 spark-f05a kernel: Adding 16777212k swap on /swap.img.  Priority:-2 extents:12 across:24657916k SS
Sep 09 00:41:02 spark-f05a systemd[1]: Activated swap swap.img.swap - /swap.img.
Sep 09 00:41:02 spark-f05a systemd[1]: Reached target swap.target - Swaps.
Sep 09 00:41:02 spark-f05a systemd[1]: Finished systemd-random-seed.service - Load/Save OS Random Seed.
Sep 09 00:41:02 spark-f05a systemd[1]: Finished systemd-sysctl.service - Apply Kernel Variables.
Sep 09 00:41:02 spark-f05a systemd[1]: Finished systemd-tmpfiles-setup-dev.service - Create Static Device Nodes in /dev.
Sep 09 00:41:02 spark-f05a systemd[1]: Starting systemd-udevd.service - Rule-based Manager for Device Events and Files...
Sep 09 00:41:02 spark-f05a systemd[1]: Started systemd-journald.service - Journal Service.
Sep 09 00:41:02 spark-f05a kernel: nvme nvme0: using unchecked data buffer
Sep 09 00:41:02 spark-f05a systemd-journald[659]: Received client request to flush runtime journal.
Sep 09 00:41:02 spark-f05a systemd-journald[659]: File /var/log/journal/63229c3fe72d4a539d35dca59204a148/system.journal corrupted or uncleanly shut down, renaming and replacing.
Sep 09 00:41:02 spark-f05a kernel: loop0: detected capacity change from 0 to 8
Sep 09 00:41:02 spark-f05a kernel: loop1: detected capacity change from 0 to 141232
Sep 09 00:41:02 spark-f05a kernel: loop2: detected capacity change from 0 to 126688
Sep 09 00:41:02 spark-f05a kernel: loop3: detected capacity change from 0 to 141272
Sep 09 00:41:02 spark-f05a kernel: loop4: detected capacity change from 0 to 507792
Sep 09 00:41:02 spark-f05a kernel: loop5: detected capacity change from 0 to 492840
Sep 09 00:41:02 spark-f05a kernel: loop6: detected capacity change from 0 to 20936
Sep 09 00:41:02 spark-f05a kernel: loop7: detected capacity change from 0 to 31856
Sep 09 00:41:02 spark-f05a kernel: loop8: detected capacity change from 0 to 1132440
Sep 09 00:41:02 spark-f05a kernel: loop9: detected capacity change from 0 to 1030424
Sep 09 00:41:03 spark-f05a kernel: cx7-pcie-hotplug MTKP0001:00: PCIe hotplug driver initialized successfully
Sep 09 00:41:03 spark-f05a kernel: CPPC Cpufreq:Enabling auto_sel_mode (autonomous selection mode)
Sep 09 00:41:03 spark-f05a kernel: processor cpu0: EM: CPUs of 0-4,10-14 must have the same capacity
Sep 09 00:41:03 spark-f05a kernel: processor cpu1: EM: CPUs of 0-4,10-14 must have the same capacity
Sep 09 00:41:03 spark-f05a kernel: processor cpu2: EM: CPUs of 0-4,10-14 must have the same capacity
Sep 09 00:41:03 spark-f05a kernel: cx7-pcie-hotplug MTKP0001:00: Hotplug enabled
Sep 09 00:41:03 spark-f05a kernel: processor cpu3: EM: CPUs of 0-4,10-14 must have the same capacity
Sep 09 00:41:03 spark-f05a kernel: processor cpu4: EM: CPUs of 0-4,10-14 must have the same capacity
Sep 09 00:41:03 spark-f05a kernel: arm_spe_pmu arm,spe-v1: probed SPEv1.2 for CPUs 0-19 [max_record_sz 64, align 64, features 0xd7]
Sep 09 00:41:03 spark-f05a kernel: processor cpu5: EM: created perf domain
Sep 09 00:41:03 spark-f05a kernel: arm-smmu-v3-pmcg arm-smmu-v3-pmcg.3.auto: option mask 0x0
Sep 09 00:41:03 spark-f05a kernel: arm-smmu-v3-pmcg arm-smmu-v3-pmcg.3.auto: Registered PMU @ 0x0000000013802000 using 32 counters with Global(Counter0) filter settings
Sep 09 00:41:03 spark-f05a kernel: arm-smmu-v3-pmcg arm-smmu-v3-pmcg.4.auto: option mask 0x0
Sep 09 00:41:03 spark-f05a kernel: arm-smmu-v3-pmcg arm-smmu-v3-pmcg.4.auto: Registered PMU @ 0x0000000013842000 using 16 counters with Global(Counter0) filter settings
Sep 09 00:41:03 spark-f05a kernel: arm-smmu-v3-pmcg arm-smmu-v3-pmcg.5.auto: option mask 0x0
Sep 09 00:41:03 spark-f05a kernel: arm-smmu-v3-pmcg arm-smmu-v3-pmcg.5.auto: Registered PMU @ 0x0000000013862000 using 16 counters with Global(Counter0) filter settings
Sep 09 00:41:03 spark-f05a kernel: arm-smmu-v3-pmcg arm-smmu-v3-pmcg.6.auto: option mask 0x0
Sep 09 00:41:03 spark-f05a kernel: arm-smmu-v3-pmcg arm-smmu-v3-pmcg.6.auto: Registered PMU @ 0x0000000013882000 using 16 counters with Global(Counter0) filter settings
Sep 09 00:41:03 spark-f05a kernel: arm-smmu-v3-pmcg arm-smmu-v3-pmcg.7.auto: option mask 0x0
Sep 09 00:41:03 spark-f05a kernel: processor cpu10: EM: CPUs of 0-4,10-14 must have the same capacity
Sep 09 00:41:03 spark-f05a kernel: arm-smmu-v3-pmcg arm-smmu-v3-pmcg.7.auto: Registered PMU @ 0x00000000138a2000 using 16 counters with Global(Counter0) filter settings
Sep 09 00:41:03 spark-f05a kernel: arm-smmu-v3-pmcg arm-smmu-v3-pmcg.8.auto: option mask 0x0
Sep 09 00:41:03 spark-f05a kernel: processor cpu11: EM: CPUs of 0-4,10-14 must have the same capacity
Sep 09 00:41:03 spark-f05a kernel: arm-smmu-v3-pmcg arm-smmu-v3-pmcg.8.auto: Registered PMU @ 0x00000000138c2000 using 16 counters with Global(Counter0) filter settings
Sep 09 00:41:03 spark-f05a kernel: arm-smmu-v3-pmcg arm-smmu-v3-pmcg.9.auto: option mask 0x0
Sep 09 00:41:03 spark-f05a kernel: processor cpu12: EM: CPUs of 0-4,10-14 must have the same capacity
Sep 09 00:41:03 spark-f05a kernel: arm-smmu-v3-pmcg arm-smmu-v3-pmcg.9.auto: Registered PMU @ 0x00000000138e2000 using 16 counters with Global(Counter0) filter settings
Sep 09 00:41:03 spark-f05a kernel: arm-smmu-v3-pmcg arm-smmu-v3-pmcg.10.auto: option mask 0x0
Sep 09 00:41:03 spark-f05a kernel: cfg80211: Loading compiled-in X.509 certificates for regulatory database
Sep 09 00:41:03 spark-f05a kernel: Loaded X.509 cert 'sforshee: 00b28ddf47aef9cea7'
Sep 09 00:41:03 spark-f05a kernel: Loaded X.509 cert 'wens: 61c038651aabdcf94bd0ac7ff06c7248db18c600'
Sep 09 00:41:03 spark-f05a kernel: arm-smmu-v3-pmcg arm-smmu-v3-pmcg.10.auto: Registered PMU @ 0x0000000013002000 using 32 counters with Global(Counter0) filter settings
Sep 09 00:41:03 spark-f05a kernel: processor cpu13: EM: CPUs of 0-4,10-14 must have the same capacity
Sep 09 00:41:03 spark-f05a kernel: arm-smmu-v3-pmcg arm-smmu-v3-pmcg.11.auto: option mask 0x0
Sep 09 00:41:03 spark-f05a kernel: arm-smmu-v3-pmcg arm-smmu-v3-pmcg.11.auto: Registered PMU @ 0x0000000013042000 using 16 counters with Global(Counter0) filter settings
Sep 09 00:41:03 spark-f05a kernel: arm-smmu-v3-pmcg arm-smmu-v3-pmcg.12.auto: option mask 0x0
Sep 09 00:41:03 spark-f05a kernel: arm-smmu-v3-pmcg arm-smmu-v3-pmcg.12.auto: Registered PMU @ 0x0000000013062000 using 16 counters with Global(Counter0) filter settings
Sep 09 00:41:03 spark-f05a kernel: arm-smmu-v3-pmcg arm-smmu-v3-pmcg.13.auto: option mask 0x0
Sep 09 00:41:03 spark-f05a kernel: processor cpu14: EM: CPUs of 0-4,10-14 must have the same capacity
Sep 09 00:41:03 spark-f05a kernel: arm-smmu-v3-pmcg arm-smmu-v3-pmcg.13.auto: Registered PMU @ 0x0000000013082000 using 16 counters with Global(Counter0) filter settings
Sep 09 00:41:03 spark-f05a kernel: arm-smmu-v3-pmcg arm-smmu-v3-pmcg.14.auto: option mask 0x0
Sep 09 00:41:03 spark-f05a kernel: processor cpu15: EM: CPUs of 15-19 must have the same capacity
Sep 09 00:41:03 spark-f05a kernel: arm-smmu-v3-pmcg arm-smmu-v3-pmcg.14.auto: Registered PMU @ 0x00000000130a2000 using 16 counters with Global(Counter0) filter settings
Sep 09 00:41:03 spark-f05a kernel: arm-smmu-v3-pmcg arm-smmu-v3-pmcg.15.auto: option mask 0x0
Sep 09 00:41:03 spark-f05a kernel: arm-smmu-v3-pmcg arm-smmu-v3-pmcg.15.auto: Registered PMU @ 0x00000000130c2000 using 16 counters with Global(Counter0) filter settings
Sep 09 00:41:03 spark-f05a kernel: arm-smmu-v3-pmcg arm-smmu-v3-pmcg.16.auto: option mask 0x0
Sep 09 00:41:03 spark-f05a kernel: processor cpu16: EM: CPUs of 15-19 must have the same capacity
Sep 09 00:41:03 spark-f05a kernel: arm-smmu-v3-pmcg arm-smmu-v3-pmcg.16.auto: Registered PMU @ 0x00000000130e2000 using 16 counters with Global(Counter0) filter settings
Sep 09 00:41:03 spark-f05a kernel: arm-smmu-v3-pmcg arm-smmu-v3-pmcg.17.auto: option mask 0x0
Sep 09 00:41:03 spark-f05a kernel: sbsa-gwdt sbsa-gwdt.0: Initialized with 10s timeout @ 1000000000 Hz, action=1. [enabled]
Sep 09 00:41:03 spark-f05a kernel: processor cpu17: EM: CPUs of 15-19 must have the same capacity
Sep 09 00:41:03 spark-f05a kernel: arm-smmu-v3-pmcg arm-smmu-v3-pmcg.17.auto: Registered PMU @ 0x0000000014902000 using 32 counters with Global(Counter0) filter settings
Sep 09 00:41:03 spark-f05a kernel: arm-smmu-v3-pmcg arm-smmu-v3-pmcg.18.auto: option mask 0x0
Sep 09 00:41:03 spark-f05a kernel: processor cpu18: EM: CPUs of 15-19 must have the same capacity
Sep 09 00:41:03 spark-f05a kernel: processor cpu19: EM: CPUs of 15-19 must have the same capacity
Sep 09 00:41:03 spark-f05a kernel: arm-smmu-v3-pmcg arm-smmu-v3-pmcg.18.auto: Registered PMU @ 0x0000000014942000 using 16 counters with Global(Counter0) filter settings
Sep 09 00:41:03 spark-f05a kernel: arm-smmu-v3-pmcg arm-smmu-v3-pmcg.19.auto: option mask 0x0
Sep 09 00:41:03 spark-f05a kernel: arm-smmu-v3-pmcg arm-smmu-v3-pmcg.19.auto: Registered PMU @ 0x0000000014962000 using 16 counters with Global(Counter0) filter settings
Sep 09 00:41:03 spark-f05a kernel: Bluetooth: Core ver 2.22
Sep 09 00:41:03 spark-f05a kernel: NET: Registered PF_BLUETOOTH protocol family
Sep 09 00:41:03 spark-f05a kernel: Bluetooth: HCI device and connection manager initialized
Sep 09 00:41:03 spark-f05a kernel: Bluetooth: HCI socket layer initialized
Sep 09 00:41:03 spark-f05a kernel: Bluetooth: L2CAP socket layer initialized
Sep 09 00:41:03 spark-f05a kernel: Bluetooth: SCO socket layer initialized
Sep 09 00:41:03 spark-f05a kernel: nvidia-nvlink: Nvlink Core is being initialized, major device number 500
Sep 09 00:41:03 spark-f05a kernel: 
Sep 09 00:41:03 spark-f05a kernel: nvidia 000f:01:00.0: vgaarb: VGA decodes changed: olddecodes=io+mem,decodes=none:owns=none
Sep 09 00:41:03 spark-f05a kernel: Loading iSCSI transport class v2.0-870.
Sep 09 00:41:03 spark-f05a kernel: mt7925e 0009:01:00.0: enabling device (0000 -> 0002)
Sep 09 00:41:03 spark-f05a kernel: iscsi: registered transport (iser)
Sep 09 00:41:03 spark-f05a kernel: Bluetooth: hci0: HW/SW Version: 0x00000000, Build Time: 20260605184935
Sep 09 00:41:03 spark-f05a kernel: usbcore: registered new interface driver btusb
Sep 09 00:41:03 spark-f05a kernel: mt7925e 0009:01:00.0: ASIC revision: 79250000
Sep 09 00:41:03 spark-f05a kernel: RPC: Registered named UNIX socket transport module.
Sep 09 00:41:03 spark-f05a kernel: RPC: Registered udp transport module.
Sep 09 00:41:03 spark-f05a kernel: RPC: Registered tcp transport module.
Sep 09 00:41:03 spark-f05a kernel: RPC: Registered tcp-with-tls transport module.
Sep 09 00:41:03 spark-f05a kernel: RPC: Registered tcp NFSv4.1 backchannel transport module.
Sep 09 00:41:03 spark-f05a kernel: RPC: Registered rdma transport module.
Sep 09 00:41:03 spark-f05a kernel: RPC: Registered rdma backchannel transport module.
Sep 09 00:41:03 spark-f05a kernel: mt7925e 0009:01:00.0: HW/SW Version: 0x8a108a10, Build Time: 20260605184651a
Sep 09 00:41:03 spark-f05a kernel: input: NVIDIA HDMI/DP,pcm=3 as /devices/platform/NVDA2014:00/sound/card0/input3
Sep 09 00:41:03 spark-f05a kernel: input: NVIDIA HDMI/DP,pcm=7 as /devices/platform/NVDA2014:00/sound/card0/input4
Sep 09 00:41:03 spark-f05a kernel: input: NVIDIA HDMI/DP,pcm=8 as /devices/platform/NVDA2014:00/sound/card0/input5
Sep 09 00:41:03 spark-f05a kernel: input: NVIDIA HDMI/DP,pcm=9 as /devices/platform/NVDA2014:00/sound/card0/input6
Sep 09 00:41:03 spark-f05a kernel: audit: type=1400 audit(1788882063.827:2): apparmor="STATUS" operation="profile_load" profile="unconfined" name="1password" pid=1422 comm="apparmor_parser"
Sep 09 00:41:03 spark-f05a kernel: audit: type=1400 audit(1788882063.827:3): apparmor="STATUS" operation="profile_load" profile="unconfined" name="balena-etcher" pid=1427 comm="apparmor_parser"
Sep 09 00:41:03 spark-f05a kernel: audit: type=1400 audit(1788882063.827:4): apparmor="STATUS" operation="profile_load" profile="unconfined" name="buildah" pid=1430 comm="apparmor_parser"
Sep 09 00:41:03 spark-f05a kernel: audit: type=1400 audit(1788882063.827:5): apparmor="STATUS" operation="profile_load" profile="unconfined" name="QtWebEngineProcess" pid=1426 comm="apparmor_parser"
Sep 09 00:41:03 spark-f05a kernel: audit: type=1400 audit(1788882063.827:6): apparmor="STATUS" operation="profile_load" profile="unconfined" name="Discord" pid=1424 comm="apparmor_parser"
Sep 09 00:41:03 spark-f05a kernel: audit: type=1400 audit(1788882063.827:7): apparmor="STATUS" operation="profile_load" profile="unconfined" name=4D6F6E676F444220436F6D70617373 pid=1425 comm="apparmor_parser"
Sep 09 00:41:03 spark-f05a kernel: audit: type=1400 audit(1788882063.828:8): apparmor="STATUS" operation="profile_load" profile="unconfined" name="brave" pid=1428 comm="apparmor_parser"
Sep 09 00:41:03 spark-f05a kernel: audit: type=1400 audit(1788882063.828:9): apparmor="STATUS" operation="profile_load" profile="unconfined" name="cam" pid=1432 comm="apparmor_parser"
Sep 09 00:41:03 spark-f05a kernel: audit: type=1400 audit(1788882063.828:10): apparmor="STATUS" operation="profile_load" profile="unconfined" name="ch-checkns" pid=1433 comm="apparmor_parser"
Sep 09 00:41:03 spark-f05a kernel: audit: type=1400 audit(1788882063.829:11): apparmor="STATUS" operation="profile_load" profile="unconfined" name="ch-run" pid=1434 comm="apparmor_parser"
Sep 09 00:41:03 spark-f05a kernel: mt7925e 0009:01:00.0: WM Firmware Version: ____000000, Build Time: 20260605184805
Sep 09 00:41:04 spark-f05a kernel: NOTICE: Automounting of tracing to debugfs is deprecated and will be removed in 2030
Sep 09 00:41:04 spark-f05a kernel: Bluetooth: BNEP (Ethernet Emulation) ver 1.3
Sep 09 00:41:04 spark-f05a kernel: Bluetooth: BNEP filters: protocol multicast
Sep 09 00:41:04 spark-f05a kernel: Bluetooth: BNEP socket layer initialized
Sep 09 00:41:04 spark-f05a kernel: NET: Registered PF_QIPCRTR protocol family
Sep 09 00:41:04 spark-f05a kernel: mt7925e 0009:01:00.0 wlP9s9: renamed from wlan0
Sep 09 00:41:04 spark-f05a kernel: mlx5_core 0002:01:00.0 enP2p1s0f0np0: Link down
Sep 09 00:41:05 spark-f05a kernel: mlx5_core 0002:01:00.1 enP2p1s0f1np1: Link up
Sep 09 00:41:05 spark-f05a kernel: mlx5_core 0002:01:00.1 roceP2p1s0f1: Port: 1 Link ACTIVE
Sep 09 00:41:05 spark-f05a kernel: enP7s7: 0xffff800087340000, 30:c5:99:bc:f0:5a, IRQ 284
Sep 09 00:41:05 spark-f05a kernel: Bluetooth: hci0: Device setup in 1764668 usecs
Sep 09 00:41:05 spark-f05a kernel: Bluetooth: hci0: HCI Enhanced Setup Synchronous Connection command is advertised, but not supported.
Sep 09 00:41:05 spark-f05a kernel: Bluetooth: hci0: AOSP extensions version v1.00
Sep 09 00:41:05 spark-f05a kernel: Bluetooth: hci0: AOSP quality report is supported
Sep 09 00:41:05 spark-f05a kernel: Bluetooth: MGMT ver 1.23
Sep 09 00:41:05 spark-f05a kernel: NET: Registered PF_ALG protocol family
Sep 09 00:41:05 spark-f05a kernel: mlx5_core 0000:01:00.0 enp1s0f0np0: Link down
Sep 09 00:41:05 spark-f05a kernel: mlx5_core 0000:01:00.1 enp1s0f1np1: Link up
Sep 09 00:41:05 spark-f05a kernel: mlx5_core 0000:01:00.1 rocep1s0f1: Port: 1 Link ACTIVE
Sep 09 00:41:05 spark-f05a kernel: warning: `lldpd' uses wireless extensions which will stop working for Wi-Fi 7 hardware; use nl80211
Sep 09 00:41:06 spark-f05a systemd-journald[659]: /var/log/journal/63229c3fe72d4a539d35dca59204a148/user-1000.journal: Journal file uses a different sequence number ID, rotating.
Sep 09 00:41:06 spark-f05a kernel: NVRM: loading NVIDIA UNIX Open Kernel Module for aarch64  580.173.02  Release Build  (dvs-builder@U22-A24-5-4)  Tue Jun 23 08:34:19 UTC 2026
Sep 09 00:41:06 spark-f05a kernel: nvidia-modeset: Loading NVIDIA UNIX Open Kernel Mode Setting Driver for aarch64  580.173.02  Release Build  (dvs-builder@U22-A24-5-4)  Tue Jun 23 08:15:40 UTC 2026
Sep 09 00:41:08 spark-f05a kernel: r8127: enP7s7: link up
Sep 09 00:41:08 spark-f05a kernel: [drm] [nvidia-drm] [GPU ID 0x000f0100] Loading driver
Sep 09 00:41:08 spark-f05a kernel: [drm] Initialized nvidia-drm 0.0.0 for 000f:01:00.0 on minor 1
Sep 09 00:41:08 spark-f05a kernel: Bluetooth: RFCOMM TTY layer initialized
Sep 09 00:41:08 spark-f05a kernel: Bluetooth: RFCOMM socket layer initialized
Sep 09 00:41:08 spark-f05a kernel: Bluetooth: RFCOMM ver 1.11
Sep 09 00:41:09 spark-f05a kernel: Initializing XFRM netlink socket
Sep 09 00:41:09 spark-f05a kernel: bridge: filtering via arp/ip/ip6tables is no longer available by default. Update your scripts to load br_netfilter if you need this.
Sep 09 00:41:10 spark-f05a kernel: br-3908b9bca878: port 1(veth79ea9f1) entered blocking state
Sep 09 00:41:10 spark-f05a kernel: br-3908b9bca878: port 1(veth79ea9f1) entered disabled state
Sep 09 00:41:10 spark-f05a kernel: veth79ea9f1: entered allmulticast mode
Sep 09 00:41:10 spark-f05a kernel: veth79ea9f1: entered promiscuous mode
Sep 09 00:41:10 spark-f05a kernel: br-1ee7746aad69: port 1(vethdc0c315) entered blocking state
Sep 09 00:41:10 spark-f05a kernel: br-1ee7746aad69: port 1(vethdc0c315) entered disabled state
Sep 09 00:41:10 spark-f05a kernel: vethdc0c315: entered allmulticast mode
Sep 09 00:41:10 spark-f05a kernel: vethdc0c315: entered promiscuous mode
Sep 09 00:41:10 spark-f05a kernel: br-afdc9905d030: port 1(vetha5e57b2) entered blocking state
Sep 09 00:41:10 spark-f05a kernel: br-afdc9905d030: port 1(vetha5e57b2) entered disabled state
Sep 09 00:41:10 spark-f05a kernel: vetha5e57b2: entered allmulticast mode
Sep 09 00:41:10 spark-f05a kernel: vetha5e57b2: entered promiscuous mode
Sep 09 00:41:10 spark-f05a kernel: br-f6b9bdc18338: port 1(vethf3e9040) entered blocking state
Sep 09 00:41:10 spark-f05a kernel: br-f6b9bdc18338: port 1(vethf3e9040) entered disabled state
Sep 09 00:41:10 spark-f05a kernel: vethf3e9040: entered allmulticast mode
Sep 09 00:41:10 spark-f05a kernel: vethf3e9040: entered promiscuous mode
Sep 09 00:41:10 spark-f05a kernel: eth0: renamed from veth33fb5a1
Sep 09 00:41:10 spark-f05a kernel: eth0: renamed from vethb25de11
Sep 09 00:41:10 spark-f05a kernel: eth0: renamed from veth779a200
Sep 09 00:41:10 spark-f05a kernel: br-3908b9bca878: port 1(veth79ea9f1) entered blocking state
Sep 09 00:41:10 spark-f05a kernel: br-3908b9bca878: port 1(veth79ea9f1) entered forwarding state
Sep 09 00:41:10 spark-f05a kernel: br-1ee7746aad69: port 1(vethdc0c315) entered blocking state
Sep 09 00:41:10 spark-f05a kernel: br-1ee7746aad69: port 1(vethdc0c315) entered forwarding state
Sep 09 00:41:10 spark-f05a kernel: br-afdc9905d030: port 1(vetha5e57b2) entered blocking state
Sep 09 00:41:10 spark-f05a kernel: br-afdc9905d030: port 1(vetha5e57b2) entered forwarding state
Sep 09 00:41:10 spark-f05a kernel: eth0: renamed from veth2e2bba5
Sep 09 00:41:10 spark-f05a kernel: br-f6b9bdc18338: port 1(vethf3e9040) entered blocking state
Sep 09 00:41:10 spark-f05a kernel: br-f6b9bdc18338: port 1(vethf3e9040) entered forwarding state
Sep 09 00:41:10 spark-f05a kernel: rfkill: input handler disabled
Sep 09 00:41:10 spark-f05a kernel: evm: overlay not supported
Sep 09 00:41:14 spark-f05a kernel: kauditd_printk_skb: 163 callbacks suppressed
Sep 09 00:41:14 spark-f05a kernel: audit: type=1400 audit(1788882074.465:175): apparmor="DENIED" operation="capable" class="cap" profile="ubuntu_pro_esm_cache_systemd_detect_virt" pid=4466 comm="systemd-detect-" capability=38  capname="perfmon"
Sep 09 00:41:14 spark-f05a kernel: audit: type=1400 audit(1788882074.467:176): apparmor="DENIED" operation="capable" class="cap" profile="ubuntu_pro_esm_cache//cloud_id" pid=4464 comm="cloud-id" capability=38  capname="perfmon"
Sep 09 00:42:09 spark-f05a kernel:   MST::  : get_space_support_status 834: Device 0x1021 (0:1:0.0) doesn't support RECOVERY capability.
Sep 09 01:37:09 spark-f05a kernel: docker0: port 1(veth44ffb48) entered blocking state
Sep 09 01:37:09 spark-f05a kernel: docker0: port 1(veth44ffb48) entered disabled state
Sep 09 01:37:09 spark-f05a kernel: veth44ffb48: entered allmulticast mode
Sep 09 01:37:09 spark-f05a kernel: veth44ffb48: entered promiscuous mode
Sep 09 01:37:09 spark-f05a kernel: eth0: renamed from veth68fff5e
Sep 09 01:37:09 spark-f05a kernel: docker0: port 1(veth44ffb48) entered blocking state
Sep 09 01:37:09 spark-f05a kernel: docker0: port 1(veth44ffb48) entered forwarding state
Sep 09 01:37:24 spark-f05a kernel: nvidia 000f:01:00.0: Using 40-bit DMA addresses
Sep 09 01:41:05 spark-f05a kernel: audit: type=1400 audit(1788885665.117:177): apparmor="DENIED" operation="capable" class="cap" profile="ubuntu_pro_esm_cache_systemd_detect_virt" pid=86158 comm="systemd-detect-" capability=38  capname="perfmon"
Sep 09 01:41:05 spark-f05a kernel: audit: type=1400 audit(1788885665.119:178): apparmor="DENIED" operation="capable" class="cap" profile="ubuntu_pro_esm_cache//cloud_id" pid=86154 comm="cloud-id" capability=38  capname="perfmon"
Sep 09 02:31:46 spark-f05a kernel: docker0: port 1(veth44ffb48) entered disabled state
Sep 09 02:31:46 spark-f05a kernel: veth68fff5e: renamed from eth0
Sep 09 02:31:46 spark-f05a kernel: docker0: port 1(veth44ffb48) entered disabled state
Sep 09 02:31:46 spark-f05a kernel: veth44ffb48 (unregistering): left allmulticast mode
Sep 09 02:31:46 spark-f05a kernel: veth44ffb48 (unregistering): left promiscuous mode
Sep 09 02:31:46 spark-f05a kernel: docker0: port 1(veth44ffb48) entered disabled state
Sep 09 02:41:05 spark-f05a kernel: audit: type=1400 audit(1788889265.004:179): apparmor="DENIED" operation="capable" class="cap" profile="ubuntu_pro_esm_cache_systemd_detect_virt" pid=212468 comm="systemd-detect-" capability=38  capname="perfmon"
Sep 09 02:41:05 spark-f05a kernel: audit: type=1400 audit(1788889265.005:180): apparmor="DENIED" operation="capable" class="cap" profile="ubuntu_pro_esm_cache//cloud_id" pid=212463 comm="cloud-id" capability=38  capname="perfmon"
Sep 09 02:42:36 spark-f05a kernel: docker0: port 1(vethb590314) entered blocking state
Sep 09 02:42:36 spark-f05a kernel: docker0: port 1(vethb590314) entered disabled state
Sep 09 02:42:36 spark-f05a kernel: vethb590314: entered allmulticast mode
Sep 09 02:42:36 spark-f05a kernel: vethb590314: entered promiscuous mode
Sep 09 02:42:36 spark-f05a kernel: eth0: renamed from vethf41435a
Sep 09 02:42:36 spark-f05a kernel: docker0: port 1(vethb590314) entered blocking state
Sep 09 02:42:36 spark-f05a kernel: docker0: port 1(vethb590314) entered forwarding state
