START 1789152851.844
S 1789152851.907 gemv_duty 238.9
S 1789152852.001 gemv_duty 235.7
S 1789152852.095 gemv_duty 239.4
S 1789152852.188 gemv_duty 239.7
S 1789152852.282 gemv_duty 238.9
S 1789152852.376 gemv_duty 238.6
S 1789152852.471 gemv_duty 236.7
S 1789152852.563 gemv_duty 244.5
S 1789152852.656 gemv_duty 239.6
S 1789152852.750 gemv_duty 239.4
S 1789152852.844 gemv_duty 239.4
S 1789152852.936 gemv_duty 241.4
S 1789152853.031 gemv_duty 238.1
S 1789152853.124 gemv_duty 240.4
S 1789152853.217 gemv_duty 238.9
S 1789152853.311 gemv_duty 239.0
S 1789152853.405 gemv_duty 237.9
S 1789152853.499 gemv_duty 238.5
S 1789152853.593 gemv_duty 237.7
S 1789152853.688 gemv_duty 235.9
S 1789152853.782 gemv_duty 235.7
S 1789152853.877 gemv_duty 234.6
S 1789152853.971 gemv_duty 233.6
S 1789152854.066 gemv_duty 234.4
S 1789152854.160 gemv_duty 239.0
S 1789152854.254 gemv_duty 236.8
S 1789152854.348 gemv_duty 240.3
S 1789152854.441 gemv_duty 238.3
S 1789152854.535 gemv_duty 240.5
S 1789152854.629 gemv_duty 239.7
S 1789152854.722 gemv_duty 240.3
S 1789152854.816 gemv_duty 239.3
S 1789152854.911 gemv_duty 238.8
S 1789152855.005 gemv_duty 237.2
S 1789152855.098 gemv_duty 241.7
S 1789152855.191 gemv_duty 239.3
S 1789152855.285 gemv_duty 239.9
S 1789152855.379 gemv_duty 239.5
S 1789152855.473 gemv_duty 237.6
S 1789152855.567 gemv_duty 239.3
S 1789152855.660 gemv_duty 241.4
S 1789152855.754 gemv_duty 239.1
S 1789152855.847 gemv_duty 240.2
S 1789152855.941 gemv_duty 239.2
S 1789152856.035 gemv_duty 237.9
S 1789152856.128 gemv_duty 239.5
S 1789152856.221 gemv_duty 241.7
S 1789152856.315 gemv_duty 239.0
S 1789152856.409 gemv_duty 239.5
S 1789152856.503 gemv_duty 236.8
S 1789152856.596 gemv_duty 241.3
S 1789152856.690 gemv_duty 239.1
S 1789152856.783 gemv_duty 244.1
S 1789152856.876 gemv_duty 239.0
S 1789152856.970 gemv_duty 238.0
S 1789152857.064 gemv_duty 238.2
S 1789152857.156 gemv_duty 243.7
S 1789152857.250 gemv_duty 237.2
S 1789152857.344 gemv_duty 240.0
S 1789152857.438 gemv_duty 239.2
S 1789152857.530 gemv_duty 244.4
S 1789152857.625 gemv_duty 237.8
S 1789152857.718 gemv_duty 241.6
S 1789152857.812 gemv_duty 236.9
S 1789152857.904 gemv_duty 244.5
S 1789152857.999 gemv_duty 237.3
S 1789152858.091 gemv_duty 244.4
S 1789152858.184 gemv_duty 239.2
S 1789152858.278 gemv_duty 241.8
S 1789152858.371 gemv_duty 239.4
S 1789152858.464 gemv_duty 242.0
S 1789152858.558 gemv_duty 239.2
S 1789152858.652 gemv_duty 239.3
S 1789152858.745 gemv_duty 239.8
S 1789152858.838 gemv_duty 240.7
S 1789152858.932 gemv_duty 239.2
S 1789152859.026 gemv_duty 239.2
S 1789152859.119 gemv_duty 239.6
S 1789152859.213 gemv_duty 239.0
S 1789152859.307 gemv_duty 238.9
S 1789152859.399 gemv_duty 241.8
S 1789152859.494 gemv_duty 236.5
S 1789152859.588 gemv_duty 239.6
S 1789152859.681 gemv_duty 239.6
S 1789152859.774 gemv_duty 239.4
S 1789152859.868 gemv_duty 239.4
S 1789152859.961 gemv_duty 241.4
S 1789152860.055 gemv_duty 238.3
S 1789152860.147 gemv_duty 244.3
S 1789152860.241 gemv_duty 238.0
S 1789152860.335 gemv_duty 239.7
S 1789152860.429 gemv_duty 239.5
S 1789152860.523 gemv_duty 241.9
S 1789152860.617 gemv_duty 239.0
S 1789152860.710 gemv_duty 239.4
S 1789152860.804 gemv_duty 239.3
S 1789152860.898 gemv_duty 239.1
S 1789152860.992 gemv_duty 236.8
S 1789152861.085 gemv_duty 239.3
S 1789152861.179 gemv_duty 239.4
S 1789152861.274 gemv_duty 239.3
S 1789152861.367 gemv_duty 239.2
S 1789152861.461 gemv_duty 239.3
S 1789152861.554 gemv_duty 239.8
S 1789152861.649 gemv_duty 237.2
S 1789152861.742 gemv_duty 240.2
S 1789152861.836 gemv_duty 239.4
BLOCK r0 gemv_duty GB/s   n= 107 min= 233.6 p10= 236.8 p50= 239.3 max= 244.5
S 1789152861.872 gemv_cont 238.9
S 1789152861.878 gemv_cont 230.8
S 1789152861.884 gemv_cont 243.4
S 1789152861.889 gemv_cont 234.7
S 1789152861.895 gemv_cont 243.1
S 1789152861.901 gemv_cont 244.4
S 1789152861.906 gemv_cont 243.7
S 1789152861.912 gemv_cont 244.1
S 1789152861.917 gemv_cont 240.4
S 1789152861.923 gemv_cont 232.7
S 1789152861.929 gemv_cont 236.7
S 1789152861.934 gemv_cont 239.9
S 1789152861.940 gemv_cont 244.5
S 1789152861.945 gemv_cont 244.4
S 1789152861.951 gemv_cont 244.2
S 1789152861.956 gemv_cont 244.2
S 1789152861.962 gemv_cont 244.5
S 1789152861.967 gemv_cont 243.8
S 1789152861.973 gemv_cont 235.4
S 1789152861.979 gemv_cont 222.7
S 1789152861.985 gemv_cont 244.0
S 1789152861.990 gemv_cont 244.4
S 1789152861.996 gemv_cont 243.9
S 1789152862.001 gemv_cont 244.0
S 1789152862.007 gemv_cont 244.0
S 1789152862.012 gemv_cont 244.2
S 1789152862.018 gemv_cont 241.7
S 1789152862.023 gemv_cont 237.6
S 1789152862.029 gemv_cont 240.2
S 1789152862.035 gemv_cont 241.6
S 1789152862.040 gemv_cont 242.3
S 1789152862.046 gemv_cont 242.3
S 1789152862.051 gemv_cont 244.3
S 1789152862.057 gemv_cont 241.7
S 1789152862.062 gemv_cont 232.5
S 1789152862.068 gemv_cont 236.0
S 1789152862.074 gemv_cont 240.8
S 1789152862.079 gemv_cont 244.2
S 1789152862.085 gemv_cont 244.4
S 1789152862.090 gemv_cont 244.5
S 1789152862.096 gemv_cont 243.9
S 1789152862.101 gemv_cont 244.8
S 1789152862.107 gemv_cont 244.2
S 1789152862.112 gemv_cont 244.6
S 1789152862.118 gemv_cont 244.3
S 1789152862.123 gemv_cont 244.5
S 1789152862.129 gemv_cont 243.8
S 1789152862.134 gemv_cont 244.3
S 1789152862.140 gemv_cont 244.5
S 1789152862.145 gemv_cont 244.1
S 1789152862.151 gemv_cont 244.4
S 1789152862.156 gemv_cont 244.2
S 1789152862.162 gemv_cont 244.4
S 1789152862.167 gemv_cont 244.7
S 1789152862.173 gemv_cont 244.3
S 1789152862.178 gemv_cont 244.3
S 1789152862.184 gemv_cont 244.3
S 1789152862.189 gemv_cont 243.9
S 1789152862.195 gemv_cont 244.4
S 1789152862.200 gemv_cont 244.6
S 1789152862.206 gemv_cont 244.3
S 1789152862.211 gemv_cont 244.7
S 1789152862.217 gemv_cont 244.3
S 1789152862.222 gemv_cont 244.4
S 1789152862.228 gemv_cont 244.4
S 1789152862.233 gemv_cont 244.7
S 1789152862.239 gemv_cont 244.5
S 1789152862.244 gemv_cont 244.0
S 1789152862.250 gemv_cont 244.5
S 1789152862.255 gemv_cont 243.7
S 1789152862.261 gemv_cont 244.4
S 1789152862.266 gemv_cont 244.3
S 1789152862.272 gemv_cont 244.1
S 1789152862.277 gemv_cont 244.2
S 1789152862.283 gemv_cont 244.4
S 1789152862.288 gemv_cont 244.1
S 1789152862.294 gemv_cont 240.5
S 1789152862.300 gemv_cont 244.3
S 1789152862.305 gemv_cont 243.9
S 1789152862.311 gemv_cont 244.8
S 1789152862.316 gemv_cont 244.1
S 1789152862.322 gemv_cont 244.3
S 1789152862.327 gemv_cont 244.2
S 1789152862.333 gemv_cont 244.4
S 1789152862.338 gemv_cont 244.3
S 1789152862.344 gemv_cont 244.4
S 1789152862.349 gemv_cont 244.0
S 1789152862.355 gemv_cont 244.5
S 1789152862.360 gemv_cont 244.3
S 1789152862.366 gemv_cont 244.1
S 1789152862.371 gemv_cont 244.7
S 1789152862.377 gemv_cont 244.3
S 1789152862.382 gemv_cont 244.3
S 1789152862.388 gemv_cont 243.9
S 1789152862.393 gemv_cont 244.6
S 1789152862.399 gemv_cont 244.0
S 1789152862.404 gemv_cont 244.5
S 1789152862.410 gemv_cont 244.4
S 1789152862.415 gemv_cont 244.0
S 1789152862.421 gemv_cont 244.5
S 1789152862.426 gemv_cont 244.0
S 1789152862.432 gemv_cont 244.4
S 1789152862.437 gemv_cont 244.5
S 1789152862.443 gemv_cont 244.4
S 1789152862.448 gemv_cont 244.4
S 1789152862.454 gemv_cont 244.3
S 1789152862.459 gemv_cont 244.7
S 1789152862.465 gemv_cont 244.2
S 1789152862.470 gemv_cont 244.7
S 1789152862.476 gemv_cont 228.2
S 1789152862.482 gemv_cont 241.2
S 1789152862.487 gemv_cont 244.5
S 1789152862.493 gemv_cont 244.5
S 1789152862.498 gemv_cont 244.5
S 1789152862.504 gemv_cont 244.3
S 1789152862.509 gemv_cont 243.8
S 1789152862.515 gemv_cont 244.2
S 1789152862.520 gemv_cont 244.4
S 1789152862.526 gemv_cont 244.1
S 1789152862.531 gemv_cont 244.5
S 1789152862.537 gemv_cont 244.6
S 1789152862.542 gemv_cont 243.9
S 1789152862.548 gemv_cont 244.0
S 1789152862.553 gemv_cont 244.8
S 1789152862.559 gemv_cont 232.4
S 1789152862.565 gemv_cont 241.2
S 1789152862.571 gemv_cont 235.7
S 1789152862.576 gemv_cont 241.5
S 1789152862.582 gemv_cont 243.0
S 1789152862.587 gemv_cont 240.8
S 1789152862.593 gemv_cont 243.7
S 1789152862.598 gemv_cont 244.1
S 1789152862.604 gemv_cont 244.4
S 1789152862.609 gemv_cont 244.3
S 1789152862.615 gemv_cont 244.4
S 1789152862.620 gemv_cont 244.5
S 1789152862.626 gemv_cont 244.3
S 1789152862.631 gemv_cont 244.5
S 1789152862.637 gemv_cont 244.3
S 1789152862.642 gemv_cont 244.5
S 1789152862.648 gemv_cont 244.3
S 1789152862.653 gemv_cont 244.0
S 1789152862.659 gemv_cont 244.1
S 1789152862.664 gemv_cont 244.4
S 1789152862.670 gemv_cont 244.2
S 1789152862.675 gemv_cont 244.4
S 1789152862.681 gemv_cont 244.5
S 1789152862.686 gemv_cont 244.1
S 1789152862.692 gemv_cont 244.7
S 1789152862.697 gemv_cont 244.3
S 1789152862.703 gemv_cont 244.0
S 1789152862.708 gemv_cont 244.2
S 1789152862.714 gemv_cont 243.7
S 1789152862.719 gemv_cont 244.6
S 1789152862.725 gemv_cont 244.5
S 1789152862.730 gemv_cont 244.3
S 1789152862.736 gemv_cont 244.5
S 1789152862.741 gemv_cont 244.6
S 1789152862.747 gemv_cont 244.2
S 1789152862.752 gemv_cont 244.5
S 1789152862.758 gemv_cont 244.3
S 1789152862.763 gemv_cont 244.5
S 1789152862.769 gemv_cont 244.1
S 1789152862.774 gemv_cont 244.1
S 1789152862.780 gemv_cont 244.5
S 1789152862.785 gemv_cont 244.2
S 1789152862.791 gemv_cont 244.6
S 1789152862.796 gemv_cont 244.2
S 1789152862.802 gemv_cont 244.4
S 1789152862.807 gemv_cont 244.2
S 1789152862.813 gemv_cont 244.2
S 1789152862.818 gemv_cont 244.3
S 1789152862.824 gemv_cont 244.0
S 1789152862.829 gemv_cont 244.5
S 1789152862.835 gemv_cont 244.1
S 1789152862.840 gemv_cont 244.3
S 1789152862.846 gemv_cont 243.9
S 1789152862.852 gemv_cont 244.2
S 1789152862.857 gemv_cont 244.2
S 1789152862.863 gemv_cont 244.4
S 1789152862.868 gemv_cont 244.4
S 1789152862.874 gemv_cont 244.6
S 1789152862.879 gemv_cont 243.8
S 1789152862.885 gemv_cont 244.2
S 1789152862.890 gemv_cont 244.1
S 1789152862.896 gemv_cont 244.7
S 1789152862.901 gemv_cont 244.4
S 1789152862.907 gemv_cont 244.2
S 1789152862.912 gemv_cont 244.4
S 1789152862.918 gemv_cont 244.4
S 1789152862.923 gemv_cont 244.2
S 1789152862.929 gemv_cont 244.3
S 1789152862.934 gemv_cont 244.0
S 1789152862.940 gemv_cont 244.4
S 1789152862.945 gemv_cont 243.9
S 1789152862.951 gemv_cont 244.2
S 1789152862.956 gemv_cont 244.3
S 1789152862.962 gemv_cont 244.2
S 1789152862.967 gemv_cont 244.3
S 1789152862.973 gemv_cont 237.4
S 1789152862.979 gemv_cont 227.0
S 1789152862.984 gemv_cont 243.8
S 1789152862.990 gemv_cont 244.2
S 1789152862.995 gemv_cont 244.0
S 1789152863.001 gemv_cont 244.3
S 1789152863.006 gemv_cont 243.6
S 1789152863.012 gemv_cont 244.2
S 1789152863.017 gemv_cont 242.0
S 1789152863.023 gemv_cont 236.0
S 1789152863.029 gemv_cont 240.2
S 1789152863.034 gemv_cont 243.1
S 1789152863.040 gemv_cont 244.5
S 1789152863.045 gemv_cont 244.2
S 1789152863.051 gemv_cont 244.6
S 1789152863.056 gemv_cont 244.2
S 1789152863.062 gemv_cont 244.4
S 1789152863.067 gemv_cont 243.9
S 1789152863.073 gemv_cont 244.6
S 1789152863.078 gemv_cont 244.3
S 1789152863.084 gemv_cont 243.8
S 1789152863.089 gemv_cont 243.6
S 1789152863.095 gemv_cont 244.3
S 1789152863.100 gemv_cont 243.7
S 1789152863.106 gemv_cont 244.3
S 1789152863.111 gemv_cont 243.9
S 1789152863.117 gemv_cont 244.2
S 1789152863.122 gemv_cont 244.5
S 1789152863.128 gemv_cont 243.8
S 1789152863.133 gemv_cont 244.4
S 1789152863.139 gemv_cont 244.4
S 1789152863.144 gemv_cont 244.1
S 1789152863.150 gemv_cont 244.1
S 1789152863.155 gemv_cont 244.4
S 1789152863.161 gemv_cont 244.0
S 1789152863.166 gemv_cont 244.5
S 1789152863.172 gemv_cont 244.7
S 1789152863.177 gemv_cont 244.7
S 1789152863.183 gemv_cont 244.0
S 1789152863.188 gemv_cont 244.4
S 1789152863.194 gemv_cont 244.3
S 1789152863.199 gemv_cont 244.5
S 1789152863.205 gemv_cont 244.2
S 1789152863.210 gemv_cont 244.0
S 1789152863.216 gemv_cont 244.4
S 1789152863.222 gemv_cont 244.0
S 1789152863.227 gemv_cont 243.8
S 1789152863.233 gemv_cont 244.3
S 1789152863.238 gemv_cont 244.5
S 1789152863.244 gemv_cont 244.1
S 1789152863.249 gemv_cont 244.2
S 1789152863.255 gemv_cont 244.4
S 1789152863.260 gemv_cont 244.0
S 1789152863.266 gemv_cont 244.1
S 1789152863.271 gemv_cont 244.2
S 1789152863.277 gemv_cont 244.1
S 1789152863.282 gemv_cont 244.5
S 1789152863.288 gemv_cont 243.9
S 1789152863.293 gemv_cont 242.8
S 1789152863.299 gemv_cont 242.3
S 1789152863.304 gemv_cont 244.1
S 1789152863.310 gemv_cont 244.1
S 1789152863.315 gemv_cont 244.0
S 1789152863.321 gemv_cont 244.1
S 1789152863.326 gemv_cont 244.1
S 1789152863.332 gemv_cont 244.3
S 1789152863.337 gemv_cont 243.9
S 1789152863.343 gemv_cont 244.4
S 1789152863.348 gemv_cont 243.0
S 1789152863.354 gemv_cont 243.3
S 1789152863.359 gemv_cont 243.4
S 1789152863.365 gemv_cont 243.4
S 1789152863.370 gemv_cont 243.1
S 1789152863.376 gemv_cont 244.1
S 1789152863.381 gemv_cont 244.6
S 1789152863.387 gemv_cont 243.8
S 1789152863.392 gemv_cont 244.3
S 1789152863.398 gemv_cont 244.3
S 1789152863.403 gemv_cont 243.8
S 1789152863.409 gemv_cont 243.8
S 1789152863.415 gemv_cont 244.2
S 1789152863.420 gemv_cont 244.0
S 1789152863.426 gemv_cont 244.0
S 1789152863.431 gemv_cont 244.2
S 1789152863.437 gemv_cont 243.7
S 1789152863.442 gemv_cont 244.4
S 1789152863.448 gemv_cont 244.0
S 1789152863.453 gemv_cont 244.0
S 1789152863.459 gemv_cont 244.2
S 1789152863.464 gemv_cont 244.2
S 1789152863.470 gemv_cont 244.3
S 1789152863.475 gemv_cont 235.3
S 1789152863.481 gemv_cont 225.2
S 1789152863.487 gemv_cont 244.3
S 1789152863.492 gemv_cont 244.1
S 1789152863.498 gemv_cont 244.1
S 1789152863.503 gemv_cont 244.3
S 1789152863.509 gemv_cont 244.0
S 1789152863.514 gemv_cont 244.1
S 1789152863.520 gemv_cont 244.2
S 1789152863.525 gemv_cont 243.8
S 1789152863.531 gemv_cont 244.6
S 1789152863.536 gemv_cont 244.1
S 1789152863.542 gemv_cont 244.4
S 1789152863.547 gemv_cont 244.0
S 1789152863.553 gemv_cont 244.2
S 1789152863.558 gemv_cont 244.4
S 1789152863.564 gemv_cont 244.1
S 1789152863.569 gemv_cont 244.9
S 1789152863.575 gemv_cont 244.0
S 1789152863.580 gemv_cont 243.9
S 1789152863.586 gemv_cont 243.5
S 1789152863.592 gemv_cont 243.9
S 1789152863.597 gemv_cont 243.6
S 1789152863.603 gemv_cont 244.3
S 1789152863.608 gemv_cont 243.5
S 1789152863.614 gemv_cont 244.0
S 1789152863.619 gemv_cont 235.5
S 1789152863.625 gemv_cont 238.9
S 1789152863.631 gemv_cont 236.9
S 1789152863.636 gemv_cont 241.9
S 1789152863.642 gemv_cont 244.2
S 1789152863.647 gemv_cont 244.0
S 1789152863.653 gemv_cont 244.6
S 1789152863.658 gemv_cont 244.1
S 1789152863.664 gemv_cont 244.4
S 1789152863.669 gemv_cont 244.2
S 1789152863.675 gemv_cont 243.8
S 1789152863.680 gemv_cont 244.5
S 1789152863.686 gemv_cont 244.0
S 1789152863.691 gemv_cont 244.0
S 1789152863.697 gemv_cont 244.1
S 1789152863.702 gemv_cont 244.5
S 1789152863.708 gemv_cont 244.2
S 1789152863.713 gemv_cont 243.8
S 1789152863.719 gemv_cont 244.5
S 1789152863.724 gemv_cont 244.5
S 1789152863.730 gemv_cont 244.4
S 1789152863.735 gemv_cont 244.1
S 1789152863.741 gemv_cont 244.2
S 1789152863.746 gemv_cont 244.5
S 1789152863.752 gemv_cont 244.1
S 1789152863.757 gemv_cont 243.8
S 1789152863.763 gemv_cont 244.3
S 1789152863.768 gemv_cont 244.2
S 1789152863.774 gemv_cont 244.1
S 1789152863.779 gemv_cont 244.2
S 1789152863.785 gemv_cont 244.4
S 1789152863.790 gemv_cont 244.4
S 1789152863.796 gemv_cont 243.9
S 1789152863.801 gemv_cont 244.0
S 1789152863.807 gemv_cont 244.0
S 1789152863.812 gemv_cont 244.3
S 1789152863.818 gemv_cont 244.0
S 1789152863.823 gemv_cont 244.6
S 1789152863.829 gemv_cont 244.3
S 1789152863.834 gemv_cont 244.0
S 1789152863.840 gemv_cont 244.3
S 1789152863.845 gemv_cont 244.3
S 1789152863.851 gemv_cont 244.0
S 1789152863.857 gemv_cont 237.1
S 1789152863.862 gemv_cont 234.2
S 1789152863.868 gemv_cont 236.2
S 1789152863.874 gemv_cont 240.2
S 1789152863.879 gemv_cont 244.5
S 1789152863.885 gemv_cont 244.3
S 1789152863.890 gemv_cont 244.7
S 1789152863.896 gemv_cont 244.1
S 1789152863.901 gemv_cont 244.3
S 1789152863.907 gemv_cont 244.4
S 1789152863.912 gemv_cont 243.8
S 1789152863.918 gemv_cont 244.2
S 1789152863.923 gemv_cont 244.6
S 1789152863.929 gemv_cont 244.0
S 1789152863.934 gemv_cont 244.1
S 1789152863.940 gemv_cont 244.2
S 1789152863.945 gemv_cont 244.2
S 1789152863.951 gemv_cont 244.1
S 1789152863.956 gemv_cont 244.3
S 1789152863.962 gemv_cont 243.9
S 1789152863.967 gemv_cont 244.2
S 1789152863.973 gemv_cont 242.5
S 1789152863.979 gemv_cont 218.0
S 1789152863.985 gemv_cont 243.1
S 1789152863.990 gemv_cont 244.1
S 1789152863.996 gemv_cont 244.4
S 1789152864.001 gemv_cont 244.2
S 1789152864.007 gemv_cont 243.9
S 1789152864.012 gemv_cont 244.4
S 1789152864.018 gemv_cont 243.4
S 1789152864.023 gemv_cont 237.6
S 1789152864.029 gemv_cont 239.4
S 1789152864.035 gemv_cont 242.5
S 1789152864.040 gemv_cont 242.3
S 1789152864.046 gemv_cont 244.4
S 1789152864.051 gemv_cont 244.4
S 1789152864.057 gemv_cont 244.5
S 1789152864.062 gemv_cont 244.5
S 1789152864.068 gemv_cont 244.5
S 1789152864.073 gemv_cont 244.1
S 1789152864.079 gemv_cont 244.6
S 1789152864.084 gemv_cont 244.1
S 1789152864.090 gemv_cont 243.7
S 1789152864.095 gemv_cont 244.0
S 1789152864.101 gemv_cont 243.6
S 1789152864.106 gemv_cont 243.5
S 1789152864.112 gemv_cont 244.4
S 1789152864.117 gemv_cont 243.9
S 1789152864.123 gemv_cont 244.2
S 1789152864.128 gemv_cont 244.6
S 1789152864.134 gemv_cont 244.3
S 1789152864.139 gemv_cont 244.2
S 1789152864.145 gemv_cont 243.8
S 1789152864.150 gemv_cont 244.0
S 1789152864.156 gemv_cont 243.9
S 1789152864.161 gemv_cont 244.2
S 1789152864.167 gemv_cont 243.8
S 1789152864.172 gemv_cont 244.4
S 1789152864.178 gemv_cont 244.3
S 1789152864.183 gemv_cont 244.0
S 1789152864.189 gemv_cont 244.1
S 1789152864.194 gemv_cont 244.5
S 1789152864.200 gemv_cont 244.0
S 1789152864.205 gemv_cont 244.1
S 1789152864.211 gemv_cont 244.2
S 1789152864.216 gemv_cont 244.2
S 1789152864.222 gemv_cont 244.3
S 1789152864.227 gemv_cont 244.0
S 1789152864.233 gemv_cont 244.3
S 1789152864.238 gemv_cont 244.3
S 1789152864.244 gemv_cont 244.0
S 1789152864.249 gemv_cont 244.2
S 1789152864.255 gemv_cont 244.0
S 1789152864.260 gemv_cont 243.6
S 1789152864.266 gemv_cont 244.1
S 1789152864.271 gemv_cont 244.5
S 1789152864.277 gemv_cont 244.2
S 1789152864.282 gemv_cont 243.8
S 1789152864.288 gemv_cont 244.3
S 1789152864.294 gemv_cont 242.7
S 1789152864.299 gemv_cont 242.1
S 1789152864.305 gemv_cont 244.3
S 1789152864.310 gemv_cont 243.9
S 1789152864.316 gemv_cont 244.0
S 1789152864.321 gemv_cont 244.4
S 1789152864.327 gemv_cont 243.9
S 1789152864.332 gemv_cont 244.4
S 1789152864.338 gemv_cont 244.3
S 1789152864.343 gemv_cont 244.1
S 1789152864.349 gemv_cont 244.1
S 1789152864.354 gemv_cont 244.0
S 1789152864.360 gemv_cont 243.8
S 1789152864.365 gemv_cont 244.4
S 1789152864.371 gemv_cont 244.6
S 1789152864.376 gemv_cont 243.9
S 1789152864.382 gemv_cont 244.3
S 1789152864.387 gemv_cont 244.2
S 1789152864.393 gemv_cont 244.0
S 1789152864.398 gemv_cont 244.2
S 1789152864.404 gemv_cont 244.4
S 1789152864.409 gemv_cont 244.0
S 1789152864.415 gemv_cont 244.2
S 1789152864.420 gemv_cont 243.7
S 1789152864.426 gemv_cont 243.9
S 1789152864.431 gemv_cont 244.5
S 1789152864.437 gemv_cont 244.3
S 1789152864.442 gemv_cont 244.2
S 1789152864.448 gemv_cont 243.9
S 1789152864.453 gemv_cont 244.0
S 1789152864.459 gemv_cont 244.1
S 1789152864.464 gemv_cont 244.5
S 1789152864.470 gemv_cont 243.9
S 1789152864.476 gemv_cont 236.6
S 1789152864.482 gemv_cont 225.8
S 1789152864.487 gemv_cont 244.1
S 1789152864.493 gemv_cont 244.3
S 1789152864.498 gemv_cont 244.3
S 1789152864.504 gemv_cont 244.1
S 1789152864.509 gemv_cont 244.5
S 1789152864.515 gemv_cont 244.2
S 1789152864.520 gemv_cont 244.2
S 1789152864.526 gemv_cont 243.9
S 1789152864.531 gemv_cont 243.9
S 1789152864.537 gemv_cont 244.1
S 1789152864.542 gemv_cont 244.1
S 1789152864.548 gemv_cont 243.7
S 1789152864.553 gemv_cont 244.2
S 1789152864.559 gemv_cont 244.1
S 1789152864.564 gemv_cont 243.9
S 1789152864.570 gemv_cont 244.1
S 1789152864.575 gemv_cont 244.4
S 1789152864.581 gemv_cont 243.7
S 1789152864.586 gemv_cont 244.0
S 1789152864.592 gemv_cont 244.1
S 1789152864.597 gemv_cont 244.0
S 1789152864.603 gemv_cont 244.3
S 1789152864.608 gemv_cont 244.0
S 1789152864.614 gemv_cont 243.9
S 1789152864.619 gemv_cont 244.6
S 1789152864.625 gemv_cont 243.9
S 1789152864.630 gemv_cont 244.0
S 1789152864.636 gemv_cont 244.2
S 1789152864.641 gemv_cont 243.7
S 1789152864.647 gemv_cont 244.1
S 1789152864.652 gemv_cont 244.5
S 1789152864.658 gemv_cont 243.9
S 1789152864.663 gemv_cont 244.4
S 1789152864.669 gemv_cont 244.5
S 1789152864.674 gemv_cont 244.2
S 1789152864.680 gemv_cont 243.9
S 1789152864.685 gemv_cont 243.8
S 1789152864.691 gemv_cont 244.2
S 1789152864.696 gemv_cont 244.2
S 1789152864.702 gemv_cont 244.0
S 1789152864.707 gemv_cont 243.9
S 1789152864.713 gemv_cont 243.9
S 1789152864.718 gemv_cont 244.4
S 1789152864.724 gemv_cont 243.4
S 1789152864.730 gemv_cont 244.3
S 1789152864.735 gemv_cont 244.5
S 1789152864.741 gemv_cont 244.2
S 1789152864.746 gemv_cont 243.9
S 1789152864.752 gemv_cont 244.7
S 1789152864.757 gemv_cont 243.7
S 1789152864.763 gemv_cont 244.3
S 1789152864.768 gemv_cont 244.1
S 1789152864.774 gemv_cont 244.8
S 1789152864.779 gemv_cont 244.8
S 1789152864.785 gemv_cont 244.4
S 1789152864.790 gemv_cont 244.0
S 1789152864.796 gemv_cont 244.3
S 1789152864.801 gemv_cont 243.9
S 1789152864.807 gemv_cont 244.0
S 1789152864.812 gemv_cont 244.6
S 1789152864.818 gemv_cont 243.8
S 1789152864.823 gemv_cont 244.0
S 1789152864.829 gemv_cont 244.4
S 1789152864.834 gemv_cont 244.0
S 1789152864.840 gemv_cont 244.1
S 1789152864.845 gemv_cont 244.0
S 1789152864.851 gemv_cont 244.1
S 1789152864.856 gemv_cont 244.3
S 1789152864.862 gemv_cont 244.3
S 1789152864.867 gemv_cont 244.0
S 1789152864.873 gemv_cont 244.4
S 1789152864.878 gemv_cont 244.5
S 1789152864.884 gemv_cont 244.0
S 1789152864.889 gemv_cont 244.1
S 1789152864.895 gemv_cont 244.4
S 1789152864.900 gemv_cont 244.2
S 1789152864.906 gemv_cont 244.0
S 1789152864.911 gemv_cont 244.6
S 1789152864.917 gemv_cont 244.2
S 1789152864.922 gemv_cont 244.1
S 1789152864.928 gemv_cont 244.3
S 1789152864.933 gemv_cont 244.2
S 1789152864.939 gemv_cont 244.6
S 1789152864.944 gemv_cont 243.8
S 1789152864.950 gemv_cont 243.7
S 1789152864.955 gemv_cont 244.5
S 1789152864.961 gemv_cont 243.8
S 1789152864.966 gemv_cont 244.4
S 1789152864.972 gemv_cont 242.3
S 1789152864.978 gemv_cont 217.2
S 1789152864.984 gemv_cont 242.4
S 1789152864.989 gemv_cont 243.9
S 1789152864.995 gemv_cont 243.9
S 1789152865.000 gemv_cont 244.4
S 1789152865.006 gemv_cont 243.8
S 1789152865.011 gemv_cont 244.3
S 1789152865.017 gemv_cont 244.2
S 1789152865.022 gemv_cont 238.9
S 1789152865.028 gemv_cont 239.2
S 1789152865.034 gemv_cont 240.8
S 1789152865.039 gemv_cont 242.5
S 1789152865.045 gemv_cont 243.8
S 1789152865.050 gemv_cont 244.5
S 1789152865.056 gemv_cont 244.6
S 1789152865.061 gemv_cont 244.1
S 1789152865.067 gemv_cont 244.4
S 1789152865.072 gemv_cont 244.1
S 1789152865.078 gemv_cont 244.4
S 1789152865.083 gemv_cont 244.3
S 1789152865.089 gemv_cont 243.7
S 1789152865.094 gemv_cont 244.2
S 1789152865.100 gemv_cont 244.2
S 1789152865.105 gemv_cont 244.1
S 1789152865.111 gemv_cont 243.9
S 1789152865.116 gemv_cont 244.6
S 1789152865.122 gemv_cont 243.7
S 1789152865.127 gemv_cont 244.2
S 1789152865.133 gemv_cont 244.1
S 1789152865.138 gemv_cont 243.8
S 1789152865.144 gemv_cont 243.9
S 1789152865.149 gemv_cont 244.0
S 1789152865.155 gemv_cont 244.1
S 1789152865.160 gemv_cont 244.4
S 1789152865.166 gemv_cont 243.7
S 1789152865.171 gemv_cont 244.2
S 1789152865.177 gemv_cont 244.5
S 1789152865.182 gemv_cont 244.0
S 1789152865.188 gemv_cont 243.7
S 1789152865.193 gemv_cont 244.0
S 1789152865.199 gemv_cont 244.0
S 1789152865.204 gemv_cont 244.0
S 1789152865.210 gemv_cont 244.2
S 1789152865.215 gemv_cont 244.0
S 1789152865.221 gemv_cont 243.5
S 1789152865.226 gemv_cont 244.1
S 1789152865.232 gemv_cont 244.3
S 1789152865.238 gemv_cont 244.3
S 1789152865.243 gemv_cont 244.2
S 1789152865.249 gemv_cont 243.7
S 1789152865.254 gemv_cont 243.8
S 1789152865.260 gemv_cont 244.5
S 1789152865.265 gemv_cont 243.6
S 1789152865.271 gemv_cont 244.3
S 1789152865.276 gemv_cont 244.5
S 1789152865.282 gemv_cont 243.8
S 1789152865.287 gemv_cont 243.5
S 1789152865.293 gemv_cont 243.3
S 1789152865.298 gemv_cont 233.1
S 1789152865.304 gemv_cont 236.8
S 1789152865.310 gemv_cont 236.4
S 1789152865.315 gemv_cont 241.0
S 1789152865.321 gemv_cont 244.4
S 1789152865.326 gemv_cont 244.1
S 1789152865.332 gemv_cont 244.2
S 1789152865.337 gemv_cont 244.3
S 1789152865.343 gemv_cont 244.3
S 1789152865.348 gemv_cont 243.7
S 1789152865.354 gemv_cont 243.9
S 1789152865.359 gemv_cont 244.4
S 1789152865.365 gemv_cont 244.0
S 1789152865.370 gemv_cont 244.0
S 1789152865.376 gemv_cont 243.7
S 1789152865.382 gemv_cont 243.8
S 1789152865.387 gemv_cont 244.2
S 1789152865.393 gemv_cont 244.0
S 1789152865.398 gemv_cont 244.3
S 1789152865.404 gemv_cont 244.5
S 1789152865.409 gemv_cont 243.9
S 1789152865.415 gemv_cont 244.1
S 1789152865.420 gemv_cont 244.4
S 1789152865.426 gemv_cont 243.9
S 1789152865.431 gemv_cont 244.3
S 1789152865.437 gemv_cont 244.1
S 1789152865.442 gemv_cont 244.1
S 1789152865.448 gemv_cont 244.2
S 1789152865.453 gemv_cont 244.0
S 1789152865.459 gemv_cont 244.3
S 1789152865.464 gemv_cont 244.0
S 1789152865.470 gemv_cont 244.3
S 1789152865.475 gemv_cont 232.9
S 1789152865.481 gemv_cont 224.3
S 1789152865.487 gemv_cont 244.1
S 1789152865.492 gemv_cont 243.6
S 1789152865.498 gemv_cont 244.2
S 1789152865.503 gemv_cont 244.3
S 1789152865.509 gemv_cont 244.0
S 1789152865.515 gemv_cont 244.5
S 1789152865.520 gemv_cont 243.6
S 1789152865.526 gemv_cont 243.9
S 1789152865.531 gemv_cont 244.4
S 1789152865.537 gemv_cont 244.1
S 1789152865.542 gemv_cont 244.1
S 1789152865.548 gemv_cont 244.1
S 1789152865.553 gemv_cont 244.1
S 1789152865.559 gemv_cont 244.2
S 1789152865.564 gemv_cont 244.2
S 1789152865.570 gemv_cont 243.9
S 1789152865.575 gemv_cont 244.3
S 1789152865.581 gemv_cont 244.2
S 1789152865.586 gemv_cont 244.0
S 1789152865.592 gemv_cont 244.2
S 1789152865.597 gemv_cont 244.2
S 1789152865.603 gemv_cont 243.7
S 1789152865.608 gemv_cont 244.2
S 1789152865.614 gemv_cont 243.8
S 1789152865.619 gemv_cont 244.4
S 1789152865.625 gemv_cont 243.9
S 1789152865.630 gemv_cont 244.1
S 1789152865.636 gemv_cont 243.9
S 1789152865.641 gemv_cont 244.2
S 1789152865.647 gemv_cont 243.5
S 1789152865.652 gemv_cont 244.4
S 1789152865.658 gemv_cont 244.3
S 1789152865.663 gemv_cont 243.9
S 1789152865.669 gemv_cont 243.9
S 1789152865.674 gemv_cont 244.4
S 1789152865.680 gemv_cont 244.4
S 1789152865.685 gemv_cont 243.5
S 1789152865.691 gemv_cont 244.3
S 1789152865.696 gemv_cont 243.9
S 1789152865.702 gemv_cont 244.6
S 1789152865.707 gemv_cont 243.8
S 1789152865.713 gemv_cont 243.8
S 1789152865.718 gemv_cont 244.3
S 1789152865.724 gemv_cont 244.3
S 1789152865.729 gemv_cont 244.2
S 1789152865.735 gemv_cont 244.2
S 1789152865.740 gemv_cont 244.4
S 1789152865.746 gemv_cont 243.6
S 1789152865.751 gemv_cont 244.5
S 1789152865.757 gemv_cont 244.3
S 1789152865.762 gemv_cont 243.9
S 1789152865.768 gemv_cont 244.2
S 1789152865.774 gemv_cont 244.1
S 1789152865.779 gemv_cont 244.2
S 1789152865.785 gemv_cont 244.2
S 1789152865.790 gemv_cont 243.6
S 1789152865.796 gemv_cont 244.0
S 1789152865.801 gemv_cont 244.4
S 1789152865.807 gemv_cont 243.9
S 1789152865.812 gemv_cont 244.3
S 1789152865.818 gemv_cont 244.3
S 1789152865.823 gemv_cont 244.1
S 1789152865.829 gemv_cont 244.2
S 1789152865.834 gemv_cont 244.2
S 1789152865.840 gemv_cont 244.3
S 1789152865.845 gemv_cont 244.1
S 1789152865.851 gemv_cont 244.3
S 1789152865.856 gemv_cont 243.9
S 1789152865.862 gemv_cont 244.1
S 1789152865.867 gemv_cont 244.0
S 1789152865.873 gemv_cont 243.8
S 1789152865.878 gemv_cont 244.4
S 1789152865.884 gemv_cont 244.1
S 1789152865.889 gemv_cont 243.6
S 1789152865.895 gemv_cont 244.5
S 1789152865.900 gemv_cont 244.1
S 1789152865.906 gemv_cont 243.7
S 1789152865.911 gemv_cont 244.3
S 1789152865.917 gemv_cont 244.1
S 1789152865.922 gemv_cont 243.8
S 1789152865.928 gemv_cont 244.1
S 1789152865.933 gemv_cont 244.2
S 1789152865.939 gemv_cont 244.4
S 1789152865.944 gemv_cont 244.2
S 1789152865.950 gemv_cont 244.2
S 1789152865.956 gemv_cont 232.5
S 1789152865.961 gemv_cont 244.1
S 1789152865.967 gemv_cont 243.9
S 1789152865.972 gemv_cont 244.1
S 1789152865.978 gemv_cont 218.8
S 1789152865.984 gemv_cont 241.4
S 1789152865.989 gemv_cont 244.2
S 1789152865.995 gemv_cont 244.2
S 1789152866.000 gemv_cont 244.2
S 1789152866.006 gemv_cont 244.1
S 1789152866.011 gemv_cont 244.3
S 1789152866.017 gemv_cont 243.8
S 1789152866.023 gemv_cont 241.0
S 1789152866.028 gemv_cont 237.9
S 1789152866.034 gemv_cont 239.3
S 1789152866.039 gemv_cont 242.7
S 1789152866.045 gemv_cont 240.2
S 1789152866.050 gemv_cont 242.9
S 1789152866.056 gemv_cont 244.4
S 1789152866.061 gemv_cont 244.3
S 1789152866.067 gemv_cont 243.6
S 1789152866.073 gemv_cont 244.8
S 1789152866.078 gemv_cont 244.7
S 1789152866.084 gemv_cont 244.0
S 1789152866.089 gemv_cont 244.6
S 1789152866.095 gemv_cont 244.5
S 1789152866.100 gemv_cont 244.8
S 1789152866.106 gemv_cont 244.1
S 1789152866.111 gemv_cont 244.4
S 1789152866.117 gemv_cont 244.3
S 1789152866.122 gemv_cont 244.4
S 1789152866.128 gemv_cont 243.9
S 1789152866.133 gemv_cont 244.1
S 1789152866.139 gemv_cont 244.2
S 1789152866.144 gemv_cont 243.8
S 1789152866.150 gemv_cont 244.4
S 1789152866.155 gemv_cont 244.1
S 1789152866.161 gemv_cont 244.3
S 1789152866.166 gemv_cont 244.2
S 1789152866.172 gemv_cont 244.6
S 1789152866.177 gemv_cont 244.3
S 1789152866.183 gemv_cont 244.2
S 1789152866.188 gemv_cont 244.1
S 1789152866.194 gemv_cont 244.0
S 1789152866.199 gemv_cont 244.2
S 1789152866.205 gemv_cont 244.0
S 1789152866.210 gemv_cont 244.2
S 1789152866.216 gemv_cont 244.1
S 1789152866.221 gemv_cont 244.3
S 1789152866.227 gemv_cont 243.9
S 1789152866.232 gemv_cont 244.3
S 1789152866.238 gemv_cont 244.2
S 1789152866.243 gemv_cont 244.1
S 1789152866.249 gemv_cont 244.3
S 1789152866.254 gemv_cont 243.7
S 1789152866.260 gemv_cont 244.0
S 1789152866.265 gemv_cont 243.7
S 1789152866.271 gemv_cont 244.3
S 1789152866.276 gemv_cont 244.4
S 1789152866.282 gemv_cont 244.1
S 1789152866.287 gemv_cont 243.8
S 1789152866.293 gemv_cont 244.1
S 1789152866.298 gemv_cont 241.2
S 1789152866.304 gemv_cont 244.1
S 1789152866.309 gemv_cont 244.0
S 1789152866.315 gemv_cont 244.1
S 1789152866.320 gemv_cont 243.6
S 1789152866.326 gemv_cont 244.2
S 1789152866.332 gemv_cont 244.0
S 1789152866.337 gemv_cont 244.1
S 1789152866.343 gemv_cont 244.2
S 1789152866.348 gemv_cont 243.9
S 1789152866.354 gemv_cont 244.3
S 1789152866.359 gemv_cont 244.4
S 1789152866.365 gemv_cont 244.1
S 1789152866.370 gemv_cont 243.9
S 1789152866.376 gemv_cont 244.4
S 1789152866.381 gemv_cont 243.9
S 1789152866.387 gemv_cont 243.9
S 1789152866.392 gemv_cont 244.4
S 1789152866.398 gemv_cont 243.7
S 1789152866.403 gemv_cont 244.1
S 1789152866.409 gemv_cont 243.8
S 1789152866.414 gemv_cont 244.1
S 1789152866.420 gemv_cont 244.3
S 1789152866.425 gemv_cont 244.0
S 1789152866.431 gemv_cont 244.1
S 1789152866.436 gemv_cont 244.5
S 1789152866.442 gemv_cont 244.5
S 1789152866.447 gemv_cont 243.9
S 1789152866.453 gemv_cont 244.2
S 1789152866.458 gemv_cont 244.2
S 1789152866.464 gemv_cont 244.3
S 1789152866.469 gemv_cont 244.4
S 1789152866.475 gemv_cont 234.7
S 1789152866.481 gemv_cont 222.6
S 1789152866.487 gemv_cont 243.5
S 1789152866.492 gemv_cont 244.4
S 1789152866.498 gemv_cont 244.2
S 1789152866.503 gemv_cont 244.4
S 1789152866.509 gemv_cont 243.7
S 1789152866.514 gemv_cont 244.3
S 1789152866.520 gemv_cont 244.2
S 1789152866.525 gemv_cont 243.8
S 1789152866.531 gemv_cont 244.4
S 1789152866.536 gemv_cont 244.1
S 1789152866.542 gemv_cont 244.3
S 1789152866.547 gemv_cont 243.8
S 1789152866.553 gemv_cont 244.1
S 1789152866.558 gemv_cont 244.2
S 1789152866.564 gemv_cont 244.2
S 1789152866.569 gemv_cont 244.3
S 1789152866.575 gemv_cont 243.9
S 1789152866.580 gemv_cont 244.5
S 1789152866.586 gemv_cont 243.9
S 1789152866.591 gemv_cont 244.6
S 1789152866.597 gemv_cont 244.1
S 1789152866.602 gemv_cont 244.0
S 1789152866.608 gemv_cont 243.5
S 1789152866.613 gemv_cont 244.6
S 1789152866.619 gemv_cont 244.2
S 1789152866.624 gemv_cont 244.1
S 1789152866.630 gemv_cont 244.4
S 1789152866.635 gemv_cont 244.2
S 1789152866.641 gemv_cont 244.7
S 1789152866.646 gemv_cont 244.0
S 1789152866.652 gemv_cont 244.3
S 1789152866.657 gemv_cont 244.4
S 1789152866.663 gemv_cont 244.2
S 1789152866.668 gemv_cont 243.9
S 1789152866.674 gemv_cont 244.3
S 1789152866.679 gemv_cont 243.9
S 1789152866.685 gemv_cont 243.8
S 1789152866.690 gemv_cont 244.3
S 1789152866.696 gemv_cont 244.2
S 1789152866.701 gemv_cont 244.2
S 1789152866.707 gemv_cont 243.9
S 1789152866.712 gemv_cont 244.4
S 1789152866.718 gemv_cont 244.3
S 1789152866.723 gemv_cont 244.2
S 1789152866.729 gemv_cont 244.1
S 1789152866.734 gemv_cont 243.9
S 1789152866.740 gemv_cont 244.3
S 1789152866.745 gemv_cont 244.1
S 1789152866.751 gemv_cont 244.3
S 1789152866.756 gemv_cont 244.6
S 1789152866.762 gemv_cont 243.9
S 1789152866.768 gemv_cont 244.1
S 1789152866.773 gemv_cont 244.2
S 1789152866.779 gemv_cont 244.3
S 1789152866.784 gemv_cont 243.7
S 1789152866.790 gemv_cont 244.3
S 1789152866.795 gemv_cont 244.0
S 1789152866.801 gemv_cont 244.4
S 1789152866.806 gemv_cont 243.9
S 1789152866.812 gemv_cont 244.2
S 1789152866.817 gemv_cont 244.3
S 1789152866.823 gemv_cont 244.0
S 1789152866.828 gemv_cont 244.0
S 1789152866.834 gemv_cont 244.1
S 1789152866.839 gemv_cont 244.0
S 1789152866.845 gemv_cont 243.7
S 1789152866.850 gemv_cont 243.9
S 1789152866.856 gemv_cont 244.1
S 1789152866.861 gemv_cont 244.1
S 1789152866.867 gemv_cont 244.3
S 1789152866.872 gemv_cont 244.2
S 1789152866.878 gemv_cont 244.3
S 1789152866.883 gemv_cont 244.4
S 1789152866.889 gemv_cont 244.2
S 1789152866.894 gemv_cont 244.0
S 1789152866.900 gemv_cont 244.3
S 1789152866.905 gemv_cont 243.7
S 1789152866.911 gemv_cont 244.2
S 1789152866.916 gemv_cont 245.0
S 1789152866.922 gemv_cont 244.0
S 1789152866.927 gemv_cont 244.0
S 1789152866.933 gemv_cont 244.3
S 1789152866.938 gemv_cont 244.4
S 1789152866.944 gemv_cont 243.7
S 1789152866.949 gemv_cont 244.3
S 1789152866.955 gemv_cont 244.3
S 1789152866.960 gemv_cont 244.1
S 1789152866.966 gemv_cont 243.8
S 1789152866.971 gemv_cont 244.2
S 1789152866.977 gemv_cont 231.9
S 1789152866.983 gemv_cont 224.0
S 1789152866.989 gemv_cont 243.8
S 1789152866.994 gemv_cont 244.4
S 1789152867.000 gemv_cont 244.5
S 1789152867.005 gemv_cont 243.6
S 1789152867.011 gemv_cont 244.2
S 1789152867.016 gemv_cont 244.2
S 1789152867.022 gemv_cont 242.7
S 1789152867.027 gemv_cont 236.6
S 1789152867.033 gemv_cont 240.0
S 1789152867.039 gemv_cont 242.5
S 1789152867.044 gemv_cont 244.4
S 1789152867.050 gemv_cont 244.4
S 1789152867.055 gemv_cont 244.7
S 1789152867.061 gemv_cont 244.6
S 1789152867.066 gemv_cont 243.5
S 1789152867.072 gemv_cont 244.4
S 1789152867.077 gemv_cont 244.7
S 1789152867.083 gemv_cont 244.3
S 1789152867.088 gemv_cont 244.2
S 1789152867.094 gemv_cont 244.4
S 1789152867.099 gemv_cont 244.1
S 1789152867.105 gemv_cont 244.0
S 1789152867.110 gemv_cont 243.7
S 1789152867.116 gemv_cont 244.0
S 1789152867.121 gemv_cont 244.6
S 1789152867.127 gemv_cont 243.7
S 1789152867.132 gemv_cont 243.6
S 1789152867.138 gemv_cont 244.6
S 1789152867.143 gemv_cont 244.0
S 1789152867.149 gemv_cont 243.9
S 1789152867.154 gemv_cont 244.3
S 1789152867.160 gemv_cont 244.1
S 1789152867.165 gemv_cont 243.7
S 1789152867.171 gemv_cont 244.0
S 1789152867.176 gemv_cont 244.2
S 1789152867.182 gemv_cont 244.4
S 1789152867.187 gemv_cont 243.6
S 1789152867.193 gemv_cont 244.1
S 1789152867.198 gemv_cont 244.1
S 1789152867.204 gemv_cont 244.2
S 1789152867.209 gemv_cont 243.8
S 1789152867.215 gemv_cont 244.3
S 1789152867.220 gemv_cont 244.2
S 1789152867.226 gemv_cont 243.8
S 1789152867.231 gemv_cont 244.4
S 1789152867.237 gemv_cont 244.1
S 1789152867.243 gemv_cont 243.8
S 1789152867.248 gemv_cont 244.2
S 1789152867.254 gemv_cont 243.9
S 1789152867.259 gemv_cont 244.2
S 1789152867.265 gemv_cont 243.9
S 1789152867.270 gemv_cont 243.9
S 1789152867.276 gemv_cont 243.8
S 1789152867.281 gemv_cont 244.2
S 1789152867.287 gemv_cont 243.9
S 1789152867.292 gemv_cont 243.8
S 1789152867.298 gemv_cont 240.9
S 1789152867.303 gemv_cont 244.1
S 1789152867.309 gemv_cont 244.0
S 1789152867.314 gemv_cont 244.1
S 1789152867.320 gemv_cont 244.2
S 1789152867.325 gemv_cont 244.1
S 1789152867.331 gemv_cont 244.2
S 1789152867.336 gemv_cont 243.8
S 1789152867.342 gemv_cont 244.2
S 1789152867.347 gemv_cont 244.5
S 1789152867.353 gemv_cont 244.2
S 1789152867.358 gemv_cont 243.8
S 1789152867.364 gemv_cont 244.3
S 1789152867.369 gemv_cont 244.3
S 1789152867.375 gemv_cont 244.3
S 1789152867.380 gemv_cont 244.0
S 1789152867.386 gemv_cont 243.8
S 1789152867.391 gemv_cont 244.2
S 1789152867.397 gemv_cont 244.2
S 1789152867.402 gemv_cont 244.6
S 1789152867.408 gemv_cont 243.9
S 1789152867.413 gemv_cont 244.2
S 1789152867.419 gemv_cont 243.6
S 1789152867.424 gemv_cont 244.0
S 1789152867.430 gemv_cont 244.0
S 1789152867.435 gemv_cont 244.2
S 1789152867.441 gemv_cont 243.8
S 1789152867.446 gemv_cont 244.0
S 1789152867.452 gemv_cont 244.3
S 1789152867.458 gemv_cont 243.7
S 1789152867.463 gemv_cont 243.9
S 1789152867.469 gemv_cont 244.2
S 1789152867.474 gemv_cont 243.3
S 1789152867.480 gemv_cont 219.8
S 1789152867.486 gemv_cont 241.8
S 1789152867.491 gemv_cont 244.2
S 1789152867.497 gemv_cont 243.6
S 1789152867.502 gemv_cont 244.1
S 1789152867.508 gemv_cont 243.9
S 1789152867.513 gemv_cont 244.1
S 1789152867.519 gemv_cont 244.5
S 1789152867.524 gemv_cont 244.1
S 1789152867.530 gemv_cont 244.2
S 1789152867.535 gemv_cont 244.5
S 1789152867.541 gemv_cont 244.2
S 1789152867.546 gemv_cont 243.9
S 1789152867.552 gemv_cont 244.1
S 1789152867.557 gemv_cont 244.4
S 1789152867.563 gemv_cont 243.6
S 1789152867.568 gemv_cont 243.9
S 1789152867.574 gemv_cont 244.2
S 1789152867.579 gemv_cont 244.0
S 1789152867.585 gemv_cont 243.7
S 1789152867.590 gemv_cont 243.9
S 1789152867.596 gemv_cont 244.6
S 1789152867.601 gemv_cont 244.4
S 1789152867.607 gemv_cont 243.6
S 1789152867.613 gemv_cont 244.4
S 1789152867.618 gemv_cont 244.0
S 1789152867.624 gemv_cont 244.0
S 1789152867.629 gemv_cont 243.8
S 1789152867.635 gemv_cont 244.2
S 1789152867.640 gemv_cont 244.2
S 1789152867.646 gemv_cont 243.8
S 1789152867.651 gemv_cont 244.1
S 1789152867.657 gemv_cont 244.3
S 1789152867.662 gemv_cont 244.3
S 1789152867.668 gemv_cont 243.9
S 1789152867.673 gemv_cont 243.8
S 1789152867.679 gemv_cont 244.0
S 1789152867.684 gemv_cont 243.9
S 1789152867.690 gemv_cont 243.9
S 1789152867.695 gemv_cont 244.4
S 1789152867.701 gemv_cont 243.9
S 1789152867.706 gemv_cont 243.6
S 1789152867.712 gemv_cont 243.9
S 1789152867.717 gemv_cont 240.2
S 1789152867.723 gemv_cont 231.4
S 1789152867.729 gemv_cont 235.7
S 1789152867.734 gemv_cont 240.4
S 1789152867.740 gemv_cont 244.1
S 1789152867.745 gemv_cont 244.2
S 1789152867.751 gemv_cont 243.8
S 1789152867.757 gemv_cont 244.1
S 1789152867.762 gemv_cont 244.3
S 1789152867.768 gemv_cont 243.8
S 1789152867.773 gemv_cont 244.2
S 1789152867.779 gemv_cont 244.6
S 1789152867.784 gemv_cont 244.1
S 1789152867.790 gemv_cont 244.2
S 1789152867.795 gemv_cont 243.9
S 1789152867.801 gemv_cont 243.9
S 1789152867.806 gemv_cont 244.0
S 1789152867.812 gemv_cont 243.9
S 1789152867.817 gemv_cont 244.0
S 1789152867.823 gemv_cont 244.1
S 1789152867.828 gemv_cont 244.0
S 1789152867.834 gemv_cont 244.1
S 1789152867.839 gemv_cont 244.2
S 1789152867.845 gemv_cont 243.9
S 1789152867.850 gemv_cont 244.0
S 1789152867.856 gemv_cont 244.2
S 1789152867.861 gemv_cont 243.8
S 1789152867.867 gemv_cont 244.0
S 1789152867.872 gemv_cont 244.5
S 1789152867.878 gemv_cont 244.1
S 1789152867.883 gemv_cont 244.2
S 1789152867.889 gemv_cont 244.3
S 1789152867.894 gemv_cont 244.1
S 1789152867.900 gemv_cont 244.0
S 1789152867.905 gemv_cont 244.2
S 1789152867.911 gemv_cont 244.3
S 1789152867.916 gemv_cont 244.0
S 1789152867.922 gemv_cont 244.3
S 1789152867.927 gemv_cont 244.0
S 1789152867.933 gemv_cont 244.2
S 1789152867.938 gemv_cont 244.0
S 1789152867.944 gemv_cont 244.4
S 1789152867.949 gemv_cont 244.0
S 1789152867.955 gemv_cont 243.5
S 1789152867.960 gemv_cont 244.0
S 1789152867.966 gemv_cont 244.2
S 1789152867.971 gemv_cont 244.4
S 1789152867.977 gemv_cont 230.8
S 1789152867.983 gemv_cont 223.6
S 1789152867.989 gemv_cont 243.7
S 1789152867.994 gemv_cont 244.3
S 1789152868.000 gemv_cont 244.3
S 1789152868.005 gemv_cont 243.7
S 1789152868.011 gemv_cont 244.0
S 1789152868.016 gemv_cont 244.2
S 1789152868.022 gemv_cont 243.0
S 1789152868.028 gemv_cont 235.1
S 1789152868.033 gemv_cont 239.3
S 1789152868.039 gemv_cont 242.3
S 1789152868.044 gemv_cont 243.0
S 1789152868.050 gemv_cont 244.2
S 1789152868.055 gemv_cont 243.9
S 1789152868.061 gemv_cont 244.4
S 1789152868.066 gemv_cont 243.9
S 1789152868.072 gemv_cont 244.6
S 1789152868.077 gemv_cont 244.4
S 1789152868.083 gemv_cont 244.3
S 1789152868.088 gemv_cont 244.0
S 1789152868.094 gemv_cont 244.4
S 1789152868.099 gemv_cont 243.6
S 1789152868.105 gemv_cont 243.6
S 1789152868.110 gemv_cont 243.9
S 1789152868.116 gemv_cont 244.0
S 1789152868.121 gemv_cont 244.2
S 1789152868.127 gemv_cont 244.1
S 1789152868.132 gemv_cont 243.8
S 1789152868.138 gemv_cont 244.3
S 1789152868.143 gemv_cont 244.1
S 1789152868.149 gemv_cont 243.6
S 1789152868.155 gemv_cont 244.1
S 1789152868.160 gemv_cont 244.4
S 1789152868.166 gemv_cont 243.6
S 1789152868.171 gemv_cont 244.4
S 1789152868.177 gemv_cont 244.5
S 1789152868.182 gemv_cont 243.9
S 1789152868.188 gemv_cont 243.6
S 1789152868.193 gemv_cont 244.2
S 1789152868.199 gemv_cont 243.9
S 1789152868.204 gemv_cont 244.0
S 1789152868.210 gemv_cont 243.7
S 1789152868.215 gemv_cont 244.3
S 1789152868.221 gemv_cont 244.1
S 1789152868.226 gemv_cont 243.6
S 1789152868.232 gemv_cont 243.9
S 1789152868.237 gemv_cont 244.2
S 1789152868.243 gemv_cont 244.1
S 1789152868.248 gemv_cont 243.9
S 1789152868.254 gemv_cont 244.1
S 1789152868.259 gemv_cont 243.8
S 1789152868.265 gemv_cont 244.0
S 1789152868.270 gemv_cont 244.2
S 1789152868.276 gemv_cont 244.0
S 1789152868.281 gemv_cont 244.2
S 1789152868.287 gemv_cont 244.0
S 1789152868.292 gemv_cont 244.4
S 1789152868.298 gemv_cont 240.2
S 1789152868.303 gemv_cont 244.1
S 1789152868.309 gemv_cont 243.8
S 1789152868.314 gemv_cont 244.5
S 1789152868.320 gemv_cont 244.3
S 1789152868.325 gemv_cont 244.0
S 1789152868.331 gemv_cont 244.4
S 1789152868.336 gemv_cont 244.5
S 1789152868.342 gemv_cont 244.1
S 1789152868.348 gemv_cont 244.3
S 1789152868.353 gemv_cont 244.3
S 1789152868.359 gemv_cont 244.1
S 1789152868.364 gemv_cont 244.0
S 1789152868.370 gemv_cont 244.2
S 1789152868.375 gemv_cont 243.7
S 1789152868.381 gemv_cont 244.3
S 1789152868.386 gemv_cont 244.1
S 1789152868.392 gemv_cont 244.0
S 1789152868.397 gemv_cont 243.8
S 1789152868.403 gemv_cont 243.9
S 1789152868.408 gemv_cont 244.1
S 1789152868.414 gemv_cont 244.3
S 1789152868.419 gemv_cont 244.2
S 1789152868.425 gemv_cont 244.2
S 1789152868.430 gemv_cont 244.2
S 1789152868.436 gemv_cont 244.0
S 1789152868.441 gemv_cont 243.8
S 1789152868.447 gemv_cont 243.8
S 1789152868.452 gemv_cont 244.3
S 1789152868.458 gemv_cont 244.0
S 1789152868.463 gemv_cont 244.4
S 1789152868.469 gemv_cont 243.8
S 1789152868.474 gemv_cont 243.3
S 1789152868.480 gemv_cont 218.5
S 1789152868.486 gemv_cont 241.1
S 1789152868.492 gemv_cont 243.9
S 1789152868.497 gemv_cont 243.8
S 1789152868.503 gemv_cont 244.3
S 1789152868.508 gemv_cont 243.8
S 1789152868.514 gemv_cont 243.9
S 1789152868.519 gemv_cont 244.2
S 1789152868.525 gemv_cont 244.2
S 1789152868.530 gemv_cont 244.1
S 1789152868.536 gemv_cont 244.1
S 1789152868.541 gemv_cont 244.2
S 1789152868.547 gemv_cont 243.4
S 1789152868.552 gemv_cont 244.0
S 1789152868.558 gemv_cont 244.1
S 1789152868.563 gemv_cont 244.6
S 1789152868.569 gemv_cont 243.9
S 1789152868.574 gemv_cont 244.4
S 1789152868.580 gemv_cont 244.1
S 1789152868.585 gemv_cont 244.2
S 1789152868.591 gemv_cont 244.0
S 1789152868.596 gemv_cont 243.8
S 1789152868.602 gemv_cont 244.2
S 1789152868.607 gemv_cont 243.8
S 1789152868.613 gemv_cont 243.6
S 1789152868.618 gemv_cont 244.2
S 1789152868.624 gemv_cont 243.7
S 1789152868.629 gemv_cont 244.1
S 1789152868.635 gemv_cont 244.0
S 1789152868.640 gemv_cont 244.2
S 1789152868.646 gemv_cont 244.1
S 1789152868.651 gemv_cont 244.1
S 1789152868.657 gemv_cont 244.3
S 1789152868.662 gemv_cont 244.1
S 1789152868.668 gemv_cont 243.9
S 1789152868.673 gemv_cont 244.0
S 1789152868.679 gemv_cont 243.7
S 1789152868.684 gemv_cont 243.7
S 1789152868.690 gemv_cont 244.3
S 1789152868.695 gemv_cont 244.2
S 1789152868.701 gemv_cont 244.0
S 1789152868.707 gemv_cont 243.4
S 1789152868.712 gemv_cont 244.2
S 1789152868.718 gemv_cont 244.4
S 1789152868.723 gemv_cont 243.7
S 1789152868.729 gemv_cont 244.1
S 1789152868.734 gemv_cont 244.3
S 1789152868.740 gemv_cont 244.2
S 1789152868.745 gemv_cont 243.9
S 1789152868.751 gemv_cont 243.7
S 1789152868.756 gemv_cont 240.8
S 1789152868.762 gemv_cont 231.0
S 1789152868.768 gemv_cont 236.2
S 1789152868.773 gemv_cont 239.1
S 1789152868.779 gemv_cont 244.2
S 1789152868.784 gemv_cont 244.1
S 1789152868.790 gemv_cont 244.2
S 1789152868.795 gemv_cont 244.2
S 1789152868.801 gemv_cont 243.8
S 1789152868.806 gemv_cont 243.5
S 1789152868.812 gemv_cont 244.2
S 1789152868.817 gemv_cont 243.8
S 1789152868.823 gemv_cont 243.9
S 1789152868.828 gemv_cont 244.2
S 1789152868.834 gemv_cont 243.9
S 1789152868.840 gemv_cont 244.0
S 1789152868.845 gemv_cont 244.4
S 1789152868.851 gemv_cont 244.3
S 1789152868.856 gemv_cont 244.1
S 1789152868.862 gemv_cont 244.1
S 1789152868.867 gemv_cont 243.7
S 1789152868.873 gemv_cont 243.8
S 1789152868.878 gemv_cont 244.3
S 1789152868.884 gemv_cont 243.7
S 1789152868.889 gemv_cont 244.1
S 1789152868.895 gemv_cont 243.8
S 1789152868.900 gemv_cont 243.8
S 1789152868.906 gemv_cont 244.2
S 1789152868.911 gemv_cont 244.3
S 1789152868.917 gemv_cont 243.6
S 1789152868.922 gemv_cont 244.4
S 1789152868.928 gemv_cont 243.8
S 1789152868.933 gemv_cont 244.0
S 1789152868.939 gemv_cont 244.4
S 1789152868.944 gemv_cont 244.2
S 1789152868.950 gemv_cont 243.9
S 1789152868.955 gemv_cont 244.1
S 1789152868.961 gemv_cont 244.3
S 1789152868.966 gemv_cont 244.0
S 1789152868.972 gemv_cont 244.5
S 1789152868.978 gemv_cont 233.6
S 1789152868.984 gemv_cont 225.4
S 1789152868.989 gemv_cont 244.2
S 1789152868.995 gemv_cont 243.9
S 1789152869.000 gemv_cont 243.8
S 1789152869.006 gemv_cont 244.0
S 1789152869.011 gemv_cont 243.7
S 1789152869.017 gemv_cont 244.3
S 1789152869.022 gemv_cont 244.1
S 1789152869.028 gemv_cont 237.8
S 1789152869.033 gemv_cont 238.1
S 1789152869.039 gemv_cont 241.3
S 1789152869.045 gemv_cont 241.9
S 1789152869.050 gemv_cont 242.5
S 1789152869.056 gemv_cont 244.2
S 1789152869.061 gemv_cont 244.4
S 1789152869.067 gemv_cont 243.9
S 1789152869.072 gemv_cont 244.3
S 1789152869.078 gemv_cont 244.3
S 1789152869.083 gemv_cont 244.3
S 1789152869.089 gemv_cont 244.0
S 1789152869.094 gemv_cont 244.3
S 1789152869.100 gemv_cont 244.4
S 1789152869.105 gemv_cont 244.0
S 1789152869.111 gemv_cont 244.1
S 1789152869.116 gemv_cont 244.5
S 1789152869.122 gemv_cont 244.1
S 1789152869.127 gemv_cont 243.5
S 1789152869.133 gemv_cont 244.2
S 1789152869.138 gemv_cont 244.1
S 1789152869.144 gemv_cont 244.1
S 1789152869.149 gemv_cont 244.3
S 1789152869.155 gemv_cont 244.1
S 1789152869.160 gemv_cont 244.4
S 1789152869.166 gemv_cont 243.7
S 1789152869.171 gemv_cont 244.5
S 1789152869.177 gemv_cont 244.1
S 1789152869.182 gemv_cont 244.0
S 1789152869.188 gemv_cont 244.1
S 1789152869.193 gemv_cont 244.6
S 1789152869.199 gemv_cont 243.8
S 1789152869.204 gemv_cont 243.7
S 1789152869.210 gemv_cont 244.2
S 1789152869.215 gemv_cont 243.9
S 1789152869.221 gemv_cont 243.9
S 1789152869.226 gemv_cont 243.7
S 1789152869.232 gemv_cont 243.9
S 1789152869.238 gemv_cont 240.9
S 1789152869.243 gemv_cont 232.3
S 1789152869.249 gemv_cont 235.8
S 1789152869.255 gemv_cont 240.0
S 1789152869.260 gemv_cont 244.1
S 1789152869.266 gemv_cont 243.7
S 1789152869.271 gemv_cont 244.3
S 1789152869.277 gemv_cont 243.6
S 1789152869.282 gemv_cont 244.4
S 1789152869.288 gemv_cont 244.2
S 1789152869.293 gemv_cont 244.3
S 1789152869.299 gemv_cont 239.6
S 1789152869.304 gemv_cont 244.3
S 1789152869.310 gemv_cont 244.2
S 1789152869.315 gemv_cont 244.1
S 1789152869.321 gemv_cont 244.3
S 1789152869.326 gemv_cont 243.8
S 1789152869.332 gemv_cont 243.9
S 1789152869.337 gemv_cont 244.2
S 1789152869.343 gemv_cont 244.5
S 1789152869.348 gemv_cont 244.0
S 1789152869.354 gemv_cont 244.3
S 1789152869.359 gemv_cont 243.6
S 1789152869.365 gemv_cont 243.7
S 1789152869.370 gemv_cont 244.1
S 1789152869.376 gemv_cont 244.2
S 1789152869.381 gemv_cont 243.8
S 1789152869.387 gemv_cont 244.3
S 1789152869.393 gemv_cont 244.2
S 1789152869.398 gemv_cont 243.9
S 1789152869.404 gemv_cont 244.3
S 1789152869.409 gemv_cont 243.8
S 1789152869.415 gemv_cont 244.1
S 1789152869.420 gemv_cont 244.1
S 1789152869.426 gemv_cont 243.7
S 1789152869.431 gemv_cont 244.2
S 1789152869.437 gemv_cont 244.4
S 1789152869.442 gemv_cont 244.5
S 1789152869.448 gemv_cont 244.1
S 1789152869.453 gemv_cont 244.1
S 1789152869.459 gemv_cont 243.6
S 1789152869.464 gemv_cont 244.3
S 1789152869.470 gemv_cont 243.8
S 1789152869.475 gemv_cont 243.1
S 1789152869.481 gemv_cont 218.9
S 1789152869.487 gemv_cont 241.7
S 1789152869.492 gemv_cont 244.4
S 1789152869.498 gemv_cont 244.3
S 1789152869.503 gemv_cont 244.1
S 1789152869.509 gemv_cont 244.0
S 1789152869.514 gemv_cont 244.4
S 1789152869.520 gemv_cont 244.0
S 1789152869.525 gemv_cont 243.9
S 1789152869.531 gemv_cont 244.4
S 1789152869.536 gemv_cont 244.3
S 1789152869.542 gemv_cont 244.1
S 1789152869.548 gemv_cont 243.7
S 1789152869.553 gemv_cont 244.0
S 1789152869.559 gemv_cont 244.2
S 1789152869.564 gemv_cont 244.1
S 1789152869.570 gemv_cont 243.7
S 1789152869.575 gemv_cont 244.6
S 1789152869.581 gemv_cont 244.2
S 1789152869.586 gemv_cont 243.2
S 1789152869.592 gemv_cont 244.5
S 1789152869.597 gemv_cont 244.2
S 1789152869.603 gemv_cont 244.0
S 1789152869.608 gemv_cont 243.9
S 1789152869.614 gemv_cont 244.0
S 1789152869.619 gemv_cont 244.4
S 1789152869.625 gemv_cont 244.3
S 1789152869.630 gemv_cont 244.1
S 1789152869.636 gemv_cont 244.2
S 1789152869.641 gemv_cont 244.0
S 1789152869.647 gemv_cont 243.8
S 1789152869.652 gemv_cont 244.1
S 1789152869.658 gemv_cont 244.4
S 1789152869.663 gemv_cont 243.9
S 1789152869.669 gemv_cont 243.7
S 1789152869.674 gemv_cont 244.6
S 1789152869.680 gemv_cont 244.0
S 1789152869.685 gemv_cont 244.1
S 1789152869.691 gemv_cont 244.2
S 1789152869.696 gemv_cont 244.2
S 1789152869.702 gemv_cont 244.4
S 1789152869.707 gemv_cont 243.9
S 1789152869.713 gemv_cont 243.8
S 1789152869.718 gemv_cont 244.5
S 1789152869.724 gemv_cont 244.1
S 1789152869.729 gemv_cont 243.8
S 1789152869.735 gemv_cont 244.4
S 1789152869.740 gemv_cont 244.5
S 1789152869.746 gemv_cont 243.8
S 1789152869.751 gemv_cont 244.5
S 1789152869.757 gemv_cont 244.3
S 1789152869.762 gemv_cont 244.2
S 1789152869.768 gemv_cont 244.2
S 1789152869.773 gemv_cont 244.0
S 1789152869.779 gemv_cont 244.2
S 1789152869.784 gemv_cont 244.2
S 1789152869.790 gemv_cont 244.3
S 1789152869.795 gemv_cont 244.0
S 1789152869.801 gemv_cont 244.0
S 1789152869.806 gemv_cont 243.9
S 1789152869.812 gemv_cont 244.3
S 1789152869.818 gemv_cont 244.4
S 1789152869.823 gemv_cont 243.9
S 1789152869.829 gemv_cont 243.8
S 1789152869.834 gemv_cont 244.5
S 1789152869.840 gemv_cont 244.1
S 1789152869.845 gemv_cont 243.9
S 1789152869.851 gemv_cont 244.0
S 1789152869.856 gemv_cont 244.0
S 1789152869.862 gemv_cont 244.3
S 1789152869.867 gemv_cont 243.7
S 1789152869.873 gemv_cont 244.0
S 1789152869.878 gemv_cont 244.3
S 1789152869.884 gemv_cont 244.0
S 1789152869.889 gemv_cont 244.0
S 1789152869.895 gemv_cont 244.5
S 1789152869.900 gemv_cont 243.8
S 1789152869.906 gemv_cont 243.6
S 1789152869.911 gemv_cont 244.1
S 1789152869.917 gemv_cont 244.4
S 1789152869.922 gemv_cont 244.0
S 1789152869.928 gemv_cont 243.8
S 1789152869.933 gemv_cont 244.4
S 1789152869.939 gemv_cont 244.1
S 1789152869.944 gemv_cont 244.2
S 1789152869.950 gemv_cont 243.8
S 1789152869.955 gemv_cont 243.6
S 1789152869.961 gemv_cont 244.3
S 1789152869.966 gemv_cont 243.8
S 1789152869.972 gemv_cont 244.5
S 1789152869.978 gemv_cont 234.5
S 1789152869.983 gemv_cont 228.0
S 1789152869.989 gemv_cont 243.8
S 1789152869.995 gemv_cont 243.9
S 1789152870.000 gemv_cont 244.2
S 1789152870.006 gemv_cont 244.3
S 1789152870.011 gemv_cont 244.3
S 1789152870.017 gemv_cont 244.1
S 1789152870.022 gemv_cont 244.6
S 1789152870.028 gemv_cont 240.0
S 1789152870.033 gemv_cont 237.9
S 1789152870.039 gemv_cont 240.6
S 1789152870.044 gemv_cont 242.2
S 1789152870.050 gemv_cont 242.3
S 1789152870.055 gemv_cont 244.4
S 1789152870.061 gemv_cont 244.3
S 1789152870.067 gemv_cont 243.9
S 1789152870.072 gemv_cont 244.5
S 1789152870.078 gemv_cont 244.1
S 1789152870.083 gemv_cont 244.1
S 1789152870.089 gemv_cont 244.1
S 1789152870.094 gemv_cont 244.4
S 1789152870.100 gemv_cont 244.3
S 1789152870.105 gemv_cont 244.0
S 1789152870.111 gemv_cont 243.9
S 1789152870.116 gemv_cont 244.3
S 1789152870.122 gemv_cont 244.1
S 1789152870.127 gemv_cont 243.0
S 1789152870.133 gemv_cont 244.6
S 1789152870.138 gemv_cont 244.2
S 1789152870.144 gemv_cont 243.4
S 1789152870.149 gemv_cont 244.2
S 1789152870.155 gemv_cont 244.4
S 1789152870.160 gemv_cont 243.7
S 1789152870.166 gemv_cont 243.9
S 1789152870.171 gemv_cont 244.5
S 1789152870.177 gemv_cont 244.1
S 1789152870.182 gemv_cont 244.2
S 1789152870.188 gemv_cont 243.7
S 1789152870.193 gemv_cont 244.1
S 1789152870.199 gemv_cont 244.2
S 1789152870.204 gemv_cont 243.6
S 1789152870.210 gemv_cont 243.7
S 1789152870.215 gemv_cont 244.8
S 1789152870.221 gemv_cont 244.5
S 1789152870.226 gemv_cont 243.9
S 1789152870.232 gemv_cont 244.3
S 1789152870.237 gemv_cont 244.0
S 1789152870.243 gemv_cont 243.8
S 1789152870.248 gemv_cont 244.0
S 1789152870.254 gemv_cont 244.1
S 1789152870.259 gemv_cont 244.6
S 1789152870.265 gemv_cont 243.4
S 1789152870.270 gemv_cont 244.1
S 1789152870.276 gemv_cont 244.1
S 1789152870.281 gemv_cont 244.2
S 1789152870.287 gemv_cont 243.7
S 1789152870.292 gemv_cont 244.1
S 1789152870.298 gemv_cont 239.5
S 1789152870.304 gemv_cont 244.2
S 1789152870.309 gemv_cont 243.8
S 1789152870.315 gemv_cont 244.4
S 1789152870.320 gemv_cont 243.7
S 1789152870.326 gemv_cont 243.9
S 1789152870.331 gemv_cont 244.3
S 1789152870.337 gemv_cont 244.1
S 1789152870.342 gemv_cont 244.1
S 1789152870.348 gemv_cont 243.8
S 1789152870.353 gemv_cont 244.0
S 1789152870.359 gemv_cont 244.1
S 1789152870.364 gemv_cont 243.9
S 1789152870.370 gemv_cont 243.9
S 1789152870.375 gemv_cont 244.3
S 1789152870.381 gemv_cont 243.8
S 1789152870.386 gemv_cont 244.0
S 1789152870.392 gemv_cont 244.5
S 1789152870.397 gemv_cont 243.4
S 1789152870.403 gemv_cont 244.4
S 1789152870.408 gemv_cont 243.6
S 1789152870.414 gemv_cont 244.2
S 1789152870.419 gemv_cont 243.9
S 1789152870.425 gemv_cont 244.2
S 1789152870.430 gemv_cont 243.8
S 1789152870.436 gemv_cont 243.9
S 1789152870.441 gemv_cont 243.9
S 1789152870.447 gemv_cont 243.7
S 1789152870.452 gemv_cont 244.2
S 1789152870.458 gemv_cont 244.0
S 1789152870.463 gemv_cont 243.9
S 1789152870.469 gemv_cont 244.0
S 1789152870.475 gemv_cont 243.7
S 1789152870.481 gemv_cont 219.7
S 1789152870.486 gemv_cont 241.6
S 1789152870.492 gemv_cont 244.0
S 1789152870.497 gemv_cont 244.2
S 1789152870.503 gemv_cont 244.3
S 1789152870.508 gemv_cont 243.4
S 1789152870.514 gemv_cont 244.1
S 1789152870.519 gemv_cont 243.7
S 1789152870.525 gemv_cont 243.9
S 1789152870.530 gemv_cont 244.6
S 1789152870.536 gemv_cont 244.3
S 1789152870.541 gemv_cont 243.9
S 1789152870.547 gemv_cont 244.0
S 1789152870.552 gemv_cont 244.1
S 1789152870.558 gemv_cont 244.0
S 1789152870.563 gemv_cont 244.2
S 1789152870.569 gemv_cont 244.0
S 1789152870.574 gemv_cont 243.8
S 1789152870.580 gemv_cont 244.4
S 1789152870.585 gemv_cont 243.9
S 1789152870.591 gemv_cont 244.2
S 1789152870.596 gemv_cont 244.3
S 1789152870.602 gemv_cont 243.8
S 1789152870.607 gemv_cont 243.7
S 1789152870.613 gemv_cont 244.2
S 1789152870.618 gemv_cont 244.1
S 1789152870.624 gemv_cont 244.2
S 1789152870.630 gemv_cont 243.7
S 1789152870.635 gemv_cont 241.7
S 1789152870.641 gemv_cont 231.6
S 1789152870.646 gemv_cont 242.7
S 1789152870.652 gemv_cont 234.7
S 1789152870.658 gemv_cont 242.6
S 1789152870.663 gemv_cont 244.3
S 1789152870.669 gemv_cont 243.7
S 1789152870.674 gemv_cont 244.3
S 1789152870.680 gemv_cont 244.0
S 1789152870.685 gemv_cont 244.0
S 1789152870.691 gemv_cont 244.5
S 1789152870.696 gemv_cont 244.0
S 1789152870.702 gemv_cont 244.3
S 1789152870.707 gemv_cont 244.1
S 1789152870.713 gemv_cont 244.3
S 1789152870.718 gemv_cont 243.8
S 1789152870.724 gemv_cont 244.3
S 1789152870.729 gemv_cont 244.0
S 1789152870.735 gemv_cont 244.3
S 1789152870.740 gemv_cont 244.1
S 1789152870.746 gemv_cont 244.1
S 1789152870.751 gemv_cont 244.1
S 1789152870.757 gemv_cont 244.1
S 1789152870.762 gemv_cont 243.9
S 1789152870.768 gemv_cont 243.8
S 1789152870.773 gemv_cont 244.0
S 1789152870.779 gemv_cont 243.6
S 1789152870.784 gemv_cont 244.1
S 1789152870.790 gemv_cont 244.3
S 1789152870.796 gemv_cont 243.4
S 1789152870.801 gemv_cont 243.9
S 1789152870.807 gemv_cont 244.0
S 1789152870.812 gemv_cont 243.9
S 1789152870.818 gemv_cont 243.8
S 1789152870.823 gemv_cont 244.1
S 1789152870.829 gemv_cont 243.8
S 1789152870.834 gemv_cont 244.2
S 1789152870.840 gemv_cont 243.9
S 1789152870.845 gemv_cont 243.9
S 1789152870.851 gemv_cont 244.2
S 1789152870.856 gemv_cont 243.3
S 1789152870.862 gemv_cont 244.3
S 1789152870.867 gemv_cont 244.2
S 1789152870.873 gemv_cont 244.0
S 1789152870.878 gemv_cont 243.8
S 1789152870.884 gemv_cont 244.1
S 1789152870.889 gemv_cont 244.3
S 1789152870.895 gemv_cont 243.9
S 1789152870.900 gemv_cont 243.8
S 1789152870.906 gemv_cont 244.0
S 1789152870.911 gemv_cont 244.3
S 1789152870.917 gemv_cont 244.1
S 1789152870.922 gemv_cont 243.8
S 1789152870.928 gemv_cont 243.8
S 1789152870.933 gemv_cont 244.4
S 1789152870.939 gemv_cont 243.5
S 1789152870.944 gemv_cont 243.9
S 1789152870.950 gemv_cont 243.9
S 1789152870.955 gemv_cont 243.7
S 1789152870.961 gemv_cont 243.9
S 1789152870.966 gemv_cont 244.2
S 1789152870.972 gemv_cont 244.3
S 1789152870.978 gemv_cont 233.0
S 1789152870.984 gemv_cont 224.7
S 1789152870.989 gemv_cont 244.2
S 1789152870.995 gemv_cont 244.4
S 1789152871.000 gemv_cont 244.3
S 1789152871.006 gemv_cont 243.6
S 1789152871.011 gemv_cont 244.0
S 1789152871.017 gemv_cont 244.0
S 1789152871.022 gemv_cont 244.4
S 1789152871.028 gemv_cont 241.1
S 1789152871.034 gemv_cont 237.8
S 1789152871.039 gemv_cont 239.7
S 1789152871.045 gemv_cont 242.4
S 1789152871.050 gemv_cont 243.7
S 1789152871.056 gemv_cont 244.3
S 1789152871.061 gemv_cont 244.5
S 1789152871.067 gemv_cont 243.8
S 1789152871.072 gemv_cont 244.2
S 1789152871.078 gemv_cont 244.4
S 1789152871.083 gemv_cont 244.2
S 1789152871.089 gemv_cont 244.1
S 1789152871.094 gemv_cont 244.5
S 1789152871.100 gemv_cont 244.2
S 1789152871.105 gemv_cont 244.4
S 1789152871.111 gemv_cont 243.9
S 1789152871.116 gemv_cont 244.2
S 1789152871.122 gemv_cont 243.6
S 1789152871.127 gemv_cont 243.5
S 1789152871.133 gemv_cont 244.1
S 1789152871.138 gemv_cont 244.3
S 1789152871.144 gemv_cont 243.9
S 1789152871.149 gemv_cont 243.8
S 1789152871.155 gemv_cont 244.4
S 1789152871.160 gemv_cont 244.1
S 1789152871.166 gemv_cont 243.8
S 1789152871.171 gemv_cont 244.0
S 1789152871.177 gemv_cont 243.7
S 1789152871.182 gemv_cont 244.4
S 1789152871.188 gemv_cont 243.6
S 1789152871.193 gemv_cont 243.8
S 1789152871.199 gemv_cont 244.4
S 1789152871.205 gemv_cont 243.7
S 1789152871.210 gemv_cont 244.1
S 1789152871.216 gemv_cont 244.2
S 1789152871.221 gemv_cont 244.1
S 1789152871.227 gemv_cont 243.4
S 1789152871.232 gemv_cont 244.1
S 1789152871.238 gemv_cont 244.1
S 1789152871.243 gemv_cont 244.5
S 1789152871.249 gemv_cont 243.7
S 1789152871.254 gemv_cont 244.3
S 1789152871.260 gemv_cont 244.4
S 1789152871.265 gemv_cont 243.8
S 1789152871.271 gemv_cont 243.9
S 1789152871.276 gemv_cont 244.1
S 1789152871.282 gemv_cont 244.1
S 1789152871.287 gemv_cont 243.6
S 1789152871.293 gemv_cont 243.9
S 1789152871.298 gemv_cont 240.9
S 1789152871.304 gemv_cont 244.0
S 1789152871.309 gemv_cont 243.8
S 1789152871.315 gemv_cont 244.4
S 1789152871.320 gemv_cont 243.8
S 1789152871.326 gemv_cont 243.5
S 1789152871.331 gemv_cont 244.5
S 1789152871.337 gemv_cont 244.1
S 1789152871.342 gemv_cont 244.4
S 1789152871.348 gemv_cont 243.9
S 1789152871.353 gemv_cont 244.1
S 1789152871.359 gemv_cont 244.4
S 1789152871.364 gemv_cont 244.1
S 1789152871.370 gemv_cont 243.8
S 1789152871.375 gemv_cont 244.4
S 1789152871.381 gemv_cont 244.3
S 1789152871.386 gemv_cont 243.7
S 1789152871.392 gemv_cont 244.4
S 1789152871.397 gemv_cont 243.8
S 1789152871.403 gemv_cont 244.4
S 1789152871.409 gemv_cont 243.8
S 1789152871.414 gemv_cont 244.1
S 1789152871.420 gemv_cont 244.1
S 1789152871.425 gemv_cont 243.9
S 1789152871.431 gemv_cont 244.1
S 1789152871.436 gemv_cont 244.2
S 1789152871.442 gemv_cont 244.4
S 1789152871.447 gemv_cont 243.5
S 1789152871.453 gemv_cont 244.2
S 1789152871.458 gemv_cont 243.9
S 1789152871.464 gemv_cont 244.0
S 1789152871.469 gemv_cont 243.8
S 1789152871.475 gemv_cont 244.2
S 1789152871.481 gemv_cont 216.0
S 1789152871.486 gemv_cont 241.2
S 1789152871.492 gemv_cont 244.2
S 1789152871.497 gemv_cont 244.4
S 1789152871.503 gemv_cont 244.5
S 1789152871.508 gemv_cont 243.5
S 1789152871.514 gemv_cont 244.0
S 1789152871.520 gemv_cont 244.5
S 1789152871.525 gemv_cont 243.9
S 1789152871.531 gemv_cont 244.3
S 1789152871.536 gemv_cont 244.2
S 1789152871.542 gemv_cont 244.1
S 1789152871.547 gemv_cont 243.8
S 1789152871.553 gemv_cont 244.2
S 1789152871.558 gemv_cont 244.2
S 1789152871.564 gemv_cont 244.0
S 1789152871.569 gemv_cont 243.8
S 1789152871.575 gemv_cont 244.1
S 1789152871.580 gemv_cont 244.5
S 1789152871.586 gemv_cont 244.0
S 1789152871.591 gemv_cont 244.1
S 1789152871.597 gemv_cont 244.4
S 1789152871.602 gemv_cont 244.5
S 1789152871.608 gemv_cont 243.1
S 1789152871.613 gemv_cont 244.4
S 1789152871.619 gemv_cont 244.4
S 1789152871.624 gemv_cont 243.9
S 1789152871.630 gemv_cont 243.9
S 1789152871.635 gemv_cont 244.4
S 1789152871.641 gemv_cont 244.0
S 1789152871.646 gemv_cont 243.9
S 1789152871.652 gemv_cont 244.4
S 1789152871.657 gemv_cont 244.1
S 1789152871.663 gemv_cont 244.2
S 1789152871.668 gemv_cont 243.6
S 1789152871.674 gemv_cont 244.1
S 1789152871.679 gemv_cont 244.2
S 1789152871.685 gemv_cont 243.6
S 1789152871.690 gemv_cont 244.1
S 1789152871.696 gemv_cont 244.7
S 1789152871.701 gemv_cont 243.9
S 1789152871.707 gemv_cont 243.8
S 1789152871.712 gemv_cont 244.4
S 1789152871.718 gemv_cont 243.5
S 1789152871.723 gemv_cont 244.6
S 1789152871.729 gemv_cont 243.6
S 1789152871.734 gemv_cont 244.0
S 1789152871.740 gemv_cont 243.8
S 1789152871.745 gemv_cont 243.9
S 1789152871.751 gemv_cont 243.9
S 1789152871.756 gemv_cont 244.3
S 1789152871.762 gemv_cont 244.3
S 1789152871.768 gemv_cont 243.4
S 1789152871.773 gemv_cont 244.4
S 1789152871.779 gemv_cont 244.2
S 1789152871.784 gemv_cont 243.9
S 1789152871.790 gemv_cont 243.9
S 1789152871.795 gemv_cont 243.9
S 1789152871.801 gemv_cont 243.9
S 1789152871.806 gemv_cont 243.7
S 1789152871.812 gemv_cont 244.3
S 1789152871.817 gemv_cont 244.1
S 1789152871.823 gemv_cont 244.2
S 1789152871.828 gemv_cont 243.9
S 1789152871.834 gemv_cont 244.2
S 1789152871.839 gemv_cont 244.7
S 1789152871.845 gemv_cont 244.0
S 1789152871.850 gemv_cont 244.1
S 1789152871.856 gemv_cont 244.8
S 1789152871.861 gemv_cont 243.6
S 1789152871.867 gemv_cont 243.6
BLOCK r0 gemv_cont GB/s   n=1810 min= 216.0 p10= 243.5 p50= 244.1 max= 245.0
S 1789152871.875 mm_duty 84.5
S 1789152871.914 mm_duty 78.3
S 1789152871.953 mm_duty 78.9
S 1789152871.993 mm_duty 79.2
S 1789152872.032 mm_duty 82.4
S 1789152872.070 mm_duty 83.8
S 1789152872.109 mm_duty 83.9
S 1789152872.148 mm_duty 83.8
S 1789152872.187 mm_duty 83.8
S 1789152872.225 mm_duty 83.8
S 1789152872.264 mm_duty 83.0
S 1789152872.303 mm_duty 83.1
S 1789152872.342 mm_duty 82.0
S 1789152872.381 mm_duty 80.0
S 1789152872.420 mm_duty 83.5
S 1789152872.460 mm_duty 76.1
S 1789152872.500 mm_duty 75.9
S 1789152872.539 mm_duty 83.1
S 1789152872.577 mm_duty 83.8
S 1789152872.617 mm_duty 75.9
S 1789152872.657 mm_duty 75.5
S 1789152872.697 mm_duty 75.9
S 1789152872.737 mm_duty 75.9
S 1789152872.777 mm_duty 75.9
S 1789152872.816 mm_duty 75.8
S 1789152872.856 mm_duty 75.6
S 1789152872.896 mm_duty 76.1
S 1789152872.935 mm_duty 83.7
S 1789152872.974 mm_duty 83.1
S 1789152873.013 mm_duty 78.6
S 1789152873.052 mm_duty 83.1
S 1789152873.090 mm_duty 83.8
S 1789152873.129 mm_duty 84.7
S 1789152873.168 mm_duty 83.8
S 1789152873.207 mm_duty 83.8
S 1789152873.246 mm_duty 83.9
S 1789152873.284 mm_duty 83.8
S 1789152873.323 mm_duty 82.2
S 1789152873.362 mm_duty 81.4
S 1789152873.401 mm_duty 80.0
S 1789152873.441 mm_duty 76.7
S 1789152873.481 mm_duty 70.0
S 1789152873.521 mm_duty 83.2
S 1789152873.560 mm_duty 76.1
S 1789152873.600 mm_duty 76.2
S 1789152873.639 mm_duty 83.1
S 1789152873.679 mm_duty 75.4
S 1789152873.718 mm_duty 76.0
S 1789152873.758 mm_duty 75.3
S 1789152873.798 mm_duty 75.6
S 1789152873.838 mm_duty 75.2
S 1789152873.877 mm_duty 75.8
S 1789152873.917 mm_duty 75.7
S 1789152873.956 mm_duty 75.8
S 1789152873.996 mm_duty 75.4
S 1789152874.035 mm_duty 83.7
S 1789152874.074 mm_duty 83.9
S 1789152874.112 mm_duty 83.2
S 1789152874.151 mm_duty 83.8
S 1789152874.190 mm_duty 83.2
S 1789152874.229 mm_duty 83.2
S 1789152874.268 mm_duty 83.6
S 1789152874.307 mm_duty 83.6
S 1789152874.346 mm_duty 83.6
S 1789152874.384 mm_duty 83.6
S 1789152874.423 mm_duty 81.6
S 1789152874.462 mm_duty 82.3
S 1789152874.502 mm_duty 79.9
S 1789152874.541 mm_duty 80.3
S 1789152874.580 mm_duty 83.6
S 1789152874.619 mm_duty 76.1
S 1789152874.660 mm_duty 76.0
S 1789152874.699 mm_duty 82.5
S 1789152874.738 mm_duty 75.9
S 1789152874.778 mm_duty 75.5
S 1789152874.818 mm_duty 75.9
S 1789152874.858 mm_duty 75.7
S 1789152874.898 mm_duty 75.9
S 1789152874.938 mm_duty 75.4
S 1789152874.979 mm_duty 70.3
S 1789152875.019 mm_duty 75.7
S 1789152875.058 mm_duty 76.0
S 1789152875.098 mm_duty 76.5
S 1789152875.137 mm_duty 83.6
S 1789152875.175 mm_duty 83.5
S 1789152875.215 mm_duty 75.6
S 1789152875.254 mm_duty 77.2
S 1789152875.294 mm_duty 76.2
S 1789152875.334 mm_duty 76.2
S 1789152875.374 mm_duty 77.8
S 1789152875.414 mm_duty 79.1
S 1789152875.452 mm_duty 80.5
S 1789152875.492 mm_duty 83.0
S 1789152875.531 mm_duty 83.7
S 1789152875.570 mm_duty 83.7
S 1789152875.609 mm_duty 83.7
S 1789152875.648 mm_duty 83.7
S 1789152875.687 mm_duty 83.6
S 1789152875.725 mm_duty 83.7
S 1789152875.765 mm_duty 83.2
S 1789152875.804 mm_duty 82.6
S 1789152875.843 mm_duty 81.9
S 1789152875.881 mm_duty 83.8
S 1789152875.921 mm_duty 76.6
S 1789152875.961 mm_duty 77.1
S 1789152876.001 mm_duty 76.9
S 1789152876.040 mm_duty 75.8
S 1789152876.080 mm_duty 76.2
S 1789152876.119 mm_duty 76.3
S 1789152876.159 mm_duty 75.6
S 1789152876.199 mm_duty 76.0
S 1789152876.239 mm_duty 76.0
S 1789152876.278 mm_duty 82.8
S 1789152876.317 mm_duty 75.9
S 1789152876.357 mm_duty 75.8
S 1789152876.396 mm_duty 75.8
S 1789152876.436 mm_duty 75.9
S 1789152876.476 mm_duty 76.0
S 1789152876.515 mm_duty 76.2
S 1789152876.555 mm_duty 75.6
S 1789152876.595 mm_duty 75.9
S 1789152876.635 mm_duty 76.1
S 1789152876.675 mm_duty 74.8
S 1789152876.714 mm_duty 83.8
S 1789152876.753 mm_duty 83.7
S 1789152876.792 mm_duty 82.5
S 1789152876.832 mm_duty 82.0
S 1789152876.871 mm_duty 83.4
S 1789152876.910 mm_duty 83.7
S 1789152876.949 mm_duty 83.7
S 1789152876.988 mm_duty 83.5
S 1789152877.027 mm_duty 82.9
S 1789152877.065 mm_duty 84.2
S 1789152877.104 mm_duty 84.1
S 1789152877.143 mm_duty 81.9
S 1789152877.182 mm_duty 79.9
S 1789152877.222 mm_duty 79.8
S 1789152877.261 mm_duty 80.0
S 1789152877.301 mm_duty 76.3
S 1789152877.341 mm_duty 76.9
S 1789152877.381 mm_duty 76.6
S 1789152877.420 mm_duty 76.0
S 1789152877.459 mm_duty 82.8
S 1789152877.499 mm_duty 75.7
S 1789152877.539 mm_duty 76.1
S 1789152877.578 mm_duty 75.8
S 1789152877.618 mm_duty 74.8
S 1789152877.658 mm_duty 74.4
S 1789152877.698 mm_duty 75.5
S 1789152877.738 mm_duty 75.5
S 1789152877.777 mm_duty 76.0
S 1789152877.816 mm_duty 82.2
S 1789152877.856 mm_duty 82.7
S 1789152877.896 mm_duty 76.2
S 1789152877.936 mm_duty 75.8
S 1789152877.976 mm_duty 75.3
S 1789152878.016 mm_duty 75.6
S 1789152878.055 mm_duty 76.0
S 1789152878.094 mm_duty 77.6
S 1789152878.134 mm_duty 78.8
S 1789152878.174 mm_duty 78.1
S 1789152878.213 mm_duty 80.8
S 1789152878.253 mm_duty 77.9
S 1789152878.292 mm_duty 83.0
S 1789152878.331 mm_duty 83.7
S 1789152878.370 mm_duty 83.7
S 1789152878.409 mm_duty 83.7
S 1789152878.448 mm_duty 83.7
S 1789152878.487 mm_duty 83.6
S 1789152878.526 mm_duty 83.7
S 1789152878.565 mm_duty 82.6
S 1789152878.604 mm_duty 83.7
S 1789152878.643 mm_duty 83.7
S 1789152878.683 mm_duty 82.1
S 1789152878.722 mm_duty 80.1
S 1789152878.761 mm_duty 79.9
S 1789152878.801 mm_duty 78.6
S 1789152878.841 mm_duty 77.5
S 1789152878.881 mm_duty 76.3
S 1789152878.920 mm_duty 75.9
S 1789152878.959 mm_duty 75.8
S 1789152878.999 mm_duty 82.6
S 1789152879.038 mm_duty 83.6
S 1789152879.077 mm_duty 76.2
S 1789152879.117 mm_duty 76.3
S 1789152879.157 mm_duty 75.3
S 1789152879.196 mm_duty 75.9
S 1789152879.236 mm_duty 75.0
S 1789152879.275 mm_duty 75.8
S 1789152879.315 mm_duty 76.1
S 1789152879.356 mm_duty 76.0
S 1789152879.396 mm_duty 76.0
S 1789152879.434 mm_duty 83.7
S 1789152879.473 mm_duty 82.6
S 1789152879.512 mm_duty 80.8
S 1789152879.552 mm_duty 82.5
S 1789152879.591 mm_duty 82.7
S 1789152879.630 mm_duty 83.7
S 1789152879.669 mm_duty 82.6
S 1789152879.708 mm_duty 82.9
S 1789152879.747 mm_duty 82.5
S 1789152879.786 mm_duty 83.7
S 1789152879.825 mm_duty 83.7
S 1789152879.864 mm_duty 83.6
S 1789152879.903 mm_duty 82.1
S 1789152879.942 mm_duty 80.0
S 1789152879.983 mm_duty 73.4
S 1789152880.022 mm_duty 80.4
S 1789152880.061 mm_duty 80.5
S 1789152880.100 mm_duty 77.1
S 1789152880.139 mm_duty 83.6
S 1789152880.178 mm_duty 75.9
S 1789152880.218 mm_duty 75.7
S 1789152880.258 mm_duty 75.5
S 1789152880.297 mm_duty 76.0
S 1789152880.337 mm_duty 75.9
S 1789152880.377 mm_duty 75.5
S 1789152880.417 mm_duty 75.7
S 1789152880.456 mm_duty 75.7
S 1789152880.495 mm_duty 83.7
S 1789152880.534 mm_duty 83.7
S 1789152880.573 mm_duty 79.0
S 1789152880.613 mm_duty 80.7
S 1789152880.652 mm_duty 82.9
S 1789152880.691 mm_duty 83.7
S 1789152880.729 mm_duty 83.8
S 1789152880.768 mm_duty 83.7
S 1789152880.808 mm_duty 83.7
S 1789152880.846 mm_duty 83.7
S 1789152880.885 mm_duty 83.8
S 1789152880.925 mm_duty 83.8
S 1789152880.963 mm_duty 83.1
S 1789152881.002 mm_duty 80.2
S 1789152881.041 mm_duty 80.0
S 1789152881.081 mm_duty 76.7
S 1789152881.120 mm_duty 76.0
S 1789152881.161 mm_duty 76.1
S 1789152881.199 mm_duty 83.6
S 1789152881.238 mm_duty 83.4
S 1789152881.278 mm_duty 75.8
S 1789152881.318 mm_duty 75.7
S 1789152881.358 mm_duty 75.4
S 1789152881.398 mm_duty 75.5
S 1789152881.438 mm_duty 76.0
S 1789152881.479 mm_duty 70.3
S 1789152881.519 mm_duty 74.7
S 1789152881.559 mm_duty 75.0
S 1789152881.600 mm_duty 75.7
S 1789152881.640 mm_duty 75.6
S 1789152881.679 mm_duty 82.8
S 1789152881.718 mm_duty 83.7
S 1789152881.758 mm_duty 75.8
S 1789152881.798 mm_duty 75.5
S 1789152881.837 mm_duty 75.8
BLOCK r0 mm_duty   TFLOPS n= 254 min=  70.0 p10=  75.5 p50=  79.9 max=  84.7
S 1789152881.873 copy_cont 237.9
S 1789152881.878 copy_cont 232.0
S 1789152881.882 copy_cont 234.3
S 1789152881.887 copy_cont 240.9
S 1789152881.891 copy_cont 231.9
S 1789152881.896 copy_cont 241.8
S 1789152881.900 copy_cont 234.4
S 1789152881.905 copy_cont 243.3
S 1789152881.909 copy_cont 243.5
S 1789152881.914 copy_cont 243.1
S 1789152881.918 copy_cont 244.2
S 1789152881.923 copy_cont 244.4
S 1789152881.927 copy_cont 244.6
S 1789152881.931 copy_cont 243.7
S 1789152881.936 copy_cont 244.4
S 1789152881.940 copy_cont 244.4
S 1789152881.945 copy_cont 244.2
S 1789152881.949 copy_cont 244.1
S 1789152881.954 copy_cont 244.6
S 1789152881.958 copy_cont 244.6
S 1789152881.962 copy_cont 243.5
S 1789152881.967 copy_cont 244.2
S 1789152881.971 copy_cont 244.7
S 1789152881.976 copy_cont 244.9
S 1789152881.980 copy_cont 227.3
S 1789152881.985 copy_cont 217.3
S 1789152881.990 copy_cont 238.7
S 1789152881.994 copy_cont 244.0
S 1789152881.999 copy_cont 244.1
S 1789152882.003 copy_cont 244.7
S 1789152882.007 copy_cont 244.3
S 1789152882.012 copy_cont 243.7
S 1789152882.016 copy_cont 244.5
S 1789152882.021 copy_cont 244.8
S 1789152882.025 copy_cont 244.1
S 1789152882.029 copy_cont 244.2
S 1789152882.034 copy_cont 244.6
S 1789152882.038 copy_cont 245.0
S 1789152882.043 copy_cont 244.1
S 1789152882.047 copy_cont 243.0
S 1789152882.051 copy_cont 241.9
S 1789152882.056 copy_cont 240.5
S 1789152882.060 copy_cont 241.5
S 1789152882.065 copy_cont 242.0
S 1789152882.069 copy_cont 243.4
S 1789152882.074 copy_cont 243.2
S 1789152882.078 copy_cont 243.7
S 1789152882.083 copy_cont 244.8
S 1789152882.087 copy_cont 244.3
S 1789152882.091 copy_cont 243.6
S 1789152882.096 copy_cont 244.3
S 1789152882.100 copy_cont 244.8
S 1789152882.105 copy_cont 244.1
S 1789152882.109 copy_cont 243.6
S 1789152882.113 copy_cont 244.6
S 1789152882.118 copy_cont 244.8
S 1789152882.122 copy_cont 244.0
S 1789152882.127 copy_cont 244.3
S 1789152882.131 copy_cont 244.9
S 1789152882.135 copy_cont 244.3
S 1789152882.140 copy_cont 244.4
S 1789152882.144 copy_cont 244.3
S 1789152882.149 copy_cont 244.6
S 1789152882.153 copy_cont 242.9
S 1789152882.157 copy_cont 244.5
S 1789152882.162 copy_cont 244.7
S 1789152882.166 copy_cont 244.6
S 1789152882.171 copy_cont 243.7
S 1789152882.175 copy_cont 244.1
S 1789152882.180 copy_cont 244.8
S 1789152882.184 copy_cont 243.9
S 1789152882.188 copy_cont 243.9
S 1789152882.193 copy_cont 244.3
S 1789152882.197 copy_cont 244.8
S 1789152882.202 copy_cont 243.7
S 1789152882.206 copy_cont 244.1
S 1789152882.210 copy_cont 244.3
S 1789152882.215 copy_cont 244.6
S 1789152882.219 copy_cont 243.9
S 1789152882.224 copy_cont 244.2
S 1789152882.228 copy_cont 244.4
S 1789152882.232 copy_cont 243.6
S 1789152882.237 copy_cont 244.3
S 1789152882.241 copy_cont 244.9
S 1789152882.246 copy_cont 244.4
S 1789152882.250 copy_cont 243.7
S 1789152882.254 copy_cont 244.5
S 1789152882.259 copy_cont 244.7
S 1789152882.263 copy_cont 244.4
S 1789152882.268 copy_cont 244.0
S 1789152882.272 copy_cont 244.1
S 1789152882.277 copy_cont 244.5
S 1789152882.281 copy_cont 243.5
S 1789152882.285 copy_cont 244.1
S 1789152882.290 copy_cont 244.6
S 1789152882.294 copy_cont 244.6
S 1789152882.299 copy_cont 237.4
S 1789152882.303 copy_cont 244.3
S 1789152882.308 copy_cont 244.4
S 1789152882.312 copy_cont 244.0
S 1789152882.316 copy_cont 244.2
S 1789152882.321 copy_cont 244.5
S 1789152882.325 copy_cont 244.6
S 1789152882.330 copy_cont 243.6
S 1789152882.334 copy_cont 244.4
S 1789152882.338 copy_cont 244.4
S 1789152882.343 copy_cont 244.1
S 1789152882.347 copy_cont 243.6
S 1789152882.352 copy_cont 244.6
S 1789152882.356 copy_cont 244.8
S 1789152882.360 copy_cont 243.5
S 1789152882.365 copy_cont 244.4
S 1789152882.369 copy_cont 244.8
S 1789152882.374 copy_cont 244.6
S 1789152882.378 copy_cont 243.6
S 1789152882.382 copy_cont 244.0
S 1789152882.387 copy_cont 244.6
S 1789152882.391 copy_cont 244.1
S 1789152882.396 copy_cont 244.5
S 1789152882.400 copy_cont 244.3
S 1789152882.404 copy_cont 244.5
S 1789152882.409 copy_cont 243.6
S 1789152882.413 copy_cont 244.2
S 1789152882.418 copy_cont 245.0
S 1789152882.422 copy_cont 243.8
S 1789152882.427 copy_cont 243.9
S 1789152882.431 copy_cont 244.5
S 1789152882.435 copy_cont 244.7
S 1789152882.440 copy_cont 243.7
S 1789152882.444 copy_cont 244.1
S 1789152882.449 copy_cont 244.5
S 1789152882.453 copy_cont 244.7
S 1789152882.457 copy_cont 243.6
S 1789152882.462 copy_cont 244.0
S 1789152882.466 copy_cont 244.5
S 1789152882.471 copy_cont 244.0
S 1789152882.475 copy_cont 244.2
S 1789152882.480 copy_cont 240.0
S 1789152882.484 copy_cont 228.5
S 1789152882.489 copy_cont 214.3
S 1789152882.494 copy_cont 240.4
S 1789152882.498 copy_cont 244.7
S 1789152882.503 copy_cont 244.2
S 1789152882.507 copy_cont 243.5
S 1789152882.511 copy_cont 243.9
S 1789152882.516 copy_cont 244.6
S 1789152882.520 copy_cont 243.8
S 1789152882.525 copy_cont 244.3
S 1789152882.529 copy_cont 244.8
S 1789152882.533 copy_cont 244.0
S 1789152882.538 copy_cont 243.8
S 1789152882.542 copy_cont 244.4
S 1789152882.547 copy_cont 244.5
S 1789152882.551 copy_cont 243.4
S 1789152882.555 copy_cont 244.5
S 1789152882.560 copy_cont 244.6
S 1789152882.564 copy_cont 244.4
S 1789152882.569 copy_cont 243.6
S 1789152882.573 copy_cont 244.0
S 1789152882.578 copy_cont 244.6
S 1789152882.582 copy_cont 244.2
S 1789152882.586 copy_cont 243.9
S 1789152882.591 copy_cont 244.6
S 1789152882.595 copy_cont 244.4
S 1789152882.600 copy_cont 243.7
S 1789152882.604 copy_cont 244.1
S 1789152882.608 copy_cont 244.1
S 1789152882.613 copy_cont 244.3
S 1789152882.617 copy_cont 243.8
S 1789152882.622 copy_cont 244.4
S 1789152882.626 copy_cont 244.3
S 1789152882.630 copy_cont 244.1
S 1789152882.635 copy_cont 244.0
S 1789152882.639 copy_cont 244.5
S 1789152882.644 copy_cont 244.6
S 1789152882.648 copy_cont 243.7
S 1789152882.653 copy_cont 243.8
S 1789152882.657 copy_cont 244.8
S 1789152882.661 copy_cont 244.3
S 1789152882.666 copy_cont 243.7
S 1789152882.670 copy_cont 244.3
S 1789152882.675 copy_cont 244.4
S 1789152882.679 copy_cont 243.6
S 1789152882.683 copy_cont 244.1
S 1789152882.688 copy_cont 244.2
S 1789152882.692 copy_cont 244.4
S 1789152882.697 copy_cont 243.7
S 1789152882.701 copy_cont 244.4
S 1789152882.705 copy_cont 244.2
S 1789152882.710 copy_cont 244.0
S 1789152882.714 copy_cont 243.9
S 1789152882.719 copy_cont 244.4
S 1789152882.723 copy_cont 244.4
S 1789152882.727 copy_cont 243.5
S 1789152882.732 copy_cont 243.9
S 1789152882.736 copy_cont 244.8
S 1789152882.741 copy_cont 244.3
S 1789152882.745 copy_cont 243.9
S 1789152882.750 copy_cont 244.1
S 1789152882.754 copy_cont 244.1
S 1789152882.758 copy_cont 243.6
S 1789152882.763 copy_cont 244.2
S 1789152882.767 copy_cont 244.4
S 1789152882.772 copy_cont 244.1
S 1789152882.776 copy_cont 243.8
S 1789152882.780 copy_cont 244.5
S 1789152882.785 copy_cont 244.6
S 1789152882.789 copy_cont 244.1
S 1789152882.794 copy_cont 244.1
S 1789152882.798 copy_cont 244.3
S 1789152882.802 copy_cont 244.5
S 1789152882.807 copy_cont 243.2
S 1789152882.811 copy_cont 243.9
S 1789152882.816 copy_cont 244.6
S 1789152882.820 copy_cont 244.5
S 1789152882.824 copy_cont 243.8
S 1789152882.829 copy_cont 244.3
S 1789152882.833 copy_cont 244.3
S 1789152882.838 copy_cont 244.2
S 1789152882.842 copy_cont 244.1
S 1789152882.847 copy_cont 244.4
S 1789152882.851 copy_cont 244.2
S 1789152882.855 copy_cont 243.6
S 1789152882.860 copy_cont 243.9
S 1789152882.864 copy_cont 244.7
S 1789152882.869 copy_cont 243.8
S 1789152882.873 copy_cont 243.9
S 1789152882.877 copy_cont 244.4
S 1789152882.882 copy_cont 244.8
S 1789152882.886 copy_cont 243.2
S 1789152882.891 copy_cont 244.1
S 1789152882.895 copy_cont 244.1
S 1789152882.899 copy_cont 244.6
S 1789152882.904 copy_cont 243.7
S 1789152882.908 copy_cont 244.1
S 1789152882.913 copy_cont 244.0
S 1789152882.917 copy_cont 244.0
S 1789152882.922 copy_cont 244.2
S 1789152882.926 copy_cont 244.4
S 1789152882.930 copy_cont 244.7
S 1789152882.935 copy_cont 243.3
S 1789152882.939 copy_cont 244.2
S 1789152882.944 copy_cont 244.7
S 1789152882.948 copy_cont 243.8
S 1789152882.952 copy_cont 243.4
S 1789152882.957 copy_cont 244.3
S 1789152882.961 copy_cont 244.7
S 1789152882.966 copy_cont 243.4
S 1789152882.970 copy_cont 244.4
S 1789152882.974 copy_cont 244.4
S 1789152882.979 copy_cont 240.0
S 1789152882.984 copy_cont 224.9
S 1789152882.989 copy_cont 216.6
S 1789152882.993 copy_cont 242.0
S 1789152882.998 copy_cont 243.8
S 1789152883.002 copy_cont 244.3
S 1789152883.006 copy_cont 244.5
S 1789152883.011 copy_cont 244.3
S 1789152883.015 copy_cont 243.3
S 1789152883.020 copy_cont 244.3
S 1789152883.024 copy_cont 244.5
S 1789152883.028 copy_cont 243.9
S 1789152883.033 copy_cont 243.7
S 1789152883.037 copy_cont 244.6
S 1789152883.042 copy_cont 244.9
S 1789152883.046 copy_cont 242.9
S 1789152883.051 copy_cont 241.6
S 1789152883.055 copy_cont 240.5
S 1789152883.059 copy_cont 241.8
S 1789152883.064 copy_cont 242.0
S 1789152883.068 copy_cont 243.6
S 1789152883.073 copy_cont 243.2
S 1789152883.077 copy_cont 242.8
S 1789152883.082 copy_cont 244.0
S 1789152883.086 copy_cont 244.6
S 1789152883.090 copy_cont 244.2
S 1789152883.095 copy_cont 244.1
S 1789152883.099 copy_cont 244.5
S 1789152883.104 copy_cont 244.9
S 1789152883.108 copy_cont 243.8
S 1789152883.112 copy_cont 244.0
S 1789152883.117 copy_cont 244.6
S 1789152883.121 copy_cont 244.8
S 1789152883.126 copy_cont 243.7
S 1789152883.130 copy_cont 243.2
S 1789152883.135 copy_cont 244.5
S 1789152883.139 copy_cont 244.0
S 1789152883.143 copy_cont 244.0
S 1789152883.148 copy_cont 244.1
S 1789152883.152 copy_cont 244.1
S 1789152883.157 copy_cont 243.6
S 1789152883.161 copy_cont 244.2
S 1789152883.165 copy_cont 244.6
S 1789152883.170 copy_cont 244.5
S 1789152883.174 copy_cont 243.6
S 1789152883.179 copy_cont 244.1
S 1789152883.183 copy_cont 245.0
S 1789152883.187 copy_cont 243.7
S 1789152883.192 copy_cont 243.8
S 1789152883.196 copy_cont 244.1
S 1789152883.201 copy_cont 244.7
S 1789152883.205 copy_cont 243.7
S 1789152883.209 copy_cont 244.0
S 1789152883.214 copy_cont 244.2
S 1789152883.218 copy_cont 244.6
S 1789152883.223 copy_cont 244.2
S 1789152883.227 copy_cont 244.3
S 1789152883.232 copy_cont 244.3
S 1789152883.236 copy_cont 243.8
S 1789152883.240 copy_cont 244.0
S 1789152883.245 copy_cont 244.6
S 1789152883.249 copy_cont 244.6
S 1789152883.254 copy_cont 243.1
S 1789152883.258 copy_cont 244.4
S 1789152883.262 copy_cont 244.4
S 1789152883.267 copy_cont 243.8
S 1789152883.271 copy_cont 243.8
S 1789152883.276 copy_cont 244.2
S 1789152883.280 copy_cont 244.7
S 1789152883.284 copy_cont 243.6
S 1789152883.289 copy_cont 243.9
S 1789152883.293 copy_cont 244.3
S 1789152883.298 copy_cont 240.7
S 1789152883.302 copy_cont 241.7
S 1789152883.307 copy_cont 244.0
S 1789152883.311 copy_cont 244.6
S 1789152883.315 copy_cont 243.7
S 1789152883.320 copy_cont 244.0
S 1789152883.324 copy_cont 244.5
S 1789152883.329 copy_cont 244.6
S 1789152883.333 copy_cont 243.5
S 1789152883.338 copy_cont 244.3
S 1789152883.342 copy_cont 244.3
S 1789152883.346 copy_cont 243.4
S 1789152883.351 copy_cont 244.1
S 1789152883.355 copy_cont 244.6
S 1789152883.360 copy_cont 244.3
S 1789152883.364 copy_cont 243.3
S 1789152883.368 copy_cont 243.9
S 1789152883.373 copy_cont 244.6
S 1789152883.377 copy_cont 244.6
S 1789152883.382 copy_cont 243.3
S 1789152883.386 copy_cont 244.1
S 1789152883.390 copy_cont 244.8
S 1789152883.395 copy_cont 244.1
S 1789152883.399 copy_cont 243.7
S 1789152883.404 copy_cont 244.6
S 1789152883.408 copy_cont 243.9
S 1789152883.412 copy_cont 243.7
S 1789152883.417 copy_cont 243.9
S 1789152883.421 copy_cont 244.3
S 1789152883.426 copy_cont 244.1
S 1789152883.430 copy_cont 244.0
S 1789152883.435 copy_cont 244.1
S 1789152883.439 copy_cont 244.6
S 1789152883.443 copy_cont 243.4
S 1789152883.448 copy_cont 244.0
S 1789152883.452 copy_cont 244.6
S 1789152883.457 copy_cont 244.9
S 1789152883.461 copy_cont 243.5
S 1789152883.465 copy_cont 244.2
S 1789152883.470 copy_cont 244.7
S 1789152883.474 copy_cont 244.0
S 1789152883.479 copy_cont 242.1
S 1789152883.483 copy_cont 227.1
S 1789152883.488 copy_cont 214.3
S 1789152883.493 copy_cont 239.7
S 1789152883.497 copy_cont 244.5
S 1789152883.502 copy_cont 244.9
S 1789152883.506 copy_cont 243.5
S 1789152883.511 copy_cont 243.9
S 1789152883.515 copy_cont 244.4
S 1789152883.519 copy_cont 244.3
S 1789152883.524 copy_cont 243.7
S 1789152883.528 copy_cont 243.8
S 1789152883.533 copy_cont 244.2
S 1789152883.537 copy_cont 244.2
S 1789152883.541 copy_cont 244.1
S 1789152883.546 copy_cont 243.9
S 1789152883.550 copy_cont 244.7
S 1789152883.555 copy_cont 243.5
S 1789152883.559 copy_cont 244.1
S 1789152883.564 copy_cont 244.3
S 1789152883.568 copy_cont 244.5
S 1789152883.572 copy_cont 243.4
S 1789152883.577 copy_cont 244.4
S 1789152883.581 copy_cont 245.0
S 1789152883.586 copy_cont 244.0
S 1789152883.590 copy_cont 244.3
S 1789152883.594 copy_cont 244.1
S 1789152883.599 copy_cont 244.6
S 1789152883.603 copy_cont 243.8
S 1789152883.608 copy_cont 244.0
S 1789152883.612 copy_cont 244.3
S 1789152883.616 copy_cont 244.2
S 1789152883.621 copy_cont 243.8
S 1789152883.625 copy_cont 244.1
S 1789152883.630 copy_cont 244.6
S 1789152883.634 copy_cont 243.6
S 1789152883.638 copy_cont 244.3
S 1789152883.643 copy_cont 244.5
S 1789152883.647 copy_cont 244.5
S 1789152883.652 copy_cont 243.0
S 1789152883.656 copy_cont 242.7
S 1789152883.661 copy_cont 243.2
S 1789152883.665 copy_cont 242.4
S 1789152883.669 copy_cont 244.2
S 1789152883.674 copy_cont 244.1
S 1789152883.678 copy_cont 244.6
S 1789152883.683 copy_cont 243.6
S 1789152883.687 copy_cont 243.6
S 1789152883.691 copy_cont 244.2
S 1789152883.696 copy_cont 244.1
S 1789152883.700 copy_cont 243.8
S 1789152883.705 copy_cont 244.4
S 1789152883.709 copy_cont 244.6
S 1789152883.714 copy_cont 243.8
S 1789152883.718 copy_cont 244.2
S 1789152883.722 copy_cont 244.9
S 1789152883.727 copy_cont 244.4
S 1789152883.731 copy_cont 243.0
S 1789152883.736 copy_cont 244.2
S 1789152883.740 copy_cont 244.7
S 1789152883.744 copy_cont 243.8
S 1789152883.749 copy_cont 244.0
S 1789152883.753 copy_cont 243.9
S 1789152883.758 copy_cont 243.2
S 1789152883.762 copy_cont 243.2
S 1789152883.766 copy_cont 243.4
S 1789152883.771 copy_cont 244.2
S 1789152883.775 copy_cont 242.2
S 1789152883.780 copy_cont 242.1
S 1789152883.784 copy_cont 241.0
S 1789152883.789 copy_cont 243.4
S 1789152883.793 copy_cont 243.2
S 1789152883.798 copy_cont 242.2
S 1789152883.802 copy_cont 242.6
S 1789152883.806 copy_cont 242.6
S 1789152883.811 copy_cont 242.1
S 1789152883.815 copy_cont 242.8
S 1789152883.820 copy_cont 243.0
S 1789152883.824 copy_cont 243.1
S 1789152883.829 copy_cont 243.3
S 1789152883.833 copy_cont 243.5
S 1789152883.837 copy_cont 243.7
S 1789152883.842 copy_cont 243.0
S 1789152883.846 copy_cont 243.1
S 1789152883.851 copy_cont 243.3
S 1789152883.855 copy_cont 243.9
S 1789152883.860 copy_cont 243.2
S 1789152883.864 copy_cont 242.8
S 1789152883.868 copy_cont 243.1
S 1789152883.873 copy_cont 242.0
S 1789152883.877 copy_cont 242.6
S 1789152883.882 copy_cont 243.4
S 1789152883.886 copy_cont 243.7
S 1789152883.891 copy_cont 241.9
S 1789152883.895 copy_cont 242.7
S 1789152883.899 copy_cont 242.9
S 1789152883.904 copy_cont 242.9
S 1789152883.908 copy_cont 242.8
S 1789152883.913 copy_cont 243.6
S 1789152883.917 copy_cont 242.8
S 1789152883.922 copy_cont 242.4
S 1789152883.926 copy_cont 242.8
S 1789152883.931 copy_cont 242.5
S 1789152883.935 copy_cont 243.4
S 1789152883.939 copy_cont 243.2
S 1789152883.944 copy_cont 243.0
S 1789152883.948 copy_cont 243.1
S 1789152883.953 copy_cont 242.5
S 1789152883.957 copy_cont 243.5
S 1789152883.962 copy_cont 243.7
S 1789152883.966 copy_cont 243.7
S 1789152883.970 copy_cont 243.1
S 1789152883.975 copy_cont 243.5
S 1789152883.979 copy_cont 241.6
S 1789152883.984 copy_cont 226.8
S 1789152883.989 copy_cont 218.9
S 1789152883.993 copy_cont 241.0
S 1789152883.998 copy_cont 241.6
S 1789152884.002 copy_cont 243.0
S 1789152884.007 copy_cont 243.7
S 1789152884.011 copy_cont 244.2
S 1789152884.016 copy_cont 243.2
S 1789152884.020 copy_cont 243.3
S 1789152884.024 copy_cont 244.3
S 1789152884.029 copy_cont 244.6
S 1789152884.033 copy_cont 242.3
S 1789152884.038 copy_cont 244.0
S 1789152884.042 copy_cont 243.6
S 1789152884.046 copy_cont 241.8
S 1789152884.051 copy_cont 240.4
S 1789152884.055 copy_cont 240.3
S 1789152884.060 copy_cont 239.6
S 1789152884.064 copy_cont 240.1
S 1789152884.069 copy_cont 241.6
S 1789152884.073 copy_cont 242.9
S 1789152884.078 copy_cont 243.2
S 1789152884.082 copy_cont 243.1
S 1789152884.087 copy_cont 242.6
S 1789152884.091 copy_cont 243.0
S 1789152884.095 copy_cont 242.9
S 1789152884.100 copy_cont 242.8
S 1789152884.104 copy_cont 242.8
S 1789152884.109 copy_cont 243.5
S 1789152884.113 copy_cont 242.5
S 1789152884.118 copy_cont 242.7
S 1789152884.122 copy_cont 243.1
S 1789152884.126 copy_cont 242.9
S 1789152884.131 copy_cont 242.4
S 1789152884.135 copy_cont 243.7
S 1789152884.140 copy_cont 243.7
S 1789152884.144 copy_cont 243.0
S 1789152884.149 copy_cont 242.2
S 1789152884.153 copy_cont 242.2
S 1789152884.158 copy_cont 242.3
S 1789152884.162 copy_cont 242.3
S 1789152884.166 copy_cont 243.3
S 1789152884.171 copy_cont 243.2
S 1789152884.175 copy_cont 242.8
S 1789152884.180 copy_cont 242.7
S 1789152884.184 copy_cont 243.3
S 1789152884.189 copy_cont 243.4
S 1789152884.193 copy_cont 241.8
S 1789152884.197 copy_cont 240.6
S 1789152884.202 copy_cont 240.6
S 1789152884.206 copy_cont 241.0
S 1789152884.211 copy_cont 242.1
S 1789152884.215 copy_cont 243.0
S 1789152884.220 copy_cont 242.8
S 1789152884.224 copy_cont 242.5
S 1789152884.229 copy_cont 242.3
S 1789152884.233 copy_cont 242.7
S 1789152884.237 copy_cont 242.9
S 1789152884.242 copy_cont 242.0
S 1789152884.246 copy_cont 242.3
S 1789152884.251 copy_cont 242.3
S 1789152884.255 copy_cont 242.9
S 1789152884.260 copy_cont 242.6
S 1789152884.264 copy_cont 243.8
S 1789152884.269 copy_cont 242.9
S 1789152884.273 copy_cont 242.1
S 1789152884.277 copy_cont 242.7
S 1789152884.282 copy_cont 243.3
S 1789152884.286 copy_cont 242.8
S 1789152884.291 copy_cont 242.5
S 1789152884.295 copy_cont 243.2
S 1789152884.300 copy_cont 236.7
S 1789152884.304 copy_cont 242.5
S 1789152884.309 copy_cont 242.7
S 1789152884.313 copy_cont 243.5
S 1789152884.317 copy_cont 243.0
S 1789152884.322 copy_cont 242.8
S 1789152884.326 copy_cont 242.7
S 1789152884.331 copy_cont 243.1
S 1789152884.335 copy_cont 242.8
S 1789152884.340 copy_cont 243.1
S 1789152884.344 copy_cont 243.5
S 1789152884.348 copy_cont 243.3
S 1789152884.353 copy_cont 242.2
S 1789152884.357 copy_cont 242.8
S 1789152884.362 copy_cont 243.3
S 1789152884.366 copy_cont 242.6
S 1789152884.371 copy_cont 242.9
S 1789152884.375 copy_cont 243.2
S 1789152884.379 copy_cont 243.0
S 1789152884.384 copy_cont 242.4
S 1789152884.388 copy_cont 243.0
S 1789152884.393 copy_cont 243.1
S 1789152884.397 copy_cont 242.8
S 1789152884.402 copy_cont 242.3
S 1789152884.406 copy_cont 242.4
S 1789152884.411 copy_cont 242.5
S 1789152884.415 copy_cont 242.9
S 1789152884.419 copy_cont 242.8
S 1789152884.424 copy_cont 243.0
S 1789152884.428 copy_cont 243.2
S 1789152884.433 copy_cont 243.0
S 1789152884.437 copy_cont 243.2
S 1789152884.442 copy_cont 243.6
S 1789152884.446 copy_cont 242.0
S 1789152884.450 copy_cont 242.4
S 1789152884.455 copy_cont 244.7
S 1789152884.459 copy_cont 244.2
S 1789152884.464 copy_cont 243.4
S 1789152884.468 copy_cont 244.0
S 1789152884.472 copy_cont 244.5
S 1789152884.477 copy_cont 244.0
S 1789152884.481 copy_cont 239.1
S 1789152884.487 copy_cont 208.4
S 1789152884.491 copy_cont 237.8
S 1789152884.496 copy_cont 242.6
S 1789152884.500 copy_cont 242.2
S 1789152884.504 copy_cont 243.2
S 1789152884.509 copy_cont 242.6
S 1789152884.513 copy_cont 241.5
S 1789152884.518 copy_cont 242.2
S 1789152884.522 copy_cont 242.8
S 1789152884.527 copy_cont 242.3
S 1789152884.531 copy_cont 242.3
S 1789152884.536 copy_cont 242.0
S 1789152884.540 copy_cont 242.8
S 1789152884.544 copy_cont 241.9
S 1789152884.549 copy_cont 242.7
S 1789152884.553 copy_cont 242.7
S 1789152884.558 copy_cont 242.8
S 1789152884.562 copy_cont 243.2
S 1789152884.567 copy_cont 243.3
S 1789152884.571 copy_cont 243.7
S 1789152884.576 copy_cont 229.4
S 1789152884.580 copy_cont 242.7
S 1789152884.585 copy_cont 241.5
S 1789152884.589 copy_cont 237.2
S 1789152884.594 copy_cont 242.8
S 1789152884.598 copy_cont 242.3
S 1789152884.602 copy_cont 242.8
S 1789152884.607 copy_cont 242.9
S 1789152884.611 copy_cont 242.6
S 1789152884.616 copy_cont 242.7
S 1789152884.620 copy_cont 243.0
S 1789152884.625 copy_cont 242.5
S 1789152884.629 copy_cont 242.9
S 1789152884.633 copy_cont 242.5
S 1789152884.638 copy_cont 241.9
S 1789152884.642 copy_cont 242.7
S 1789152884.647 copy_cont 241.9
S 1789152884.651 copy_cont 243.0
S 1789152884.656 copy_cont 240.1
S 1789152884.660 copy_cont 242.6
S 1789152884.665 copy_cont 244.2
S 1789152884.669 copy_cont 244.0
S 1789152884.673 copy_cont 243.4
S 1789152884.678 copy_cont 243.8
S 1789152884.682 copy_cont 244.0
S 1789152884.687 copy_cont 241.8
S 1789152884.691 copy_cont 242.4
S 1789152884.696 copy_cont 243.8
S 1789152884.700 copy_cont 242.9
S 1789152884.704 copy_cont 242.8
S 1789152884.709 copy_cont 242.7
S 1789152884.713 copy_cont 243.3
S 1789152884.718 copy_cont 241.1
S 1789152884.722 copy_cont 236.3
S 1789152884.727 copy_cont 239.2
S 1789152884.731 copy_cont 242.8
S 1789152884.736 copy_cont 241.8
S 1789152884.740 copy_cont 242.3
S 1789152884.745 copy_cont 241.9
S 1789152884.749 copy_cont 242.3
S 1789152884.753 copy_cont 241.9
S 1789152884.758 copy_cont 242.4
S 1789152884.762 copy_cont 242.5
S 1789152884.767 copy_cont 239.3
S 1789152884.771 copy_cont 241.7
S 1789152884.776 copy_cont 241.9
S 1789152884.780 copy_cont 237.4
S 1789152884.785 copy_cont 241.5
S 1789152884.789 copy_cont 241.1
S 1789152884.794 copy_cont 240.6
S 1789152884.798 copy_cont 242.4
S 1789152884.803 copy_cont 242.7
S 1789152884.807 copy_cont 242.1
S 1789152884.811 copy_cont 242.5
S 1789152884.816 copy_cont 242.3
S 1789152884.820 copy_cont 242.9
S 1789152884.825 copy_cont 243.4
S 1789152884.829 copy_cont 242.7
S 1789152884.834 copy_cont 242.7
S 1789152884.838 copy_cont 241.4
S 1789152884.843 copy_cont 241.7
S 1789152884.847 copy_cont 242.0
S 1789152884.851 copy_cont 242.5
S 1789152884.856 copy_cont 242.8
S 1789152884.860 copy_cont 240.5
S 1789152884.865 copy_cont 241.2
S 1789152884.869 copy_cont 243.3
S 1789152884.874 copy_cont 242.6
S 1789152884.878 copy_cont 243.0
S 1789152884.883 copy_cont 243.0
S 1789152884.887 copy_cont 243.8
S 1789152884.891 copy_cont 243.7
S 1789152884.896 copy_cont 244.2
S 1789152884.900 copy_cont 244.2
S 1789152884.905 copy_cont 244.4
S 1789152884.909 copy_cont 243.7
S 1789152884.913 copy_cont 243.8
S 1789152884.918 copy_cont 244.4
S 1789152884.922 copy_cont 244.4
S 1789152884.927 copy_cont 243.6
S 1789152884.931 copy_cont 244.1
S 1789152884.935 copy_cont 244.1
S 1789152884.940 copy_cont 243.8
S 1789152884.944 copy_cont 244.3
S 1789152884.949 copy_cont 244.6
S 1789152884.953 copy_cont 244.5
S 1789152884.958 copy_cont 243.7
S 1789152884.962 copy_cont 244.3
S 1789152884.966 copy_cont 244.5
S 1789152884.971 copy_cont 244.4
S 1789152884.975 copy_cont 243.7
S 1789152884.980 copy_cont 242.9
S 1789152884.984 copy_cont 230.9
S 1789152884.989 copy_cont 215.2
S 1789152884.994 copy_cont 239.9
S 1789152884.998 copy_cont 244.4
S 1789152885.003 copy_cont 244.1
S 1789152885.007 copy_cont 243.3
S 1789152885.011 copy_cont 243.8
S 1789152885.016 copy_cont 244.6
S 1789152885.020 copy_cont 243.7
S 1789152885.025 copy_cont 244.0
S 1789152885.029 copy_cont 244.6
S 1789152885.033 copy_cont 244.2
S 1789152885.038 copy_cont 243.8
S 1789152885.042 copy_cont 244.0
S 1789152885.047 copy_cont 244.1
S 1789152885.051 copy_cont 241.9
S 1789152885.056 copy_cont 240.2
S 1789152885.060 copy_cont 240.5
S 1789152885.065 copy_cont 242.1
S 1789152885.069 copy_cont 241.4
S 1789152885.073 copy_cont 243.2
S 1789152885.078 copy_cont 243.7
S 1789152885.082 copy_cont 244.2
S 1789152885.087 copy_cont 243.6
S 1789152885.091 copy_cont 244.2
S 1789152885.096 copy_cont 244.4
S 1789152885.100 copy_cont 243.8
S 1789152885.104 copy_cont 244.0
S 1789152885.109 copy_cont 244.5
S 1789152885.113 copy_cont 244.1
S 1789152885.118 copy_cont 243.8
S 1789152885.122 copy_cont 243.8
S 1789152885.126 copy_cont 244.0
S 1789152885.131 copy_cont 243.6
S 1789152885.135 copy_cont 243.7
S 1789152885.140 copy_cont 243.6
S 1789152885.144 copy_cont 244.1
S 1789152885.148 copy_cont 243.2
S 1789152885.153 copy_cont 243.8
S 1789152885.157 copy_cont 244.3
S 1789152885.162 copy_cont 243.9
S 1789152885.166 copy_cont 243.9
S 1789152885.171 copy_cont 244.1
S 1789152885.175 copy_cont 244.4
S 1789152885.179 copy_cont 243.3
S 1789152885.184 copy_cont 244.2
S 1789152885.188 copy_cont 244.7
S 1789152885.193 copy_cont 244.2
S 1789152885.197 copy_cont 243.4
S 1789152885.201 copy_cont 244.0
S 1789152885.206 copy_cont 244.0
S 1789152885.210 copy_cont 244.0
S 1789152885.215 copy_cont 243.6
S 1789152885.219 copy_cont 244.2
S 1789152885.224 copy_cont 244.4
S 1789152885.228 copy_cont 243.6
S 1789152885.232 copy_cont 243.8
S 1789152885.237 copy_cont 244.4
S 1789152885.241 copy_cont 244.2
S 1789152885.246 copy_cont 243.6
S 1789152885.250 copy_cont 244.5
S 1789152885.254 copy_cont 244.1
S 1789152885.259 copy_cont 243.7
S 1789152885.263 copy_cont 244.2
S 1789152885.268 copy_cont 244.3
S 1789152885.272 copy_cont 244.2
S 1789152885.276 copy_cont 243.9
S 1789152885.281 copy_cont 244.6
S 1789152885.285 copy_cont 244.4
S 1789152885.290 copy_cont 243.8
S 1789152885.294 copy_cont 243.8
S 1789152885.299 copy_cont 239.1
S 1789152885.303 copy_cont 244.5
S 1789152885.307 copy_cont 243.4
S 1789152885.312 copy_cont 244.1
S 1789152885.316 copy_cont 244.1
S 1789152885.321 copy_cont 243.5
S 1789152885.325 copy_cont 243.9
S 1789152885.329 copy_cont 244.4
S 1789152885.334 copy_cont 244.6
S 1789152885.338 copy_cont 243.6
S 1789152885.343 copy_cont 243.5
S 1789152885.347 copy_cont 244.3
S 1789152885.352 copy_cont 244.4
S 1789152885.356 copy_cont 243.5
S 1789152885.360 copy_cont 243.8
S 1789152885.365 copy_cont 244.2
S 1789152885.369 copy_cont 243.7
S 1789152885.374 copy_cont 243.9
S 1789152885.378 copy_cont 244.6
S 1789152885.382 copy_cont 244.0
S 1789152885.387 copy_cont 243.6
S 1789152885.391 copy_cont 244.2
S 1789152885.396 copy_cont 244.7
S 1789152885.400 copy_cont 244.2
S 1789152885.405 copy_cont 243.6
S 1789152885.409 copy_cont 244.1
S 1789152885.413 copy_cont 244.6
S 1789152885.418 copy_cont 243.6
S 1789152885.422 copy_cont 244.0
S 1789152885.427 copy_cont 244.4
S 1789152885.431 copy_cont 244.6
S 1789152885.435 copy_cont 243.7
S 1789152885.440 copy_cont 243.6
S 1789152885.444 copy_cont 244.4
S 1789152885.449 copy_cont 243.9
S 1789152885.453 copy_cont 243.8
S 1789152885.457 copy_cont 244.2
S 1789152885.462 copy_cont 244.0
S 1789152885.466 copy_cont 243.4
S 1789152885.471 copy_cont 244.1
S 1789152885.475 copy_cont 244.5
S 1789152885.480 copy_cont 243.8
S 1789152885.484 copy_cont 226.0
S 1789152885.489 copy_cont 211.9
S 1789152885.494 copy_cont 240.4
S 1789152885.498 copy_cont 243.7
S 1789152885.503 copy_cont 244.0
S 1789152885.507 copy_cont 243.8
S 1789152885.511 copy_cont 244.3
S 1789152885.516 copy_cont 243.3
S 1789152885.520 copy_cont 244.2
S 1789152885.525 copy_cont 243.9
S 1789152885.529 copy_cont 244.0
S 1789152885.534 copy_cont 243.4
S 1789152885.538 copy_cont 244.6
S 1789152885.542 copy_cont 244.3
S 1789152885.547 copy_cont 243.4
S 1789152885.551 copy_cont 244.6
S 1789152885.556 copy_cont 244.4
S 1789152885.560 copy_cont 244.2
S 1789152885.564 copy_cont 243.9
S 1789152885.569 copy_cont 244.2
S 1789152885.573 copy_cont 244.4
S 1789152885.578 copy_cont 243.7
S 1789152885.582 copy_cont 244.4
S 1789152885.587 copy_cont 242.4
S 1789152885.591 copy_cont 243.4
S 1789152885.595 copy_cont 243.8
S 1789152885.600 copy_cont 244.2
S 1789152885.604 copy_cont 244.3
S 1789152885.609 copy_cont 243.7
S 1789152885.613 copy_cont 243.6
S 1789152885.617 copy_cont 244.5
S 1789152885.622 copy_cont 244.5
S 1789152885.626 copy_cont 243.5
S 1789152885.631 copy_cont 244.4
S 1789152885.635 copy_cont 244.2
S 1789152885.639 copy_cont 244.2
S 1789152885.644 copy_cont 243.9
S 1789152885.648 copy_cont 243.9
S 1789152885.653 copy_cont 244.4
S 1789152885.657 copy_cont 243.8
S 1789152885.662 copy_cont 244.3
S 1789152885.666 copy_cont 244.6
S 1789152885.670 copy_cont 244.5
S 1789152885.675 copy_cont 242.8
S 1789152885.679 copy_cont 244.1
S 1789152885.684 copy_cont 244.3
S 1789152885.688 copy_cont 244.0
S 1789152885.692 copy_cont 243.6
S 1789152885.697 copy_cont 244.6
S 1789152885.701 copy_cont 244.2
S 1789152885.706 copy_cont 243.7
S 1789152885.710 copy_cont 244.3
S 1789152885.714 copy_cont 244.4
S 1789152885.719 copy_cont 244.1
S 1789152885.723 copy_cont 243.7
S 1789152885.728 copy_cont 244.3
S 1789152885.732 copy_cont 244.6
S 1789152885.737 copy_cont 243.9
S 1789152885.741 copy_cont 244.1
S 1789152885.745 copy_cont 244.2
S 1789152885.750 copy_cont 244.8
S 1789152885.754 copy_cont 243.3
S 1789152885.759 copy_cont 244.0
S 1789152885.763 copy_cont 244.8
S 1789152885.767 copy_cont 244.1
S 1789152885.772 copy_cont 243.6
S 1789152885.776 copy_cont 244.6
S 1789152885.781 copy_cont 244.6
S 1789152885.785 copy_cont 243.6
S 1789152885.789 copy_cont 244.1
S 1789152885.794 copy_cont 244.3
S 1789152885.798 copy_cont 244.6
S 1789152885.803 copy_cont 243.9
S 1789152885.807 copy_cont 243.7
S 1789152885.811 copy_cont 244.6
S 1789152885.816 copy_cont 243.4
S 1789152885.820 copy_cont 244.1
S 1789152885.825 copy_cont 244.4
S 1789152885.829 copy_cont 244.7
S 1789152885.834 copy_cont 243.3
S 1789152885.838 copy_cont 244.3
S 1789152885.842 copy_cont 244.7
S 1789152885.847 copy_cont 244.0
S 1789152885.851 copy_cont 244.2
S 1789152885.856 copy_cont 244.3
S 1789152885.860 copy_cont 244.3
S 1789152885.864 copy_cont 243.3
S 1789152885.869 copy_cont 244.1
S 1789152885.873 copy_cont 244.2
S 1789152885.878 copy_cont 244.3
S 1789152885.882 copy_cont 243.9
S 1789152885.886 copy_cont 244.2
S 1789152885.891 copy_cont 244.3
S 1789152885.895 copy_cont 243.5
S 1789152885.900 copy_cont 243.9
S 1789152885.904 copy_cont 244.4
S 1789152885.909 copy_cont 244.2
S 1789152885.913 copy_cont 243.1
S 1789152885.917 copy_cont 244.1
S 1789152885.922 copy_cont 244.3
S 1789152885.926 copy_cont 243.8
S 1789152885.931 copy_cont 243.7
S 1789152885.935 copy_cont 243.6
S 1789152885.939 copy_cont 244.6
S 1789152885.944 copy_cont 243.7
S 1789152885.948 copy_cont 244.0
S 1789152885.953 copy_cont 244.3
S 1789152885.957 copy_cont 244.6
S 1789152885.961 copy_cont 243.6
S 1789152885.966 copy_cont 243.9
S 1789152885.970 copy_cont 245.0
S 1789152885.975 copy_cont 243.5
S 1789152885.979 copy_cont 244.0
S 1789152885.984 copy_cont 223.8
S 1789152885.989 copy_cont 215.1
S 1789152885.993 copy_cont 239.1
S 1789152885.998 copy_cont 244.3
S 1789152886.002 copy_cont 244.5
S 1789152886.007 copy_cont 243.7
S 1789152886.011 copy_cont 244.1
S 1789152886.015 copy_cont 244.0
S 1789152886.020 copy_cont 244.6
S 1789152886.024 copy_cont 243.8
S 1789152886.029 copy_cont 244.0
S 1789152886.033 copy_cont 244.4
S 1789152886.038 copy_cont 244.1
S 1789152886.042 copy_cont 244.1
S 1789152886.046 copy_cont 244.1
S 1789152886.051 copy_cont 243.4
S 1789152886.055 copy_cont 239.8
S 1789152886.060 copy_cont 240.7
S 1789152886.064 copy_cont 242.0
S 1789152886.069 copy_cont 241.8
S 1789152886.073 copy_cont 242.7
S 1789152886.077 copy_cont 243.7
S 1789152886.082 copy_cont 244.9
S 1789152886.086 copy_cont 243.6
S 1789152886.091 copy_cont 244.2
S 1789152886.095 copy_cont 244.3
S 1789152886.100 copy_cont 244.8
S 1789152886.104 copy_cont 244.2
S 1789152886.108 copy_cont 244.0
S 1789152886.113 copy_cont 244.2
S 1789152886.117 copy_cont 244.0
S 1789152886.122 copy_cont 243.9
S 1789152886.126 copy_cont 244.2
S 1789152886.130 copy_cont 244.6
S 1789152886.135 copy_cont 242.8
S 1789152886.139 copy_cont 244.1
S 1789152886.144 copy_cont 244.7
S 1789152886.148 copy_cont 244.2
S 1789152886.152 copy_cont 242.8
S 1789152886.157 copy_cont 244.4
S 1789152886.161 copy_cont 244.8
S 1789152886.166 copy_cont 243.8
S 1789152886.170 copy_cont 244.2
S 1789152886.175 copy_cont 244.2
S 1789152886.179 copy_cont 244.7
S 1789152886.183 copy_cont 243.9
S 1789152886.188 copy_cont 244.4
S 1789152886.192 copy_cont 244.2
S 1789152886.197 copy_cont 244.1
S 1789152886.201 copy_cont 243.8
S 1789152886.205 copy_cont 244.1
S 1789152886.210 copy_cont 244.8
S 1789152886.214 copy_cont 243.1
S 1789152886.219 copy_cont 244.2
S 1789152886.223 copy_cont 244.4
S 1789152886.227 copy_cont 244.5
S 1789152886.232 copy_cont 243.5
S 1789152886.236 copy_cont 244.3
S 1789152886.241 copy_cont 244.9
S 1789152886.245 copy_cont 244.1
S 1789152886.249 copy_cont 243.7
S 1789152886.254 copy_cont 244.0
S 1789152886.258 copy_cont 244.8
S 1789152886.263 copy_cont 243.8
S 1789152886.267 copy_cont 243.9
S 1789152886.272 copy_cont 244.5
S 1789152886.276 copy_cont 243.9
S 1789152886.280 copy_cont 243.9
S 1789152886.285 copy_cont 244.2
S 1789152886.289 copy_cont 244.8
S 1789152886.294 copy_cont 243.6
S 1789152886.298 copy_cont 242.0
S 1789152886.303 copy_cont 240.1
S 1789152886.307 copy_cont 244.7
S 1789152886.311 copy_cont 243.9
S 1789152886.316 copy_cont 244.4
S 1789152886.320 copy_cont 243.8
S 1789152886.325 copy_cont 244.0
S 1789152886.329 copy_cont 243.9
S 1789152886.333 copy_cont 244.6
S 1789152886.338 copy_cont 244.7
S 1789152886.342 copy_cont 243.4
S 1789152886.347 copy_cont 243.8
S 1789152886.351 copy_cont 244.6
S 1789152886.355 copy_cont 244.6
S 1789152886.360 copy_cont 243.1
S 1789152886.364 copy_cont 244.1
S 1789152886.369 copy_cont 244.5
S 1789152886.373 copy_cont 243.9
S 1789152886.377 copy_cont 244.2
S 1789152886.382 copy_cont 244.2
S 1789152886.386 copy_cont 244.2
S 1789152886.391 copy_cont 243.8
S 1789152886.395 copy_cont 244.3
S 1789152886.400 copy_cont 244.6
S 1789152886.404 copy_cont 243.8
S 1789152886.408 copy_cont 244.0
S 1789152886.413 copy_cont 244.5
S 1789152886.417 copy_cont 244.5
S 1789152886.422 copy_cont 243.5
S 1789152886.426 copy_cont 244.0
S 1789152886.430 copy_cont 244.8
S 1789152886.435 copy_cont 244.5
S 1789152886.439 copy_cont 243.6
S 1789152886.444 copy_cont 243.7
S 1789152886.448 copy_cont 244.2
S 1789152886.452 copy_cont 244.0
S 1789152886.457 copy_cont 243.9
S 1789152886.461 copy_cont 244.0
S 1789152886.466 copy_cont 244.2
S 1789152886.470 copy_cont 243.8
S 1789152886.475 copy_cont 244.5
S 1789152886.479 copy_cont 244.5
S 1789152886.484 copy_cont 228.7
S 1789152886.489 copy_cont 212.3
S 1789152886.493 copy_cont 239.4
S 1789152886.498 copy_cont 244.5
S 1789152886.502 copy_cont 243.6
S 1789152886.506 copy_cont 243.9
S 1789152886.511 copy_cont 244.5
S 1789152886.515 copy_cont 243.6
S 1789152886.520 copy_cont 243.8
S 1789152886.524 copy_cont 244.2
S 1789152886.528 copy_cont 244.4
S 1789152886.533 copy_cont 243.6
S 1789152886.537 copy_cont 244.4
S 1789152886.542 copy_cont 244.4
S 1789152886.546 copy_cont 244.5
S 1789152886.551 copy_cont 243.5
S 1789152886.555 copy_cont 244.2
S 1789152886.559 copy_cont 244.7
S 1789152886.564 copy_cont 243.9
S 1789152886.568 copy_cont 243.7
S 1789152886.573 copy_cont 244.5
S 1789152886.577 copy_cont 244.2
S 1789152886.581 copy_cont 243.8
S 1789152886.586 copy_cont 244.2
S 1789152886.590 copy_cont 244.8
S 1789152886.595 copy_cont 243.9
S 1789152886.599 copy_cont 243.8
S 1789152886.603 copy_cont 244.3
S 1789152886.608 copy_cont 244.2
S 1789152886.612 copy_cont 243.8
S 1789152886.617 copy_cont 243.9
S 1789152886.621 copy_cont 244.5
S 1789152886.626 copy_cont 244.3
S 1789152886.630 copy_cont 243.4
S 1789152886.634 copy_cont 244.1
S 1789152886.639 copy_cont 244.2
S 1789152886.643 copy_cont 244.1
S 1789152886.648 copy_cont 243.5
S 1789152886.652 copy_cont 244.6
S 1789152886.656 copy_cont 244.2
S 1789152886.661 copy_cont 243.5
S 1789152886.665 copy_cont 244.0
S 1789152886.670 copy_cont 244.7
S 1789152886.674 copy_cont 244.3
S 1789152886.678 copy_cont 243.8
S 1789152886.683 copy_cont 244.3
S 1789152886.687 copy_cont 244.6
S 1789152886.692 copy_cont 243.7
S 1789152886.696 copy_cont 243.7
S 1789152886.701 copy_cont 244.9
S 1789152886.705 copy_cont 244.4
S 1789152886.709 copy_cont 243.2
S 1789152886.714 copy_cont 244.6
S 1789152886.718 copy_cont 244.4
S 1789152886.723 copy_cont 244.1
S 1789152886.727 copy_cont 243.8
S 1789152886.731 copy_cont 244.6
S 1789152886.736 copy_cont 244.2
S 1789152886.740 copy_cont 243.6
S 1789152886.745 copy_cont 244.3
S 1789152886.749 copy_cont 244.5
S 1789152886.753 copy_cont 244.6
S 1789152886.758 copy_cont 243.1
S 1789152886.762 copy_cont 244.3
S 1789152886.767 copy_cont 244.5
S 1789152886.771 copy_cont 244.0
S 1789152886.775 copy_cont 243.8
S 1789152886.780 copy_cont 244.7
S 1789152886.784 copy_cont 244.5
S 1789152886.789 copy_cont 243.5
S 1789152886.793 copy_cont 244.8
S 1789152886.798 copy_cont 244.1
S 1789152886.802 copy_cont 244.3
S 1789152886.806 copy_cont 243.4
S 1789152886.811 copy_cont 244.4
S 1789152886.815 copy_cont 244.0
S 1789152886.820 copy_cont 243.7
S 1789152886.824 copy_cont 244.4
S 1789152886.828 copy_cont 244.2
S 1789152886.833 copy_cont 244.7
S 1789152886.837 copy_cont 243.1
S 1789152886.842 copy_cont 244.1
S 1789152886.846 copy_cont 244.5
S 1789152886.850 copy_cont 244.0
S 1789152886.855 copy_cont 243.6
S 1789152886.859 copy_cont 244.6
S 1789152886.864 copy_cont 244.8
S 1789152886.868 copy_cont 243.0
S 1789152886.873 copy_cont 244.3
S 1789152886.877 copy_cont 244.1
S 1789152886.881 copy_cont 244.2
S 1789152886.886 copy_cont 243.4
S 1789152886.890 copy_cont 244.2
S 1789152886.895 copy_cont 244.1
S 1789152886.899 copy_cont 243.6
S 1789152886.903 copy_cont 244.1
S 1789152886.908 copy_cont 244.4
S 1789152886.912 copy_cont 244.7
S 1789152886.917 copy_cont 243.1
S 1789152886.921 copy_cont 244.3
S 1789152886.925 copy_cont 244.4
S 1789152886.930 copy_cont 244.1
S 1789152886.934 copy_cont 243.8
S 1789152886.939 copy_cont 244.5
S 1789152886.943 copy_cont 244.7
S 1789152886.948 copy_cont 243.0
S 1789152886.952 copy_cont 244.4
S 1789152886.956 copy_cont 244.4
S 1789152886.961 copy_cont 244.4
S 1789152886.965 copy_cont 243.9
S 1789152886.970 copy_cont 244.4
S 1789152886.974 copy_cont 244.5
S 1789152886.978 copy_cont 243.5
S 1789152886.983 copy_cont 239.5
S 1789152886.988 copy_cont 205.5
S 1789152886.993 copy_cont 238.7
S 1789152886.997 copy_cont 243.7
S 1789152887.001 copy_cont 244.1
S 1789152887.006 copy_cont 244.1
S 1789152887.010 copy_cont 244.1
S 1789152887.015 copy_cont 243.3
S 1789152887.019 copy_cont 244.6
S 1789152887.024 copy_cont 244.8
S 1789152887.028 copy_cont 243.5
S 1789152887.032 copy_cont 244.3
S 1789152887.037 copy_cont 244.1
S 1789152887.041 copy_cont 244.1
S 1789152887.046 copy_cont 243.8
S 1789152887.050 copy_cont 244.1
S 1789152887.054 copy_cont 241.6
S 1789152887.059 copy_cont 239.6
S 1789152887.063 copy_cont 242.0
S 1789152887.068 copy_cont 242.2
S 1789152887.072 copy_cont 243.5
S 1789152887.077 copy_cont 243.3
S 1789152887.081 copy_cont 244.3
S 1789152887.085 copy_cont 244.3
S 1789152887.090 copy_cont 244.2
S 1789152887.094 copy_cont 243.7
S 1789152887.099 copy_cont 244.9
S 1789152887.103 copy_cont 244.5
S 1789152887.108 copy_cont 243.4
S 1789152887.112 copy_cont 244.1
S 1789152887.116 copy_cont 243.9
S 1789152887.121 copy_cont 244.3
S 1789152887.125 copy_cont 243.5
S 1789152887.130 copy_cont 243.9
S 1789152887.134 copy_cont 244.0
S 1789152887.138 copy_cont 243.5
S 1789152887.143 copy_cont 244.3
S 1789152887.147 copy_cont 244.3
S 1789152887.152 copy_cont 244.4
S 1789152887.156 copy_cont 243.7
S 1789152887.160 copy_cont 244.1
S 1789152887.165 copy_cont 244.3
S 1789152887.169 copy_cont 243.7
S 1789152887.174 copy_cont 243.8
S 1789152887.178 copy_cont 244.4
S 1789152887.183 copy_cont 244.2
S 1789152887.187 copy_cont 243.4
S 1789152887.191 copy_cont 244.2
S 1789152887.196 copy_cont 244.3
S 1789152887.200 copy_cont 244.2
S 1789152887.205 copy_cont 243.7
S 1789152887.209 copy_cont 243.7
S 1789152887.213 copy_cont 244.1
S 1789152887.218 copy_cont 243.4
S 1789152887.222 copy_cont 244.3
S 1789152887.227 copy_cont 244.4
S 1789152887.231 copy_cont 244.5
S 1789152887.236 copy_cont 243.0
S 1789152887.240 copy_cont 244.0
S 1789152887.244 copy_cont 244.3
S 1789152887.249 copy_cont 243.8
S 1789152887.253 copy_cont 243.9
S 1789152887.258 copy_cont 244.2
S 1789152887.262 copy_cont 244.5
S 1789152887.266 copy_cont 243.2
S 1789152887.271 copy_cont 244.4
S 1789152887.275 copy_cont 244.4
S 1789152887.280 copy_cont 244.4
S 1789152887.284 copy_cont 243.7
S 1789152887.288 copy_cont 244.1
S 1789152887.293 copy_cont 244.3
S 1789152887.297 copy_cont 243.0
S 1789152887.302 copy_cont 237.3
S 1789152887.306 copy_cont 244.3
S 1789152887.311 copy_cont 244.7
S 1789152887.315 copy_cont 243.7
S 1789152887.319 copy_cont 244.2
S 1789152887.324 copy_cont 244.3
S 1789152887.328 copy_cont 243.6
S 1789152887.333 copy_cont 243.9
S 1789152887.337 copy_cont 244.3
S 1789152887.342 copy_cont 244.4
S 1789152887.346 copy_cont 243.4
S 1789152887.350 copy_cont 244.2
S 1789152887.355 copy_cont 244.6
S 1789152887.359 copy_cont 244.2
S 1789152887.364 copy_cont 243.6
S 1789152887.368 copy_cont 244.1
S 1789152887.372 copy_cont 244.6
S 1789152887.377 copy_cont 243.5
S 1789152887.381 copy_cont 243.7
S 1789152887.386 copy_cont 244.4
S 1789152887.390 copy_cont 244.8
S 1789152887.394 copy_cont 243.4
S 1789152887.399 copy_cont 244.4
S 1789152887.403 copy_cont 244.5
S 1789152887.408 copy_cont 243.5
S 1789152887.412 copy_cont 244.1
S 1789152887.417 copy_cont 244.3
S 1789152887.421 copy_cont 244.4
S 1789152887.425 copy_cont 243.2
S 1789152887.430 copy_cont 244.2
S 1789152887.434 copy_cont 244.6
S 1789152887.439 copy_cont 244.4
S 1789152887.443 copy_cont 243.4
S 1789152887.447 copy_cont 244.1
S 1789152887.452 copy_cont 244.7
S 1789152887.456 copy_cont 244.1
S 1789152887.461 copy_cont 244.3
S 1789152887.465 copy_cont 244.1
S 1789152887.470 copy_cont 244.6
S 1789152887.474 copy_cont 243.7
S 1789152887.478 copy_cont 244.1
S 1789152887.483 copy_cont 240.9
S 1789152887.488 copy_cont 226.8
S 1789152887.492 copy_cont 222.6
S 1789152887.497 copy_cont 242.8
S 1789152887.501 copy_cont 244.6
S 1789152887.506 copy_cont 243.2
S 1789152887.510 copy_cont 244.1
S 1789152887.515 copy_cont 244.3
S 1789152887.519 copy_cont 243.8
S 1789152887.523 copy_cont 244.0
S 1789152887.528 copy_cont 243.9
S 1789152887.532 copy_cont 244.6
S 1789152887.537 copy_cont 243.6
S 1789152887.541 copy_cont 244.1
S 1789152887.545 copy_cont 244.2
S 1789152887.550 copy_cont 244.7
S 1789152887.554 copy_cont 243.7
S 1789152887.559 copy_cont 244.1
S 1789152887.563 copy_cont 245.1
S 1789152887.567 copy_cont 243.5
S 1789152887.572 copy_cont 244.1
S 1789152887.576 copy_cont 244.0
S 1789152887.581 copy_cont 244.5
S 1789152887.585 copy_cont 243.2
S 1789152887.590 copy_cont 244.3
S 1789152887.594 copy_cont 244.5
S 1789152887.598 copy_cont 244.0
S 1789152887.603 copy_cont 243.8
S 1789152887.607 copy_cont 243.8
S 1789152887.612 copy_cont 244.7
S 1789152887.616 copy_cont 243.1
S 1789152887.620 copy_cont 244.2
S 1789152887.625 copy_cont 244.4
S 1789152887.629 copy_cont 244.3
S 1789152887.634 copy_cont 243.4
S 1789152887.638 copy_cont 244.4
S 1789152887.642 copy_cont 244.2
S 1789152887.647 copy_cont 243.9
S 1789152887.651 copy_cont 244.2
S 1789152887.656 copy_cont 243.9
S 1789152887.660 copy_cont 244.6
S 1789152887.665 copy_cont 243.6
S 1789152887.669 copy_cont 244.1
S 1789152887.673 copy_cont 244.1
S 1789152887.678 copy_cont 244.5
S 1789152887.682 copy_cont 243.9
S 1789152887.687 copy_cont 244.2
S 1789152887.691 copy_cont 244.8
S 1789152887.695 copy_cont 243.6
S 1789152887.700 copy_cont 244.0
S 1789152887.704 copy_cont 244.5
S 1789152887.709 copy_cont 244.3
S 1789152887.713 copy_cont 243.7
S 1789152887.717 copy_cont 243.7
S 1789152887.722 copy_cont 244.5
S 1789152887.726 copy_cont 243.5
S 1789152887.731 copy_cont 243.8
S 1789152887.735 copy_cont 244.2
S 1789152887.740 copy_cont 244.7
S 1789152887.744 copy_cont 243.7
S 1789152887.748 copy_cont 243.9
S 1789152887.753 copy_cont 244.7
S 1789152887.757 copy_cont 243.8
S 1789152887.762 copy_cont 243.8
S 1789152887.766 copy_cont 244.3
S 1789152887.770 copy_cont 244.5
S 1789152887.775 copy_cont 243.7
S 1789152887.779 copy_cont 244.1
S 1789152887.784 copy_cont 244.9
S 1789152887.788 copy_cont 244.5
S 1789152887.792 copy_cont 243.7
S 1789152887.797 copy_cont 244.2
S 1789152887.801 copy_cont 244.7
S 1789152887.806 copy_cont 243.8
S 1789152887.810 copy_cont 244.0
S 1789152887.814 copy_cont 244.1
S 1789152887.819 copy_cont 244.9
S 1789152887.823 copy_cont 244.0
S 1789152887.828 copy_cont 243.9
S 1789152887.832 copy_cont 244.3
S 1789152887.837 copy_cont 244.2
S 1789152887.841 copy_cont 243.8
S 1789152887.845 copy_cont 243.8
S 1789152887.850 copy_cont 244.7
S 1789152887.854 copy_cont 243.9
S 1789152887.859 copy_cont 243.8
S 1789152887.863 copy_cont 244.4
S 1789152887.867 copy_cont 244.2
S 1789152887.872 copy_cont 243.7
S 1789152887.876 copy_cont 243.8
S 1789152887.881 copy_cont 244.6
S 1789152887.885 copy_cont 243.9
S 1789152887.889 copy_cont 244.2
S 1789152887.894 copy_cont 243.9
S 1789152887.898 copy_cont 244.7
S 1789152887.903 copy_cont 244.0
S 1789152887.907 copy_cont 243.8
S 1789152887.912 copy_cont 244.9
S 1789152887.916 copy_cont 244.2
S 1789152887.920 copy_cont 243.7
S 1789152887.925 copy_cont 243.9
S 1789152887.929 copy_cont 244.4
S 1789152887.934 copy_cont 243.5
S 1789152887.938 copy_cont 244.2
S 1789152887.942 copy_cont 244.7
S 1789152887.947 copy_cont 244.3
S 1789152887.951 copy_cont 243.5
S 1789152887.956 copy_cont 244.1
S 1789152887.960 copy_cont 244.5
S 1789152887.964 copy_cont 244.1
S 1789152887.969 copy_cont 243.8
S 1789152887.973 copy_cont 244.0
S 1789152887.978 copy_cont 245.0
S 1789152887.982 copy_cont 241.8
S 1789152887.987 copy_cont 226.5
S 1789152887.992 copy_cont 217.5
S 1789152887.996 copy_cont 239.2
S 1789152888.001 copy_cont 239.2
S 1789152888.005 copy_cont 244.3
S 1789152888.010 copy_cont 244.3
S 1789152888.014 copy_cont 243.8
S 1789152888.018 copy_cont 243.8
S 1789152888.023 copy_cont 244.6
S 1789152888.027 copy_cont 244.4
S 1789152888.032 copy_cont 243.8
S 1789152888.036 copy_cont 244.1
S 1789152888.041 copy_cont 244.5
S 1789152888.045 copy_cont 243.5
S 1789152888.049 copy_cont 244.0
S 1789152888.054 copy_cont 243.0
S 1789152888.058 copy_cont 241.0
S 1789152888.063 copy_cont 240.4
S 1789152888.067 copy_cont 241.7
S 1789152888.072 copy_cont 242.2
S 1789152888.076 copy_cont 243.7
S 1789152888.080 copy_cont 243.3
S 1789152888.085 copy_cont 244.2
S 1789152888.089 copy_cont 244.5
S 1789152888.094 copy_cont 244.0
S 1789152888.098 copy_cont 244.2
S 1789152888.103 copy_cont 244.4
S 1789152888.107 copy_cont 244.3
S 1789152888.111 copy_cont 243.4
S 1789152888.116 copy_cont 244.1
S 1789152888.120 copy_cont 244.3
S 1789152888.125 copy_cont 243.5
S 1789152888.129 copy_cont 243.2
S 1789152888.133 copy_cont 243.9
S 1789152888.138 copy_cont 244.7
S 1789152888.142 copy_cont 243.5
S 1789152888.147 copy_cont 243.7
S 1789152888.151 copy_cont 244.4
S 1789152888.155 copy_cont 244.2
S 1789152888.160 copy_cont 243.5
S 1789152888.164 copy_cont 244.2
S 1789152888.169 copy_cont 244.2
S 1789152888.173 copy_cont 243.6
S 1789152888.178 copy_cont 244.0
S 1789152888.182 copy_cont 244.3
S 1789152888.186 copy_cont 244.5
S 1789152888.191 copy_cont 243.8
S 1789152888.195 copy_cont 244.5
S 1789152888.200 copy_cont 244.1
S 1789152888.204 copy_cont 244.0
S 1789152888.208 copy_cont 243.6
S 1789152888.213 copy_cont 244.4
S 1789152888.217 copy_cont 244.9
S 1789152888.222 copy_cont 243.1
S 1789152888.226 copy_cont 244.2
S 1789152888.230 copy_cont 244.7
S 1789152888.235 copy_cont 244.5
S 1789152888.239 copy_cont 243.4
S 1789152888.244 copy_cont 244.4
S 1789152888.248 copy_cont 244.3
S 1789152888.253 copy_cont 243.9
S 1789152888.257 copy_cont 244.1
S 1789152888.261 copy_cont 244.5
S 1789152888.266 copy_cont 244.6
S 1789152888.270 copy_cont 243.5
S 1789152888.275 copy_cont 244.0
S 1789152888.279 copy_cont 244.3
S 1789152888.283 copy_cont 243.9
S 1789152888.288 copy_cont 243.7
S 1789152888.292 copy_cont 244.5
S 1789152888.297 copy_cont 244.8
S 1789152888.301 copy_cont 236.7
S 1789152888.306 copy_cont 243.8
S 1789152888.310 copy_cont 244.6
S 1789152888.314 copy_cont 244.5
S 1789152888.319 copy_cont 243.9
S 1789152888.323 copy_cont 243.3
S 1789152888.328 copy_cont 244.5
S 1789152888.332 copy_cont 243.8
S 1789152888.336 copy_cont 242.6
S 1789152888.341 copy_cont 244.2
S 1789152888.345 copy_cont 244.3
S 1789152888.350 copy_cont 243.5
S 1789152888.354 copy_cont 244.1
S 1789152888.359 copy_cont 244.6
S 1789152888.363 copy_cont 243.8
S 1789152888.367 copy_cont 243.8
S 1789152888.372 copy_cont 244.5
S 1789152888.376 copy_cont 244.8
S 1789152888.381 copy_cont 243.7
S 1789152888.385 copy_cont 243.9
S 1789152888.389 copy_cont 244.8
S 1789152888.394 copy_cont 244.6
S 1789152888.398 copy_cont 243.4
S 1789152888.403 copy_cont 243.9
S 1789152888.407 copy_cont 243.9
S 1789152888.411 copy_cont 244.4
S 1789152888.416 copy_cont 244.1
S 1789152888.420 copy_cont 244.0
S 1789152888.425 copy_cont 244.0
S 1789152888.429 copy_cont 243.6
S 1789152888.434 copy_cont 244.2
S 1789152888.438 copy_cont 244.6
S 1789152888.442 copy_cont 243.5
S 1789152888.447 copy_cont 243.4
S 1789152888.451 copy_cont 244.4
S 1789152888.456 copy_cont 244.6
S 1789152888.460 copy_cont 243.8
S 1789152888.464 copy_cont 243.7
S 1789152888.469 copy_cont 244.3
S 1789152888.473 copy_cont 245.1
S 1789152888.478 copy_cont 243.9
S 1789152888.482 copy_cont 242.6
S 1789152888.487 copy_cont 228.8
S 1789152888.492 copy_cont 213.7
S 1789152888.496 copy_cont 240.1
S 1789152888.501 copy_cont 244.2
S 1789152888.505 copy_cont 244.5
S 1789152888.510 copy_cont 243.5
S 1789152888.514 copy_cont 244.1
S 1789152888.518 copy_cont 244.1
S 1789152888.523 copy_cont 244.1
S 1789152888.527 copy_cont 243.7
S 1789152888.532 copy_cont 244.6
S 1789152888.536 copy_cont 244.3
S 1789152888.540 copy_cont 243.8
S 1789152888.545 copy_cont 244.1
S 1789152888.549 copy_cont 244.4
S 1789152888.554 copy_cont 244.2
S 1789152888.558 copy_cont 243.6
S 1789152888.562 copy_cont 244.1
S 1789152888.567 copy_cont 244.4
S 1789152888.571 copy_cont 243.7
S 1789152888.576 copy_cont 243.9
S 1789152888.580 copy_cont 244.8
S 1789152888.584 copy_cont 244.6
S 1789152888.589 copy_cont 243.7
S 1789152888.593 copy_cont 244.4
S 1789152888.598 copy_cont 244.4
S 1789152888.602 copy_cont 244.0
S 1789152888.607 copy_cont 243.5
S 1789152888.611 copy_cont 244.3
S 1789152888.615 copy_cont 244.5
S 1789152888.620 copy_cont 243.3
S 1789152888.624 copy_cont 243.8
S 1789152888.629 copy_cont 244.1
S 1789152888.633 copy_cont 244.4
S 1789152888.637 copy_cont 243.7
S 1789152888.642 copy_cont 244.2
S 1789152888.646 copy_cont 244.4
S 1789152888.651 copy_cont 243.8
S 1789152888.655 copy_cont 244.1
S 1789152888.659 copy_cont 244.0
S 1789152888.664 copy_cont 244.6
S 1789152888.668 copy_cont 243.5
S 1789152888.673 copy_cont 244.2
S 1789152888.677 copy_cont 244.4
S 1789152888.682 copy_cont 244.1
S 1789152888.686 copy_cont 243.9
S 1789152888.690 copy_cont 244.6
S 1789152888.695 copy_cont 244.7
S 1789152888.699 copy_cont 243.4
S 1789152888.704 copy_cont 244.3
S 1789152888.708 copy_cont 244.2
S 1789152888.712 copy_cont 244.5
S 1789152888.717 copy_cont 243.4
S 1789152888.721 copy_cont 244.2
S 1789152888.726 copy_cont 244.2
S 1789152888.730 copy_cont 244.0
S 1789152888.734 copy_cont 244.1
S 1789152888.739 copy_cont 244.1
S 1789152888.743 copy_cont 244.5
S 1789152888.748 copy_cont 243.6
S 1789152888.752 copy_cont 244.3
S 1789152888.757 copy_cont 244.2
S 1789152888.761 copy_cont 244.2
S 1789152888.765 copy_cont 243.8
S 1789152888.770 copy_cont 244.3
S 1789152888.774 copy_cont 244.8
S 1789152888.779 copy_cont 243.5
S 1789152888.783 copy_cont 244.1
S 1789152888.787 copy_cont 244.5
S 1789152888.792 copy_cont 244.6
S 1789152888.796 copy_cont 243.2
S 1789152888.801 copy_cont 244.2
S 1789152888.805 copy_cont 244.5
S 1789152888.809 copy_cont 243.7
S 1789152888.814 copy_cont 243.9
S 1789152888.818 copy_cont 244.1
S 1789152888.823 copy_cont 244.8
S 1789152888.827 copy_cont 243.6
S 1789152888.831 copy_cont 244.4
S 1789152888.836 copy_cont 244.3
S 1789152888.840 copy_cont 244.4
S 1789152888.845 copy_cont 243.9
S 1789152888.849 copy_cont 244.1
S 1789152888.854 copy_cont 244.6
S 1789152888.858 copy_cont 243.6
S 1789152888.862 copy_cont 243.9
S 1789152888.867 copy_cont 244.4
S 1789152888.871 copy_cont 244.9
S 1789152888.876 copy_cont 243.5
S 1789152888.880 copy_cont 244.0
S 1789152888.884 copy_cont 244.5
S 1789152888.889 copy_cont 243.7
S 1789152888.893 copy_cont 243.9
S 1789152888.898 copy_cont 244.0
S 1789152888.902 copy_cont 244.9
S 1789152888.906 copy_cont 243.2
S 1789152888.911 copy_cont 244.2
S 1789152888.915 copy_cont 244.6
S 1789152888.920 copy_cont 244.5
S 1789152888.924 copy_cont 243.8
S 1789152888.929 copy_cont 243.8
S 1789152888.933 copy_cont 245.0
S 1789152888.937 copy_cont 243.3
S 1789152888.942 copy_cont 244.2
S 1789152888.946 copy_cont 244.4
S 1789152888.951 copy_cont 244.8
S 1789152888.955 copy_cont 243.5
S 1789152888.959 copy_cont 243.9
S 1789152888.964 copy_cont 244.8
S 1789152888.968 copy_cont 243.7
S 1789152888.973 copy_cont 244.0
S 1789152888.977 copy_cont 244.2
S 1789152888.981 copy_cont 244.5
S 1789152888.986 copy_cont 226.9
S 1789152888.991 copy_cont 218.5
S 1789152888.996 copy_cont 239.6
S 1789152889.000 copy_cont 244.3
S 1789152889.004 copy_cont 244.0
S 1789152889.009 copy_cont 243.8
S 1789152889.013 copy_cont 244.5
S 1789152889.018 copy_cont 243.4
S 1789152889.022 copy_cont 244.1
S 1789152889.026 copy_cont 244.7
S 1789152889.031 copy_cont 244.5
S 1789152889.035 copy_cont 243.3
S 1789152889.040 copy_cont 244.1
S 1789152889.044 copy_cont 244.4
S 1789152889.049 copy_cont 243.9
S 1789152889.053 copy_cont 243.9
S 1789152889.057 copy_cont 242.0
S 1789152889.062 copy_cont 241.1
S 1789152889.066 copy_cont 240.4
S 1789152889.071 copy_cont 241.7
S 1789152889.075 copy_cont 242.8
S 1789152889.080 copy_cont 244.2
S 1789152889.084 copy_cont 244.1
S 1789152889.088 copy_cont 243.9
S 1789152889.093 copy_cont 244.6
S 1789152889.097 copy_cont 243.5
S 1789152889.102 copy_cont 244.2
S 1789152889.106 copy_cont 244.3
S 1789152889.110 copy_cont 244.4
S 1789152889.115 copy_cont 243.1
S 1789152889.119 copy_cont 244.1
S 1789152889.124 copy_cont 244.4
S 1789152889.128 copy_cont 243.9
S 1789152889.133 copy_cont 243.3
S 1789152889.137 copy_cont 243.8
S 1789152889.141 copy_cont 244.6
S 1789152889.146 copy_cont 243.6
S 1789152889.150 copy_cont 244.4
S 1789152889.155 copy_cont 244.3
S 1789152889.159 copy_cont 244.3
S 1789152889.163 copy_cont 244.2
S 1789152889.168 copy_cont 244.2
S 1789152889.172 copy_cont 244.6
S 1789152889.177 copy_cont 243.3
S 1789152889.181 copy_cont 244.0
S 1789152889.185 copy_cont 244.3
S 1789152889.190 copy_cont 244.7
S 1789152889.194 copy_cont 243.2
S 1789152889.199 copy_cont 244.5
S 1789152889.203 copy_cont 244.8
S 1789152889.208 copy_cont 243.3
S 1789152889.212 copy_cont 243.8
S 1789152889.216 copy_cont 243.9
S 1789152889.221 copy_cont 244.4
S 1789152889.225 copy_cont 243.0
S 1789152889.230 copy_cont 244.3
S 1789152889.234 copy_cont 244.6
S 1789152889.238 copy_cont 243.9
S 1789152889.243 copy_cont 244.3
S 1789152889.247 copy_cont 243.8
S 1789152889.252 copy_cont 244.4
S 1789152889.256 copy_cont 243.7
S 1789152889.261 copy_cont 243.9
S 1789152889.265 copy_cont 244.5
S 1789152889.269 copy_cont 244.4
S 1789152889.274 copy_cont 243.8
S 1789152889.278 copy_cont 244.1
S 1789152889.283 copy_cont 244.5
S 1789152889.287 copy_cont 243.6
S 1789152889.291 copy_cont 244.1
S 1789152889.296 copy_cont 243.8
S 1789152889.300 copy_cont 238.3
S 1789152889.305 copy_cont 243.0
S 1789152889.309 copy_cont 244.1
S 1789152889.314 copy_cont 244.2
S 1789152889.318 copy_cont 244.5
S 1789152889.322 copy_cont 243.3
S 1789152889.327 copy_cont 244.3
S 1789152889.331 copy_cont 244.8
S 1789152889.336 copy_cont 243.8
S 1789152889.340 copy_cont 244.3
S 1789152889.344 copy_cont 244.0
S 1789152889.349 copy_cont 244.1
S 1789152889.353 copy_cont 243.5
S 1789152889.358 copy_cont 244.2
S 1789152889.362 copy_cont 244.2
S 1789152889.366 copy_cont 243.9
S 1789152889.371 copy_cont 243.9
S 1789152889.375 copy_cont 244.5
S 1789152889.380 copy_cont 244.8
S 1789152889.384 copy_cont 242.9
S 1789152889.389 copy_cont 244.1
S 1789152889.393 copy_cont 244.7
S 1789152889.397 copy_cont 244.6
S 1789152889.402 copy_cont 243.5
S 1789152889.406 copy_cont 243.5
S 1789152889.411 copy_cont 244.7
S 1789152889.415 copy_cont 243.9
S 1789152889.419 copy_cont 244.3
S 1789152889.424 copy_cont 244.4
S 1789152889.428 copy_cont 244.5
S 1789152889.433 copy_cont 243.5
S 1789152889.437 copy_cont 244.2
S 1789152889.441 copy_cont 244.2
S 1789152889.446 copy_cont 243.7
S 1789152889.450 copy_cont 244.0
S 1789152889.455 copy_cont 244.1
S 1789152889.459 copy_cont 244.8
S 1789152889.464 copy_cont 243.3
S 1789152889.468 copy_cont 244.1
S 1789152889.472 copy_cont 244.6
S 1789152889.477 copy_cont 244.4
S 1789152889.481 copy_cont 243.5
S 1789152889.486 copy_cont 227.4
S 1789152889.491 copy_cont 213.6
S 1789152889.495 copy_cont 237.9
S 1789152889.500 copy_cont 243.9
S 1789152889.504 copy_cont 244.5
S 1789152889.509 copy_cont 244.1
S 1789152889.513 copy_cont 243.5
S 1789152889.518 copy_cont 244.0
S 1789152889.522 copy_cont 244.7
S 1789152889.526 copy_cont 243.8
S 1789152889.531 copy_cont 244.0
S 1789152889.535 copy_cont 244.3
S 1789152889.540 copy_cont 244.1
S 1789152889.544 copy_cont 243.5
S 1789152889.548 copy_cont 243.8
S 1789152889.553 copy_cont 244.5
S 1789152889.557 copy_cont 243.9
S 1789152889.562 copy_cont 244.2
S 1789152889.566 copy_cont 244.2
S 1789152889.570 copy_cont 244.6
S 1789152889.575 copy_cont 243.6
S 1789152889.579 copy_cont 243.5
S 1789152889.584 copy_cont 244.6
S 1789152889.588 copy_cont 244.3
S 1789152889.593 copy_cont 243.8
S 1789152889.597 copy_cont 243.7
S 1789152889.601 copy_cont 244.6
S 1789152889.606 copy_cont 243.7
S 1789152889.610 copy_cont 244.0
S 1789152889.615 copy_cont 244.7
S 1789152889.619 copy_cont 244.3
S 1789152889.623 copy_cont 243.7
S 1789152889.628 copy_cont 243.9
S 1789152889.632 copy_cont 244.5
S 1789152889.637 copy_cont 244.3
S 1789152889.641 copy_cont 243.8
S 1789152889.645 copy_cont 243.8
S 1789152889.650 copy_cont 244.7
S 1789152889.654 copy_cont 243.9
S 1789152889.659 copy_cont 243.8
S 1789152889.663 copy_cont 244.6
S 1789152889.667 copy_cont 244.4
S 1789152889.672 copy_cont 244.0
S 1789152889.676 copy_cont 244.2
S 1789152889.681 copy_cont 244.2
S 1789152889.685 copy_cont 243.8
S 1789152889.690 copy_cont 244.0
S 1789152889.694 copy_cont 244.5
S 1789152889.698 copy_cont 244.2
S 1789152889.703 copy_cont 243.8
S 1789152889.707 copy_cont 243.6
S 1789152889.712 copy_cont 244.8
S 1789152889.716 copy_cont 244.6
S 1789152889.720 copy_cont 243.5
S 1789152889.725 copy_cont 244.1
S 1789152889.729 copy_cont 244.3
S 1789152889.734 copy_cont 243.9
S 1789152889.738 copy_cont 243.8
S 1789152889.742 copy_cont 244.6
S 1789152889.747 copy_cont 244.1
S 1789152889.751 copy_cont 243.9
S 1789152889.756 copy_cont 244.2
S 1789152889.760 copy_cont 244.6
S 1789152889.765 copy_cont 243.9
S 1789152889.769 copy_cont 244.1
S 1789152889.773 copy_cont 244.4
S 1789152889.778 copy_cont 244.5
S 1789152889.782 copy_cont 243.7
S 1789152889.787 copy_cont 244.2
S 1789152889.791 copy_cont 244.6
S 1789152889.795 copy_cont 244.4
S 1789152889.800 copy_cont 243.5
S 1789152889.804 copy_cont 244.2
S 1789152889.809 copy_cont 244.3
S 1789152889.813 copy_cont 243.9
S 1789152889.817 copy_cont 243.5
S 1789152889.822 copy_cont 244.3
S 1789152889.826 copy_cont 244.4
S 1789152889.831 copy_cont 243.4
S 1789152889.835 copy_cont 244.1
S 1789152889.839 copy_cont 244.2
S 1789152889.844 copy_cont 244.3
S 1789152889.848 copy_cont 243.7
S 1789152889.853 copy_cont 244.4
S 1789152889.857 copy_cont 244.3
S 1789152889.862 copy_cont 243.7
S 1789152889.866 copy_cont 244.0
S 1789152889.870 copy_cont 244.5
S 1789152889.875 copy_cont 244.4
S 1789152889.879 copy_cont 243.1
S 1789152889.884 copy_cont 244.2
S 1789152889.888 copy_cont 244.2
S 1789152889.892 copy_cont 243.8
S 1789152889.897 copy_cont 243.9
S 1789152889.901 copy_cont 244.6
S 1789152889.906 copy_cont 244.6
S 1789152889.910 copy_cont 243.5
S 1789152889.914 copy_cont 244.2
S 1789152889.919 copy_cont 244.3
S 1789152889.923 copy_cont 244.4
S 1789152889.928 copy_cont 243.8
S 1789152889.932 copy_cont 244.3
S 1789152889.937 copy_cont 244.5
S 1789152889.941 copy_cont 243.7
S 1789152889.945 copy_cont 243.7
S 1789152889.950 copy_cont 244.9
S 1789152889.954 copy_cont 244.2
S 1789152889.959 copy_cont 243.4
S 1789152889.963 copy_cont 244.4
S 1789152889.967 copy_cont 244.4
S 1789152889.972 copy_cont 243.9
S 1789152889.976 copy_cont 233.4
S 1789152889.981 copy_cont 244.2
S 1789152889.985 copy_cont 239.5
S 1789152889.991 copy_cont 206.5
S 1789152889.995 copy_cont 237.8
S 1789152889.999 copy_cont 244.3
S 1789152890.004 copy_cont 244.1
S 1789152890.008 copy_cont 243.6
S 1789152890.013 copy_cont 244.3
S 1789152890.017 copy_cont 244.2
S 1789152890.022 copy_cont 243.8
S 1789152890.026 copy_cont 244.0
S 1789152890.030 copy_cont 244.6
S 1789152890.035 copy_cont 244.2
S 1789152890.039 copy_cont 243.6
S 1789152890.044 copy_cont 244.2
S 1789152890.048 copy_cont 244.3
S 1789152890.052 copy_cont 243.9
S 1789152890.057 copy_cont 242.8
S 1789152890.061 copy_cont 241.5
S 1789152890.066 copy_cont 240.8
S 1789152890.070 copy_cont 241.4
S 1789152890.075 copy_cont 242.0
S 1789152890.079 copy_cont 243.7
S 1789152890.084 copy_cont 242.8
S 1789152890.088 copy_cont 242.8
S 1789152890.092 copy_cont 243.6
S 1789152890.097 copy_cont 243.8
S 1789152890.101 copy_cont 243.6
S 1789152890.106 copy_cont 244.1
S 1789152890.110 copy_cont 244.6
S 1789152890.114 copy_cont 244.3
S 1789152890.119 copy_cont 243.7
S 1789152890.123 copy_cont 244.3
S 1789152890.128 copy_cont 244.2
S 1789152890.132 copy_cont 243.7
S 1789152890.137 copy_cont 243.3
S 1789152890.141 copy_cont 244.3
S 1789152890.145 copy_cont 243.7
S 1789152890.150 copy_cont 243.7
S 1789152890.154 copy_cont 244.5
S 1789152890.159 copy_cont 243.9
S 1789152890.163 copy_cont 244.2
S 1789152890.167 copy_cont 243.7
S 1789152890.172 copy_cont 244.2
S 1789152890.176 copy_cont 244.0
S 1789152890.181 copy_cont 243.6
S 1789152890.185 copy_cont 243.9
S 1789152890.189 copy_cont 244.6
S 1789152890.194 copy_cont 244.6
S 1789152890.198 copy_cont 243.5
S 1789152890.203 copy_cont 243.8
S 1789152890.207 copy_cont 244.0
S 1789152890.212 copy_cont 243.8
S 1789152890.216 copy_cont 243.7
S 1789152890.220 copy_cont 244.3
S 1789152890.225 copy_cont 244.5
S 1789152890.229 copy_cont 243.5
S 1789152890.234 copy_cont 244.0
S 1789152890.238 copy_cont 244.2
S 1789152890.242 copy_cont 244.0
S 1789152890.247 copy_cont 243.5
S 1789152890.251 copy_cont 244.2
S 1789152890.256 copy_cont 244.0
S 1789152890.260 copy_cont 243.8
S 1789152890.264 copy_cont 244.0
S 1789152890.269 copy_cont 244.2
S 1789152890.273 copy_cont 244.3
S 1789152890.278 copy_cont 243.8
S 1789152890.282 copy_cont 244.2
S 1789152890.287 copy_cont 244.4
S 1789152890.291 copy_cont 243.9
S 1789152890.295 copy_cont 243.5
S 1789152890.300 copy_cont 242.2
S 1789152890.304 copy_cont 239.8
S 1789152890.309 copy_cont 243.4
S 1789152890.313 copy_cont 244.4
S 1789152890.318 copy_cont 244.5
S 1789152890.322 copy_cont 244.0
S 1789152890.326 copy_cont 243.8
S 1789152890.331 copy_cont 244.4
S 1789152890.335 copy_cont 244.4
S 1789152890.340 copy_cont 243.5
S 1789152890.344 copy_cont 243.9
S 1789152890.348 copy_cont 244.2
S 1789152890.353 copy_cont 244.8
S 1789152890.357 copy_cont 243.7
S 1789152890.362 copy_cont 243.9
S 1789152890.366 copy_cont 244.4
S 1789152890.370 copy_cont 243.8
S 1789152890.375 copy_cont 244.0
S 1789152890.379 copy_cont 244.1
S 1789152890.384 copy_cont 244.2
S 1789152890.388 copy_cont 243.4
S 1789152890.393 copy_cont 244.4
S 1789152890.397 copy_cont 244.5
S 1789152890.401 copy_cont 244.2
S 1789152890.406 copy_cont 243.6
S 1789152890.410 copy_cont 244.2
S 1789152890.415 copy_cont 244.7
S 1789152890.419 copy_cont 243.5
S 1789152890.423 copy_cont 243.4
S 1789152890.428 copy_cont 244.2
S 1789152890.432 copy_cont 244.6
S 1789152890.437 copy_cont 243.8
S 1789152890.441 copy_cont 244.3
S 1789152890.445 copy_cont 244.0
S 1789152890.450 copy_cont 244.0
S 1789152890.454 copy_cont 244.2
S 1789152890.459 copy_cont 244.5
S 1789152890.463 copy_cont 244.4
S 1789152890.468 copy_cont 242.7
S 1789152890.472 copy_cont 241.9
S 1789152890.476 copy_cont 243.2
S 1789152890.481 copy_cont 244.1
S 1789152890.485 copy_cont 240.3
S 1789152890.490 copy_cont 225.0
S 1789152890.495 copy_cont 214.7
S 1789152890.500 copy_cont 240.3
S 1789152890.504 copy_cont 244.4
S 1789152890.508 copy_cont 244.4
S 1789152890.513 copy_cont 244.1
S 1789152890.517 copy_cont 243.6
S 1789152890.522 copy_cont 244.0
S 1789152890.526 copy_cont 244.3
S 1789152890.530 copy_cont 243.8
S 1789152890.535 copy_cont 244.1
S 1789152890.539 copy_cont 244.3
S 1789152890.544 copy_cont 244.6
S 1789152890.548 copy_cont 243.4
S 1789152890.553 copy_cont 244.0
S 1789152890.557 copy_cont 244.8
S 1789152890.561 copy_cont 243.7
S 1789152890.566 copy_cont 243.7
S 1789152890.570 copy_cont 244.4
S 1789152890.575 copy_cont 244.8
S 1789152890.579 copy_cont 243.1
S 1789152890.583 copy_cont 244.1
S 1789152890.588 copy_cont 244.2
S 1789152890.592 copy_cont 244.2
S 1789152890.597 copy_cont 244.0
S 1789152890.601 copy_cont 243.6
S 1789152890.605 copy_cont 244.6
S 1789152890.610 copy_cont 243.9
S 1789152890.614 copy_cont 243.8
S 1789152890.619 copy_cont 244.4
S 1789152890.623 copy_cont 244.4
S 1789152890.628 copy_cont 243.6
S 1789152890.632 copy_cont 244.2
S 1789152890.636 copy_cont 244.5
S 1789152890.641 copy_cont 243.4
S 1789152890.645 copy_cont 244.1
S 1789152890.650 copy_cont 244.2
S 1789152890.654 copy_cont 244.6
S 1789152890.658 copy_cont 243.4
S 1789152890.663 copy_cont 243.9
S 1789152890.667 copy_cont 244.5
S 1789152890.672 copy_cont 244.6
S 1789152890.676 copy_cont 244.0
S 1789152890.680 copy_cont 244.0
S 1789152890.685 copy_cont 244.5
S 1789152890.689 copy_cont 244.1
S 1789152890.694 copy_cont 243.9
S 1789152890.698 copy_cont 244.2
S 1789152890.702 copy_cont 244.5
S 1789152890.707 copy_cont 243.4
S 1789152890.711 copy_cont 244.2
S 1789152890.716 copy_cont 244.4
S 1789152890.720 copy_cont 244.0
S 1789152890.725 copy_cont 243.7
S 1789152890.729 copy_cont 244.2
S 1789152890.733 copy_cont 244.5
S 1789152890.738 copy_cont 243.3
S 1789152890.742 copy_cont 244.2
S 1789152890.747 copy_cont 244.2
S 1789152890.751 copy_cont 244.8
S 1789152890.755 copy_cont 243.9
S 1789152890.760 copy_cont 243.9
S 1789152890.764 copy_cont 244.8
S 1789152890.769 copy_cont 244.3
S 1789152890.773 copy_cont 244.2
S 1789152890.777 copy_cont 244.0
S 1789152890.782 copy_cont 244.6
S 1789152890.786 copy_cont 243.6
S 1789152890.791 copy_cont 244.3
S 1789152890.795 copy_cont 244.7
S 1789152890.800 copy_cont 243.9
S 1789152890.804 copy_cont 244.0
S 1789152890.808 copy_cont 244.0
S 1789152890.813 copy_cont 244.4
S 1789152890.817 copy_cont 243.5
S 1789152890.822 copy_cont 244.2
S 1789152890.826 copy_cont 244.2
S 1789152890.830 copy_cont 244.3
S 1789152890.835 copy_cont 243.7
S 1789152890.839 copy_cont 243.8
S 1789152890.844 copy_cont 244.6
S 1789152890.848 copy_cont 243.8
S 1789152890.852 copy_cont 243.9
S 1789152890.857 copy_cont 244.6
S 1789152890.861 copy_cont 244.0
S 1789152890.866 copy_cont 243.7
S 1789152890.870 copy_cont 244.0
S 1789152890.875 copy_cont 244.6
S 1789152890.879 copy_cont 243.9
S 1789152890.883 copy_cont 243.7
S 1789152890.888 copy_cont 244.2
S 1789152890.892 copy_cont 244.4
S 1789152890.897 copy_cont 244.1
S 1789152890.901 copy_cont 243.7
S 1789152890.905 copy_cont 244.4
S 1789152890.910 copy_cont 244.4
S 1789152890.914 copy_cont 244.0
S 1789152890.919 copy_cont 243.9
S 1789152890.923 copy_cont 244.6
S 1789152890.927 copy_cont 243.8
S 1789152890.932 copy_cont 244.0
S 1789152890.936 copy_cont 244.3
S 1789152890.941 copy_cont 244.1
S 1789152890.945 copy_cont 243.4
S 1789152890.950 copy_cont 244.1
S 1789152890.954 copy_cont 244.7
S 1789152890.958 copy_cont 244.2
S 1789152890.963 copy_cont 243.9
S 1789152890.967 copy_cont 243.9
S 1789152890.972 copy_cont 244.7
S 1789152890.976 copy_cont 244.1
S 1789152890.980 copy_cont 243.7
S 1789152890.985 copy_cont 242.0
S 1789152890.990 copy_cont 224.5
S 1789152890.995 copy_cont 217.9
S 1789152890.999 copy_cont 242.0
S 1789152891.003 copy_cont 244.9
S 1789152891.008 copy_cont 243.4
S 1789152891.012 copy_cont 244.1
S 1789152891.017 copy_cont 244.2
S 1789152891.021 copy_cont 244.4
S 1789152891.025 copy_cont 243.6
S 1789152891.030 copy_cont 244.0
S 1789152891.034 copy_cont 244.5
S 1789152891.039 copy_cont 244.1
S 1789152891.043 copy_cont 244.0
S 1789152891.048 copy_cont 243.8
S 1789152891.052 copy_cont 244.3
S 1789152891.056 copy_cont 243.2
S 1789152891.061 copy_cont 241.6
S 1789152891.065 copy_cont 240.5
S 1789152891.070 copy_cont 241.0
S 1789152891.074 copy_cont 241.0
S 1789152891.079 copy_cont 242.5
S 1789152891.083 copy_cont 244.0
S 1789152891.088 copy_cont 243.5
S 1789152891.092 copy_cont 244.5
S 1789152891.096 copy_cont 244.2
S 1789152891.101 copy_cont 244.7
S 1789152891.105 copy_cont 243.4
S 1789152891.110 copy_cont 244.0
S 1789152891.114 copy_cont 244.4
S 1789152891.118 copy_cont 243.8
S 1789152891.123 copy_cont 244.0
S 1789152891.127 copy_cont 243.9
S 1789152891.132 copy_cont 244.5
S 1789152891.136 copy_cont 243.2
S 1789152891.140 copy_cont 244.2
S 1789152891.145 copy_cont 243.9
S 1789152891.149 copy_cont 244.3
S 1789152891.154 copy_cont 243.7
S 1789152891.158 copy_cont 243.8
S 1789152891.163 copy_cont 244.6
S 1789152891.167 copy_cont 243.5
S 1789152891.171 copy_cont 244.0
S 1789152891.176 copy_cont 244.3
S 1789152891.180 copy_cont 243.9
S 1789152891.185 copy_cont 243.3
S 1789152891.189 copy_cont 243.7
S 1789152891.193 copy_cont 244.5
S 1789152891.198 copy_cont 243.7
S 1789152891.202 copy_cont 243.7
S 1789152891.207 copy_cont 243.5
S 1789152891.211 copy_cont 244.6
S 1789152891.215 copy_cont 243.5
S 1789152891.220 copy_cont 243.9
S 1789152891.224 copy_cont 244.5
S 1789152891.229 copy_cont 244.4
S 1789152891.233 copy_cont 243.4
S 1789152891.238 copy_cont 243.6
S 1789152891.242 copy_cont 244.5
S 1789152891.246 copy_cont 243.7
S 1789152891.251 copy_cont 243.8
S 1789152891.255 copy_cont 244.1
S 1789152891.260 copy_cont 244.3
S 1789152891.264 copy_cont 243.8
S 1789152891.268 copy_cont 244.2
S 1789152891.273 copy_cont 244.5
S 1789152891.277 copy_cont 243.7
S 1789152891.282 copy_cont 243.8
S 1789152891.286 copy_cont 243.8
S 1789152891.290 copy_cont 244.4
S 1789152891.295 copy_cont 243.7
S 1789152891.299 copy_cont 242.2
S 1789152891.304 copy_cont 239.2
S 1789152891.308 copy_cont 244.4
S 1789152891.313 copy_cont 243.7
S 1789152891.317 copy_cont 244.1
S 1789152891.321 copy_cont 244.7
S 1789152891.326 copy_cont 243.4
S 1789152891.330 copy_cont 243.9
S 1789152891.335 copy_cont 244.2
S 1789152891.339 copy_cont 244.6
S 1789152891.344 copy_cont 243.3
S 1789152891.348 copy_cont 243.9
S 1789152891.352 copy_cont 244.3
S 1789152891.357 copy_cont 244.3
S 1789152891.361 copy_cont 244.0
S 1789152891.366 copy_cont 243.8
S 1789152891.370 copy_cont 244.6
S 1789152891.374 copy_cont 243.6
S 1789152891.379 copy_cont 244.0
S 1789152891.383 copy_cont 244.1
S 1789152891.388 copy_cont 244.5
S 1789152891.392 copy_cont 243.6
S 1789152891.397 copy_cont 244.2
S 1789152891.401 copy_cont 244.3
S 1789152891.405 copy_cont 243.6
S 1789152891.410 copy_cont 243.9
S 1789152891.414 copy_cont 244.4
S 1789152891.419 copy_cont 244.6
S 1789152891.423 copy_cont 243.3
S 1789152891.427 copy_cont 244.2
S 1789152891.432 copy_cont 244.7
S 1789152891.436 copy_cont 244.4
S 1789152891.441 copy_cont 244.0
S 1789152891.445 copy_cont 243.5
S 1789152891.449 copy_cont 244.4
S 1789152891.454 copy_cont 243.9
S 1789152891.458 copy_cont 243.9
S 1789152891.463 copy_cont 244.1
S 1789152891.467 copy_cont 244.3
S 1789152891.472 copy_cont 243.4
S 1789152891.476 copy_cont 244.0
S 1789152891.480 copy_cont 244.5
S 1789152891.485 copy_cont 241.7
S 1789152891.490 copy_cont 227.3
S 1789152891.495 copy_cont 212.6
S 1789152891.499 copy_cont 240.3
S 1789152891.503 copy_cont 243.5
S 1789152891.508 copy_cont 243.9
S 1789152891.512 copy_cont 244.5
S 1789152891.517 copy_cont 243.9
S 1789152891.521 copy_cont 244.2
S 1789152891.526 copy_cont 244.2
S 1789152891.530 copy_cont 244.3
S 1789152891.534 copy_cont 243.6
S 1789152891.539 copy_cont 243.8
S 1789152891.543 copy_cont 244.6
S 1789152891.548 copy_cont 244.4
S 1789152891.552 copy_cont 243.7
S 1789152891.556 copy_cont 244.0
S 1789152891.561 copy_cont 244.8
S 1789152891.565 copy_cont 243.7
S 1789152891.570 copy_cont 243.8
S 1789152891.574 copy_cont 244.4
S 1789152891.578 copy_cont 244.1
S 1789152891.583 copy_cont 243.6
S 1789152891.587 copy_cont 244.0
S 1789152891.592 copy_cont 244.5
S 1789152891.596 copy_cont 244.1
S 1789152891.601 copy_cont 243.0
S 1789152891.605 copy_cont 244.2
S 1789152891.609 copy_cont 244.2
S 1789152891.614 copy_cont 243.4
S 1789152891.618 copy_cont 243.8
S 1789152891.623 copy_cont 244.5
S 1789152891.627 copy_cont 244.3
S 1789152891.631 copy_cont 243.6
S 1789152891.636 copy_cont 244.3
S 1789152891.640 copy_cont 244.0
S 1789152891.645 copy_cont 243.7
S 1789152891.649 copy_cont 243.8
S 1789152891.653 copy_cont 244.1
S 1789152891.658 copy_cont 244.3
S 1789152891.662 copy_cont 243.7
S 1789152891.667 copy_cont 244.1
S 1789152891.671 copy_cont 244.9
S 1789152891.676 copy_cont 244.2
S 1789152891.680 copy_cont 243.6
S 1789152891.684 copy_cont 244.3
S 1789152891.689 copy_cont 244.3
S 1789152891.693 copy_cont 243.9
S 1789152891.698 copy_cont 243.7
S 1789152891.702 copy_cont 244.9
S 1789152891.706 copy_cont 243.9
S 1789152891.711 copy_cont 243.7
S 1789152891.715 copy_cont 244.2
S 1789152891.720 copy_cont 244.0
S 1789152891.724 copy_cont 244.1
S 1789152891.728 copy_cont 243.6
S 1789152891.733 copy_cont 244.6
S 1789152891.737 copy_cont 244.4
S 1789152891.742 copy_cont 243.5
S 1789152891.746 copy_cont 244.0
S 1789152891.751 copy_cont 244.5
S 1789152891.755 copy_cont 244.2
S 1789152891.759 copy_cont 243.5
S 1789152891.764 copy_cont 244.3
S 1789152891.768 copy_cont 244.1
S 1789152891.773 copy_cont 243.9
S 1789152891.777 copy_cont 243.3
S 1789152891.781 copy_cont 244.3
S 1789152891.786 copy_cont 244.6
S 1789152891.790 copy_cont 243.5
S 1789152891.795 copy_cont 244.4
S 1789152891.799 copy_cont 244.2
S 1789152891.803 copy_cont 243.9
S 1789152891.808 copy_cont 243.5
S 1789152891.812 copy_cont 244.3
S 1789152891.817 copy_cont 244.3
S 1789152891.821 copy_cont 243.6
S 1789152891.826 copy_cont 244.1
S 1789152891.830 copy_cont 244.6
S 1789152891.834 copy_cont 244.6
S 1789152891.839 copy_cont 243.2
S 1789152891.843 copy_cont 243.8
S 1789152891.848 copy_cont 244.4
S 1789152891.852 copy_cont 243.8
S 1789152891.856 copy_cont 244.0
S 1789152891.861 copy_cont 244.6
S 1789152891.865 copy_cont 244.5
S 1789152891.870 copy_cont 243.8
BLOCK r0 copy_cont GB/s   n=2260 min= 205.5 p10= 242.6 p50= 244.0 max= 245.1
S 1789152891.932 gemv_duty 241.2
S 1789152892.027 gemv_duty 237.3
S 1789152892.121 gemv_duty 237.7
S 1789152892.214 gemv_duty 239.4
S 1789152892.308 gemv_duty 238.9
S 1789152892.400 gemv_duty 244.2
S 1789152892.494 gemv_duty 238.5
S 1789152892.588 gemv_duty 237.2
S 1789152892.682 gemv_duty 239.1
S 1789152892.776 gemv_duty 240.5
S 1789152892.869 gemv_duty 239.2
S 1789152892.962 gemv_duty 243.9
S 1789152893.055 gemv_duty 239.3
S 1789152893.149 gemv_duty 237.0
S 1789152893.244 gemv_duty 238.9
S 1789152893.337 gemv_duty 241.0
S 1789152893.431 gemv_duty 239.1
S 1789152893.525 gemv_duty 237.6
S 1789152893.619 gemv_duty 239.1
S 1789152893.713 gemv_duty 239.3
S 1789152893.807 gemv_duty 239.0
S 1789152893.900 gemv_duty 241.6
S 1789152893.994 gemv_duty 236.7
S 1789152894.087 gemv_duty 240.6
S 1789152894.180 gemv_duty 239.4
S 1789152894.274 gemv_duty 239.1
S 1789152894.368 gemv_duty 238.6
S 1789152894.460 gemv_duty 244.1
S 1789152894.555 gemv_duty 236.8
S 1789152894.647 gemv_duty 243.0
S 1789152894.741 gemv_duty 239.5
S 1789152894.834 gemv_duty 239.3
S 1789152894.928 gemv_duty 239.0
S 1789152895.022 gemv_duty 241.4
S 1789152895.116 gemv_duty 236.1
S 1789152895.210 gemv_duty 239.3
S 1789152895.304 gemv_duty 238.7
S 1789152895.398 gemv_duty 239.3
S 1789152895.491 gemv_duty 239.4
S 1789152895.585 gemv_duty 239.3
S 1789152895.679 gemv_duty 237.5
S 1789152895.774 gemv_duty 236.6
S 1789152895.868 gemv_duty 237.4
S 1789152895.962 gemv_duty 239.3
S 1789152896.056 gemv_duty 237.9
S 1789152896.149 gemv_duty 239.3
S 1789152896.243 gemv_duty 239.8
S 1789152896.337 gemv_duty 238.9
S 1789152896.431 gemv_duty 239.6
S 1789152896.525 gemv_duty 236.7
S 1789152896.618 gemv_duty 241.6
S 1789152896.712 gemv_duty 239.3
S 1789152896.806 gemv_duty 239.7
S 1789152896.900 gemv_duty 239.0
S 1789152896.994 gemv_duty 239.0
S 1789152897.088 gemv_duty 237.5
S 1789152897.181 gemv_duty 244.1
S 1789152897.275 gemv_duty 236.8
S 1789152897.369 gemv_duty 238.8
S 1789152897.462 gemv_duty 239.0
S 1789152897.556 gemv_duty 241.8
S 1789152897.649 gemv_duty 239.4
S 1789152897.742 gemv_duty 244.1
S 1789152897.835 gemv_duty 239.1
S 1789152897.929 gemv_duty 239.3
S 1789152898.024 gemv_duty 236.6
S 1789152898.117 gemv_duty 239.8
S 1789152898.210 gemv_duty 239.3
S 1789152898.303 gemv_duty 244.2
S 1789152898.397 gemv_duty 239.2
S 1789152898.491 gemv_duty 239.3
S 1789152898.584 gemv_duty 239.4
S 1789152898.677 gemv_duty 240.6
S 1789152898.771 gemv_duty 239.1
S 1789152898.864 gemv_duty 242.8
S 1789152898.958 gemv_duty 238.9
S 1789152899.052 gemv_duty 236.9
S 1789152899.145 gemv_duty 239.2
S 1789152899.238 gemv_duty 244.2
S 1789152899.332 gemv_duty 238.9
S 1789152899.424 gemv_duty 244.2
S 1789152899.519 gemv_duty 236.9
S 1789152899.612 gemv_duty 239.0
S 1789152899.706 gemv_duty 239.4
S 1789152899.799 gemv_duty 244.0
S 1789152899.892 gemv_duty 239.3
S 1789152899.985 gemv_duty 240.4
S 1789152900.080 gemv_duty 238.3
S 1789152900.173 gemv_duty 239.2
S 1789152900.267 gemv_duty 239.0
S 1789152900.360 gemv_duty 241.3
S 1789152900.453 gemv_duty 239.2
S 1789152900.547 gemv_duty 241.4
S 1789152900.640 gemv_duty 238.9
S 1789152900.735 gemv_duty 238.4
S 1789152900.828 gemv_duty 239.3
S 1789152900.923 gemv_duty 238.7
S 1789152901.016 gemv_duty 239.9
S 1789152901.110 gemv_duty 238.0
S 1789152901.204 gemv_duty 239.2
S 1789152901.298 gemv_duty 239.3
S 1789152901.392 gemv_duty 238.7
S 1789152901.486 gemv_duty 239.3
S 1789152901.579 gemv_duty 241.3
S 1789152901.673 gemv_duty 239.2
S 1789152901.767 gemv_duty 238.7
S 1789152901.860 gemv_duty 239.5
BLOCK r1 gemv_duty GB/s   n= 107 min= 236.1 p10= 237.2 p50= 239.2 max= 244.2
S 1789152901.897 gemv_cont 227.8
S 1789152901.902 gemv_cont 238.9
S 1789152901.908 gemv_cont 236.4
S 1789152901.914 gemv_cont 240.9
S 1789152901.919 gemv_cont 243.8
S 1789152901.925 gemv_cont 244.3
S 1789152901.930 gemv_cont 243.5
S 1789152901.936 gemv_cont 241.2
S 1789152901.942 gemv_cont 231.4
S 1789152901.947 gemv_cont 242.9
S 1789152901.953 gemv_cont 233.9
S 1789152901.958 gemv_cont 244.3
S 1789152901.964 gemv_cont 244.3
S 1789152901.969 gemv_cont 244.0
S 1789152901.975 gemv_cont 244.5
S 1789152901.980 gemv_cont 243.7
S 1789152901.986 gemv_cont 244.0
S 1789152901.992 gemv_cont 244.1
S 1789152901.997 gemv_cont 240.4
S 1789152902.003 gemv_cont 232.2
S 1789152902.009 gemv_cont 239.3
S 1789152902.014 gemv_cont 238.1
S 1789152902.020 gemv_cont 216.9
S 1789152902.026 gemv_cont 241.4
S 1789152902.031 gemv_cont 244.3
S 1789152902.037 gemv_cont 244.5
S 1789152902.042 gemv_cont 244.3
S 1789152902.048 gemv_cont 243.9
S 1789152902.053 gemv_cont 244.6
S 1789152902.059 gemv_cont 244.3
S 1789152902.065 gemv_cont 244.0
S 1789152902.070 gemv_cont 244.5
S 1789152902.076 gemv_cont 243.4
S 1789152902.081 gemv_cont 238.5
S 1789152902.087 gemv_cont 239.0
S 1789152902.092 gemv_cont 240.2
S 1789152902.098 gemv_cont 242.3
S 1789152902.103 gemv_cont 244.4
S 1789152902.109 gemv_cont 243.8
S 1789152902.114 gemv_cont 244.5
S 1789152902.120 gemv_cont 244.6
S 1789152902.125 gemv_cont 243.9
S 1789152902.131 gemv_cont 244.5
S 1789152902.136 gemv_cont 244.5
S 1789152902.142 gemv_cont 244.3
S 1789152902.148 gemv_cont 243.5
S 1789152902.153 gemv_cont 244.5
S 1789152902.159 gemv_cont 244.0
S 1789152902.164 gemv_cont 244.1
S 1789152902.170 gemv_cont 244.1
S 1789152902.175 gemv_cont 244.5
S 1789152902.181 gemv_cont 244.3
S 1789152902.186 gemv_cont 243.9
S 1789152902.192 gemv_cont 244.0
S 1789152902.197 gemv_cont 244.1
S 1789152902.203 gemv_cont 244.0
S 1789152902.208 gemv_cont 243.4
S 1789152902.214 gemv_cont 244.4
S 1789152902.219 gemv_cont 244.1
S 1789152902.225 gemv_cont 243.8
S 1789152902.230 gemv_cont 244.1
S 1789152902.236 gemv_cont 244.0
S 1789152902.241 gemv_cont 244.0
S 1789152902.247 gemv_cont 243.9
S 1789152902.252 gemv_cont 244.2
S 1789152902.258 gemv_cont 244.2
S 1789152902.263 gemv_cont 244.8
S 1789152902.269 gemv_cont 244.0
S 1789152902.274 gemv_cont 244.3
S 1789152902.280 gemv_cont 244.4
S 1789152902.285 gemv_cont 244.0
S 1789152902.291 gemv_cont 244.3
S 1789152902.296 gemv_cont 244.5
S 1789152902.302 gemv_cont 243.9
S 1789152902.307 gemv_cont 244.2
S 1789152902.313 gemv_cont 242.7
S 1789152902.318 gemv_cont 242.3
S 1789152902.324 gemv_cont 244.5
S 1789152902.329 gemv_cont 244.3
S 1789152902.335 gemv_cont 244.4
S 1789152902.340 gemv_cont 244.4
S 1789152902.346 gemv_cont 243.8
S 1789152902.351 gemv_cont 244.4
S 1789152902.357 gemv_cont 244.2
S 1789152902.362 gemv_cont 244.4
S 1789152902.368 gemv_cont 243.9
S 1789152902.373 gemv_cont 244.3
S 1789152902.379 gemv_cont 244.0
S 1789152902.384 gemv_cont 244.2
S 1789152902.390 gemv_cont 244.4
S 1789152902.396 gemv_cont 244.0
S 1789152902.401 gemv_cont 244.3
S 1789152902.407 gemv_cont 244.4
S 1789152902.412 gemv_cont 244.0
S 1789152902.418 gemv_cont 243.7
S 1789152902.423 gemv_cont 244.4
S 1789152902.429 gemv_cont 244.2
S 1789152902.434 gemv_cont 244.2
S 1789152902.440 gemv_cont 244.2
S 1789152902.445 gemv_cont 244.1
S 1789152902.451 gemv_cont 244.7
S 1789152902.456 gemv_cont 244.0
S 1789152902.462 gemv_cont 243.4
S 1789152902.467 gemv_cont 244.4
S 1789152902.473 gemv_cont 244.2
S 1789152902.478 gemv_cont 244.5
S 1789152902.484 gemv_cont 244.5
S 1789152902.489 gemv_cont 244.0
S 1789152902.495 gemv_cont 244.4
S 1789152902.500 gemv_cont 244.1
S 1789152902.506 gemv_cont 244.1
S 1789152902.511 gemv_cont 244.3
S 1789152902.517 gemv_cont 241.5
S 1789152902.523 gemv_cont 223.7
S 1789152902.528 gemv_cont 242.8
S 1789152902.534 gemv_cont 244.3
S 1789152902.539 gemv_cont 244.1
S 1789152902.545 gemv_cont 243.8
S 1789152902.550 gemv_cont 244.5
S 1789152902.556 gemv_cont 244.0
S 1789152902.561 gemv_cont 244.1
S 1789152902.567 gemv_cont 244.0
S 1789152902.572 gemv_cont 243.8
S 1789152902.578 gemv_cont 244.1
S 1789152902.584 gemv_cont 244.2
S 1789152902.589 gemv_cont 243.8
S 1789152902.595 gemv_cont 244.4
S 1789152902.600 gemv_cont 244.5
S 1789152902.606 gemv_cont 244.2
S 1789152902.611 gemv_cont 244.1
S 1789152902.617 gemv_cont 244.4
S 1789152902.622 gemv_cont 244.4
S 1789152902.628 gemv_cont 244.0
S 1789152902.633 gemv_cont 244.4
S 1789152902.639 gemv_cont 244.3
S 1789152902.644 gemv_cont 244.8
S 1789152902.650 gemv_cont 243.9
S 1789152902.655 gemv_cont 244.3
S 1789152902.661 gemv_cont 244.7
S 1789152902.666 gemv_cont 243.8
S 1789152902.672 gemv_cont 244.3
S 1789152902.677 gemv_cont 244.5
S 1789152902.683 gemv_cont 244.0
S 1789152902.688 gemv_cont 244.2
S 1789152902.694 gemv_cont 244.3
S 1789152902.699 gemv_cont 244.2
S 1789152902.705 gemv_cont 244.2
S 1789152902.710 gemv_cont 244.0
S 1789152902.716 gemv_cont 244.3
S 1789152902.721 gemv_cont 244.3
S 1789152902.727 gemv_cont 244.0
S 1789152902.732 gemv_cont 244.2
S 1789152902.738 gemv_cont 244.1
S 1789152902.743 gemv_cont 244.3
S 1789152902.749 gemv_cont 244.0
S 1789152902.754 gemv_cont 244.5
S 1789152902.760 gemv_cont 244.5
S 1789152902.765 gemv_cont 243.9
S 1789152902.771 gemv_cont 244.1
S 1789152902.776 gemv_cont 244.2
S 1789152902.782 gemv_cont 244.3
S 1789152902.787 gemv_cont 244.0
S 1789152902.793 gemv_cont 244.4
S 1789152902.798 gemv_cont 244.1
S 1789152902.804 gemv_cont 244.3
S 1789152902.809 gemv_cont 243.8
S 1789152902.815 gemv_cont 244.6
S 1789152902.820 gemv_cont 244.3
S 1789152902.826 gemv_cont 243.9
S 1789152902.831 gemv_cont 244.4
S 1789152902.837 gemv_cont 244.5
S 1789152902.842 gemv_cont 244.3
S 1789152902.848 gemv_cont 243.8
S 1789152902.853 gemv_cont 244.7
S 1789152902.859 gemv_cont 243.9
S 1789152902.864 gemv_cont 244.3
S 1789152902.870 gemv_cont 244.2
S 1789152902.875 gemv_cont 244.5
S 1789152902.881 gemv_cont 244.5
S 1789152902.886 gemv_cont 244.4
S 1789152902.892 gemv_cont 244.3
S 1789152902.897 gemv_cont 244.4
S 1789152902.903 gemv_cont 244.6
S 1789152902.908 gemv_cont 243.9
S 1789152902.914 gemv_cont 244.1
S 1789152902.919 gemv_cont 244.0
S 1789152902.925 gemv_cont 243.9
S 1789152902.930 gemv_cont 244.6
S 1789152902.936 gemv_cont 244.2
S 1789152902.941 gemv_cont 244.3
S 1789152902.947 gemv_cont 244.0
S 1789152902.952 gemv_cont 244.1
S 1789152902.958 gemv_cont 244.1
S 1789152902.964 gemv_cont 244.5
S 1789152902.969 gemv_cont 243.5
S 1789152902.975 gemv_cont 244.3
S 1789152902.980 gemv_cont 244.4
S 1789152902.986 gemv_cont 244.0
S 1789152902.991 gemv_cont 244.5
S 1789152902.997 gemv_cont 244.6
S 1789152903.002 gemv_cont 244.2
S 1789152903.008 gemv_cont 243.8
S 1789152903.013 gemv_cont 244.4
S 1789152903.019 gemv_cont 235.2
S 1789152903.025 gemv_cont 226.5
S 1789152903.030 gemv_cont 244.6
S 1789152903.036 gemv_cont 244.4
S 1789152903.041 gemv_cont 244.7
S 1789152903.047 gemv_cont 243.7
S 1789152903.052 gemv_cont 244.5
S 1789152903.058 gemv_cont 244.7
S 1789152903.063 gemv_cont 244.4
S 1789152903.069 gemv_cont 244.1
S 1789152903.074 gemv_cont 244.4
S 1789152903.080 gemv_cont 240.2
S 1789152903.086 gemv_cont 237.3
S 1789152903.091 gemv_cont 240.8
S 1789152903.097 gemv_cont 243.0
S 1789152903.102 gemv_cont 243.9
S 1789152903.108 gemv_cont 244.2
S 1789152903.113 gemv_cont 244.1
S 1789152903.119 gemv_cont 244.1
S 1789152903.124 gemv_cont 244.0
S 1789152903.130 gemv_cont 244.1
S 1789152903.135 gemv_cont 244.3
S 1789152903.141 gemv_cont 244.6
S 1789152903.146 gemv_cont 243.6
S 1789152903.152 gemv_cont 244.1
S 1789152903.157 gemv_cont 244.3
S 1789152903.163 gemv_cont 244.5
S 1789152903.168 gemv_cont 244.1
S 1789152903.174 gemv_cont 244.2
S 1789152903.179 gemv_cont 244.1
S 1789152903.185 gemv_cont 244.1
S 1789152903.190 gemv_cont 244.1
S 1789152903.196 gemv_cont 244.1
S 1789152903.201 gemv_cont 244.4
S 1789152903.207 gemv_cont 243.6
S 1789152903.212 gemv_cont 244.5
S 1789152903.218 gemv_cont 244.4
S 1789152903.223 gemv_cont 244.0
S 1789152903.229 gemv_cont 244.2
S 1789152903.234 gemv_cont 244.4
S 1789152903.240 gemv_cont 244.1
S 1789152903.245 gemv_cont 244.1
S 1789152903.251 gemv_cont 244.1
S 1789152903.256 gemv_cont 244.4
S 1789152903.262 gemv_cont 244.2
S 1789152903.267 gemv_cont 244.0
S 1789152903.273 gemv_cont 244.3
S 1789152903.278 gemv_cont 244.1
S 1789152903.284 gemv_cont 244.3
S 1789152903.289 gemv_cont 243.8
S 1789152903.295 gemv_cont 244.3
S 1789152903.301 gemv_cont 244.2
S 1789152903.306 gemv_cont 243.6
S 1789152903.312 gemv_cont 244.6
S 1789152903.317 gemv_cont 240.5
S 1789152903.323 gemv_cont 244.1
S 1789152903.328 gemv_cont 244.3
S 1789152903.334 gemv_cont 243.8
S 1789152903.339 gemv_cont 243.9
S 1789152903.345 gemv_cont 244.3
S 1789152903.350 gemv_cont 243.9
S 1789152903.356 gemv_cont 244.2
S 1789152903.361 gemv_cont 243.9
S 1789152903.367 gemv_cont 244.0
S 1789152903.372 gemv_cont 244.6
S 1789152903.378 gemv_cont 243.7
S 1789152903.383 gemv_cont 243.8
S 1789152903.389 gemv_cont 243.9
S 1789152903.394 gemv_cont 244.5
S 1789152903.400 gemv_cont 243.6
S 1789152903.405 gemv_cont 244.0
S 1789152903.411 gemv_cont 244.3
S 1789152903.416 gemv_cont 243.8
S 1789152903.422 gemv_cont 244.1
S 1789152903.427 gemv_cont 244.6
S 1789152903.433 gemv_cont 243.8
S 1789152903.438 gemv_cont 244.3
S 1789152903.444 gemv_cont 244.2
S 1789152903.449 gemv_cont 243.5
S 1789152903.455 gemv_cont 244.3
S 1789152903.460 gemv_cont 244.2
S 1789152903.466 gemv_cont 244.1
S 1789152903.471 gemv_cont 244.5
S 1789152903.477 gemv_cont 244.4
S 1789152903.482 gemv_cont 244.3
S 1789152903.488 gemv_cont 244.4
S 1789152903.493 gemv_cont 243.9
S 1789152903.499 gemv_cont 243.9
S 1789152903.504 gemv_cont 244.5
S 1789152903.510 gemv_cont 244.1
S 1789152903.515 gemv_cont 244.2
S 1789152903.522 gemv_cont 220.4
S 1789152903.527 gemv_cont 242.0
S 1789152903.533 gemv_cont 244.2
S 1789152903.538 gemv_cont 244.2
S 1789152903.544 gemv_cont 244.2
S 1789152903.549 gemv_cont 244.3
S 1789152903.555 gemv_cont 244.3
S 1789152903.560 gemv_cont 243.7
S 1789152903.566 gemv_cont 244.1
S 1789152903.571 gemv_cont 244.4
S 1789152903.577 gemv_cont 244.2
S 1789152903.582 gemv_cont 244.4
S 1789152903.588 gemv_cont 243.6
S 1789152903.593 gemv_cont 244.3
S 1789152903.599 gemv_cont 244.2
S 1789152903.604 gemv_cont 244.2
S 1789152903.610 gemv_cont 243.7
S 1789152903.615 gemv_cont 244.4
S 1789152903.621 gemv_cont 244.5
S 1789152903.626 gemv_cont 243.7
S 1789152903.632 gemv_cont 244.3
S 1789152903.637 gemv_cont 244.2
S 1789152903.643 gemv_cont 244.4
S 1789152903.648 gemv_cont 243.9
S 1789152903.654 gemv_cont 244.1
S 1789152903.659 gemv_cont 244.3
S 1789152903.665 gemv_cont 243.9
S 1789152903.670 gemv_cont 243.9
S 1789152903.676 gemv_cont 244.4
S 1789152903.681 gemv_cont 244.3
S 1789152903.687 gemv_cont 243.7
S 1789152903.692 gemv_cont 244.4
S 1789152903.698 gemv_cont 244.5
S 1789152903.703 gemv_cont 244.5
S 1789152903.709 gemv_cont 243.6
S 1789152903.714 gemv_cont 244.5
S 1789152903.720 gemv_cont 244.2
S 1789152903.725 gemv_cont 244.2
S 1789152903.731 gemv_cont 244.6
S 1789152903.736 gemv_cont 244.5
S 1789152903.742 gemv_cont 244.1
S 1789152903.747 gemv_cont 243.7
S 1789152903.753 gemv_cont 244.1
S 1789152903.759 gemv_cont 244.1
S 1789152903.764 gemv_cont 244.1
S 1789152903.770 gemv_cont 244.1
S 1789152903.775 gemv_cont 244.4
S 1789152903.781 gemv_cont 244.1
S 1789152903.786 gemv_cont 243.8
S 1789152903.792 gemv_cont 244.3
S 1789152903.797 gemv_cont 244.2
S 1789152903.803 gemv_cont 244.6
S 1789152903.808 gemv_cont 244.1
S 1789152903.814 gemv_cont 244.1
S 1789152903.819 gemv_cont 244.0
S 1789152903.825 gemv_cont 244.3
S 1789152903.830 gemv_cont 243.7
S 1789152903.836 gemv_cont 244.2
S 1789152903.841 gemv_cont 244.5
S 1789152903.847 gemv_cont 243.6
S 1789152903.852 gemv_cont 244.5
S 1789152903.858 gemv_cont 244.5
S 1789152903.863 gemv_cont 244.5
S 1789152903.869 gemv_cont 243.6
S 1789152903.874 gemv_cont 244.7
S 1789152903.880 gemv_cont 244.1
S 1789152903.885 gemv_cont 243.9
S 1789152903.891 gemv_cont 244.2
S 1789152903.896 gemv_cont 244.0
S 1789152903.902 gemv_cont 244.3
S 1789152903.907 gemv_cont 243.6
S 1789152903.913 gemv_cont 244.6
S 1789152903.918 gemv_cont 244.0
S 1789152903.924 gemv_cont 244.2
S 1789152903.929 gemv_cont 244.1
S 1789152903.935 gemv_cont 244.6
S 1789152903.940 gemv_cont 244.0
S 1789152903.946 gemv_cont 244.0
S 1789152903.951 gemv_cont 244.6
S 1789152903.957 gemv_cont 244.0
S 1789152903.962 gemv_cont 243.7
S 1789152903.968 gemv_cont 243.9
S 1789152903.973 gemv_cont 244.1
S 1789152903.979 gemv_cont 244.3
S 1789152903.984 gemv_cont 244.5
S 1789152903.990 gemv_cont 243.7
S 1789152903.995 gemv_cont 244.4
S 1789152904.001 gemv_cont 244.2
S 1789152904.006 gemv_cont 243.4
S 1789152904.012 gemv_cont 244.6
S 1789152904.018 gemv_cont 240.7
S 1789152904.024 gemv_cont 218.7
S 1789152904.029 gemv_cont 244.1
S 1789152904.035 gemv_cont 243.8
S 1789152904.040 gemv_cont 244.3
S 1789152904.046 gemv_cont 244.2
S 1789152904.051 gemv_cont 244.3
S 1789152904.057 gemv_cont 244.4
S 1789152904.062 gemv_cont 244.3
S 1789152904.068 gemv_cont 244.2
S 1789152904.073 gemv_cont 244.5
S 1789152904.079 gemv_cont 242.2
S 1789152904.084 gemv_cont 237.4
S 1789152904.090 gemv_cont 240.4
S 1789152904.096 gemv_cont 242.9
S 1789152904.101 gemv_cont 241.5
S 1789152904.107 gemv_cont 242.3
S 1789152904.112 gemv_cont 244.4
S 1789152904.118 gemv_cont 244.1
S 1789152904.123 gemv_cont 244.2
S 1789152904.129 gemv_cont 244.2
S 1789152904.134 gemv_cont 244.0
S 1789152904.140 gemv_cont 244.7
S 1789152904.145 gemv_cont 243.9
S 1789152904.151 gemv_cont 243.9
S 1789152904.156 gemv_cont 244.3
S 1789152904.162 gemv_cont 243.5
S 1789152904.167 gemv_cont 243.7
S 1789152904.173 gemv_cont 244.3
S 1789152904.178 gemv_cont 244.2
S 1789152904.184 gemv_cont 243.8
S 1789152904.189 gemv_cont 243.9
S 1789152904.195 gemv_cont 244.3
S 1789152904.200 gemv_cont 243.9
S 1789152904.206 gemv_cont 244.2
S 1789152904.211 gemv_cont 243.8
S 1789152904.217 gemv_cont 243.8
S 1789152904.222 gemv_cont 244.2
S 1789152904.228 gemv_cont 243.5
S 1789152904.234 gemv_cont 244.1
S 1789152904.239 gemv_cont 244.3
S 1789152904.245 gemv_cont 244.0
S 1789152904.250 gemv_cont 243.9
S 1789152904.256 gemv_cont 244.2
S 1789152904.261 gemv_cont 243.8
S 1789152904.267 gemv_cont 244.2
S 1789152904.272 gemv_cont 244.5
S 1789152904.278 gemv_cont 244.3
S 1789152904.283 gemv_cont 244.1
S 1789152904.289 gemv_cont 243.8
S 1789152904.294 gemv_cont 244.5
S 1789152904.300 gemv_cont 244.6
S 1789152904.305 gemv_cont 244.3
S 1789152904.311 gemv_cont 244.5
S 1789152904.316 gemv_cont 241.3
S 1789152904.322 gemv_cont 244.0
S 1789152904.327 gemv_cont 244.0
S 1789152904.333 gemv_cont 244.2
S 1789152904.338 gemv_cont 244.2
S 1789152904.344 gemv_cont 244.3
S 1789152904.349 gemv_cont 244.3
S 1789152904.355 gemv_cont 244.2
S 1789152904.360 gemv_cont 244.2
S 1789152904.366 gemv_cont 244.2
S 1789152904.371 gemv_cont 244.6
S 1789152904.377 gemv_cont 244.1
S 1789152904.382 gemv_cont 244.3
S 1789152904.388 gemv_cont 243.8
S 1789152904.393 gemv_cont 244.5
S 1789152904.399 gemv_cont 244.2
S 1789152904.404 gemv_cont 244.4
S 1789152904.410 gemv_cont 243.9
S 1789152904.415 gemv_cont 244.3
S 1789152904.421 gemv_cont 244.0
S 1789152904.426 gemv_cont 244.0
S 1789152904.432 gemv_cont 244.1
S 1789152904.437 gemv_cont 243.9
S 1789152904.443 gemv_cont 244.4
S 1789152904.448 gemv_cont 244.2
S 1789152904.454 gemv_cont 244.0
S 1789152904.459 gemv_cont 244.1
S 1789152904.465 gemv_cont 243.7
S 1789152904.470 gemv_cont 243.7
S 1789152904.476 gemv_cont 244.7
S 1789152904.481 gemv_cont 243.8
S 1789152904.487 gemv_cont 244.1
S 1789152904.493 gemv_cont 244.7
S 1789152904.498 gemv_cont 235.2
S 1789152904.504 gemv_cont 238.0
S 1789152904.510 gemv_cont 235.7
S 1789152904.515 gemv_cont 240.4
S 1789152904.521 gemv_cont 232.0
S 1789152904.527 gemv_cont 225.4
S 1789152904.532 gemv_cont 243.7
S 1789152904.538 gemv_cont 244.3
S 1789152904.543 gemv_cont 244.2
S 1789152904.549 gemv_cont 243.8
S 1789152904.554 gemv_cont 244.6
S 1789152904.560 gemv_cont 244.3
S 1789152904.566 gemv_cont 244.1
S 1789152904.571 gemv_cont 244.4
S 1789152904.577 gemv_cont 244.5
S 1789152904.582 gemv_cont 243.8
S 1789152904.588 gemv_cont 244.3
S 1789152904.593 gemv_cont 244.1
S 1789152904.599 gemv_cont 244.1
S 1789152904.604 gemv_cont 244.2
S 1789152904.610 gemv_cont 243.5
S 1789152904.615 gemv_cont 244.3
S 1789152904.621 gemv_cont 244.5
S 1789152904.626 gemv_cont 243.9
S 1789152904.632 gemv_cont 244.2
S 1789152904.637 gemv_cont 244.2
S 1789152904.643 gemv_cont 244.2
S 1789152904.648 gemv_cont 243.7
S 1789152904.654 gemv_cont 244.5
S 1789152904.659 gemv_cont 244.4
S 1789152904.665 gemv_cont 244.2
S 1789152904.670 gemv_cont 244.0
S 1789152904.676 gemv_cont 244.1
S 1789152904.681 gemv_cont 244.3
S 1789152904.687 gemv_cont 243.7
S 1789152904.692 gemv_cont 244.1
S 1789152904.698 gemv_cont 244.2
S 1789152904.703 gemv_cont 244.1
S 1789152904.709 gemv_cont 243.3
S 1789152904.714 gemv_cont 244.4
S 1789152904.720 gemv_cont 244.3
S 1789152904.725 gemv_cont 243.6
S 1789152904.731 gemv_cont 243.9
S 1789152904.736 gemv_cont 244.4
S 1789152904.742 gemv_cont 244.0
S 1789152904.747 gemv_cont 244.2
S 1789152904.753 gemv_cont 244.0
S 1789152904.758 gemv_cont 244.7
S 1789152904.764 gemv_cont 244.4
S 1789152904.769 gemv_cont 244.0
S 1789152904.775 gemv_cont 244.3
S 1789152904.780 gemv_cont 244.5
S 1789152904.786 gemv_cont 244.4
S 1789152904.791 gemv_cont 244.3
S 1789152904.797 gemv_cont 244.3
S 1789152904.802 gemv_cont 244.0
S 1789152904.808 gemv_cont 243.9
S 1789152904.813 gemv_cont 244.6
S 1789152904.819 gemv_cont 244.0
S 1789152904.824 gemv_cont 244.3
S 1789152904.830 gemv_cont 244.0
S 1789152904.835 gemv_cont 244.1
S 1789152904.841 gemv_cont 244.3
S 1789152904.846 gemv_cont 244.0
S 1789152904.852 gemv_cont 244.5
S 1789152904.857 gemv_cont 244.6
S 1789152904.863 gemv_cont 244.3
S 1789152904.869 gemv_cont 244.1
S 1789152904.874 gemv_cont 244.7
S 1789152904.880 gemv_cont 244.1
S 1789152904.885 gemv_cont 243.8
S 1789152904.891 gemv_cont 244.4
S 1789152904.896 gemv_cont 244.3
S 1789152904.902 gemv_cont 244.7
S 1789152904.907 gemv_cont 243.7
S 1789152904.913 gemv_cont 243.7
S 1789152904.918 gemv_cont 244.4
S 1789152904.924 gemv_cont 244.4
S 1789152904.929 gemv_cont 243.5
S 1789152904.935 gemv_cont 242.3
S 1789152904.940 gemv_cont 230.5
S 1789152904.946 gemv_cont 242.9
S 1789152904.952 gemv_cont 232.6
S 1789152904.957 gemv_cont 244.4
S 1789152904.963 gemv_cont 244.3
S 1789152904.968 gemv_cont 244.1
S 1789152904.974 gemv_cont 244.5
S 1789152904.979 gemv_cont 244.3
S 1789152904.985 gemv_cont 244.0
S 1789152904.990 gemv_cont 244.0
S 1789152904.996 gemv_cont 244.1
S 1789152905.001 gemv_cont 244.8
S 1789152905.007 gemv_cont 244.4
S 1789152905.012 gemv_cont 244.0
S 1789152905.018 gemv_cont 242.3
S 1789152905.024 gemv_cont 218.7
S 1789152905.030 gemv_cont 243.0
S 1789152905.035 gemv_cont 244.7
S 1789152905.041 gemv_cont 244.2
S 1789152905.046 gemv_cont 244.0
S 1789152905.052 gemv_cont 244.3
S 1789152905.057 gemv_cont 244.1
S 1789152905.063 gemv_cont 244.3
S 1789152905.068 gemv_cont 244.5
S 1789152905.074 gemv_cont 243.8
S 1789152905.079 gemv_cont 243.3
S 1789152905.085 gemv_cont 237.4
S 1789152905.091 gemv_cont 238.3
S 1789152905.096 gemv_cont 242.4
S 1789152905.102 gemv_cont 241.6
S 1789152905.107 gemv_cont 241.4
S 1789152905.113 gemv_cont 244.6
S 1789152905.118 gemv_cont 244.4
S 1789152905.124 gemv_cont 244.4
S 1789152905.129 gemv_cont 244.0
S 1789152905.135 gemv_cont 244.0
S 1789152905.140 gemv_cont 244.2
S 1789152905.146 gemv_cont 244.4
S 1789152905.151 gemv_cont 244.0
S 1789152905.157 gemv_cont 243.7
S 1789152905.162 gemv_cont 244.3
S 1789152905.168 gemv_cont 243.4
S 1789152905.173 gemv_cont 244.4
S 1789152905.179 gemv_cont 244.8
S 1789152905.184 gemv_cont 243.9
S 1789152905.190 gemv_cont 243.6
S 1789152905.195 gemv_cont 241.8
S 1789152905.201 gemv_cont 230.8
S 1789152905.207 gemv_cont 242.7
S 1789152905.213 gemv_cont 234.3
S 1789152905.218 gemv_cont 243.6
S 1789152905.224 gemv_cont 244.3
S 1789152905.229 gemv_cont 244.3
S 1789152905.235 gemv_cont 244.2
S 1789152905.240 gemv_cont 244.6
S 1789152905.246 gemv_cont 243.7
S 1789152905.251 gemv_cont 244.2
S 1789152905.257 gemv_cont 244.4
S 1789152905.262 gemv_cont 243.9
S 1789152905.268 gemv_cont 244.1
S 1789152905.273 gemv_cont 244.1
S 1789152905.279 gemv_cont 244.0
S 1789152905.284 gemv_cont 244.3
S 1789152905.290 gemv_cont 244.5
S 1789152905.295 gemv_cont 243.7
S 1789152905.301 gemv_cont 244.4
S 1789152905.306 gemv_cont 244.0
S 1789152905.312 gemv_cont 244.3
S 1789152905.317 gemv_cont 240.6
S 1789152905.323 gemv_cont 244.6
S 1789152905.328 gemv_cont 243.8
S 1789152905.334 gemv_cont 244.2
S 1789152905.339 gemv_cont 244.4
S 1789152905.345 gemv_cont 243.7
S 1789152905.350 gemv_cont 244.0
S 1789152905.356 gemv_cont 244.2
S 1789152905.361 gemv_cont 243.9
S 1789152905.367 gemv_cont 243.9
S 1789152905.372 gemv_cont 244.3
S 1789152905.378 gemv_cont 243.6
S 1789152905.383 gemv_cont 244.5
S 1789152905.389 gemv_cont 244.0
S 1789152905.394 gemv_cont 244.0
S 1789152905.400 gemv_cont 244.3
S 1789152905.405 gemv_cont 243.7
S 1789152905.411 gemv_cont 244.1
S 1789152905.417 gemv_cont 243.8
S 1789152905.422 gemv_cont 244.0
S 1789152905.428 gemv_cont 244.1
S 1789152905.433 gemv_cont 244.6
S 1789152905.439 gemv_cont 244.0
S 1789152905.444 gemv_cont 244.4
S 1789152905.450 gemv_cont 244.0
S 1789152905.455 gemv_cont 244.1
S 1789152905.461 gemv_cont 244.2
S 1789152905.466 gemv_cont 244.1
S 1789152905.472 gemv_cont 243.6
S 1789152905.477 gemv_cont 244.0
S 1789152905.483 gemv_cont 244.3
S 1789152905.488 gemv_cont 243.7
S 1789152905.494 gemv_cont 244.0
S 1789152905.499 gemv_cont 244.3
S 1789152905.505 gemv_cont 244.0
S 1789152905.510 gemv_cont 243.9
S 1789152905.516 gemv_cont 244.3
S 1789152905.522 gemv_cont 231.3
S 1789152905.527 gemv_cont 239.9
S 1789152905.533 gemv_cont 244.5
S 1789152905.538 gemv_cont 244.0
S 1789152905.544 gemv_cont 244.3
S 1789152905.549 gemv_cont 243.5
S 1789152905.555 gemv_cont 243.9
S 1789152905.560 gemv_cont 244.6
S 1789152905.566 gemv_cont 243.6
S 1789152905.571 gemv_cont 244.4
S 1789152905.577 gemv_cont 244.0
S 1789152905.582 gemv_cont 243.9
S 1789152905.588 gemv_cont 243.8
S 1789152905.593 gemv_cont 244.3
S 1789152905.599 gemv_cont 244.2
S 1789152905.604 gemv_cont 244.5
S 1789152905.610 gemv_cont 244.0
S 1789152905.615 gemv_cont 243.5
S 1789152905.621 gemv_cont 244.2
S 1789152905.626 gemv_cont 243.9
S 1789152905.632 gemv_cont 243.9
S 1789152905.638 gemv_cont 244.2
S 1789152905.643 gemv_cont 244.3
S 1789152905.649 gemv_cont 243.8
S 1789152905.654 gemv_cont 244.0
S 1789152905.660 gemv_cont 244.5
S 1789152905.665 gemv_cont 244.2
S 1789152905.671 gemv_cont 244.3
S 1789152905.676 gemv_cont 244.2
S 1789152905.682 gemv_cont 244.3
S 1789152905.687 gemv_cont 244.0
S 1789152905.693 gemv_cont 244.0
S 1789152905.698 gemv_cont 244.3
S 1789152905.704 gemv_cont 244.4
S 1789152905.709 gemv_cont 243.4
S 1789152905.715 gemv_cont 244.2
S 1789152905.720 gemv_cont 244.3
S 1789152905.726 gemv_cont 244.2
S 1789152905.731 gemv_cont 243.8
S 1789152905.737 gemv_cont 244.5
S 1789152905.742 gemv_cont 244.2
S 1789152905.748 gemv_cont 244.0
S 1789152905.753 gemv_cont 244.5
S 1789152905.759 gemv_cont 243.9
S 1789152905.764 gemv_cont 244.3
S 1789152905.770 gemv_cont 244.2
S 1789152905.775 gemv_cont 244.7
S 1789152905.781 gemv_cont 244.4
S 1789152905.786 gemv_cont 243.7
S 1789152905.792 gemv_cont 244.2
S 1789152905.797 gemv_cont 244.2
S 1789152905.803 gemv_cont 244.2
S 1789152905.808 gemv_cont 243.7
S 1789152905.814 gemv_cont 244.2
S 1789152905.819 gemv_cont 244.5
S 1789152905.825 gemv_cont 244.1
S 1789152905.830 gemv_cont 244.0
S 1789152905.836 gemv_cont 244.2
S 1789152905.841 gemv_cont 244.2
S 1789152905.847 gemv_cont 244.2
S 1789152905.852 gemv_cont 243.9
S 1789152905.858 gemv_cont 244.3
S 1789152905.863 gemv_cont 244.4
S 1789152905.869 gemv_cont 243.8
S 1789152905.874 gemv_cont 244.5
S 1789152905.880 gemv_cont 244.4
S 1789152905.885 gemv_cont 244.0
S 1789152905.891 gemv_cont 244.1
S 1789152905.896 gemv_cont 244.3
S 1789152905.902 gemv_cont 244.3
S 1789152905.907 gemv_cont 243.8
S 1789152905.913 gemv_cont 244.6
S 1789152905.918 gemv_cont 244.2
S 1789152905.924 gemv_cont 244.5
S 1789152905.929 gemv_cont 244.1
S 1789152905.935 gemv_cont 243.9
S 1789152905.940 gemv_cont 244.3
S 1789152905.946 gemv_cont 244.0
S 1789152905.952 gemv_cont 244.1
S 1789152905.957 gemv_cont 244.5
S 1789152905.963 gemv_cont 244.4
S 1789152905.968 gemv_cont 243.9
S 1789152905.974 gemv_cont 244.3
S 1789152905.979 gemv_cont 244.0
S 1789152905.985 gemv_cont 244.2
S 1789152905.990 gemv_cont 244.2
S 1789152905.996 gemv_cont 244.2
S 1789152906.001 gemv_cont 244.2
S 1789152906.007 gemv_cont 244.2
S 1789152906.012 gemv_cont 244.3
S 1789152906.018 gemv_cont 243.5
S 1789152906.024 gemv_cont 217.5
S 1789152906.029 gemv_cont 241.5
S 1789152906.035 gemv_cont 243.9
S 1789152906.040 gemv_cont 244.3
S 1789152906.046 gemv_cont 243.6
S 1789152906.051 gemv_cont 244.1
S 1789152906.057 gemv_cont 244.3
S 1789152906.062 gemv_cont 244.2
S 1789152906.068 gemv_cont 244.1
S 1789152906.073 gemv_cont 244.5
S 1789152906.079 gemv_cont 243.7
S 1789152906.085 gemv_cont 236.6
S 1789152906.090 gemv_cont 238.7
S 1789152906.096 gemv_cont 242.1
S 1789152906.101 gemv_cont 243.4
S 1789152906.107 gemv_cont 243.1
S 1789152906.112 gemv_cont 244.2
S 1789152906.118 gemv_cont 244.6
S 1789152906.123 gemv_cont 243.9
S 1789152906.129 gemv_cont 243.9
S 1789152906.134 gemv_cont 244.4
S 1789152906.140 gemv_cont 244.2
S 1789152906.145 gemv_cont 244.1
S 1789152906.151 gemv_cont 244.3
S 1789152906.156 gemv_cont 244.1
S 1789152906.162 gemv_cont 244.1
S 1789152906.168 gemv_cont 244.2
S 1789152906.173 gemv_cont 244.1
S 1789152906.179 gemv_cont 244.4
S 1789152906.184 gemv_cont 244.3
S 1789152906.190 gemv_cont 243.9
S 1789152906.195 gemv_cont 244.4
S 1789152906.201 gemv_cont 244.3
S 1789152906.206 gemv_cont 243.8
S 1789152906.212 gemv_cont 244.4
S 1789152906.217 gemv_cont 243.9
S 1789152906.223 gemv_cont 244.5
S 1789152906.228 gemv_cont 244.0
S 1789152906.234 gemv_cont 244.2
S 1789152906.239 gemv_cont 244.0
S 1789152906.245 gemv_cont 244.5
S 1789152906.250 gemv_cont 243.9
S 1789152906.256 gemv_cont 244.1
S 1789152906.261 gemv_cont 244.4
S 1789152906.267 gemv_cont 243.5
S 1789152906.272 gemv_cont 244.7
S 1789152906.278 gemv_cont 244.5
S 1789152906.283 gemv_cont 243.9
S 1789152906.289 gemv_cont 243.7
S 1789152906.294 gemv_cont 244.2
S 1789152906.300 gemv_cont 243.8
S 1789152906.305 gemv_cont 244.1
S 1789152906.311 gemv_cont 243.9
S 1789152906.316 gemv_cont 240.5
S 1789152906.322 gemv_cont 244.2
S 1789152906.327 gemv_cont 244.3
S 1789152906.333 gemv_cont 243.8
S 1789152906.338 gemv_cont 244.3
S 1789152906.344 gemv_cont 244.0
S 1789152906.349 gemv_cont 244.3
S 1789152906.355 gemv_cont 244.4
S 1789152906.360 gemv_cont 244.4
S 1789152906.366 gemv_cont 244.3
S 1789152906.371 gemv_cont 243.9
S 1789152906.377 gemv_cont 243.9
S 1789152906.382 gemv_cont 244.3
S 1789152906.388 gemv_cont 244.5
S 1789152906.393 gemv_cont 243.9
S 1789152906.399 gemv_cont 244.1
S 1789152906.404 gemv_cont 244.5
S 1789152906.410 gemv_cont 244.3
S 1789152906.416 gemv_cont 243.8
S 1789152906.421 gemv_cont 244.4
S 1789152906.427 gemv_cont 244.0
S 1789152906.432 gemv_cont 244.1
S 1789152906.438 gemv_cont 244.1
S 1789152906.443 gemv_cont 243.9
S 1789152906.449 gemv_cont 244.4
S 1789152906.454 gemv_cont 244.5
S 1789152906.460 gemv_cont 244.1
S 1789152906.465 gemv_cont 244.2
S 1789152906.471 gemv_cont 244.5
S 1789152906.476 gemv_cont 244.4
S 1789152906.482 gemv_cont 244.0
S 1789152906.487 gemv_cont 244.0
S 1789152906.493 gemv_cont 243.8
S 1789152906.498 gemv_cont 244.0
S 1789152906.504 gemv_cont 244.5
S 1789152906.509 gemv_cont 243.9
S 1789152906.515 gemv_cont 244.3
S 1789152906.520 gemv_cont 234.6
S 1789152906.526 gemv_cont 226.1
S 1789152906.532 gemv_cont 244.6
S 1789152906.537 gemv_cont 244.3
S 1789152906.543 gemv_cont 244.1
S 1789152906.548 gemv_cont 244.2
S 1789152906.554 gemv_cont 244.0
S 1789152906.559 gemv_cont 244.1
S 1789152906.565 gemv_cont 244.5
S 1789152906.570 gemv_cont 244.0
S 1789152906.576 gemv_cont 244.1
S 1789152906.581 gemv_cont 244.3
S 1789152906.587 gemv_cont 244.1
S 1789152906.592 gemv_cont 244.6
S 1789152906.598 gemv_cont 244.6
S 1789152906.603 gemv_cont 244.1
S 1789152906.609 gemv_cont 243.8
S 1789152906.614 gemv_cont 244.4
S 1789152906.620 gemv_cont 244.1
S 1789152906.626 gemv_cont 243.9
S 1789152906.631 gemv_cont 243.8
S 1789152906.637 gemv_cont 243.9
S 1789152906.642 gemv_cont 244.6
S 1789152906.648 gemv_cont 243.8
S 1789152906.653 gemv_cont 244.0
S 1789152906.659 gemv_cont 244.5
S 1789152906.664 gemv_cont 244.4
S 1789152906.670 gemv_cont 243.5
S 1789152906.675 gemv_cont 244.1
S 1789152906.681 gemv_cont 244.0
S 1789152906.686 gemv_cont 244.0
S 1789152906.692 gemv_cont 244.1
S 1789152906.697 gemv_cont 244.1
S 1789152906.703 gemv_cont 244.8
S 1789152906.708 gemv_cont 244.3
S 1789152906.714 gemv_cont 243.9
S 1789152906.719 gemv_cont 244.0
S 1789152906.725 gemv_cont 244.7
S 1789152906.730 gemv_cont 244.0
S 1789152906.736 gemv_cont 244.0
S 1789152906.741 gemv_cont 244.5
S 1789152906.747 gemv_cont 243.8
S 1789152906.752 gemv_cont 244.6
S 1789152906.758 gemv_cont 244.3
S 1789152906.763 gemv_cont 244.3
S 1789152906.769 gemv_cont 244.2
S 1789152906.774 gemv_cont 244.1
S 1789152906.780 gemv_cont 244.0
S 1789152906.785 gemv_cont 244.2
S 1789152906.791 gemv_cont 243.5
S 1789152906.796 gemv_cont 244.2
S 1789152906.802 gemv_cont 244.8
S 1789152906.807 gemv_cont 243.6
S 1789152906.813 gemv_cont 244.3
S 1789152906.818 gemv_cont 244.0
S 1789152906.824 gemv_cont 244.3
S 1789152906.829 gemv_cont 243.5
S 1789152906.835 gemv_cont 244.5
S 1789152906.840 gemv_cont 244.1
S 1789152906.846 gemv_cont 244.4
S 1789152906.851 gemv_cont 244.3
S 1789152906.857 gemv_cont 244.1
S 1789152906.862 gemv_cont 244.4
S 1789152906.868 gemv_cont 244.1
S 1789152906.873 gemv_cont 244.0
S 1789152906.879 gemv_cont 244.1
S 1789152906.884 gemv_cont 244.2
S 1789152906.890 gemv_cont 243.8
S 1789152906.895 gemv_cont 244.2
S 1789152906.901 gemv_cont 244.4
S 1789152906.907 gemv_cont 243.4
S 1789152906.912 gemv_cont 244.3
S 1789152906.918 gemv_cont 242.5
S 1789152906.923 gemv_cont 243.7
S 1789152906.929 gemv_cont 244.3
S 1789152906.934 gemv_cont 244.2
S 1789152906.940 gemv_cont 244.2
S 1789152906.945 gemv_cont 244.4
S 1789152906.951 gemv_cont 243.8
S 1789152906.956 gemv_cont 244.3
S 1789152906.962 gemv_cont 244.3
S 1789152906.967 gemv_cont 244.3
S 1789152906.973 gemv_cont 244.2
S 1789152906.978 gemv_cont 244.4
S 1789152906.984 gemv_cont 244.1
S 1789152906.989 gemv_cont 244.3
S 1789152906.995 gemv_cont 244.5
S 1789152907.000 gemv_cont 244.2
S 1789152907.006 gemv_cont 244.3
S 1789152907.011 gemv_cont 244.3
S 1789152907.017 gemv_cont 244.0
S 1789152907.023 gemv_cont 215.4
S 1789152907.029 gemv_cont 241.5
S 1789152907.034 gemv_cont 243.9
S 1789152907.040 gemv_cont 244.0
S 1789152907.045 gemv_cont 244.4
S 1789152907.051 gemv_cont 244.0
S 1789152907.056 gemv_cont 244.4
S 1789152907.062 gemv_cont 244.1
S 1789152907.067 gemv_cont 243.7
S 1789152907.073 gemv_cont 244.5
S 1789152907.078 gemv_cont 244.0
S 1789152907.084 gemv_cont 240.3
S 1789152907.089 gemv_cont 237.4
S 1789152907.095 gemv_cont 238.8
S 1789152907.101 gemv_cont 242.6
S 1789152907.106 gemv_cont 244.1
S 1789152907.112 gemv_cont 244.1
S 1789152907.117 gemv_cont 244.2
S 1789152907.123 gemv_cont 244.5
S 1789152907.128 gemv_cont 243.6
S 1789152907.134 gemv_cont 244.4
S 1789152907.139 gemv_cont 244.4
S 1789152907.145 gemv_cont 244.1
S 1789152907.150 gemv_cont 243.9
S 1789152907.156 gemv_cont 244.8
S 1789152907.161 gemv_cont 244.3
S 1789152907.167 gemv_cont 243.5
S 1789152907.172 gemv_cont 244.5
S 1789152907.178 gemv_cont 243.9
S 1789152907.183 gemv_cont 244.0
S 1789152907.189 gemv_cont 243.5
S 1789152907.194 gemv_cont 243.9
S 1789152907.200 gemv_cont 244.3
S 1789152907.205 gemv_cont 243.9
S 1789152907.211 gemv_cont 244.0
S 1789152907.216 gemv_cont 244.6
S 1789152907.222 gemv_cont 244.3
S 1789152907.227 gemv_cont 243.8
S 1789152907.233 gemv_cont 244.6
S 1789152907.238 gemv_cont 244.0
S 1789152907.244 gemv_cont 244.3
S 1789152907.249 gemv_cont 244.1
S 1789152907.255 gemv_cont 244.5
S 1789152907.260 gemv_cont 244.2
S 1789152907.266 gemv_cont 244.0
S 1789152907.271 gemv_cont 244.1
S 1789152907.277 gemv_cont 244.2
S 1789152907.282 gemv_cont 244.7
S 1789152907.288 gemv_cont 243.7
S 1789152907.293 gemv_cont 244.2
S 1789152907.299 gemv_cont 244.2
S 1789152907.304 gemv_cont 243.8
S 1789152907.310 gemv_cont 244.3
S 1789152907.315 gemv_cont 242.3
S 1789152907.321 gemv_cont 242.4
S 1789152907.327 gemv_cont 244.3
S 1789152907.332 gemv_cont 244.4
S 1789152907.338 gemv_cont 244.2
S 1789152907.343 gemv_cont 244.4
S 1789152907.349 gemv_cont 243.6
S 1789152907.354 gemv_cont 244.2
S 1789152907.360 gemv_cont 244.2
S 1789152907.365 gemv_cont 243.6
S 1789152907.371 gemv_cont 244.2
S 1789152907.376 gemv_cont 244.6
S 1789152907.382 gemv_cont 242.5
S 1789152907.387 gemv_cont 243.6
S 1789152907.393 gemv_cont 244.7
S 1789152907.398 gemv_cont 243.7
S 1789152907.404 gemv_cont 244.3
S 1789152907.409 gemv_cont 243.8
S 1789152907.415 gemv_cont 244.1
S 1789152907.420 gemv_cont 244.3
S 1789152907.426 gemv_cont 244.2
S 1789152907.431 gemv_cont 243.8
S 1789152907.437 gemv_cont 244.0
S 1789152907.442 gemv_cont 244.6
S 1789152907.448 gemv_cont 243.9
S 1789152907.453 gemv_cont 244.2
S 1789152907.459 gemv_cont 243.8
S 1789152907.464 gemv_cont 244.2
S 1789152907.470 gemv_cont 244.2
S 1789152907.475 gemv_cont 244.2
S 1789152907.481 gemv_cont 243.9
S 1789152907.486 gemv_cont 244.3
S 1789152907.492 gemv_cont 244.3
S 1789152907.497 gemv_cont 243.7
S 1789152907.503 gemv_cont 244.4
S 1789152907.508 gemv_cont 243.7
S 1789152907.514 gemv_cont 244.0
S 1789152907.520 gemv_cont 237.6
S 1789152907.526 gemv_cont 225.2
S 1789152907.531 gemv_cont 244.3
S 1789152907.537 gemv_cont 244.1
S 1789152907.542 gemv_cont 244.1
S 1789152907.548 gemv_cont 243.8
S 1789152907.553 gemv_cont 244.6
S 1789152907.559 gemv_cont 243.8
S 1789152907.564 gemv_cont 244.8
S 1789152907.570 gemv_cont 244.2
S 1789152907.575 gemv_cont 244.1
S 1789152907.581 gemv_cont 244.3
S 1789152907.586 gemv_cont 243.9
S 1789152907.592 gemv_cont 243.9
S 1789152907.597 gemv_cont 244.3
S 1789152907.603 gemv_cont 244.3
S 1789152907.608 gemv_cont 243.9
S 1789152907.614 gemv_cont 244.4
S 1789152907.619 gemv_cont 244.1
S 1789152907.625 gemv_cont 243.8
S 1789152907.630 gemv_cont 244.1
S 1789152907.636 gemv_cont 243.9
S 1789152907.641 gemv_cont 244.5
S 1789152907.647 gemv_cont 243.6
S 1789152907.652 gemv_cont 244.2
S 1789152907.658 gemv_cont 244.0
S 1789152907.663 gemv_cont 244.5
S 1789152907.669 gemv_cont 243.7
S 1789152907.674 gemv_cont 243.8
S 1789152907.680 gemv_cont 244.6
S 1789152907.685 gemv_cont 243.8
S 1789152907.691 gemv_cont 244.1
S 1789152907.696 gemv_cont 244.3
S 1789152907.702 gemv_cont 244.2
S 1789152907.707 gemv_cont 244.0
S 1789152907.713 gemv_cont 244.3
S 1789152907.718 gemv_cont 243.9
S 1789152907.724 gemv_cont 244.1
S 1789152907.729 gemv_cont 243.7
S 1789152907.735 gemv_cont 244.3
S 1789152907.740 gemv_cont 244.2
S 1789152907.746 gemv_cont 244.1
S 1789152907.751 gemv_cont 244.1
S 1789152907.757 gemv_cont 244.3
S 1789152907.762 gemv_cont 244.2
S 1789152907.768 gemv_cont 243.6
S 1789152907.774 gemv_cont 244.3
S 1789152907.779 gemv_cont 244.1
S 1789152907.785 gemv_cont 244.3
S 1789152907.790 gemv_cont 244.4
S 1789152907.796 gemv_cont 244.1
S 1789152907.801 gemv_cont 244.6
S 1789152907.807 gemv_cont 244.1
S 1789152907.812 gemv_cont 244.2
S 1789152907.818 gemv_cont 244.2
S 1789152907.823 gemv_cont 244.5
S 1789152907.829 gemv_cont 244.0
S 1789152907.834 gemv_cont 244.5
S 1789152907.840 gemv_cont 244.3
S 1789152907.845 gemv_cont 244.1
S 1789152907.851 gemv_cont 244.1
S 1789152907.856 gemv_cont 244.1
S 1789152907.862 gemv_cont 244.3
S 1789152907.867 gemv_cont 244.2
S 1789152907.873 gemv_cont 244.3
S 1789152907.878 gemv_cont 244.2
S 1789152907.884 gemv_cont 244.1
S 1789152907.889 gemv_cont 243.8
S 1789152907.895 gemv_cont 244.1
S 1789152907.900 gemv_cont 244.4
S 1789152907.906 gemv_cont 244.5
S 1789152907.911 gemv_cont 243.6
S 1789152907.917 gemv_cont 244.5
S 1789152907.922 gemv_cont 244.2
S 1789152907.928 gemv_cont 243.7
S 1789152907.933 gemv_cont 244.5
S 1789152907.939 gemv_cont 244.0
S 1789152907.944 gemv_cont 244.6
S 1789152907.950 gemv_cont 244.2
S 1789152907.955 gemv_cont 244.3
S 1789152907.961 gemv_cont 244.4
S 1789152907.966 gemv_cont 244.0
S 1789152907.972 gemv_cont 244.1
S 1789152907.977 gemv_cont 244.2
S 1789152907.983 gemv_cont 244.4
S 1789152907.988 gemv_cont 243.8
S 1789152907.994 gemv_cont 244.6
S 1789152907.999 gemv_cont 243.8
S 1789152908.005 gemv_cont 243.8
S 1789152908.010 gemv_cont 243.7
S 1789152908.016 gemv_cont 244.2
S 1789152908.022 gemv_cont 233.9
S 1789152908.028 gemv_cont 225.1
S 1789152908.033 gemv_cont 244.4
S 1789152908.039 gemv_cont 243.7
S 1789152908.044 gemv_cont 244.2
S 1789152908.050 gemv_cont 243.9
S 1789152908.055 gemv_cont 244.4
S 1789152908.061 gemv_cont 244.1
S 1789152908.066 gemv_cont 244.4
S 1789152908.072 gemv_cont 243.8
S 1789152908.077 gemv_cont 244.4
S 1789152908.083 gemv_cont 243.5
S 1789152908.088 gemv_cont 237.7
S 1789152908.094 gemv_cont 238.9
S 1789152908.100 gemv_cont 241.3
S 1789152908.105 gemv_cont 242.5
S 1789152908.111 gemv_cont 244.6
S 1789152908.116 gemv_cont 244.5
S 1789152908.122 gemv_cont 244.3
S 1789152908.127 gemv_cont 244.0
S 1789152908.133 gemv_cont 244.4
S 1789152908.138 gemv_cont 244.5
S 1789152908.144 gemv_cont 244.6
S 1789152908.149 gemv_cont 243.8
S 1789152908.155 gemv_cont 244.0
S 1789152908.160 gemv_cont 244.4
S 1789152908.166 gemv_cont 244.2
S 1789152908.171 gemv_cont 244.1
S 1789152908.177 gemv_cont 243.8
S 1789152908.182 gemv_cont 244.0
S 1789152908.188 gemv_cont 244.0
S 1789152908.193 gemv_cont 244.0
S 1789152908.199 gemv_cont 244.4
S 1789152908.204 gemv_cont 243.7
S 1789152908.210 gemv_cont 243.7
S 1789152908.215 gemv_cont 244.3
S 1789152908.221 gemv_cont 244.8
S 1789152908.226 gemv_cont 243.8
S 1789152908.232 gemv_cont 244.3
S 1789152908.237 gemv_cont 244.4
S 1789152908.243 gemv_cont 244.0
S 1789152908.248 gemv_cont 243.8
S 1789152908.254 gemv_cont 244.5
S 1789152908.259 gemv_cont 244.0
S 1789152908.265 gemv_cont 243.9
S 1789152908.270 gemv_cont 244.1
S 1789152908.276 gemv_cont 244.4
S 1789152908.281 gemv_cont 244.2
S 1789152908.287 gemv_cont 243.7
S 1789152908.292 gemv_cont 244.2
S 1789152908.298 gemv_cont 244.2
S 1789152908.303 gemv_cont 244.4
S 1789152908.309 gemv_cont 243.5
S 1789152908.315 gemv_cont 244.0
S 1789152908.320 gemv_cont 241.2
S 1789152908.326 gemv_cont 243.9
S 1789152908.331 gemv_cont 244.1
S 1789152908.337 gemv_cont 243.9
S 1789152908.342 gemv_cont 244.2
S 1789152908.348 gemv_cont 244.3
S 1789152908.353 gemv_cont 243.9
S 1789152908.359 gemv_cont 243.9
S 1789152908.364 gemv_cont 244.6
S 1789152908.370 gemv_cont 243.8
S 1789152908.375 gemv_cont 244.2
S 1789152908.381 gemv_cont 243.9
S 1789152908.386 gemv_cont 243.8
S 1789152908.392 gemv_cont 244.3
S 1789152908.397 gemv_cont 243.9
S 1789152908.403 gemv_cont 244.2
S 1789152908.408 gemv_cont 243.8
S 1789152908.414 gemv_cont 244.3
S 1789152908.419 gemv_cont 243.8
S 1789152908.425 gemv_cont 244.1
S 1789152908.430 gemv_cont 244.0
S 1789152908.436 gemv_cont 244.3
S 1789152908.441 gemv_cont 243.7
S 1789152908.447 gemv_cont 243.9
S 1789152908.452 gemv_cont 244.4
S 1789152908.458 gemv_cont 244.4
S 1789152908.463 gemv_cont 244.6
S 1789152908.469 gemv_cont 244.0
S 1789152908.474 gemv_cont 244.6
S 1789152908.480 gemv_cont 243.9
S 1789152908.485 gemv_cont 243.7
S 1789152908.491 gemv_cont 244.3
S 1789152908.496 gemv_cont 244.2
S 1789152908.502 gemv_cont 243.9
S 1789152908.507 gemv_cont 243.8
S 1789152908.513 gemv_cont 244.6
S 1789152908.519 gemv_cont 243.5
S 1789152908.525 gemv_cont 221.8
S 1789152908.530 gemv_cont 241.9
S 1789152908.536 gemv_cont 244.5
S 1789152908.541 gemv_cont 244.3
S 1789152908.547 gemv_cont 244.3
S 1789152908.552 gemv_cont 244.5
S 1789152908.558 gemv_cont 244.4
S 1789152908.563 gemv_cont 243.8
S 1789152908.569 gemv_cont 243.7
S 1789152908.574 gemv_cont 244.2
S 1789152908.580 gemv_cont 244.0
S 1789152908.585 gemv_cont 244.3
S 1789152908.591 gemv_cont 243.8
S 1789152908.596 gemv_cont 243.9
S 1789152908.602 gemv_cont 244.2
S 1789152908.607 gemv_cont 243.7
S 1789152908.613 gemv_cont 243.7
S 1789152908.618 gemv_cont 244.3
S 1789152908.624 gemv_cont 244.3
S 1789152908.629 gemv_cont 243.9
S 1789152908.635 gemv_cont 244.1
S 1789152908.640 gemv_cont 243.8
S 1789152908.646 gemv_cont 244.1
S 1789152908.651 gemv_cont 243.9
S 1789152908.657 gemv_cont 244.2
S 1789152908.662 gemv_cont 244.0
S 1789152908.668 gemv_cont 244.1
S 1789152908.673 gemv_cont 244.4
S 1789152908.679 gemv_cont 244.2
S 1789152908.684 gemv_cont 244.5
S 1789152908.690 gemv_cont 243.6
S 1789152908.695 gemv_cont 244.4
S 1789152908.701 gemv_cont 244.5
S 1789152908.706 gemv_cont 243.9
S 1789152908.712 gemv_cont 244.0
S 1789152908.717 gemv_cont 244.4
S 1789152908.723 gemv_cont 243.7
S 1789152908.729 gemv_cont 243.6
S 1789152908.734 gemv_cont 244.4
S 1789152908.740 gemv_cont 243.8
S 1789152908.745 gemv_cont 244.3
S 1789152908.751 gemv_cont 244.2
S 1789152908.756 gemv_cont 244.1
S 1789152908.762 gemv_cont 244.2
S 1789152908.767 gemv_cont 243.9
S 1789152908.773 gemv_cont 243.7
S 1789152908.778 gemv_cont 244.2
S 1789152908.784 gemv_cont 244.2
S 1789152908.789 gemv_cont 243.9
S 1789152908.795 gemv_cont 244.4
S 1789152908.800 gemv_cont 244.2
S 1789152908.806 gemv_cont 243.6
S 1789152908.811 gemv_cont 243.7
S 1789152908.817 gemv_cont 243.8
S 1789152908.822 gemv_cont 244.0
S 1789152908.828 gemv_cont 243.8
S 1789152908.833 gemv_cont 243.7
S 1789152908.839 gemv_cont 244.4
S 1789152908.844 gemv_cont 244.0
S 1789152908.850 gemv_cont 243.8
S 1789152908.855 gemv_cont 244.0
S 1789152908.861 gemv_cont 244.3
S 1789152908.866 gemv_cont 243.9
S 1789152908.872 gemv_cont 243.7
S 1789152908.877 gemv_cont 243.9
S 1789152908.883 gemv_cont 244.3
S 1789152908.888 gemv_cont 243.8
S 1789152908.894 gemv_cont 244.2
S 1789152908.899 gemv_cont 243.9
S 1789152908.905 gemv_cont 243.7
S 1789152908.910 gemv_cont 243.9
S 1789152908.916 gemv_cont 244.2
S 1789152908.921 gemv_cont 244.2
S 1789152908.927 gemv_cont 243.7
S 1789152908.933 gemv_cont 244.1
S 1789152908.938 gemv_cont 244.4
S 1789152908.944 gemv_cont 243.9
S 1789152908.949 gemv_cont 243.9
S 1789152908.955 gemv_cont 244.5
S 1789152908.960 gemv_cont 243.9
S 1789152908.966 gemv_cont 244.1
S 1789152908.971 gemv_cont 244.0
S 1789152908.977 gemv_cont 243.8
S 1789152908.982 gemv_cont 244.4
S 1789152908.988 gemv_cont 244.1
S 1789152908.993 gemv_cont 244.1
S 1789152908.999 gemv_cont 244.4
S 1789152909.004 gemv_cont 244.6
S 1789152909.010 gemv_cont 243.7
S 1789152909.015 gemv_cont 244.3
S 1789152909.021 gemv_cont 236.3
S 1789152909.027 gemv_cont 223.1
S 1789152909.033 gemv_cont 244.5
S 1789152909.038 gemv_cont 244.3
S 1789152909.044 gemv_cont 244.4
S 1789152909.049 gemv_cont 243.6
S 1789152909.055 gemv_cont 244.0
S 1789152909.060 gemv_cont 244.2
S 1789152909.066 gemv_cont 243.6
S 1789152909.071 gemv_cont 243.8
S 1789152909.077 gemv_cont 244.3
S 1789152909.082 gemv_cont 244.5
S 1789152909.088 gemv_cont 240.2
S 1789152909.093 gemv_cont 238.2
S 1789152909.099 gemv_cont 240.5
S 1789152909.105 gemv_cont 243.1
S 1789152909.110 gemv_cont 244.0
S 1789152909.116 gemv_cont 244.1
S 1789152909.121 gemv_cont 244.3
S 1789152909.127 gemv_cont 244.0
S 1789152909.132 gemv_cont 244.3
S 1789152909.138 gemv_cont 244.3
S 1789152909.143 gemv_cont 244.1
S 1789152909.149 gemv_cont 243.8
S 1789152909.154 gemv_cont 244.3
S 1789152909.160 gemv_cont 244.1
S 1789152909.165 gemv_cont 243.7
S 1789152909.171 gemv_cont 243.9
S 1789152909.176 gemv_cont 243.8
S 1789152909.182 gemv_cont 243.9
S 1789152909.187 gemv_cont 243.8
S 1789152909.193 gemv_cont 244.1
S 1789152909.198 gemv_cont 244.2
S 1789152909.204 gemv_cont 243.6
S 1789152909.209 gemv_cont 243.6
S 1789152909.215 gemv_cont 244.2
S 1789152909.220 gemv_cont 244.1
S 1789152909.226 gemv_cont 244.3
S 1789152909.231 gemv_cont 243.5
S 1789152909.237 gemv_cont 244.4
S 1789152909.242 gemv_cont 244.0
S 1789152909.248 gemv_cont 243.8
S 1789152909.253 gemv_cont 244.3
S 1789152909.259 gemv_cont 243.8
S 1789152909.264 gemv_cont 243.9
S 1789152909.270 gemv_cont 243.6
S 1789152909.275 gemv_cont 244.4
S 1789152909.281 gemv_cont 244.2
S 1789152909.286 gemv_cont 243.9
S 1789152909.292 gemv_cont 243.9
S 1789152909.297 gemv_cont 243.8
S 1789152909.303 gemv_cont 243.8
S 1789152909.308 gemv_cont 243.7
S 1789152909.314 gemv_cont 244.4
S 1789152909.320 gemv_cont 240.5
S 1789152909.325 gemv_cont 243.8
S 1789152909.331 gemv_cont 243.9
S 1789152909.336 gemv_cont 244.3
S 1789152909.342 gemv_cont 243.7
S 1789152909.347 gemv_cont 244.0
S 1789152909.353 gemv_cont 244.1
S 1789152909.358 gemv_cont 244.0
S 1789152909.364 gemv_cont 244.4
S 1789152909.369 gemv_cont 244.1
S 1789152909.375 gemv_cont 244.1
S 1789152909.380 gemv_cont 244.0
S 1789152909.386 gemv_cont 244.1
S 1789152909.391 gemv_cont 243.8
S 1789152909.397 gemv_cont 244.0
S 1789152909.402 gemv_cont 243.9
S 1789152909.408 gemv_cont 243.8
S 1789152909.413 gemv_cont 244.5
S 1789152909.419 gemv_cont 243.8
S 1789152909.424 gemv_cont 244.0
S 1789152909.430 gemv_cont 244.3
S 1789152909.435 gemv_cont 244.4
S 1789152909.441 gemv_cont 244.0
S 1789152909.446 gemv_cont 244.1
S 1789152909.452 gemv_cont 244.5
S 1789152909.457 gemv_cont 244.2
S 1789152909.463 gemv_cont 244.0
S 1789152909.468 gemv_cont 243.8
S 1789152909.474 gemv_cont 244.2
S 1789152909.479 gemv_cont 244.1
S 1789152909.485 gemv_cont 243.9
S 1789152909.490 gemv_cont 244.2
S 1789152909.496 gemv_cont 244.3
S 1789152909.501 gemv_cont 243.5
S 1789152909.507 gemv_cont 244.1
S 1789152909.512 gemv_cont 244.2
S 1789152909.518 gemv_cont 243.8
S 1789152909.524 gemv_cont 221.6
S 1789152909.530 gemv_cont 240.6
S 1789152909.535 gemv_cont 244.1
S 1789152909.541 gemv_cont 244.2
S 1789152909.546 gemv_cont 243.8
S 1789152909.552 gemv_cont 244.2
S 1789152909.557 gemv_cont 244.2
S 1789152909.563 gemv_cont 244.1
S 1789152909.568 gemv_cont 244.0
S 1789152909.574 gemv_cont 244.8
S 1789152909.579 gemv_cont 244.3
S 1789152909.585 gemv_cont 244.2
S 1789152909.590 gemv_cont 244.0
S 1789152909.596 gemv_cont 243.8
S 1789152909.601 gemv_cont 244.2
S 1789152909.607 gemv_cont 244.1
S 1789152909.612 gemv_cont 243.7
S 1789152909.618 gemv_cont 243.9
S 1789152909.623 gemv_cont 244.5
S 1789152909.629 gemv_cont 243.0
S 1789152909.634 gemv_cont 244.3
S 1789152909.640 gemv_cont 244.2
S 1789152909.645 gemv_cont 243.9
S 1789152909.651 gemv_cont 244.2
S 1789152909.656 gemv_cont 244.1
S 1789152909.662 gemv_cont 244.0
S 1789152909.667 gemv_cont 244.1
S 1789152909.673 gemv_cont 244.3
S 1789152909.678 gemv_cont 244.4
S 1789152909.684 gemv_cont 244.1
S 1789152909.689 gemv_cont 244.4
S 1789152909.695 gemv_cont 244.1
S 1789152909.701 gemv_cont 244.5
S 1789152909.706 gemv_cont 244.1
S 1789152909.712 gemv_cont 243.9
S 1789152909.717 gemv_cont 244.3
S 1789152909.723 gemv_cont 244.5
S 1789152909.728 gemv_cont 243.8
S 1789152909.734 gemv_cont 244.6
S 1789152909.739 gemv_cont 243.7
S 1789152909.745 gemv_cont 244.0
S 1789152909.750 gemv_cont 243.9
S 1789152909.756 gemv_cont 244.0
S 1789152909.761 gemv_cont 244.2
S 1789152909.767 gemv_cont 244.0
S 1789152909.772 gemv_cont 244.2
S 1789152909.778 gemv_cont 244.2
S 1789152909.783 gemv_cont 244.3
S 1789152909.789 gemv_cont 243.4
S 1789152909.794 gemv_cont 243.8
S 1789152909.800 gemv_cont 244.2
S 1789152909.805 gemv_cont 243.9
S 1789152909.811 gemv_cont 244.2
S 1789152909.816 gemv_cont 244.2
S 1789152909.822 gemv_cont 244.0
S 1789152909.827 gemv_cont 244.2
S 1789152909.833 gemv_cont 244.2
S 1789152909.838 gemv_cont 244.0
S 1789152909.844 gemv_cont 243.9
S 1789152909.849 gemv_cont 243.5
S 1789152909.855 gemv_cont 244.1
S 1789152909.860 gemv_cont 244.3
S 1789152909.866 gemv_cont 244.2
S 1789152909.871 gemv_cont 244.1
S 1789152909.877 gemv_cont 244.8
S 1789152909.882 gemv_cont 244.2
S 1789152909.888 gemv_cont 244.0
S 1789152909.893 gemv_cont 244.5
S 1789152909.899 gemv_cont 244.0
S 1789152909.904 gemv_cont 244.0
S 1789152909.910 gemv_cont 243.9
S 1789152909.915 gemv_cont 244.2
S 1789152909.921 gemv_cont 244.5
S 1789152909.926 gemv_cont 244.0
S 1789152909.932 gemv_cont 243.9
S 1789152909.937 gemv_cont 244.5
S 1789152909.943 gemv_cont 244.4
S 1789152909.948 gemv_cont 243.7
S 1789152909.954 gemv_cont 244.3
S 1789152909.960 gemv_cont 244.4
S 1789152909.965 gemv_cont 243.9
S 1789152909.971 gemv_cont 244.2
S 1789152909.976 gemv_cont 244.0
S 1789152909.982 gemv_cont 244.4
S 1789152909.987 gemv_cont 244.1
S 1789152909.993 gemv_cont 243.9
S 1789152909.998 gemv_cont 243.9
S 1789152910.004 gemv_cont 244.4
S 1789152910.009 gemv_cont 243.2
S 1789152910.015 gemv_cont 244.5
S 1789152910.020 gemv_cont 241.1
S 1789152910.026 gemv_cont 219.9
S 1789152910.032 gemv_cont 243.0
S 1789152910.037 gemv_cont 244.1
S 1789152910.043 gemv_cont 244.3
S 1789152910.048 gemv_cont 243.8
S 1789152910.054 gemv_cont 243.8
S 1789152910.059 gemv_cont 244.1
S 1789152910.065 gemv_cont 244.2
S 1789152910.070 gemv_cont 244.0
S 1789152910.076 gemv_cont 243.7
S 1789152910.081 gemv_cont 244.0
S 1789152910.087 gemv_cont 242.7
S 1789152910.093 gemv_cont 237.3
S 1789152910.098 gemv_cont 240.2
S 1789152910.104 gemv_cont 242.8
S 1789152910.109 gemv_cont 241.4
S 1789152910.115 gemv_cont 243.4
S 1789152910.120 gemv_cont 243.9
S 1789152910.126 gemv_cont 244.1
S 1789152910.131 gemv_cont 244.2
S 1789152910.137 gemv_cont 244.3
S 1789152910.142 gemv_cont 244.2
S 1789152910.148 gemv_cont 244.1
S 1789152910.153 gemv_cont 244.0
S 1789152910.159 gemv_cont 243.6
S 1789152910.165 gemv_cont 244.3
S 1789152910.170 gemv_cont 243.5
S 1789152910.176 gemv_cont 244.2
S 1789152910.181 gemv_cont 244.0
S 1789152910.187 gemv_cont 243.7
S 1789152910.192 gemv_cont 243.7
S 1789152910.198 gemv_cont 244.0
S 1789152910.203 gemv_cont 243.4
S 1789152910.209 gemv_cont 243.7
S 1789152910.214 gemv_cont 244.3
S 1789152910.220 gemv_cont 244.1
S 1789152910.225 gemv_cont 244.2
S 1789152910.231 gemv_cont 244.1
S 1789152910.236 gemv_cont 243.6
S 1789152910.242 gemv_cont 244.0
S 1789152910.247 gemv_cont 243.4
S 1789152910.253 gemv_cont 243.9
S 1789152910.258 gemv_cont 244.1
S 1789152910.264 gemv_cont 244.0
S 1789152910.269 gemv_cont 243.9
S 1789152910.275 gemv_cont 243.9
S 1789152910.280 gemv_cont 244.2
S 1789152910.286 gemv_cont 243.6
S 1789152910.291 gemv_cont 243.9
S 1789152910.297 gemv_cont 243.8
S 1789152910.302 gemv_cont 244.3
S 1789152910.308 gemv_cont 243.7
S 1789152910.313 gemv_cont 244.0
S 1789152910.319 gemv_cont 240.2
S 1789152910.325 gemv_cont 244.0
S 1789152910.330 gemv_cont 243.8
S 1789152910.336 gemv_cont 244.4
S 1789152910.341 gemv_cont 243.8
S 1789152910.347 gemv_cont 243.8
S 1789152910.352 gemv_cont 242.9
S 1789152910.358 gemv_cont 243.3
S 1789152910.363 gemv_cont 242.9
S 1789152910.369 gemv_cont 242.9
S 1789152910.374 gemv_cont 242.7
S 1789152910.380 gemv_cont 243.6
S 1789152910.385 gemv_cont 244.4
S 1789152910.391 gemv_cont 244.2
S 1789152910.396 gemv_cont 243.6
S 1789152910.402 gemv_cont 243.5
S 1789152910.407 gemv_cont 243.7
S 1789152910.413 gemv_cont 244.1
S 1789152910.418 gemv_cont 243.8
S 1789152910.424 gemv_cont 244.4
S 1789152910.429 gemv_cont 243.9
S 1789152910.435 gemv_cont 244.0
S 1789152910.440 gemv_cont 244.1
S 1789152910.446 gemv_cont 244.0
S 1789152910.451 gemv_cont 244.2
S 1789152910.457 gemv_cont 243.7
S 1789152910.463 gemv_cont 244.0
S 1789152910.468 gemv_cont 244.2
S 1789152910.474 gemv_cont 243.9
S 1789152910.479 gemv_cont 244.2
S 1789152910.485 gemv_cont 244.2
S 1789152910.490 gemv_cont 243.7
S 1789152910.496 gemv_cont 244.3
S 1789152910.501 gemv_cont 244.2
S 1789152910.507 gemv_cont 243.9
S 1789152910.512 gemv_cont 244.3
S 1789152910.518 gemv_cont 244.2
S 1789152910.523 gemv_cont 232.4
S 1789152910.529 gemv_cont 229.6
S 1789152910.535 gemv_cont 244.2
S 1789152910.540 gemv_cont 244.3
S 1789152910.546 gemv_cont 244.1
S 1789152910.551 gemv_cont 244.3
S 1789152910.557 gemv_cont 244.0
S 1789152910.562 gemv_cont 244.0
S 1789152910.568 gemv_cont 243.2
S 1789152910.573 gemv_cont 243.6
S 1789152910.579 gemv_cont 244.5
S 1789152910.584 gemv_cont 243.8
S 1789152910.590 gemv_cont 243.7
S 1789152910.595 gemv_cont 244.1
S 1789152910.601 gemv_cont 244.5
S 1789152910.606 gemv_cont 243.7
S 1789152910.612 gemv_cont 244.2
S 1789152910.617 gemv_cont 244.0
S 1789152910.623 gemv_cont 244.3
S 1789152910.628 gemv_cont 243.9
S 1789152910.634 gemv_cont 243.6
S 1789152910.640 gemv_cont 243.7
S 1789152910.645 gemv_cont 244.3
S 1789152910.651 gemv_cont 243.7
S 1789152910.656 gemv_cont 243.9
S 1789152910.662 gemv_cont 244.2
S 1789152910.667 gemv_cont 243.7
S 1789152910.673 gemv_cont 244.4
S 1789152910.678 gemv_cont 244.1
S 1789152910.684 gemv_cont 244.3
S 1789152910.689 gemv_cont 243.4
S 1789152910.695 gemv_cont 244.3
S 1789152910.700 gemv_cont 243.6
S 1789152910.706 gemv_cont 244.4
S 1789152910.711 gemv_cont 243.7
S 1789152910.717 gemv_cont 243.9
S 1789152910.722 gemv_cont 243.8
S 1789152910.728 gemv_cont 243.8
S 1789152910.733 gemv_cont 243.5
S 1789152910.739 gemv_cont 244.4
S 1789152910.744 gemv_cont 244.2
S 1789152910.750 gemv_cont 244.0
S 1789152910.755 gemv_cont 244.3
S 1789152910.761 gemv_cont 243.7
S 1789152910.766 gemv_cont 243.9
S 1789152910.772 gemv_cont 244.0
S 1789152910.777 gemv_cont 244.1
S 1789152910.783 gemv_cont 243.7
S 1789152910.788 gemv_cont 243.9
S 1789152910.794 gemv_cont 243.6
S 1789152910.799 gemv_cont 244.2
S 1789152910.805 gemv_cont 244.1
S 1789152910.810 gemv_cont 243.8
S 1789152910.816 gemv_cont 244.1
S 1789152910.821 gemv_cont 243.8
S 1789152910.827 gemv_cont 243.9
S 1789152910.833 gemv_cont 244.0
S 1789152910.838 gemv_cont 243.8
S 1789152910.844 gemv_cont 243.8
S 1789152910.849 gemv_cont 243.8
S 1789152910.855 gemv_cont 243.7
S 1789152910.860 gemv_cont 244.5
S 1789152910.866 gemv_cont 243.9
S 1789152910.871 gemv_cont 243.6
S 1789152910.877 gemv_cont 244.0
S 1789152910.882 gemv_cont 244.3
S 1789152910.888 gemv_cont 243.7
S 1789152910.893 gemv_cont 244.3
S 1789152910.899 gemv_cont 244.0
S 1789152910.904 gemv_cont 243.8
S 1789152910.910 gemv_cont 243.9
S 1789152910.915 gemv_cont 244.4
S 1789152910.921 gemv_cont 244.1
S 1789152910.926 gemv_cont 243.4
S 1789152910.932 gemv_cont 244.2
S 1789152910.937 gemv_cont 244.1
S 1789152910.943 gemv_cont 244.4
S 1789152910.948 gemv_cont 243.1
S 1789152910.954 gemv_cont 243.9
S 1789152910.959 gemv_cont 244.1
S 1789152910.965 gemv_cont 243.9
S 1789152910.970 gemv_cont 243.5
S 1789152910.976 gemv_cont 244.0
S 1789152910.981 gemv_cont 244.0
S 1789152910.987 gemv_cont 243.9
S 1789152910.992 gemv_cont 244.2
S 1789152910.998 gemv_cont 244.0
S 1789152911.003 gemv_cont 243.8
S 1789152911.009 gemv_cont 243.9
S 1789152911.014 gemv_cont 243.7
S 1789152911.020 gemv_cont 243.3
S 1789152911.026 gemv_cont 219.6
S 1789152911.032 gemv_cont 242.3
S 1789152911.037 gemv_cont 244.7
S 1789152911.043 gemv_cont 243.9
S 1789152911.048 gemv_cont 243.7
S 1789152911.054 gemv_cont 244.0
S 1789152911.059 gemv_cont 244.2
S 1789152911.065 gemv_cont 243.9
S 1789152911.070 gemv_cont 243.8
S 1789152911.076 gemv_cont 244.3
S 1789152911.081 gemv_cont 244.4
S 1789152911.087 gemv_cont 243.3
S 1789152911.092 gemv_cont 238.7
S 1789152911.098 gemv_cont 238.8
S 1789152911.104 gemv_cont 241.0
S 1789152911.109 gemv_cont 241.6
S 1789152911.115 gemv_cont 242.8
S 1789152911.120 gemv_cont 244.5
S 1789152911.126 gemv_cont 243.5
S 1789152911.131 gemv_cont 243.9
S 1789152911.137 gemv_cont 244.5
S 1789152911.142 gemv_cont 244.0
S 1789152911.148 gemv_cont 244.3
S 1789152911.153 gemv_cont 243.9
S 1789152911.159 gemv_cont 244.4
S 1789152911.164 gemv_cont 244.4
S 1789152911.170 gemv_cont 243.9
S 1789152911.175 gemv_cont 243.7
S 1789152911.181 gemv_cont 244.0
S 1789152911.186 gemv_cont 243.4
S 1789152911.192 gemv_cont 243.4
S 1789152911.197 gemv_cont 244.1
S 1789152911.203 gemv_cont 244.2
S 1789152911.208 gemv_cont 243.9
S 1789152911.214 gemv_cont 244.2
S 1789152911.220 gemv_cont 244.1
S 1789152911.225 gemv_cont 244.0
S 1789152911.231 gemv_cont 243.8
S 1789152911.236 gemv_cont 243.7
S 1789152911.242 gemv_cont 243.7
S 1789152911.247 gemv_cont 243.8
S 1789152911.253 gemv_cont 244.1
S 1789152911.258 gemv_cont 244.0
S 1789152911.264 gemv_cont 244.0
S 1789152911.269 gemv_cont 243.6
S 1789152911.275 gemv_cont 244.0
S 1789152911.280 gemv_cont 244.4
S 1789152911.286 gemv_cont 244.1
S 1789152911.291 gemv_cont 244.0
S 1789152911.297 gemv_cont 244.0
S 1789152911.302 gemv_cont 243.8
S 1789152911.308 gemv_cont 243.9
S 1789152911.313 gemv_cont 243.8
S 1789152911.319 gemv_cont 240.2
S 1789152911.324 gemv_cont 243.7
S 1789152911.330 gemv_cont 244.2
S 1789152911.335 gemv_cont 243.4
S 1789152911.341 gemv_cont 244.1
S 1789152911.346 gemv_cont 243.8
S 1789152911.352 gemv_cont 244.0
S 1789152911.357 gemv_cont 244.0
S 1789152911.363 gemv_cont 244.1
S 1789152911.368 gemv_cont 243.8
S 1789152911.374 gemv_cont 244.4
S 1789152911.380 gemv_cont 243.7
S 1789152911.385 gemv_cont 243.9
S 1789152911.391 gemv_cont 244.2
S 1789152911.396 gemv_cont 244.1
S 1789152911.402 gemv_cont 243.8
S 1789152911.407 gemv_cont 243.8
S 1789152911.413 gemv_cont 244.2
S 1789152911.418 gemv_cont 244.0
S 1789152911.424 gemv_cont 244.0
S 1789152911.429 gemv_cont 243.7
S 1789152911.435 gemv_cont 244.2
S 1789152911.440 gemv_cont 243.9
S 1789152911.446 gemv_cont 243.7
S 1789152911.451 gemv_cont 244.4
S 1789152911.457 gemv_cont 244.0
S 1789152911.462 gemv_cont 243.8
S 1789152911.468 gemv_cont 243.5
S 1789152911.473 gemv_cont 244.1
S 1789152911.479 gemv_cont 243.7
S 1789152911.484 gemv_cont 244.3
S 1789152911.490 gemv_cont 244.1
S 1789152911.495 gemv_cont 244.2
S 1789152911.501 gemv_cont 243.8
S 1789152911.506 gemv_cont 243.6
S 1789152911.512 gemv_cont 243.8
S 1789152911.517 gemv_cont 244.0
S 1789152911.523 gemv_cont 234.0
S 1789152911.529 gemv_cont 222.2
S 1789152911.535 gemv_cont 244.4
S 1789152911.540 gemv_cont 244.0
S 1789152911.546 gemv_cont 243.8
S 1789152911.551 gemv_cont 244.4
S 1789152911.557 gemv_cont 244.5
S 1789152911.562 gemv_cont 244.3
S 1789152911.568 gemv_cont 244.1
S 1789152911.573 gemv_cont 243.4
S 1789152911.579 gemv_cont 244.1
S 1789152911.584 gemv_cont 244.0
S 1789152911.590 gemv_cont 243.4
S 1789152911.595 gemv_cont 244.1
S 1789152911.601 gemv_cont 244.2
S 1789152911.606 gemv_cont 243.5
S 1789152911.612 gemv_cont 244.0
S 1789152911.617 gemv_cont 244.3
S 1789152911.623 gemv_cont 244.0
S 1789152911.628 gemv_cont 243.8
S 1789152911.634 gemv_cont 244.6
S 1789152911.639 gemv_cont 244.2
S 1789152911.645 gemv_cont 244.4
S 1789152911.650 gemv_cont 243.7
S 1789152911.656 gemv_cont 244.2
S 1789152911.661 gemv_cont 244.1
S 1789152911.667 gemv_cont 243.6
S 1789152911.672 gemv_cont 243.9
S 1789152911.678 gemv_cont 244.1
S 1789152911.683 gemv_cont 243.8
S 1789152911.689 gemv_cont 244.0
S 1789152911.695 gemv_cont 244.2
S 1789152911.700 gemv_cont 243.8
S 1789152911.706 gemv_cont 243.8
S 1789152911.711 gemv_cont 244.0
S 1789152911.717 gemv_cont 244.1
S 1789152911.722 gemv_cont 244.3
S 1789152911.728 gemv_cont 244.0
S 1789152911.733 gemv_cont 243.8
S 1789152911.739 gemv_cont 244.3
S 1789152911.744 gemv_cont 244.2
S 1789152911.750 gemv_cont 243.5
S 1789152911.755 gemv_cont 244.7
S 1789152911.761 gemv_cont 243.8
S 1789152911.766 gemv_cont 243.5
S 1789152911.772 gemv_cont 243.7
S 1789152911.777 gemv_cont 244.4
S 1789152911.783 gemv_cont 243.9
S 1789152911.788 gemv_cont 244.1
S 1789152911.794 gemv_cont 243.5
S 1789152911.799 gemv_cont 244.0
S 1789152911.805 gemv_cont 244.0
S 1789152911.810 gemv_cont 243.7
S 1789152911.816 gemv_cont 244.1
S 1789152911.821 gemv_cont 244.2
S 1789152911.827 gemv_cont 243.5
S 1789152911.832 gemv_cont 243.7
S 1789152911.838 gemv_cont 244.2
S 1789152911.843 gemv_cont 244.0
S 1789152911.849 gemv_cont 243.6
S 1789152911.854 gemv_cont 244.2
S 1789152911.860 gemv_cont 243.5
S 1789152911.865 gemv_cont 243.8
S 1789152911.871 gemv_cont 243.5
S 1789152911.876 gemv_cont 244.3
S 1789152911.882 gemv_cont 244.1
S 1789152911.887 gemv_cont 244.4
S 1789152911.893 gemv_cont 243.9
BLOCK r1 gemv_cont GB/s   n=1811 min= 215.4 p10= 243.5 p50= 244.1 max= 244.8
S 1789152911.901 mm_duty 84.2
S 1789152911.940 mm_duty 83.5
S 1789152911.979 mm_duty 76.0
S 1789152912.018 mm_duty 75.9
S 1789152912.058 mm_duty 75.4
S 1789152912.097 mm_duty 75.8
S 1789152912.137 mm_duty 75.8
S 1789152912.176 mm_duty 75.9
S 1789152912.216 mm_duty 75.5
S 1789152912.256 mm_duty 75.8
S 1789152912.295 mm_duty 83.6
S 1789152912.334 mm_duty 83.2
S 1789152912.373 mm_duty 80.9
S 1789152912.412 mm_duty 83.9
S 1789152912.451 mm_duty 83.3
S 1789152912.489 mm_duty 83.7
S 1789152912.529 mm_duty 78.7
S 1789152912.568 mm_duty 83.1
S 1789152912.607 mm_duty 83.7
S 1789152912.646 mm_duty 83.2
S 1789152912.686 mm_duty 83.8
S 1789152912.725 mm_duty 83.8
S 1789152912.764 mm_duty 83.2
S 1789152912.803 mm_duty 81.6
S 1789152912.842 mm_duty 79.5
S 1789152912.881 mm_duty 80.1
S 1789152912.921 mm_duty 76.6
S 1789152912.961 mm_duty 75.9
S 1789152913.000 mm_duty 83.6
S 1789152913.039 mm_duty 83.2
S 1789152913.079 mm_duty 75.7
S 1789152913.118 mm_duty 76.1
S 1789152913.157 mm_duty 76.0
S 1789152913.197 mm_duty 75.3
S 1789152913.237 mm_duty 75.3
S 1789152913.277 mm_duty 75.8
S 1789152913.317 mm_duty 75.6
S 1789152913.357 mm_duty 75.8
S 1789152913.396 mm_duty 83.3
S 1789152913.434 mm_duty 83.7
S 1789152913.474 mm_duty 79.2
S 1789152913.512 mm_duty 82.0
S 1789152913.551 mm_duty 83.7
S 1789152913.589 mm_duty 83.7
S 1789152913.628 mm_duty 83.8
S 1789152913.666 mm_duty 83.7
S 1789152913.705 mm_duty 83.8
S 1789152913.743 mm_duty 83.5
S 1789152913.782 mm_duty 80.2
S 1789152913.821 mm_duty 76.3
S 1789152913.861 mm_duty 76.1
S 1789152913.900 mm_duty 75.6
S 1789152913.939 mm_duty 83.6
S 1789152913.978 mm_duty 75.7
S 1789152914.017 mm_duty 83.4
S 1789152914.056 mm_duty 83.1
S 1789152914.096 mm_duty 75.1
S 1789152914.135 mm_duty 76.9
S 1789152914.175 mm_duty 76.4
S 1789152914.214 mm_duty 79.0
S 1789152914.253 mm_duty 79.0
S 1789152914.292 mm_duty 81.2
S 1789152914.331 mm_duty 83.1
S 1789152914.370 mm_duty 83.1
S 1789152914.409 mm_duty 83.7
S 1789152914.448 mm_duty 83.8
S 1789152914.487 mm_duty 83.7
S 1789152914.526 mm_duty 77.0
S 1789152914.565 mm_duty 83.2
S 1789152914.604 mm_duty 82.9
S 1789152914.643 mm_duty 81.9
S 1789152914.682 mm_duty 83.2
S 1789152914.722 mm_duty 79.7
S 1789152914.761 mm_duty 77.0
S 1789152914.801 mm_duty 75.9
S 1789152914.841 mm_duty 75.8
S 1789152914.880 mm_duty 75.2
S 1789152914.920 mm_duty 75.3
S 1789152914.960 mm_duty 75.7
S 1789152915.000 mm_duty 75.7
S 1789152915.039 mm_duty 83.1
S 1789152915.078 mm_duty 75.3
S 1789152915.117 mm_duty 83.8
S 1789152915.156 mm_duty 76.0
S 1789152915.196 mm_duty 76.0
S 1789152915.236 mm_duty 75.9
S 1789152915.275 mm_duty 76.8
S 1789152915.314 mm_duty 79.1
S 1789152915.353 mm_duty 79.3
S 1789152915.392 mm_duty 82.4
S 1789152915.431 mm_duty 83.8
S 1789152915.470 mm_duty 83.7
S 1789152915.509 mm_duty 83.1
S 1789152915.548 mm_duty 83.8
S 1789152915.587 mm_duty 83.8
S 1789152915.625 mm_duty 83.7
S 1789152915.664 mm_duty 83.1
S 1789152915.703 mm_duty 81.9
S 1789152915.742 mm_duty 80.1
S 1789152915.781 mm_duty 82.9
S 1789152915.821 mm_duty 75.1
S 1789152915.861 mm_duty 76.1
S 1789152915.901 mm_duty 76.2
S 1789152915.940 mm_duty 75.8
S 1789152915.979 mm_duty 75.9
S 1789152916.019 mm_duty 75.9
S 1789152916.059 mm_duty 75.4
S 1789152916.098 mm_duty 75.7
S 1789152916.137 mm_duty 80.6
S 1789152916.175 mm_duty 83.8
S 1789152916.215 mm_duty 77.1
S 1789152916.255 mm_duty 76.6
S 1789152916.294 mm_duty 79.2
S 1789152916.333 mm_duty 79.6
S 1789152916.372 mm_duty 83.9
S 1789152916.411 mm_duty 83.8
S 1789152916.450 mm_duty 83.8
S 1789152916.489 mm_duty 83.5
S 1789152916.529 mm_duty 76.8
S 1789152916.567 mm_duty 83.2
S 1789152916.607 mm_duty 83.2
S 1789152916.646 mm_duty 83.2
S 1789152916.685 mm_duty 83.0
S 1789152916.724 mm_duty 82.9
S 1789152916.763 mm_duty 81.5
S 1789152916.802 mm_duty 79.4
S 1789152916.841 mm_duty 83.7
S 1789152916.881 mm_duty 75.9
S 1789152916.921 mm_duty 76.0
S 1789152916.960 mm_duty 75.5
S 1789152917.000 mm_duty 75.5
S 1789152917.041 mm_duty 76.3
S 1789152917.081 mm_duty 76.1
S 1789152917.120 mm_duty 75.7
S 1789152917.159 mm_duty 75.9
S 1789152917.198 mm_duty 83.7
S 1789152917.237 mm_duty 83.1
S 1789152917.276 mm_duty 83.3
S 1789152917.315 mm_duty 77.1
S 1789152917.354 mm_duty 79.1
S 1789152917.393 mm_duty 79.2
S 1789152917.433 mm_duty 79.2
S 1789152917.472 mm_duty 83.2
S 1789152917.511 mm_duty 83.1
S 1789152917.551 mm_duty 83.8
S 1789152917.590 mm_duty 83.5
S 1789152917.629 mm_duty 83.2
S 1789152917.668 mm_duty 83.2
S 1789152917.707 mm_duty 83.1
S 1789152917.745 mm_duty 83.7
S 1789152917.784 mm_duty 83.6
S 1789152917.823 mm_duty 81.6
S 1789152917.862 mm_duty 81.5
S 1789152917.901 mm_duty 83.6
S 1789152917.940 mm_duty 83.0
S 1789152917.980 mm_duty 75.1
S 1789152918.020 mm_duty 75.9
S 1789152918.059 mm_duty 75.8
S 1789152918.098 mm_duty 75.2
S 1789152918.138 mm_duty 76.2
S 1789152918.177 mm_duty 75.8
S 1789152918.217 mm_duty 76.1
S 1789152918.256 mm_duty 83.2
S 1789152918.295 mm_duty 83.1
S 1789152918.335 mm_duty 76.8
S 1789152918.374 mm_duty 79.1
S 1789152918.413 mm_duty 83.2
S 1789152918.451 mm_duty 83.8
S 1789152918.491 mm_duty 83.8
S 1789152918.530 mm_duty 79.3
S 1789152918.569 mm_duty 82.9
S 1789152918.608 mm_duty 83.8
S 1789152918.647 mm_duty 83.7
S 1789152918.686 mm_duty 83.2
S 1789152918.725 mm_duty 83.2
S 1789152918.764 mm_duty 83.1
S 1789152918.803 mm_duty 81.9
S 1789152918.842 mm_duty 79.4
S 1789152918.882 mm_duty 79.9
S 1789152918.921 mm_duty 77.9
S 1789152918.960 mm_duty 83.7
S 1789152919.000 mm_duty 83.8
S 1789152919.039 mm_duty 76.0
S 1789152919.079 mm_duty 75.4
S 1789152919.118 mm_duty 75.9
S 1789152919.158 mm_duty 75.8
S 1789152919.198 mm_duty 75.6
S 1789152919.237 mm_duty 75.5
S 1789152919.277 mm_duty 75.8
S 1789152919.316 mm_duty 82.7
S 1789152919.355 mm_duty 83.2
S 1789152919.393 mm_duty 83.9
S 1789152919.432 mm_duty 83.1
S 1789152919.471 mm_duty 82.9
S 1789152919.510 mm_duty 83.7
S 1789152919.549 mm_duty 83.8
S 1789152919.588 mm_duty 83.8
S 1789152919.626 mm_duty 83.8
S 1789152919.665 mm_duty 83.8
S 1789152919.704 mm_duty 83.8
S 1789152919.743 mm_duty 81.8
S 1789152919.782 mm_duty 79.7
S 1789152919.822 mm_duty 78.3
S 1789152919.861 mm_duty 77.2
S 1789152919.901 mm_duty 75.9
S 1789152919.941 mm_duty 75.4
S 1789152919.980 mm_duty 75.6
S 1789152920.019 mm_duty 83.7
S 1789152920.058 mm_duty 82.9
S 1789152920.098 mm_duty 75.9
S 1789152920.137 mm_duty 75.8
S 1789152920.176 mm_duty 75.9
S 1789152920.216 mm_duty 75.4
S 1789152920.256 mm_duty 76.1
S 1789152920.296 mm_duty 75.8
S 1789152920.335 mm_duty 75.6
S 1789152920.374 mm_duty 83.9
S 1789152920.413 mm_duty 82.2
S 1789152920.452 mm_duty 81.6
S 1789152920.491 mm_duty 83.8
S 1789152920.531 mm_duty 79.5
S 1789152920.570 mm_duty 83.8
S 1789152920.609 mm_duty 83.1
S 1789152920.648 mm_duty 83.8
S 1789152920.687 mm_duty 83.8
S 1789152920.725 mm_duty 83.9
S 1789152920.764 mm_duty 83.1
S 1789152920.803 mm_duty 82.4
S 1789152920.842 mm_duty 79.6
S 1789152920.881 mm_duty 80.2
S 1789152920.921 mm_duty 76.9
S 1789152920.961 mm_duty 76.2
S 1789152921.001 mm_duty 75.5
S 1789152921.040 mm_duty 76.1
S 1789152921.079 mm_duty 83.1
S 1789152921.117 mm_duty 83.7
S 1789152921.157 mm_duty 76.0
S 1789152921.196 mm_duty 75.5
S 1789152921.236 mm_duty 75.2
S 1789152921.276 mm_duty 75.7
S 1789152921.316 mm_duty 75.9
S 1789152921.356 mm_duty 75.9
S 1789152921.395 mm_duty 75.5
S 1789152921.435 mm_duty 77.2
S 1789152921.474 mm_duty 83.2
S 1789152921.513 mm_duty 78.5
S 1789152921.552 mm_duty 82.4
S 1789152921.591 mm_duty 83.2
S 1789152921.630 mm_duty 83.1
S 1789152921.669 mm_duty 83.1
S 1789152921.708 mm_duty 83.9
S 1789152921.747 mm_duty 83.0
S 1789152921.786 mm_duty 83.2
S 1789152921.825 mm_duty 83.9
S 1789152921.864 mm_duty 83.8
BLOCK r1 mm_duty   TFLOPS n= 255 min=  75.1 p10=  75.6 p50=  81.5 max=  84.2
S 1789152921.899 copy_cont 233.6
S 1789152921.904 copy_cont 243.9
S 1789152921.908 copy_cont 243.9
S 1789152921.913 copy_cont 243.4
S 1789152921.917 copy_cont 239.3
S 1789152921.922 copy_cont 231.7
S 1789152921.926 copy_cont 235.8
S 1789152921.931 copy_cont 241.4
S 1789152921.935 copy_cont 242.2
S 1789152921.940 copy_cont 232.3
S 1789152921.945 copy_cont 236.9
S 1789152921.949 copy_cont 241.6
S 1789152921.953 copy_cont 244.3
S 1789152921.958 copy_cont 244.4
S 1789152921.962 copy_cont 243.3
S 1789152921.967 copy_cont 244.0
S 1789152921.971 copy_cont 244.3
S 1789152921.975 copy_cont 243.7
S 1789152921.980 copy_cont 243.9
S 1789152921.984 copy_cont 244.3
S 1789152921.989 copy_cont 244.1
S 1789152921.993 copy_cont 243.6
S 1789152921.998 copy_cont 244.0
S 1789152922.002 copy_cont 244.4
S 1789152922.006 copy_cont 243.3
S 1789152922.011 copy_cont 244.0
S 1789152922.015 copy_cont 244.0
S 1789152922.020 copy_cont 244.3
S 1789152922.024 copy_cont 237.3
S 1789152922.029 copy_cont 203.4
S 1789152922.034 copy_cont 239.8
S 1789152922.038 copy_cont 243.9
S 1789152922.043 copy_cont 244.1
S 1789152922.047 copy_cont 243.9
S 1789152922.052 copy_cont 244.6
S 1789152922.056 copy_cont 243.2
S 1789152922.060 copy_cont 244.2
S 1789152922.065 copy_cont 244.1
S 1789152922.069 copy_cont 244.4
S 1789152922.074 copy_cont 243.3
S 1789152922.078 copy_cont 243.5
S 1789152922.082 copy_cont 244.4
S 1789152922.087 copy_cont 243.6
S 1789152922.091 copy_cont 243.5
S 1789152922.096 copy_cont 243.8
S 1789152922.100 copy_cont 244.1
S 1789152922.105 copy_cont 242.4
S 1789152922.109 copy_cont 241.2
S 1789152922.114 copy_cont 239.9
S 1789152922.118 copy_cont 240.7
S 1789152922.122 copy_cont 241.8
S 1789152922.127 copy_cont 242.8
S 1789152922.131 copy_cont 243.7
S 1789152922.136 copy_cont 242.8
S 1789152922.140 copy_cont 244.1
S 1789152922.145 copy_cont 244.3
S 1789152922.149 copy_cont 244.0
S 1789152922.153 copy_cont 243.6
S 1789152922.158 copy_cont 243.9
S 1789152922.162 copy_cont 244.6
S 1789152922.167 copy_cont 243.9
S 1789152922.171 copy_cont 243.9
S 1789152922.175 copy_cont 244.1
S 1789152922.180 copy_cont 244.4
S 1789152922.184 copy_cont 243.6
S 1789152922.189 copy_cont 243.9
S 1789152922.193 copy_cont 244.7
S 1789152922.198 copy_cont 243.9
S 1789152922.202 copy_cont 244.1
S 1789152922.206 copy_cont 243.8
S 1789152922.211 copy_cont 244.5
S 1789152922.215 copy_cont 243.2
S 1789152922.220 copy_cont 244.2
S 1789152922.224 copy_cont 244.4
S 1789152922.228 copy_cont 244.3
S 1789152922.233 copy_cont 243.5
S 1789152922.237 copy_cont 244.2
S 1789152922.242 copy_cont 244.4
S 1789152922.246 copy_cont 243.8
S 1789152922.250 copy_cont 243.8
S 1789152922.255 copy_cont 244.2
S 1789152922.259 copy_cont 244.3
S 1789152922.264 copy_cont 243.4
S 1789152922.268 copy_cont 243.9
S 1789152922.273 copy_cont 244.5
S 1789152922.277 copy_cont 243.9
S 1789152922.281 copy_cont 243.9
S 1789152922.286 copy_cont 244.1
S 1789152922.290 copy_cont 244.4
S 1789152922.295 copy_cont 244.0
S 1789152922.299 copy_cont 243.8
S 1789152922.303 copy_cont 244.4
S 1789152922.308 copy_cont 244.0
S 1789152922.312 copy_cont 243.6
S 1789152922.317 copy_cont 241.8
S 1789152922.321 copy_cont 239.9
S 1789152922.326 copy_cont 243.8
S 1789152922.330 copy_cont 244.0
S 1789152922.334 copy_cont 244.3
S 1789152922.339 copy_cont 244.6
S 1789152922.343 copy_cont 243.4
S 1789152922.348 copy_cont 244.3
S 1789152922.352 copy_cont 244.3
S 1789152922.356 copy_cont 244.5
S 1789152922.361 copy_cont 243.7
S 1789152922.365 copy_cont 244.1
S 1789152922.370 copy_cont 244.9
S 1789152922.374 copy_cont 243.8
S 1789152922.379 copy_cont 244.1
S 1789152922.383 copy_cont 243.6
S 1789152922.387 copy_cont 244.4
S 1789152922.392 copy_cont 243.7
S 1789152922.396 copy_cont 244.0
S 1789152922.401 copy_cont 244.2
S 1789152922.405 copy_cont 243.9
S 1789152922.409 copy_cont 243.9
S 1789152922.414 copy_cont 244.0
S 1789152922.418 copy_cont 244.8
S 1789152922.423 copy_cont 243.4
S 1789152922.427 copy_cont 243.8
S 1789152922.431 copy_cont 244.5
S 1789152922.436 copy_cont 244.4
S 1789152922.440 copy_cont 243.3
S 1789152922.445 copy_cont 244.2
S 1789152922.449 copy_cont 244.5
S 1789152922.454 copy_cont 244.0
S 1789152922.458 copy_cont 243.7
S 1789152922.462 copy_cont 244.1
S 1789152922.467 copy_cont 244.3
S 1789152922.471 copy_cont 243.4
S 1789152922.476 copy_cont 244.2
S 1789152922.480 copy_cont 244.2
S 1789152922.484 copy_cont 243.8
S 1789152922.489 copy_cont 243.9
S 1789152922.493 copy_cont 244.1
S 1789152922.498 copy_cont 244.8
S 1789152922.502 copy_cont 243.2
S 1789152922.507 copy_cont 243.8
S 1789152922.511 copy_cont 244.1
S 1789152922.515 copy_cont 244.7
S 1789152922.520 copy_cont 243.3
S 1789152922.524 copy_cont 239.7
S 1789152922.529 copy_cont 224.9
S 1789152922.534 copy_cont 224.6
S 1789152922.538 copy_cont 243.0
S 1789152922.543 copy_cont 244.7
S 1789152922.547 copy_cont 244.1
S 1789152922.552 copy_cont 243.5
S 1789152922.556 copy_cont 243.7
S 1789152922.560 copy_cont 244.6
S 1789152922.565 copy_cont 243.9
S 1789152922.569 copy_cont 243.9
S 1789152922.574 copy_cont 244.2
S 1789152922.578 copy_cont 244.0
S 1789152922.583 copy_cont 243.7
S 1789152922.587 copy_cont 243.7
S 1789152922.591 copy_cont 244.6
S 1789152922.596 copy_cont 243.7
S 1789152922.600 copy_cont 243.9
S 1789152922.605 copy_cont 244.1
S 1789152922.609 copy_cont 244.3
S 1789152922.613 copy_cont 243.5
S 1789152922.618 copy_cont 243.5
S 1789152922.622 copy_cont 244.5
S 1789152922.627 copy_cont 244.2
S 1789152922.631 copy_cont 243.9
S 1789152922.635 copy_cont 243.8
S 1789152922.640 copy_cont 244.5
S 1789152922.644 copy_cont 244.0
S 1789152922.649 copy_cont 243.6
S 1789152922.653 copy_cont 244.2
S 1789152922.658 copy_cont 244.0
S 1789152922.662 copy_cont 243.7
S 1789152922.666 copy_cont 243.8
S 1789152922.671 copy_cont 244.9
S 1789152922.675 copy_cont 244.0
S 1789152922.680 copy_cont 243.9
S 1789152922.684 copy_cont 244.1
S 1789152922.688 copy_cont 244.2
S 1789152922.693 copy_cont 243.7
S 1789152922.697 copy_cont 243.7
S 1789152922.702 copy_cont 244.5
S 1789152922.706 copy_cont 244.1
S 1789152922.710 copy_cont 243.3
S 1789152922.715 copy_cont 243.6
S 1789152922.719 copy_cont 244.5
S 1789152922.724 copy_cont 244.4
S 1789152922.728 copy_cont 243.6
S 1789152922.733 copy_cont 244.1
S 1789152922.737 copy_cont 244.3
S 1789152922.741 copy_cont 243.6
S 1789152922.746 copy_cont 244.2
S 1789152922.750 copy_cont 244.6
S 1789152922.755 copy_cont 243.6
S 1789152922.759 copy_cont 243.3
S 1789152922.763 copy_cont 244.3
S 1789152922.768 copy_cont 244.3
S 1789152922.772 copy_cont 244.0
S 1789152922.777 copy_cont 243.8
S 1789152922.781 copy_cont 244.3
S 1789152922.786 copy_cont 244.4
S 1789152922.790 copy_cont 243.4
S 1789152922.794 copy_cont 243.9
S 1789152922.799 copy_cont 244.6
S 1789152922.803 copy_cont 244.1
S 1789152922.808 copy_cont 243.6
S 1789152922.812 copy_cont 244.2
S 1789152922.816 copy_cont 244.4
S 1789152922.821 copy_cont 243.6
S 1789152922.825 copy_cont 244.0
S 1789152922.830 copy_cont 244.3
S 1789152922.834 copy_cont 244.5
S 1789152922.838 copy_cont 243.2
S 1789152922.843 copy_cont 244.3
S 1789152922.847 copy_cont 244.3
S 1789152922.852 copy_cont 244.0
S 1789152922.856 copy_cont 243.3
S 1789152922.861 copy_cont 244.4
S 1789152922.865 copy_cont 244.1
S 1789152922.869 copy_cont 243.6
S 1789152922.874 copy_cont 244.2
S 1789152922.878 copy_cont 244.2
S 1789152922.883 copy_cont 243.9
S 1789152922.887 copy_cont 243.6
S 1789152922.891 copy_cont 244.1
S 1789152922.896 copy_cont 244.1
S 1789152922.900 copy_cont 243.8
S 1789152922.905 copy_cont 244.0
S 1789152922.909 copy_cont 244.2
S 1789152922.913 copy_cont 244.7
S 1789152922.918 copy_cont 243.1
S 1789152922.922 copy_cont 244.0
S 1789152922.927 copy_cont 244.3
S 1789152922.931 copy_cont 244.1
S 1789152922.936 copy_cont 243.3
S 1789152922.940 copy_cont 244.3
S 1789152922.944 copy_cont 244.1
S 1789152922.949 copy_cont 243.4
S 1789152922.953 copy_cont 244.2
S 1789152922.958 copy_cont 244.2
S 1789152922.962 copy_cont 244.4
S 1789152922.966 copy_cont 243.7
S 1789152922.971 copy_cont 244.1
S 1789152922.975 copy_cont 244.1
S 1789152922.980 copy_cont 243.4
S 1789152922.984 copy_cont 244.1
S 1789152922.989 copy_cont 244.6
S 1789152922.993 copy_cont 244.7
S 1789152922.997 copy_cont 243.7
S 1789152923.002 copy_cont 244.1
S 1789152923.006 copy_cont 244.4
S 1789152923.011 copy_cont 243.9
S 1789152923.015 copy_cont 243.3
S 1789152923.019 copy_cont 244.6
S 1789152923.024 copy_cont 241.5
S 1789152923.029 copy_cont 228.9
S 1789152923.033 copy_cont 221.2
S 1789152923.038 copy_cont 242.7
S 1789152923.042 copy_cont 244.5
S 1789152923.047 copy_cont 243.8
S 1789152923.051 copy_cont 244.3
S 1789152923.056 copy_cont 244.3
S 1789152923.060 copy_cont 243.5
S 1789152923.064 copy_cont 244.4
S 1789152923.069 copy_cont 244.1
S 1789152923.073 copy_cont 244.6
S 1789152923.078 copy_cont 243.5
S 1789152923.082 copy_cont 244.4
S 1789152923.086 copy_cont 244.2
S 1789152923.091 copy_cont 243.9
S 1789152923.095 copy_cont 243.6
S 1789152923.100 copy_cont 244.5
S 1789152923.104 copy_cont 244.3
S 1789152923.109 copy_cont 240.9
S 1789152923.113 copy_cont 240.6
S 1789152923.117 copy_cont 241.6
S 1789152923.122 copy_cont 241.9
S 1789152923.126 copy_cont 242.8
S 1789152923.131 copy_cont 244.0
S 1789152923.135 copy_cont 244.2
S 1789152923.140 copy_cont 243.9
S 1789152923.144 copy_cont 244.2
S 1789152923.148 copy_cont 244.4
S 1789152923.153 copy_cont 244.6
S 1789152923.157 copy_cont 243.7
S 1789152923.162 copy_cont 244.2
S 1789152923.166 copy_cont 244.6
S 1789152923.170 copy_cont 243.9
S 1789152923.175 copy_cont 243.8
S 1789152923.179 copy_cont 244.1
S 1789152923.184 copy_cont 244.4
S 1789152923.188 copy_cont 243.1
S 1789152923.193 copy_cont 244.0
S 1789152923.197 copy_cont 244.2
S 1789152923.201 copy_cont 244.3
S 1789152923.206 copy_cont 243.1
S 1789152923.210 copy_cont 244.1
S 1789152923.215 copy_cont 244.2
S 1789152923.219 copy_cont 243.9
S 1789152923.223 copy_cont 244.2
S 1789152923.228 copy_cont 244.3
S 1789152923.232 copy_cont 244.5
S 1789152923.237 copy_cont 243.5
S 1789152923.241 copy_cont 244.2
S 1789152923.245 copy_cont 244.4
S 1789152923.250 copy_cont 244.2
S 1789152923.254 copy_cont 243.8
S 1789152923.259 copy_cont 244.0
S 1789152923.263 copy_cont 244.5
S 1789152923.268 copy_cont 243.5
S 1789152923.272 copy_cont 244.3
S 1789152923.276 copy_cont 244.0
S 1789152923.281 copy_cont 244.4
S 1789152923.285 copy_cont 243.7
S 1789152923.290 copy_cont 243.9
S 1789152923.294 copy_cont 244.6
S 1789152923.299 copy_cont 227.5
S 1789152923.303 copy_cont 244.5
S 1789152923.308 copy_cont 244.0
S 1789152923.312 copy_cont 244.3
S 1789152923.316 copy_cont 243.4
S 1789152923.321 copy_cont 237.2
S 1789152923.325 copy_cont 244.6
S 1789152923.330 copy_cont 244.1
S 1789152923.334 copy_cont 244.0
S 1789152923.339 copy_cont 244.2
S 1789152923.343 copy_cont 244.2
S 1789152923.347 copy_cont 243.4
S 1789152923.352 copy_cont 244.2
S 1789152923.356 copy_cont 244.1
S 1789152923.361 copy_cont 243.1
S 1789152923.365 copy_cont 243.3
S 1789152923.369 copy_cont 243.3
S 1789152923.374 copy_cont 244.0
S 1789152923.378 copy_cont 243.1
S 1789152923.383 copy_cont 243.2
S 1789152923.387 copy_cont 243.9
S 1789152923.392 copy_cont 244.1
S 1789152923.396 copy_cont 242.9
S 1789152923.400 copy_cont 243.2
S 1789152923.405 copy_cont 244.1
S 1789152923.409 copy_cont 243.6
S 1789152923.414 copy_cont 244.2
S 1789152923.418 copy_cont 244.5
S 1789152923.422 copy_cont 244.1
S 1789152923.427 copy_cont 243.4
S 1789152923.431 copy_cont 243.8
S 1789152923.436 copy_cont 244.7
S 1789152923.440 copy_cont 244.2
S 1789152923.445 copy_cont 244.0
S 1789152923.449 copy_cont 244.1
S 1789152923.453 copy_cont 244.4
S 1789152923.458 copy_cont 243.7
S 1789152923.462 copy_cont 243.3
S 1789152923.467 copy_cont 244.2
S 1789152923.471 copy_cont 244.7
S 1789152923.475 copy_cont 243.5
S 1789152923.480 copy_cont 243.7
S 1789152923.484 copy_cont 244.2
S 1789152923.489 copy_cont 243.5
S 1789152923.493 copy_cont 244.1
S 1789152923.498 copy_cont 244.5
S 1789152923.502 copy_cont 244.0
S 1789152923.506 copy_cont 243.4
S 1789152923.511 copy_cont 244.0
S 1789152923.515 copy_cont 244.4
S 1789152923.520 copy_cont 243.9
S 1789152923.524 copy_cont 241.4
S 1789152923.529 copy_cont 223.7
S 1789152923.534 copy_cont 215.1
S 1789152923.538 copy_cont 239.7
S 1789152923.543 copy_cont 244.1
S 1789152923.547 copy_cont 244.2
S 1789152923.552 copy_cont 243.9
S 1789152923.556 copy_cont 243.9
S 1789152923.560 copy_cont 243.8
S 1789152923.565 copy_cont 244.5
S 1789152923.569 copy_cont 243.7
S 1789152923.574 copy_cont 244.2
S 1789152923.578 copy_cont 244.1
S 1789152923.582 copy_cont 244.1
S 1789152923.587 copy_cont 243.3
S 1789152923.591 copy_cont 244.4
S 1789152923.596 copy_cont 244.6
S 1789152923.600 copy_cont 243.5
S 1789152923.605 copy_cont 244.0
S 1789152923.609 copy_cont 243.9
S 1789152923.613 copy_cont 244.7
S 1789152923.618 copy_cont 243.5
S 1789152923.622 copy_cont 244.4
S 1789152923.627 copy_cont 244.3
S 1789152923.631 copy_cont 244.0
S 1789152923.635 copy_cont 244.0
S 1789152923.640 copy_cont 243.7
S 1789152923.644 copy_cont 244.6
S 1789152923.649 copy_cont 243.3
S 1789152923.653 copy_cont 244.1
S 1789152923.657 copy_cont 243.9
S 1789152923.662 copy_cont 244.3
S 1789152923.666 copy_cont 243.2
S 1789152923.671 copy_cont 244.1
S 1789152923.675 copy_cont 244.4
S 1789152923.680 copy_cont 243.8
S 1789152923.684 copy_cont 243.8
S 1789152923.688 copy_cont 244.2
S 1789152923.693 copy_cont 244.7
S 1789152923.697 copy_cont 243.2
S 1789152923.702 copy_cont 244.4
S 1789152923.706 copy_cont 243.9
S 1789152923.710 copy_cont 244.6
S 1789152923.715 copy_cont 243.8
S 1789152923.719 copy_cont 244.0
S 1789152923.724 copy_cont 244.8
S 1789152923.728 copy_cont 243.4
S 1789152923.732 copy_cont 244.0
S 1789152923.737 copy_cont 244.1
S 1789152923.741 copy_cont 244.5
S 1789152923.746 copy_cont 243.4
S 1789152923.750 copy_cont 244.0
S 1789152923.755 copy_cont 244.5
S 1789152923.759 copy_cont 243.8
S 1789152923.763 copy_cont 244.0
S 1789152923.768 copy_cont 244.0
S 1789152923.772 copy_cont 244.6
S 1789152923.777 copy_cont 243.3
S 1789152923.781 copy_cont 243.9
S 1789152923.785 copy_cont 244.5
S 1789152923.790 copy_cont 244.2
S 1789152923.794 copy_cont 244.1
S 1789152923.799 copy_cont 243.9
S 1789152923.803 copy_cont 244.5
S 1789152923.808 copy_cont 243.2
S 1789152923.812 copy_cont 243.7
S 1789152923.816 copy_cont 244.4
S 1789152923.821 copy_cont 244.1
S 1789152923.825 copy_cont 243.2
S 1789152923.830 copy_cont 243.7
S 1789152923.834 copy_cont 244.4
S 1789152923.838 copy_cont 243.7
S 1789152923.843 copy_cont 244.0
S 1789152923.847 copy_cont 243.9
S 1789152923.852 copy_cont 244.7
S 1789152923.856 copy_cont 243.9
S 1789152923.860 copy_cont 243.9
S 1789152923.865 copy_cont 244.5
S 1789152923.869 copy_cont 244.2
S 1789152923.874 copy_cont 243.8
S 1789152923.878 copy_cont 243.8
S 1789152923.883 copy_cont 244.4
S 1789152923.887 copy_cont 243.7
S 1789152923.891 copy_cont 244.0
S 1789152923.896 copy_cont 244.6
S 1789152923.900 copy_cont 243.8
S 1789152923.905 copy_cont 243.3
S 1789152923.909 copy_cont 243.8
S 1789152923.913 copy_cont 244.8
S 1789152923.918 copy_cont 243.9
S 1789152923.922 copy_cont 244.0
S 1789152923.927 copy_cont 244.0
S 1789152923.931 copy_cont 244.6
S 1789152923.935 copy_cont 243.9
S 1789152923.940 copy_cont 243.6
S 1789152923.944 copy_cont 244.5
S 1789152923.949 copy_cont 244.2
S 1789152923.953 copy_cont 243.8
S 1789152923.958 copy_cont 243.6
S 1789152923.962 copy_cont 244.5
S 1789152923.966 copy_cont 243.7
S 1789152923.971 copy_cont 244.1
S 1789152923.975 copy_cont 244.6
S 1789152923.980 copy_cont 244.2
S 1789152923.984 copy_cont 243.8
S 1789152923.988 copy_cont 243.8
S 1789152923.993 copy_cont 244.6
S 1789152923.997 copy_cont 244.0
S 1789152924.002 copy_cont 244.0
S 1789152924.006 copy_cont 244.0
S 1789152924.010 copy_cont 244.5
S 1789152924.015 copy_cont 243.9
S 1789152924.019 copy_cont 243.9
S 1789152924.024 copy_cont 242.3
S 1789152924.029 copy_cont 225.3
S 1789152924.034 copy_cont 216.7
S 1789152924.038 copy_cont 240.7
S 1789152924.042 copy_cont 244.9
S 1789152924.047 copy_cont 243.5
S 1789152924.051 copy_cont 244.3
S 1789152924.056 copy_cont 244.1
S 1789152924.060 copy_cont 244.6
S 1789152924.064 copy_cont 243.6
S 1789152924.069 copy_cont 244.3
S 1789152924.073 copy_cont 244.4
S 1789152924.078 copy_cont 243.8
S 1789152924.082 copy_cont 244.3
S 1789152924.087 copy_cont 244.3
S 1789152924.091 copy_cont 244.7
S 1789152924.095 copy_cont 243.1
S 1789152924.100 copy_cont 244.2
S 1789152924.104 copy_cont 244.4
S 1789152924.109 copy_cont 241.7
S 1789152924.113 copy_cont 240.0
S 1789152924.118 copy_cont 240.4
S 1789152924.122 copy_cont 241.9
S 1789152924.126 copy_cont 241.6
S 1789152924.131 copy_cont 243.3
S 1789152924.135 copy_cont 243.4
S 1789152924.140 copy_cont 244.6
S 1789152924.144 copy_cont 243.9
S 1789152924.149 copy_cont 243.9
S 1789152924.153 copy_cont 244.8
S 1789152924.157 copy_cont 243.9
S 1789152924.162 copy_cont 244.0
S 1789152924.166 copy_cont 244.1
S 1789152924.171 copy_cont 244.5
S 1789152924.175 copy_cont 243.8
S 1789152924.179 copy_cont 244.0
S 1789152924.184 copy_cont 244.7
S 1789152924.188 copy_cont 243.9
S 1789152924.193 copy_cont 243.9
S 1789152924.197 copy_cont 243.3
S 1789152924.201 copy_cont 244.5
S 1789152924.206 copy_cont 243.2
S 1789152924.210 copy_cont 243.5
S 1789152924.215 copy_cont 244.5
S 1789152924.219 copy_cont 243.8
S 1789152924.224 copy_cont 243.5
S 1789152924.228 copy_cont 244.0
S 1789152924.232 copy_cont 244.3
S 1789152924.237 copy_cont 243.5
S 1789152924.241 copy_cont 243.9
S 1789152924.246 copy_cont 244.0
S 1789152924.250 copy_cont 244.5
S 1789152924.254 copy_cont 243.6
S 1789152924.259 copy_cont 243.3
S 1789152924.263 copy_cont 244.7
S 1789152924.268 copy_cont 244.4
S 1789152924.272 copy_cont 243.9
S 1789152924.277 copy_cont 243.9
S 1789152924.281 copy_cont 244.7
S 1789152924.285 copy_cont 243.7
S 1789152924.290 copy_cont 243.9
S 1789152924.294 copy_cont 244.5
S 1789152924.299 copy_cont 244.0
S 1789152924.303 copy_cont 243.7
S 1789152924.307 copy_cont 244.0
S 1789152924.312 copy_cont 244.4
S 1789152924.316 copy_cont 243.6
S 1789152924.321 copy_cont 236.8
S 1789152924.325 copy_cont 244.1
S 1789152924.330 copy_cont 244.4
S 1789152924.334 copy_cont 243.8
S 1789152924.338 copy_cont 244.3
S 1789152924.343 copy_cont 243.9
S 1789152924.347 copy_cont 244.2
S 1789152924.352 copy_cont 244.1
S 1789152924.356 copy_cont 244.2
S 1789152924.360 copy_cont 244.2
S 1789152924.365 copy_cont 243.8
S 1789152924.369 copy_cont 244.0
S 1789152924.374 copy_cont 244.3
S 1789152924.378 copy_cont 244.7
S 1789152924.383 copy_cont 243.6
S 1789152924.387 copy_cont 244.1
S 1789152924.391 copy_cont 244.4
S 1789152924.396 copy_cont 244.0
S 1789152924.400 copy_cont 243.7
S 1789152924.405 copy_cont 244.1
S 1789152924.409 copy_cont 244.4
S 1789152924.413 copy_cont 244.1
S 1789152924.418 copy_cont 243.9
S 1789152924.422 copy_cont 244.1
S 1789152924.427 copy_cont 244.4
S 1789152924.431 copy_cont 243.8
S 1789152924.435 copy_cont 244.1
S 1789152924.440 copy_cont 244.2
S 1789152924.444 copy_cont 243.6
S 1789152924.449 copy_cont 243.8
S 1789152924.453 copy_cont 244.1
S 1789152924.458 copy_cont 244.6
S 1789152924.462 copy_cont 243.3
S 1789152924.466 copy_cont 243.9
S 1789152924.471 copy_cont 244.4
S 1789152924.475 copy_cont 244.2
S 1789152924.480 copy_cont 243.9
S 1789152924.484 copy_cont 244.2
S 1789152924.488 copy_cont 244.3
S 1789152924.493 copy_cont 243.9
S 1789152924.497 copy_cont 244.1
S 1789152924.502 copy_cont 244.0
S 1789152924.506 copy_cont 244.0
S 1789152924.511 copy_cont 243.7
S 1789152924.515 copy_cont 244.0
S 1789152924.519 copy_cont 244.6
S 1789152924.524 copy_cont 242.1
S 1789152924.529 copy_cont 227.5
S 1789152924.534 copy_cont 216.3
S 1789152924.538 copy_cont 239.3
S 1789152924.542 copy_cont 243.7
S 1789152924.547 copy_cont 244.0
S 1789152924.551 copy_cont 244.4
S 1789152924.556 copy_cont 243.9
S 1789152924.560 copy_cont 243.7
S 1789152924.564 copy_cont 244.1
S 1789152924.569 copy_cont 244.5
S 1789152924.573 copy_cont 243.6
S 1789152924.578 copy_cont 243.7
S 1789152924.582 copy_cont 244.0
S 1789152924.587 copy_cont 244.0
S 1789152924.591 copy_cont 244.0
S 1789152924.595 copy_cont 244.2
S 1789152924.600 copy_cont 243.8
S 1789152924.604 copy_cont 243.8
S 1789152924.609 copy_cont 244.1
S 1789152924.613 copy_cont 244.2
S 1789152924.617 copy_cont 244.0
S 1789152924.622 copy_cont 243.8
S 1789152924.626 copy_cont 243.9
S 1789152924.631 copy_cont 244.3
S 1789152924.635 copy_cont 243.8
S 1789152924.640 copy_cont 243.4
S 1789152924.644 copy_cont 244.4
S 1789152924.648 copy_cont 244.1
S 1789152924.653 copy_cont 243.8
S 1789152924.657 copy_cont 243.9
S 1789152924.662 copy_cont 244.2
S 1789152924.666 copy_cont 243.9
S 1789152924.670 copy_cont 243.9
S 1789152924.675 copy_cont 244.5
S 1789152924.679 copy_cont 244.0
S 1789152924.684 copy_cont 243.9
S 1789152924.688 copy_cont 243.7
S 1789152924.692 copy_cont 244.5
S 1789152924.697 copy_cont 244.6
S 1789152924.701 copy_cont 243.6
S 1789152924.706 copy_cont 243.7
S 1789152924.710 copy_cont 244.4
S 1789152924.715 copy_cont 244.2
S 1789152924.719 copy_cont 243.7
S 1789152924.723 copy_cont 244.4
S 1789152924.728 copy_cont 244.1
S 1789152924.732 copy_cont 243.7
S 1789152924.737 copy_cont 244.3
S 1789152924.741 copy_cont 244.1
S 1789152924.745 copy_cont 244.1
S 1789152924.750 copy_cont 243.9
S 1789152924.754 copy_cont 244.1
S 1789152924.759 copy_cont 244.2
S 1789152924.763 copy_cont 244.1
S 1789152924.767 copy_cont 243.7
S 1789152924.772 copy_cont 244.0
S 1789152924.776 copy_cont 244.5
S 1789152924.781 copy_cont 243.2
S 1789152924.785 copy_cont 244.0
S 1789152924.790 copy_cont 244.1
S 1789152924.794 copy_cont 244.1
S 1789152924.798 copy_cont 243.6
S 1789152924.803 copy_cont 244.0
S 1789152924.807 copy_cont 243.8
S 1789152924.812 copy_cont 243.9
S 1789152924.816 copy_cont 244.4
S 1789152924.820 copy_cont 244.1
S 1789152924.825 copy_cont 244.4
S 1789152924.829 copy_cont 243.4
S 1789152924.834 copy_cont 244.3
S 1789152924.838 copy_cont 244.2
S 1789152924.843 copy_cont 244.2
S 1789152924.847 copy_cont 244.0
S 1789152924.851 copy_cont 244.3
S 1789152924.856 copy_cont 244.4
S 1789152924.860 copy_cont 243.2
S 1789152924.865 copy_cont 244.1
S 1789152924.869 copy_cont 244.6
S 1789152924.873 copy_cont 244.3
S 1789152924.878 copy_cont 244.0
S 1789152924.882 copy_cont 244.2
S 1789152924.887 copy_cont 244.5
S 1789152924.891 copy_cont 244.0
S 1789152924.895 copy_cont 244.3
S 1789152924.900 copy_cont 243.7
S 1789152924.904 copy_cont 244.2
S 1789152924.909 copy_cont 243.5
S 1789152924.913 copy_cont 244.1
S 1789152924.918 copy_cont 244.3
S 1789152924.922 copy_cont 243.7
S 1789152924.926 copy_cont 243.7
S 1789152924.931 copy_cont 244.3
S 1789152924.935 copy_cont 244.8
S 1789152924.940 copy_cont 243.4
S 1789152924.944 copy_cont 244.1
S 1789152924.948 copy_cont 244.2
S 1789152924.953 copy_cont 243.9
S 1789152924.957 copy_cont 244.1
S 1789152924.962 copy_cont 243.8
S 1789152924.966 copy_cont 244.4
S 1789152924.970 copy_cont 243.6
S 1789152924.975 copy_cont 244.3
S 1789152924.979 copy_cont 244.0
S 1789152924.984 copy_cont 244.3
S 1789152924.988 copy_cont 243.4
S 1789152924.993 copy_cont 244.2
S 1789152924.997 copy_cont 244.3
S 1789152925.001 copy_cont 243.9
S 1789152925.006 copy_cont 243.7
S 1789152925.010 copy_cont 244.1
S 1789152925.015 copy_cont 244.9
S 1789152925.019 copy_cont 243.1
S 1789152925.023 copy_cont 244.2
S 1789152925.028 copy_cont 225.0
S 1789152925.033 copy_cont 216.3
S 1789152925.038 copy_cont 239.7
S 1789152925.042 copy_cont 244.4
S 1789152925.046 copy_cont 244.1
S 1789152925.051 copy_cont 243.5
S 1789152925.055 copy_cont 244.0
S 1789152925.060 copy_cont 244.1
S 1789152925.064 copy_cont 244.2
S 1789152925.069 copy_cont 243.7
S 1789152925.073 copy_cont 244.1
S 1789152925.077 copy_cont 243.9
S 1789152925.082 copy_cont 243.9
S 1789152925.086 copy_cont 243.8
S 1789152925.091 copy_cont 244.3
S 1789152925.095 copy_cont 244.6
S 1789152925.099 copy_cont 243.3
S 1789152925.104 copy_cont 244.1
S 1789152925.108 copy_cont 243.2
S 1789152925.113 copy_cont 241.6
S 1789152925.117 copy_cont 240.6
S 1789152925.122 copy_cont 241.7
S 1789152925.126 copy_cont 242.1
S 1789152925.131 copy_cont 242.9
S 1789152925.135 copy_cont 243.1
S 1789152925.139 copy_cont 243.3
S 1789152925.144 copy_cont 243.5
S 1789152925.148 copy_cont 244.0
S 1789152925.153 copy_cont 244.3
S 1789152925.157 copy_cont 244.0
S 1789152925.161 copy_cont 243.9
S 1789152925.166 copy_cont 244.4
S 1789152925.170 copy_cont 244.2
S 1789152925.175 copy_cont 244.6
S 1789152925.179 copy_cont 243.4
S 1789152925.184 copy_cont 244.2
S 1789152925.188 copy_cont 244.3
S 1789152925.192 copy_cont 243.9
S 1789152925.197 copy_cont 242.9
S 1789152925.201 copy_cont 244.0
S 1789152925.206 copy_cont 244.1
S 1789152925.210 copy_cont 243.3
S 1789152925.214 copy_cont 244.0
S 1789152925.219 copy_cont 244.1
S 1789152925.223 copy_cont 244.1
S 1789152925.228 copy_cont 243.6
S 1789152925.232 copy_cont 244.0
S 1789152925.237 copy_cont 243.9
S 1789152925.241 copy_cont 243.6
S 1789152925.245 copy_cont 244.0
S 1789152925.250 copy_cont 244.1
S 1789152925.254 copy_cont 244.6
S 1789152925.259 copy_cont 243.4
S 1789152925.263 copy_cont 243.7
S 1789152925.267 copy_cont 244.2
S 1789152925.272 copy_cont 244.1
S 1789152925.276 copy_cont 243.8
S 1789152925.281 copy_cont 243.9
S 1789152925.285 copy_cont 244.6
S 1789152925.289 copy_cont 243.3
S 1789152925.294 copy_cont 244.1
S 1789152925.298 copy_cont 244.1
S 1789152925.303 copy_cont 244.4
S 1789152925.307 copy_cont 243.3
S 1789152925.312 copy_cont 244.2
S 1789152925.316 copy_cont 243.9
S 1789152925.321 copy_cont 237.4
S 1789152925.325 copy_cont 244.0
S 1789152925.329 copy_cont 244.2
S 1789152925.334 copy_cont 244.5
S 1789152925.338 copy_cont 244.0
S 1789152925.343 copy_cont 243.9
S 1789152925.347 copy_cont 244.1
S 1789152925.351 copy_cont 244.0
S 1789152925.356 copy_cont 244.0
S 1789152925.360 copy_cont 244.4
S 1789152925.365 copy_cont 244.1
S 1789152925.369 copy_cont 243.3
S 1789152925.373 copy_cont 243.9
S 1789152925.378 copy_cont 244.4
S 1789152925.382 copy_cont 244.3
S 1789152925.387 copy_cont 243.3
S 1789152925.391 copy_cont 243.8
S 1789152925.396 copy_cont 244.8
S 1789152925.400 copy_cont 244.1
S 1789152925.404 copy_cont 243.7
S 1789152925.409 copy_cont 243.6
S 1789152925.413 copy_cont 244.2
S 1789152925.418 copy_cont 243.3
S 1789152925.422 copy_cont 243.8
S 1789152925.426 copy_cont 244.2
S 1789152925.431 copy_cont 243.9
S 1789152925.435 copy_cont 244.1
S 1789152925.440 copy_cont 244.1
S 1789152925.444 copy_cont 244.4
S 1789152925.448 copy_cont 243.3
S 1789152925.453 copy_cont 244.2
S 1789152925.457 copy_cont 244.5
S 1789152925.462 copy_cont 244.2
S 1789152925.466 copy_cont 243.2
S 1789152925.471 copy_cont 243.8
S 1789152925.475 copy_cont 244.6
S 1789152925.479 copy_cont 244.1
S 1789152925.484 copy_cont 243.8
S 1789152925.488 copy_cont 244.3
S 1789152925.493 copy_cont 244.4
S 1789152925.497 copy_cont 243.7
S 1789152925.501 copy_cont 243.6
S 1789152925.506 copy_cont 244.6
S 1789152925.510 copy_cont 243.9
S 1789152925.515 copy_cont 244.0
S 1789152925.519 copy_cont 244.0
S 1789152925.524 copy_cont 244.0
S 1789152925.528 copy_cont 229.2
S 1789152925.533 copy_cont 212.6
S 1789152925.538 copy_cont 239.2
S 1789152925.542 copy_cont 244.1
S 1789152925.547 copy_cont 243.8
S 1789152925.551 copy_cont 244.1
S 1789152925.555 copy_cont 244.2
S 1789152925.560 copy_cont 243.3
S 1789152925.564 copy_cont 244.0
S 1789152925.569 copy_cont 243.9
S 1789152925.573 copy_cont 244.5
S 1789152925.578 copy_cont 243.4
S 1789152925.582 copy_cont 244.2
S 1789152925.586 copy_cont 244.4
S 1789152925.591 copy_cont 244.0
S 1789152925.595 copy_cont 243.8
S 1789152925.600 copy_cont 244.1
S 1789152925.604 copy_cont 244.5
S 1789152925.608 copy_cont 243.0
S 1789152925.613 copy_cont 244.0
S 1789152925.617 copy_cont 244.2
S 1789152925.622 copy_cont 244.1
S 1789152925.626 copy_cont 243.5
S 1789152925.630 copy_cont 243.8
S 1789152925.635 copy_cont 244.6
S 1789152925.639 copy_cont 243.6
S 1789152925.644 copy_cont 244.0
S 1789152925.648 copy_cont 244.0
S 1789152925.653 copy_cont 244.3
S 1789152925.657 copy_cont 242.9
S 1789152925.661 copy_cont 243.9
S 1789152925.666 copy_cont 244.3
S 1789152925.670 copy_cont 244.3
S 1789152925.675 copy_cont 244.1
S 1789152925.679 copy_cont 243.7
S 1789152925.683 copy_cont 244.5
S 1789152925.688 copy_cont 243.5
S 1789152925.692 copy_cont 244.0
S 1789152925.697 copy_cont 244.1
S 1789152925.701 copy_cont 244.1
S 1789152925.705 copy_cont 243.6
S 1789152925.710 copy_cont 244.0
S 1789152925.714 copy_cont 244.7
S 1789152925.719 copy_cont 243.3
S 1789152925.723 copy_cont 243.8
S 1789152925.728 copy_cont 244.0
S 1789152925.732 copy_cont 244.5
S 1789152925.736 copy_cont 243.5
S 1789152925.741 copy_cont 243.6
S 1789152925.745 copy_cont 244.3
S 1789152925.750 copy_cont 244.2
S 1789152925.754 copy_cont 243.9
S 1789152925.758 copy_cont 243.7
S 1789152925.763 copy_cont 244.5
S 1789152925.767 copy_cont 243.6
S 1789152925.772 copy_cont 244.2
S 1789152925.776 copy_cont 244.3
S 1789152925.781 copy_cont 244.1
S 1789152925.785 copy_cont 243.5
S 1789152925.789 copy_cont 244.2
S 1789152925.794 copy_cont 244.5
S 1789152925.798 copy_cont 243.4
S 1789152925.803 copy_cont 244.0
S 1789152925.807 copy_cont 243.9
S 1789152925.811 copy_cont 244.5
S 1789152925.816 copy_cont 243.7
S 1789152925.820 copy_cont 244.0
S 1789152925.825 copy_cont 244.2
S 1789152925.829 copy_cont 243.8
S 1789152925.833 copy_cont 244.1
S 1789152925.838 copy_cont 243.7
S 1789152925.842 copy_cont 244.7
S 1789152925.847 copy_cont 243.5
S 1789152925.851 copy_cont 243.8
S 1789152925.856 copy_cont 244.3
S 1789152925.860 copy_cont 244.0
S 1789152925.864 copy_cont 243.7
S 1789152925.869 copy_cont 244.1
S 1789152925.873 copy_cont 244.4
S 1789152925.878 copy_cont 243.6
S 1789152925.882 copy_cont 243.9
S 1789152925.886 copy_cont 244.2
S 1789152925.891 copy_cont 244.5
S 1789152925.895 copy_cont 243.7
S 1789152925.900 copy_cont 243.8
S 1789152925.904 copy_cont 244.4
S 1789152925.909 copy_cont 243.6
S 1789152925.913 copy_cont 243.8
S 1789152925.917 copy_cont 243.9
S 1789152925.922 copy_cont 244.4
S 1789152925.926 copy_cont 243.4
S 1789152925.931 copy_cont 243.6
S 1789152925.935 copy_cont 244.1
S 1789152925.939 copy_cont 244.1
S 1789152925.944 copy_cont 243.8
S 1789152925.948 copy_cont 243.8
S 1789152925.953 copy_cont 244.1
S 1789152925.957 copy_cont 243.8
S 1789152925.961 copy_cont 243.9
S 1789152925.966 copy_cont 244.1
S 1789152925.970 copy_cont 244.3
S 1789152925.975 copy_cont 243.5
S 1789152925.979 copy_cont 243.8
S 1789152925.984 copy_cont 244.2
S 1789152925.988 copy_cont 243.8
S 1789152925.992 copy_cont 243.7
S 1789152925.997 copy_cont 243.7
S 1789152926.001 copy_cont 244.7
S 1789152926.006 copy_cont 243.5
S 1789152926.010 copy_cont 244.1
S 1789152926.014 copy_cont 244.3
S 1789152926.019 copy_cont 243.8
S 1789152926.023 copy_cont 243.6
S 1789152926.028 copy_cont 227.7
S 1789152926.033 copy_cont 214.9
S 1789152926.038 copy_cont 238.5
S 1789152926.042 copy_cont 244.0
S 1789152926.046 copy_cont 244.2
S 1789152926.051 copy_cont 244.5
S 1789152926.055 copy_cont 243.6
S 1789152926.060 copy_cont 243.9
S 1789152926.064 copy_cont 244.5
S 1789152926.068 copy_cont 243.9
S 1789152926.073 copy_cont 244.1
S 1789152926.077 copy_cont 244.1
S 1789152926.082 copy_cont 244.8
S 1789152926.086 copy_cont 243.5
S 1789152926.090 copy_cont 244.1
S 1789152926.095 copy_cont 244.4
S 1789152926.099 copy_cont 243.9
S 1789152926.104 copy_cont 243.9
S 1789152926.108 copy_cont 242.9
S 1789152926.113 copy_cont 241.3
S 1789152926.117 copy_cont 239.6
S 1789152926.122 copy_cont 241.7
S 1789152926.126 copy_cont 242.1
S 1789152926.130 copy_cont 243.3
S 1789152926.135 copy_cont 243.1
S 1789152926.139 copy_cont 243.2
S 1789152926.144 copy_cont 244.6
S 1789152926.148 copy_cont 243.9
S 1789152926.153 copy_cont 244.0
S 1789152926.157 copy_cont 243.6
S 1789152926.161 copy_cont 244.4
S 1789152926.166 copy_cont 243.6
S 1789152926.170 copy_cont 244.3
S 1789152926.175 copy_cont 244.4
S 1789152926.179 copy_cont 243.6
S 1789152926.183 copy_cont 243.8
S 1789152926.188 copy_cont 244.2
S 1789152926.192 copy_cont 244.5
S 1789152926.197 copy_cont 243.7
S 1789152926.201 copy_cont 243.1
S 1789152926.205 copy_cont 244.0
S 1789152926.210 copy_cont 244.2
S 1789152926.214 copy_cont 243.5
S 1789152926.219 copy_cont 243.8
S 1789152926.223 copy_cont 244.2
S 1789152926.228 copy_cont 243.8
S 1789152926.232 copy_cont 244.1
S 1789152926.236 copy_cont 244.1
S 1789152926.241 copy_cont 244.3
S 1789152926.245 copy_cont 243.3
S 1789152926.250 copy_cont 244.1
S 1789152926.254 copy_cont 244.3
S 1789152926.258 copy_cont 243.6
S 1789152926.263 copy_cont 243.2
S 1789152926.267 copy_cont 243.7
S 1789152926.272 copy_cont 244.5
S 1789152926.276 copy_cont 243.6
S 1789152926.281 copy_cont 243.8
S 1789152926.285 copy_cont 244.2
S 1789152926.289 copy_cont 244.5
S 1789152926.294 copy_cont 243.5
S 1789152926.298 copy_cont 243.4
S 1789152926.303 copy_cont 244.5
S 1789152926.307 copy_cont 243.8
S 1789152926.311 copy_cont 243.8
S 1789152926.316 copy_cont 243.7
S 1789152926.320 copy_cont 237.5
S 1789152926.325 copy_cont 242.9
S 1789152926.329 copy_cont 244.3
S 1789152926.334 copy_cont 244.3
S 1789152926.338 copy_cont 244.4
S 1789152926.342 copy_cont 243.6
S 1789152926.347 copy_cont 244.0
S 1789152926.351 copy_cont 244.4
S 1789152926.356 copy_cont 243.8
S 1789152926.360 copy_cont 244.0
S 1789152926.365 copy_cont 243.8
S 1789152926.369 copy_cont 244.4
S 1789152926.373 copy_cont 243.2
S 1789152926.378 copy_cont 243.7
S 1789152926.382 copy_cont 243.8
S 1789152926.387 copy_cont 243.7
S 1789152926.391 copy_cont 243.9
S 1789152926.395 copy_cont 244.0
S 1789152926.400 copy_cont 244.3
S 1789152926.404 copy_cont 243.2
S 1789152926.409 copy_cont 243.9
S 1789152926.413 copy_cont 244.3
S 1789152926.418 copy_cont 244.2
S 1789152926.422 copy_cont 242.9
S 1789152926.426 copy_cont 243.8
S 1789152926.431 copy_cont 244.1
S 1789152926.435 copy_cont 243.8
S 1789152926.440 copy_cont 243.8
S 1789152926.444 copy_cont 243.7
S 1789152926.448 copy_cont 244.3
S 1789152926.453 copy_cont 243.6
S 1789152926.457 copy_cont 244.1
S 1789152926.462 copy_cont 244.0
S 1789152926.466 copy_cont 243.7
S 1789152926.471 copy_cont 243.5
S 1789152926.475 copy_cont 244.0
S 1789152926.479 copy_cont 244.5
S 1789152926.484 copy_cont 243.1
S 1789152926.488 copy_cont 243.8
S 1789152926.493 copy_cont 244.5
S 1789152926.497 copy_cont 244.4
S 1789152926.501 copy_cont 242.9
S 1789152926.506 copy_cont 243.6
S 1789152926.510 copy_cont 244.5
S 1789152926.515 copy_cont 243.8
S 1789152926.519 copy_cont 243.8
S 1789152926.523 copy_cont 243.7
S 1789152926.528 copy_cont 227.7
S 1789152926.533 copy_cont 214.9
S 1789152926.538 copy_cont 238.5
S 1789152926.542 copy_cont 244.3
S 1789152926.547 copy_cont 243.7
S 1789152926.551 copy_cont 244.0
S 1789152926.555 copy_cont 244.1
S 1789152926.560 copy_cont 244.1
S 1789152926.564 copy_cont 243.4
S 1789152926.569 copy_cont 243.9
S 1789152926.573 copy_cont 244.3
S 1789152926.577 copy_cont 243.8
S 1789152926.582 copy_cont 244.2
S 1789152926.586 copy_cont 243.8
S 1789152926.591 copy_cont 244.4
S 1789152926.595 copy_cont 243.6
S 1789152926.600 copy_cont 243.7
S 1789152926.604 copy_cont 244.5
S 1789152926.608 copy_cont 244.4
S 1789152926.613 copy_cont 243.8
S 1789152926.617 copy_cont 244.0
S 1789152926.622 copy_cont 244.4
S 1789152926.626 copy_cont 243.6
S 1789152926.630 copy_cont 243.9
S 1789152926.635 copy_cont 244.0
S 1789152926.639 copy_cont 244.0
S 1789152926.644 copy_cont 243.5
S 1789152926.648 copy_cont 243.9
S 1789152926.652 copy_cont 244.4
S 1789152926.657 copy_cont 243.8
S 1789152926.661 copy_cont 243.2
S 1789152926.666 copy_cont 243.8
S 1789152926.670 copy_cont 244.4
S 1789152926.675 copy_cont 243.7
S 1789152926.679 copy_cont 243.7
S 1789152926.683 copy_cont 244.4
S 1789152926.688 copy_cont 244.3
S 1789152926.692 copy_cont 243.5
S 1789152926.697 copy_cont 244.0
S 1789152926.701 copy_cont 244.4
S 1789152926.705 copy_cont 243.8
S 1789152926.710 copy_cont 243.9
S 1789152926.714 copy_cont 244.5
S 1789152926.719 copy_cont 244.3
S 1789152926.723 copy_cont 243.5
S 1789152926.728 copy_cont 243.8
S 1789152926.732 copy_cont 244.4
S 1789152926.736 copy_cont 244.2
S 1789152926.741 copy_cont 243.4
S 1789152926.745 copy_cont 243.9
S 1789152926.750 copy_cont 244.1
S 1789152926.754 copy_cont 243.7
S 1789152926.758 copy_cont 243.6
S 1789152926.763 copy_cont 244.1
S 1789152926.767 copy_cont 244.2
S 1789152926.772 copy_cont 243.0
S 1789152926.776 copy_cont 244.1
S 1789152926.781 copy_cont 243.8
S 1789152926.785 copy_cont 243.9
S 1789152926.789 copy_cont 243.5
S 1789152926.794 copy_cont 244.3
S 1789152926.798 copy_cont 244.3
S 1789152926.803 copy_cont 243.7
S 1789152926.807 copy_cont 243.7
S 1789152926.811 copy_cont 244.1
S 1789152926.816 copy_cont 244.5
S 1789152926.820 copy_cont 243.1
S 1789152926.825 copy_cont 244.1
S 1789152926.829 copy_cont 244.6
S 1789152926.833 copy_cont 243.9
S 1789152926.838 copy_cont 243.3
S 1789152926.842 copy_cont 244.5
S 1789152926.847 copy_cont 244.4
S 1789152926.851 copy_cont 243.7
S 1789152926.856 copy_cont 244.0
S 1789152926.860 copy_cont 244.0
S 1789152926.864 copy_cont 244.0
S 1789152926.869 copy_cont 243.7
S 1789152926.873 copy_cont 244.0
S 1789152926.878 copy_cont 244.1
S 1789152926.882 copy_cont 243.5
S 1789152926.886 copy_cont 243.5
S 1789152926.891 copy_cont 244.0
S 1789152926.895 copy_cont 244.8
S 1789152926.900 copy_cont 242.8
S 1789152926.904 copy_cont 243.9
S 1789152926.909 copy_cont 244.1
S 1789152926.913 copy_cont 243.4
S 1789152926.917 copy_cont 243.9
S 1789152926.922 copy_cont 244.2
S 1789152926.926 copy_cont 244.1
S 1789152926.931 copy_cont 243.4
S 1789152926.935 copy_cont 244.2
S 1789152926.939 copy_cont 243.7
S 1789152926.944 copy_cont 244.0
S 1789152926.948 copy_cont 243.6
S 1789152926.953 copy_cont 243.8
S 1789152926.957 copy_cont 244.6
S 1789152926.962 copy_cont 243.3
S 1789152926.966 copy_cont 243.8
S 1789152926.970 copy_cont 244.6
S 1789152926.975 copy_cont 244.5
S 1789152926.979 copy_cont 243.1
S 1789152926.984 copy_cont 243.7
S 1789152926.988 copy_cont 244.2
S 1789152926.992 copy_cont 243.7
S 1789152926.997 copy_cont 244.2
S 1789152927.001 copy_cont 244.0
S 1789152927.006 copy_cont 244.4
S 1789152927.010 copy_cont 243.3
S 1789152927.014 copy_cont 244.2
S 1789152927.019 copy_cont 244.2
S 1789152927.023 copy_cont 244.0
S 1789152927.028 copy_cont 239.2
S 1789152927.033 copy_cont 205.8
S 1789152927.038 copy_cont 238.4
S 1789152927.042 copy_cont 243.4
S 1789152927.046 copy_cont 244.2
S 1789152927.051 copy_cont 244.3
S 1789152927.055 copy_cont 243.9
S 1789152927.060 copy_cont 243.7
S 1789152927.064 copy_cont 244.2
S 1789152927.068 copy_cont 244.3
S 1789152927.073 copy_cont 243.4
S 1789152927.077 copy_cont 243.9
S 1789152927.082 copy_cont 243.6
S 1789152927.086 copy_cont 244.4
S 1789152927.091 copy_cont 243.1
S 1789152927.095 copy_cont 244.2
S 1789152927.099 copy_cont 244.1
S 1789152927.104 copy_cont 244.4
S 1789152927.108 copy_cont 243.7
S 1789152927.113 copy_cont 242.2
S 1789152927.117 copy_cont 241.4
S 1789152927.122 copy_cont 240.8
S 1789152927.126 copy_cont 241.8
S 1789152927.130 copy_cont 243.8
S 1789152927.135 copy_cont 244.1
S 1789152927.139 copy_cont 243.6
S 1789152927.144 copy_cont 244.1
S 1789152927.148 copy_cont 244.5
S 1789152927.152 copy_cont 243.8
S 1789152927.157 copy_cont 244.3
S 1789152927.161 copy_cont 244.0
S 1789152927.166 copy_cont 244.3
S 1789152927.170 copy_cont 243.9
S 1789152927.175 copy_cont 244.4
S 1789152927.179 copy_cont 244.4
S 1789152927.183 copy_cont 243.8
S 1789152927.188 copy_cont 243.8
S 1789152927.192 copy_cont 244.2
S 1789152927.197 copy_cont 244.5
S 1789152927.201 copy_cont 243.1
S 1789152927.205 copy_cont 244.0
S 1789152927.210 copy_cont 244.1
S 1789152927.214 copy_cont 243.9
S 1789152927.219 copy_cont 243.4
S 1789152927.223 copy_cont 244.0
S 1789152927.227 copy_cont 244.4
S 1789152927.232 copy_cont 243.9
S 1789152927.236 copy_cont 244.1
S 1789152927.241 copy_cont 244.1
S 1789152927.245 copy_cont 244.4
S 1789152927.250 copy_cont 243.4
S 1789152927.254 copy_cont 243.9
S 1789152927.258 copy_cont 244.0
S 1789152927.263 copy_cont 244.1
S 1789152927.267 copy_cont 243.7
S 1789152927.272 copy_cont 243.9
S 1789152927.276 copy_cont 244.2
S 1789152927.280 copy_cont 243.1
S 1789152927.285 copy_cont 244.1
S 1789152927.289 copy_cont 244.2
S 1789152927.294 copy_cont 244.3
S 1789152927.298 copy_cont 243.4
S 1789152927.303 copy_cont 243.9
S 1789152927.307 copy_cont 244.5
S 1789152927.311 copy_cont 243.8
S 1789152927.316 copy_cont 244.0
S 1789152927.320 copy_cont 237.9
S 1789152927.325 copy_cont 244.1
S 1789152927.329 copy_cont 243.4
S 1789152927.334 copy_cont 243.9
S 1789152927.338 copy_cont 244.5
S 1789152927.342 copy_cont 243.8
S 1789152927.347 copy_cont 243.7
S 1789152927.351 copy_cont 244.0
S 1789152927.356 copy_cont 244.5
S 1789152927.360 copy_cont 243.5
S 1789152927.364 copy_cont 244.0
S 1789152927.369 copy_cont 244.3
S 1789152927.373 copy_cont 244.2
S 1789152927.378 copy_cont 243.5
S 1789152927.382 copy_cont 244.0
S 1789152927.387 copy_cont 244.1
S 1789152927.391 copy_cont 244.1
S 1789152927.395 copy_cont 244.1
S 1789152927.400 copy_cont 244.1
S 1789152927.404 copy_cont 244.2
S 1789152927.409 copy_cont 243.3
S 1789152927.413 copy_cont 244.3
S 1789152927.417 copy_cont 244.6
S 1789152927.422 copy_cont 243.5
S 1789152927.426 copy_cont 243.4
S 1789152927.431 copy_cont 244.0
S 1789152927.435 copy_cont 244.4
S 1789152927.439 copy_cont 243.7
S 1789152927.444 copy_cont 243.7
S 1789152927.448 copy_cont 244.1
S 1789152927.453 copy_cont 244.7
S 1789152927.457 copy_cont 243.5
S 1789152927.462 copy_cont 243.7
S 1789152927.466 copy_cont 244.2
S 1789152927.470 copy_cont 244.0
S 1789152927.475 copy_cont 243.9
S 1789152927.479 copy_cont 244.1
S 1789152927.484 copy_cont 244.2
S 1789152927.488 copy_cont 243.7
S 1789152927.492 copy_cont 244.0
S 1789152927.497 copy_cont 244.4
S 1789152927.501 copy_cont 243.9
S 1789152927.506 copy_cont 243.8
S 1789152927.510 copy_cont 243.7
S 1789152927.514 copy_cont 244.6
S 1789152927.519 copy_cont 243.6
S 1789152927.523 copy_cont 243.5
S 1789152927.528 copy_cont 239.1
S 1789152927.533 copy_cont 228.2
S 1789152927.538 copy_cont 214.5
S 1789152927.542 copy_cont 242.1
S 1789152927.546 copy_cont 244.1
S 1789152927.551 copy_cont 243.8
S 1789152927.555 copy_cont 243.8
S 1789152927.560 copy_cont 244.1
S 1789152927.564 copy_cont 244.6
S 1789152927.569 copy_cont 243.6
S 1789152927.573 copy_cont 244.2
S 1789152927.577 copy_cont 244.4
S 1789152927.582 copy_cont 243.3
S 1789152927.586 copy_cont 243.8
S 1789152927.591 copy_cont 244.6
S 1789152927.595 copy_cont 244.4
S 1789152927.599 copy_cont 243.3
S 1789152927.604 copy_cont 243.9
S 1789152927.608 copy_cont 244.1
S 1789152927.613 copy_cont 244.1
S 1789152927.617 copy_cont 244.1
S 1789152927.621 copy_cont 244.0
S 1789152927.626 copy_cont 244.2
S 1789152927.630 copy_cont 243.5
S 1789152927.635 copy_cont 244.1
S 1789152927.639 copy_cont 243.8
S 1789152927.644 copy_cont 244.7
S 1789152927.648 copy_cont 243.3
S 1789152927.652 copy_cont 243.7
S 1789152927.657 copy_cont 244.6
S 1789152927.661 copy_cont 243.2
S 1789152927.666 copy_cont 243.7
S 1789152927.670 copy_cont 244.0
S 1789152927.674 copy_cont 244.4
S 1789152927.679 copy_cont 243.0
S 1789152927.683 copy_cont 244.2
S 1789152927.688 copy_cont 243.9
S 1789152927.692 copy_cont 244.0
S 1789152927.697 copy_cont 243.6
S 1789152927.701 copy_cont 244.0
S 1789152927.705 copy_cont 244.2
S 1789152927.710 copy_cont 243.9
S 1789152927.714 copy_cont 244.5
S 1789152927.719 copy_cont 243.9
S 1789152927.723 copy_cont 244.5
S 1789152927.727 copy_cont 243.2
S 1789152927.732 copy_cont 244.4
S 1789152927.736 copy_cont 244.5
S 1789152927.741 copy_cont 243.8
S 1789152927.745 copy_cont 243.5
S 1789152927.749 copy_cont 244.0
S 1789152927.754 copy_cont 244.6
S 1789152927.758 copy_cont 243.1
S 1789152927.763 copy_cont 244.3
S 1789152927.767 copy_cont 244.2
S 1789152927.772 copy_cont 244.6
S 1789152927.776 copy_cont 243.9
S 1789152927.780 copy_cont 244.0
S 1789152927.785 copy_cont 244.5
S 1789152927.789 copy_cont 243.7
S 1789152927.794 copy_cont 244.2
S 1789152927.798 copy_cont 243.8
S 1789152927.802 copy_cont 244.3
S 1789152927.807 copy_cont 242.9
S 1789152927.811 copy_cont 244.3
S 1789152927.816 copy_cont 244.2
S 1789152927.820 copy_cont 243.2
S 1789152927.824 copy_cont 243.8
S 1789152927.829 copy_cont 244.1
S 1789152927.833 copy_cont 244.5
S 1789152927.838 copy_cont 243.5
S 1789152927.842 copy_cont 243.8
S 1789152927.847 copy_cont 244.1
S 1789152927.851 copy_cont 244.3
S 1789152927.855 copy_cont 243.3
S 1789152927.860 copy_cont 243.9
S 1789152927.864 copy_cont 244.6
S 1789152927.869 copy_cont 243.8
S 1789152927.873 copy_cont 244.2
S 1789152927.877 copy_cont 244.3
S 1789152927.882 copy_cont 244.1
S 1789152927.886 copy_cont 243.3
S 1789152927.891 copy_cont 243.8
S 1789152927.895 copy_cont 244.5
S 1789152927.900 copy_cont 243.7
S 1789152927.904 copy_cont 244.1
S 1789152927.908 copy_cont 243.6
S 1789152927.913 copy_cont 244.4
S 1789152927.917 copy_cont 243.8
S 1789152927.922 copy_cont 243.7
S 1789152927.926 copy_cont 244.2
S 1789152927.930 copy_cont 244.0
S 1789152927.935 copy_cont 243.7
S 1789152927.939 copy_cont 243.3
S 1789152927.944 copy_cont 244.5
S 1789152927.948 copy_cont 243.7
S 1789152927.952 copy_cont 243.8
S 1789152927.957 copy_cont 244.2
S 1789152927.961 copy_cont 244.1
S 1789152927.966 copy_cont 243.5
S 1789152927.970 copy_cont 244.0
S 1789152927.975 copy_cont 244.4
S 1789152927.979 copy_cont 243.9
S 1789152927.983 copy_cont 244.1
S 1789152927.988 copy_cont 244.0
S 1789152927.992 copy_cont 244.9
S 1789152927.997 copy_cont 243.6
S 1789152928.001 copy_cont 243.9
S 1789152928.005 copy_cont 244.1
S 1789152928.010 copy_cont 244.2
S 1789152928.014 copy_cont 243.5
S 1789152928.019 copy_cont 243.6
S 1789152928.023 copy_cont 244.5
S 1789152928.028 copy_cont 239.1
S 1789152928.032 copy_cont 226.0
S 1789152928.037 copy_cont 218.8
S 1789152928.042 copy_cont 241.9
S 1789152928.046 copy_cont 243.5
S 1789152928.051 copy_cont 244.0
S 1789152928.055 copy_cont 244.3
S 1789152928.059 copy_cont 243.3
S 1789152928.064 copy_cont 243.8
S 1789152928.068 copy_cont 244.1
S 1789152928.073 copy_cont 244.4
S 1789152928.077 copy_cont 243.4
S 1789152928.081 copy_cont 243.7
S 1789152928.086 copy_cont 244.1
S 1789152928.090 copy_cont 244.0
S 1789152928.095 copy_cont 243.7
S 1789152928.099 copy_cont 243.4
S 1789152928.104 copy_cont 244.8
S 1789152928.108 copy_cont 243.5
S 1789152928.112 copy_cont 242.1
S 1789152928.117 copy_cont 241.2
S 1789152928.121 copy_cont 241.1
S 1789152928.126 copy_cont 241.4
S 1789152928.130 copy_cont 243.0
S 1789152928.135 copy_cont 243.7
S 1789152928.139 copy_cont 243.4
S 1789152928.143 copy_cont 243.8
S 1789152928.148 copy_cont 244.2
S 1789152928.152 copy_cont 244.3
S 1789152928.157 copy_cont 243.7
S 1789152928.161 copy_cont 244.2
S 1789152928.166 copy_cont 244.4
S 1789152928.170 copy_cont 244.2
S 1789152928.174 copy_cont 243.9
S 1789152928.179 copy_cont 243.5
S 1789152928.183 copy_cont 244.3
S 1789152928.188 copy_cont 243.4
S 1789152928.192 copy_cont 244.0
S 1789152928.196 copy_cont 244.2
S 1789152928.201 copy_cont 244.1
S 1789152928.205 copy_cont 243.5
S 1789152928.210 copy_cont 243.7
S 1789152928.214 copy_cont 244.5
S 1789152928.219 copy_cont 243.5
S 1789152928.223 copy_cont 243.9
S 1789152928.227 copy_cont 244.0
S 1789152928.232 copy_cont 244.5
S 1789152928.236 copy_cont 243.4
S 1789152928.241 copy_cont 243.7
S 1789152928.245 copy_cont 244.1
S 1789152928.249 copy_cont 244.3
S 1789152928.254 copy_cont 243.6
S 1789152928.258 copy_cont 243.6
S 1789152928.263 copy_cont 244.3
S 1789152928.267 copy_cont 243.6
S 1789152928.272 copy_cont 243.9
S 1789152928.276 copy_cont 244.6
S 1789152928.280 copy_cont 243.8
S 1789152928.285 copy_cont 243.4
S 1789152928.289 copy_cont 243.9
S 1789152928.294 copy_cont 244.3
S 1789152928.298 copy_cont 243.9
S 1789152928.302 copy_cont 243.6
S 1789152928.307 copy_cont 244.1
S 1789152928.311 copy_cont 244.6
S 1789152928.316 copy_cont 243.9
S 1789152928.320 copy_cont 241.8
S 1789152928.325 copy_cont 240.1
S 1789152928.329 copy_cont 244.3
S 1789152928.333 copy_cont 243.7
S 1789152928.338 copy_cont 244.2
S 1789152928.342 copy_cont 244.5
S 1789152928.347 copy_cont 243.5
S 1789152928.351 copy_cont 243.9
S 1789152928.355 copy_cont 244.3
S 1789152928.360 copy_cont 244.5
S 1789152928.364 copy_cont 242.9
S 1789152928.369 copy_cont 243.7
S 1789152928.373 copy_cont 244.5
S 1789152928.378 copy_cont 244.0
S 1789152928.382 copy_cont 243.5
S 1789152928.386 copy_cont 243.9
S 1789152928.391 copy_cont 244.5
S 1789152928.395 copy_cont 243.8
S 1789152928.400 copy_cont 244.2
S 1789152928.404 copy_cont 243.9
S 1789152928.408 copy_cont 244.3
S 1789152928.413 copy_cont 243.4
S 1789152928.417 copy_cont 244.1
S 1789152928.422 copy_cont 244.1
S 1789152928.426 copy_cont 243.5
S 1789152928.430 copy_cont 244.1
S 1789152928.435 copy_cont 244.3
S 1789152928.439 copy_cont 244.5
S 1789152928.444 copy_cont 243.2
S 1789152928.448 copy_cont 244.0
S 1789152928.453 copy_cont 244.6
S 1789152928.457 copy_cont 243.9
S 1789152928.461 copy_cont 244.0
S 1789152928.466 copy_cont 243.5
S 1789152928.470 copy_cont 244.3
S 1789152928.475 copy_cont 243.4
S 1789152928.479 copy_cont 244.0
S 1789152928.483 copy_cont 244.0
S 1789152928.488 copy_cont 244.2
S 1789152928.492 copy_cont 243.5
S 1789152928.497 copy_cont 243.8
S 1789152928.501 copy_cont 244.6
S 1789152928.506 copy_cont 243.2
S 1789152928.510 copy_cont 243.5
S 1789152928.514 copy_cont 244.3
S 1789152928.519 copy_cont 244.7
S 1789152928.523 copy_cont 242.9
S 1789152928.528 copy_cont 241.3
S 1789152928.532 copy_cont 224.6
S 1789152928.537 copy_cont 214.2
S 1789152928.542 copy_cont 240.7
S 1789152928.546 copy_cont 243.9
S 1789152928.551 copy_cont 244.5
S 1789152928.555 copy_cont 243.3
S 1789152928.560 copy_cont 243.7
S 1789152928.564 copy_cont 244.4
S 1789152928.568 copy_cont 243.7
S 1789152928.573 copy_cont 243.8
S 1789152928.577 copy_cont 243.9
S 1789152928.582 copy_cont 244.1
S 1789152928.586 copy_cont 243.5
S 1789152928.591 copy_cont 244.0
S 1789152928.595 copy_cont 244.5
S 1789152928.599 copy_cont 244.0
S 1789152928.604 copy_cont 243.3
S 1789152928.608 copy_cont 243.8
S 1789152928.613 copy_cont 244.5
S 1789152928.617 copy_cont 243.6
S 1789152928.621 copy_cont 243.5
S 1789152928.626 copy_cont 243.9
S 1789152928.630 copy_cont 244.4
S 1789152928.635 copy_cont 243.6
S 1789152928.639 copy_cont 243.8
S 1789152928.643 copy_cont 244.3
S 1789152928.648 copy_cont 243.9
S 1789152928.652 copy_cont 244.2
S 1789152928.657 copy_cont 244.1
S 1789152928.661 copy_cont 244.2
S 1789152928.666 copy_cont 243.3
S 1789152928.670 copy_cont 244.2
S 1789152928.674 copy_cont 244.2
S 1789152928.679 copy_cont 244.6
S 1789152928.683 copy_cont 243.5
S 1789152928.688 copy_cont 243.8
S 1789152928.692 copy_cont 244.3
S 1789152928.696 copy_cont 244.0
S 1789152928.701 copy_cont 244.0
S 1789152928.705 copy_cont 244.1
S 1789152928.710 copy_cont 244.3
S 1789152928.714 copy_cont 243.6
S 1789152928.718 copy_cont 244.2
S 1789152928.723 copy_cont 244.1
S 1789152928.727 copy_cont 243.6
S 1789152928.732 copy_cont 243.6
S 1789152928.736 copy_cont 243.9
S 1789152928.741 copy_cont 243.8
S 1789152928.745 copy_cont 243.6
S 1789152928.749 copy_cont 244.0
S 1789152928.754 copy_cont 244.3
S 1789152928.758 copy_cont 244.8
S 1789152928.763 copy_cont 242.8
S 1789152928.767 copy_cont 243.8
S 1789152928.771 copy_cont 244.4
S 1789152928.776 copy_cont 244.2
S 1789152928.780 copy_cont 243.5
S 1789152928.785 copy_cont 244.2
S 1789152928.789 copy_cont 244.1
S 1789152928.794 copy_cont 243.3
S 1789152928.798 copy_cont 244.2
S 1789152928.802 copy_cont 244.2
S 1789152928.807 copy_cont 244.1
S 1789152928.811 copy_cont 243.7
S 1789152928.816 copy_cont 244.3
S 1789152928.820 copy_cont 243.8
S 1789152928.824 copy_cont 244.1
S 1789152928.829 copy_cont 243.7
S 1789152928.833 copy_cont 244.3
S 1789152928.838 copy_cont 244.4
S 1789152928.842 copy_cont 242.9
S 1789152928.847 copy_cont 243.8
S 1789152928.851 copy_cont 244.5
S 1789152928.855 copy_cont 244.2
S 1789152928.860 copy_cont 243.3
S 1789152928.864 copy_cont 244.0
S 1789152928.869 copy_cont 244.0
S 1789152928.873 copy_cont 243.4
S 1789152928.877 copy_cont 244.1
S 1789152928.882 copy_cont 243.8
S 1789152928.886 copy_cont 244.2
S 1789152928.891 copy_cont 243.7
S 1789152928.895 copy_cont 244.1
S 1789152928.900 copy_cont 243.9
S 1789152928.904 copy_cont 243.5
S 1789152928.908 copy_cont 243.7
S 1789152928.913 copy_cont 244.3
S 1789152928.917 copy_cont 244.6
S 1789152928.922 copy_cont 243.7
S 1789152928.926 copy_cont 244.1
S 1789152928.930 copy_cont 244.2
S 1789152928.935 copy_cont 244.2
S 1789152928.939 copy_cont 243.5
S 1789152928.944 copy_cont 243.8
S 1789152928.948 copy_cont 244.3
S 1789152928.952 copy_cont 243.5
S 1789152928.957 copy_cont 244.0
S 1789152928.961 copy_cont 244.0
S 1789152928.966 copy_cont 244.4
S 1789152928.970 copy_cont 243.6
S 1789152928.975 copy_cont 244.1
S 1789152928.979 copy_cont 244.0
S 1789152928.983 copy_cont 243.7
S 1789152928.988 copy_cont 243.6
S 1789152928.992 copy_cont 244.3
S 1789152928.997 copy_cont 244.5
S 1789152929.001 copy_cont 243.0
S 1789152929.005 copy_cont 243.9
S 1789152929.010 copy_cont 244.1
S 1789152929.014 copy_cont 244.1
S 1789152929.019 copy_cont 244.0
S 1789152929.023 copy_cont 243.5
S 1789152929.028 copy_cont 242.9
S 1789152929.032 copy_cont 225.7
S 1789152929.037 copy_cont 219.3
S 1789152929.042 copy_cont 240.7
S 1789152929.046 copy_cont 244.0
S 1789152929.051 copy_cont 243.7
S 1789152929.055 copy_cont 244.2
S 1789152929.059 copy_cont 244.0
S 1789152929.064 copy_cont 244.0
S 1789152929.068 copy_cont 244.0
S 1789152929.073 copy_cont 244.6
S 1789152929.077 copy_cont 244.6
S 1789152929.081 copy_cont 243.2
S 1789152929.086 copy_cont 243.8
S 1789152929.090 copy_cont 244.4
S 1789152929.095 copy_cont 244.2
S 1789152929.099 copy_cont 243.7
S 1789152929.103 copy_cont 243.9
S 1789152929.108 copy_cont 244.3
S 1789152929.112 copy_cont 242.6
S 1789152929.117 copy_cont 241.6
S 1789152929.121 copy_cont 240.6
S 1789152929.126 copy_cont 241.6
S 1789152929.130 copy_cont 242.2
S 1789152929.135 copy_cont 243.6
S 1789152929.139 copy_cont 244.7
S 1789152929.143 copy_cont 243.4
S 1789152929.148 copy_cont 244.1
S 1789152929.152 copy_cont 244.4
S 1789152929.157 copy_cont 244.6
S 1789152929.161 copy_cont 243.1
S 1789152929.165 copy_cont 244.0
S 1789152929.170 copy_cont 244.6
S 1789152929.174 copy_cont 244.0
S 1789152929.179 copy_cont 244.4
S 1789152929.183 copy_cont 243.7
S 1789152929.187 copy_cont 244.3
S 1789152929.192 copy_cont 243.8
S 1789152929.196 copy_cont 243.7
S 1789152929.201 copy_cont 244.0
S 1789152929.205 copy_cont 244.0
S 1789152929.210 copy_cont 243.6
S 1789152929.214 copy_cont 244.1
S 1789152929.218 copy_cont 244.4
S 1789152929.223 copy_cont 243.3
S 1789152929.227 copy_cont 243.8
S 1789152929.232 copy_cont 244.3
S 1789152929.236 copy_cont 244.6
S 1789152929.240 copy_cont 243.3
S 1789152929.245 copy_cont 243.9
S 1789152929.249 copy_cont 244.1
S 1789152929.254 copy_cont 243.8
S 1789152929.258 copy_cont 243.8
S 1789152929.263 copy_cont 243.7
S 1789152929.267 copy_cont 244.3
S 1789152929.271 copy_cont 243.9
S 1789152929.276 copy_cont 244.2
S 1789152929.280 copy_cont 244.2
S 1789152929.285 copy_cont 244.0
S 1789152929.289 copy_cont 243.7
S 1789152929.293 copy_cont 244.2
S 1789152929.298 copy_cont 244.4
S 1789152929.302 copy_cont 243.6
S 1789152929.307 copy_cont 243.8
S 1789152929.311 copy_cont 244.2
S 1789152929.315 copy_cont 244.6
S 1789152929.320 copy_cont 241.5
S 1789152929.324 copy_cont 239.9
S 1789152929.329 copy_cont 244.5
S 1789152929.333 copy_cont 244.0
S 1789152929.338 copy_cont 244.0
S 1789152929.342 copy_cont 244.0
S 1789152929.346 copy_cont 244.2
S 1789152929.351 copy_cont 243.7
S 1789152929.355 copy_cont 244.6
S 1789152929.360 copy_cont 244.4
S 1789152929.364 copy_cont 243.9
S 1789152929.369 copy_cont 243.4
S 1789152929.373 copy_cont 243.9
S 1789152929.377 copy_cont 244.4
S 1789152929.382 copy_cont 243.9
S 1789152929.386 copy_cont 243.6
S 1789152929.391 copy_cont 244.4
S 1789152929.395 copy_cont 244.3
S 1789152929.399 copy_cont 243.5
S 1789152929.404 copy_cont 244.1
S 1789152929.408 copy_cont 244.0
S 1789152929.413 copy_cont 243.8
S 1789152929.417 copy_cont 244.0
S 1789152929.422 copy_cont 243.8
S 1789152929.426 copy_cont 244.0
S 1789152929.430 copy_cont 243.7
S 1789152929.435 copy_cont 243.9
S 1789152929.439 copy_cont 244.4
S 1789152929.444 copy_cont 244.2
S 1789152929.448 copy_cont 243.1
S 1789152929.452 copy_cont 244.1
S 1789152929.457 copy_cont 244.4
S 1789152929.461 copy_cont 243.9
S 1789152929.466 copy_cont 243.5
S 1789152929.470 copy_cont 244.3
S 1789152929.474 copy_cont 244.4
S 1789152929.479 copy_cont 243.6
S 1789152929.483 copy_cont 243.8
S 1789152929.488 copy_cont 244.4
S 1789152929.492 copy_cont 244.0
S 1789152929.497 copy_cont 244.2
S 1789152929.501 copy_cont 243.9
S 1789152929.505 copy_cont 244.1
S 1789152929.510 copy_cont 243.7
S 1789152929.514 copy_cont 244.0
S 1789152929.519 copy_cont 244.4
S 1789152929.523 copy_cont 244.0
S 1789152929.527 copy_cont 243.2
S 1789152929.532 copy_cont 226.5
S 1789152929.537 copy_cont 215.1
S 1789152929.542 copy_cont 238.4
S 1789152929.546 copy_cont 243.5
S 1789152929.551 copy_cont 244.7
S 1789152929.555 copy_cont 244.5
S 1789152929.559 copy_cont 243.6
S 1789152929.564 copy_cont 243.7
S 1789152929.568 copy_cont 244.4
S 1789152929.573 copy_cont 243.8
S 1789152929.577 copy_cont 243.6
S 1789152929.581 copy_cont 243.8
S 1789152929.586 copy_cont 244.2
S 1789152929.590 copy_cont 243.5
S 1789152929.595 copy_cont 244.3
S 1789152929.599 copy_cont 244.3
S 1789152929.604 copy_cont 243.8
S 1789152929.608 copy_cont 243.5
S 1789152929.612 copy_cont 243.7
S 1789152929.617 copy_cont 244.3
S 1789152929.621 copy_cont 243.3
S 1789152929.626 copy_cont 243.9
S 1789152929.630 copy_cont 244.0
S 1789152929.634 copy_cont 244.2
S 1789152929.639 copy_cont 243.4
S 1789152929.643 copy_cont 243.5
S 1789152929.648 copy_cont 244.3
S 1789152929.652 copy_cont 244.0
S 1789152929.657 copy_cont 243.9
S 1789152929.661 copy_cont 244.1
S 1789152929.665 copy_cont 243.9
S 1789152929.670 copy_cont 243.4
S 1789152929.674 copy_cont 244.1
S 1789152929.679 copy_cont 244.4
S 1789152929.683 copy_cont 243.6
S 1789152929.687 copy_cont 243.6
S 1789152929.692 copy_cont 244.0
S 1789152929.696 copy_cont 244.4
S 1789152929.701 copy_cont 243.5
S 1789152929.705 copy_cont 243.8
S 1789152929.709 copy_cont 244.1
S 1789152929.714 copy_cont 244.3
S 1789152929.718 copy_cont 243.3
S 1789152929.723 copy_cont 243.6
S 1789152929.727 copy_cont 244.1
S 1789152929.732 copy_cont 244.1
S 1789152929.736 copy_cont 244.0
S 1789152929.740 copy_cont 244.1
S 1789152929.745 copy_cont 244.1
S 1789152929.749 copy_cont 243.4
S 1789152929.754 copy_cont 244.2
S 1789152929.758 copy_cont 244.2
S 1789152929.762 copy_cont 243.9
S 1789152929.767 copy_cont 243.5
S 1789152929.771 copy_cont 244.3
S 1789152929.776 copy_cont 244.5
S 1789152929.780 copy_cont 243.9
S 1789152929.785 copy_cont 243.7
S 1789152929.789 copy_cont 243.8
S 1789152929.793 copy_cont 244.6
S 1789152929.798 copy_cont 243.3
S 1789152929.802 copy_cont 243.5
S 1789152929.807 copy_cont 244.2
S 1789152929.811 copy_cont 244.1
S 1789152929.815 copy_cont 243.6
S 1789152929.820 copy_cont 244.3
S 1789152929.824 copy_cont 244.1
S 1789152929.829 copy_cont 243.1
S 1789152929.833 copy_cont 244.4
S 1789152929.837 copy_cont 244.7
S 1789152929.842 copy_cont 244.1
S 1789152929.846 copy_cont 243.4
S 1789152929.851 copy_cont 244.0
S 1789152929.855 copy_cont 244.4
S 1789152929.860 copy_cont 243.4
S 1789152929.864 copy_cont 243.5
S 1789152929.868 copy_cont 244.0
S 1789152929.873 copy_cont 244.2
S 1789152929.877 copy_cont 243.5
S 1789152929.882 copy_cont 243.8
S 1789152929.886 copy_cont 244.3
S 1789152929.890 copy_cont 243.8
S 1789152929.895 copy_cont 243.8
S 1789152929.899 copy_cont 244.2
S 1789152929.904 copy_cont 244.0
S 1789152929.908 copy_cont 243.3
S 1789152929.913 copy_cont 244.2
S 1789152929.917 copy_cont 244.3
S 1789152929.921 copy_cont 244.2
S 1789152929.926 copy_cont 243.1
S 1789152929.930 copy_cont 244.2
S 1789152929.935 copy_cont 244.6
S 1789152929.939 copy_cont 244.1
S 1789152929.943 copy_cont 243.3
S 1789152929.948 copy_cont 243.9
S 1789152929.952 copy_cont 244.7
S 1789152929.957 copy_cont 243.5
S 1789152929.961 copy_cont 243.8
S 1789152929.966 copy_cont 244.0
S 1789152929.970 copy_cont 243.8
S 1789152929.974 copy_cont 243.8
S 1789152929.979 copy_cont 244.0
S 1789152929.983 copy_cont 244.2
S 1789152929.988 copy_cont 243.5
S 1789152929.992 copy_cont 244.1
S 1789152929.996 copy_cont 244.4
S 1789152930.001 copy_cont 244.4
S 1789152930.005 copy_cont 243.1
S 1789152930.010 copy_cont 244.0
S 1789152930.014 copy_cont 244.4
S 1789152930.018 copy_cont 244.0
S 1789152930.023 copy_cont 243.7
S 1789152930.027 copy_cont 244.0
S 1789152930.032 copy_cont 228.0
S 1789152930.037 copy_cont 212.2
S 1789152930.042 copy_cont 240.3
S 1789152930.046 copy_cont 244.4
S 1789152930.050 copy_cont 243.9
S 1789152930.055 copy_cont 244.1
S 1789152930.059 copy_cont 244.2
S 1789152930.064 copy_cont 244.5
S 1789152930.068 copy_cont 243.4
S 1789152930.072 copy_cont 243.9
S 1789152930.077 copy_cont 244.3
S 1789152930.081 copy_cont 243.7
S 1789152930.086 copy_cont 243.5
S 1789152930.090 copy_cont 244.0
S 1789152930.095 copy_cont 244.4
S 1789152930.099 copy_cont 244.1
S 1789152930.103 copy_cont 243.6
S 1789152930.108 copy_cont 243.9
S 1789152930.112 copy_cont 244.3
S 1789152930.117 copy_cont 241.0
S 1789152930.121 copy_cont 240.6
S 1789152930.126 copy_cont 241.6
S 1789152930.130 copy_cont 242.0
S 1789152930.134 copy_cont 242.7
S 1789152930.139 copy_cont 243.1
S 1789152930.143 copy_cont 243.8
S 1789152930.148 copy_cont 243.2
S 1789152930.152 copy_cont 244.6
S 1789152930.157 copy_cont 244.4
S 1789152930.161 copy_cont 244.0
S 1789152930.165 copy_cont 243.6
S 1789152930.170 copy_cont 244.2
S 1789152930.174 copy_cont 244.7
S 1789152930.179 copy_cont 243.9
S 1789152930.183 copy_cont 244.0
S 1789152930.187 copy_cont 244.2
S 1789152930.192 copy_cont 244.5
S 1789152930.196 copy_cont 243.6
S 1789152930.201 copy_cont 243.9
S 1789152930.205 copy_cont 244.4
S 1789152930.210 copy_cont 243.7
S 1789152930.214 copy_cont 243.7
S 1789152930.218 copy_cont 244.0
S 1789152930.223 copy_cont 244.1
S 1789152930.227 copy_cont 243.3
S 1789152930.232 copy_cont 244.3
S 1789152930.236 copy_cont 244.6
S 1789152930.240 copy_cont 244.0
S 1789152930.245 copy_cont 243.3
S 1789152930.249 copy_cont 243.9
S 1789152930.254 copy_cont 244.6
S 1789152930.258 copy_cont 243.6
S 1789152930.262 copy_cont 243.4
S 1789152930.267 copy_cont 243.8
S 1789152930.271 copy_cont 244.4
S 1789152930.276 copy_cont 243.5
S 1789152930.280 copy_cont 244.0
S 1789152930.285 copy_cont 244.3
S 1789152930.289 copy_cont 243.8
S 1789152930.293 copy_cont 244.0
S 1789152930.298 copy_cont 244.3
S 1789152930.302 copy_cont 244.5
S 1789152930.307 copy_cont 243.3
S 1789152930.311 copy_cont 244.0
S 1789152930.315 copy_cont 244.1
S 1789152930.320 copy_cont 243.5
S 1789152930.324 copy_cont 238.3
S 1789152930.329 copy_cont 243.9
S 1789152930.333 copy_cont 244.3
S 1789152930.338 copy_cont 243.7
S 1789152930.342 copy_cont 244.2
S 1789152930.346 copy_cont 244.0
S 1789152930.351 copy_cont 244.3
S 1789152930.355 copy_cont 243.4
S 1789152930.360 copy_cont 243.9
S 1789152930.364 copy_cont 243.8
S 1789152930.369 copy_cont 244.1
S 1789152930.373 copy_cont 243.9
S 1789152930.377 copy_cont 244.3
S 1789152930.382 copy_cont 244.5
S 1789152930.386 copy_cont 242.8
S 1789152930.391 copy_cont 244.2
S 1789152930.395 copy_cont 244.4
S 1789152930.399 copy_cont 244.5
S 1789152930.404 copy_cont 243.3
S 1789152930.408 copy_cont 243.6
S 1789152930.413 copy_cont 244.6
S 1789152930.417 copy_cont 243.9
S 1789152930.422 copy_cont 244.2
S 1789152930.426 copy_cont 243.7
S 1789152930.430 copy_cont 244.7
S 1789152930.435 copy_cont 243.5
S 1789152930.439 copy_cont 244.3
S 1789152930.444 copy_cont 244.3
S 1789152930.448 copy_cont 244.0
S 1789152930.452 copy_cont 244.2
S 1789152930.457 copy_cont 244.4
S 1789152930.461 copy_cont 244.5
S 1789152930.466 copy_cont 227.1
S 1789152930.470 copy_cont 244.2
S 1789152930.475 copy_cont 244.4
S 1789152930.479 copy_cont 244.3
S 1789152930.484 copy_cont 243.5
S 1789152930.488 copy_cont 243.9
S 1789152930.492 copy_cont 244.4
S 1789152930.497 copy_cont 243.5
S 1789152930.501 copy_cont 243.8
S 1789152930.506 copy_cont 243.7
S 1789152930.510 copy_cont 244.5
S 1789152930.514 copy_cont 243.3
S 1789152930.519 copy_cont 244.0
S 1789152930.523 copy_cont 244.3
S 1789152930.528 copy_cont 243.7
S 1789152930.533 copy_cont 225.2
S 1789152930.537 copy_cont 216.5
S 1789152930.542 copy_cont 239.5
S 1789152930.546 copy_cont 243.1
S 1789152930.551 copy_cont 243.8
S 1789152930.555 copy_cont 244.5
S 1789152930.560 copy_cont 243.7
S 1789152930.564 copy_cont 243.8
S 1789152930.568 copy_cont 243.5
S 1789152930.573 copy_cont 244.4
S 1789152930.577 copy_cont 243.3
S 1789152930.582 copy_cont 243.8
S 1789152930.586 copy_cont 244.2
S 1789152930.591 copy_cont 244.3
S 1789152930.595 copy_cont 243.6
S 1789152930.599 copy_cont 244.0
S 1789152930.604 copy_cont 244.0
S 1789152930.608 copy_cont 243.5
S 1789152930.613 copy_cont 244.0
S 1789152930.617 copy_cont 244.2
S 1789152930.621 copy_cont 244.2
S 1789152930.626 copy_cont 242.8
S 1789152930.630 copy_cont 243.8
S 1789152930.635 copy_cont 244.4
S 1789152930.639 copy_cont 244.2
S 1789152930.644 copy_cont 243.6
S 1789152930.648 copy_cont 244.0
S 1789152930.652 copy_cont 244.7
S 1789152930.657 copy_cont 243.5
S 1789152930.661 copy_cont 244.0
S 1789152930.666 copy_cont 243.9
S 1789152930.670 copy_cont 244.5
S 1789152930.674 copy_cont 243.4
S 1789152930.679 copy_cont 244.0
S 1789152930.683 copy_cont 243.9
S 1789152930.688 copy_cont 243.5
S 1789152930.692 copy_cont 244.1
S 1789152930.697 copy_cont 244.0
S 1789152930.701 copy_cont 244.5
S 1789152930.705 copy_cont 243.1
S 1789152930.710 copy_cont 243.9
S 1789152930.714 copy_cont 244.5
S 1789152930.719 copy_cont 244.3
S 1789152930.723 copy_cont 243.3
S 1789152930.727 copy_cont 243.7
S 1789152930.732 copy_cont 244.1
S 1789152930.736 copy_cont 243.6
S 1789152930.741 copy_cont 244.0
S 1789152930.745 copy_cont 243.7
S 1789152930.749 copy_cont 244.4
S 1789152930.754 copy_cont 243.6
S 1789152930.758 copy_cont 244.4
S 1789152930.763 copy_cont 243.9
S 1789152930.767 copy_cont 243.9
S 1789152930.772 copy_cont 243.8
S 1789152930.776 copy_cont 244.2
S 1789152930.780 copy_cont 244.5
S 1789152930.785 copy_cont 242.8
S 1789152930.789 copy_cont 244.1
S 1789152930.794 copy_cont 244.4
S 1789152930.798 copy_cont 244.1
S 1789152930.802 copy_cont 243.6
S 1789152930.807 copy_cont 243.7
S 1789152930.811 copy_cont 244.4
S 1789152930.816 copy_cont 243.5
S 1789152930.820 copy_cont 244.3
S 1789152930.825 copy_cont 244.0
S 1789152930.829 copy_cont 244.3
S 1789152930.833 copy_cont 243.4
S 1789152930.838 copy_cont 244.0
S 1789152930.842 copy_cont 243.8
S 1789152930.847 copy_cont 243.7
S 1789152930.851 copy_cont 243.7
S 1789152930.855 copy_cont 244.2
S 1789152930.860 copy_cont 244.5
S 1789152930.864 copy_cont 242.8
S 1789152930.869 copy_cont 244.0
S 1789152930.873 copy_cont 244.2
S 1789152930.878 copy_cont 244.3
S 1789152930.882 copy_cont 243.2
S 1789152930.886 copy_cont 243.6
S 1789152930.891 copy_cont 244.6
S 1789152930.895 copy_cont 243.7
S 1789152930.900 copy_cont 244.2
S 1789152930.904 copy_cont 243.9
S 1789152930.908 copy_cont 243.9
S 1789152930.913 copy_cont 243.2
S 1789152930.917 copy_cont 243.8
S 1789152930.922 copy_cont 244.6
S 1789152930.926 copy_cont 243.4
S 1789152930.931 copy_cont 243.7
S 1789152930.935 copy_cont 243.9
S 1789152930.939 copy_cont 244.4
S 1789152930.944 copy_cont 243.2
S 1789152930.948 copy_cont 243.6
S 1789152930.953 copy_cont 244.3
S 1789152930.957 copy_cont 244.1
S 1789152930.961 copy_cont 243.6
S 1789152930.966 copy_cont 243.6
S 1789152930.970 copy_cont 244.5
S 1789152930.975 copy_cont 243.9
S 1789152930.979 copy_cont 243.8
S 1789152930.983 copy_cont 243.9
S 1789152930.988 copy_cont 244.4
S 1789152930.992 copy_cont 243.5
S 1789152930.997 copy_cont 244.2
S 1789152931.001 copy_cont 244.4
S 1789152931.006 copy_cont 243.4
S 1789152931.010 copy_cont 243.7
S 1789152931.014 copy_cont 244.0
S 1789152931.019 copy_cont 244.4
S 1789152931.023 copy_cont 243.2
S 1789152931.028 copy_cont 243.8
S 1789152931.032 copy_cont 226.8
S 1789152931.037 copy_cont 213.6
S 1789152931.042 copy_cont 239.4
S 1789152931.046 copy_cont 243.7
S 1789152931.051 copy_cont 244.4
S 1789152931.055 copy_cont 243.3
S 1789152931.060 copy_cont 244.1
S 1789152931.064 copy_cont 244.0
S 1789152931.068 copy_cont 244.1
S 1789152931.073 copy_cont 243.8
S 1789152931.077 copy_cont 244.0
S 1789152931.082 copy_cont 244.2
S 1789152931.086 copy_cont 243.6
S 1789152931.090 copy_cont 244.0
S 1789152931.095 copy_cont 244.2
S 1789152931.099 copy_cont 244.6
S 1789152931.104 copy_cont 243.2
S 1789152931.108 copy_cont 243.6
S 1789152931.113 copy_cont 244.1
S 1789152931.117 copy_cont 242.0
S 1789152931.121 copy_cont 240.7
S 1789152931.126 copy_cont 241.0
S 1789152931.130 copy_cont 242.4
S 1789152931.135 copy_cont 242.6
S 1789152931.139 copy_cont 243.6
S 1789152931.144 copy_cont 242.1
S 1789152931.148 copy_cont 243.2
S 1789152931.153 copy_cont 243.9
S 1789152931.157 copy_cont 244.2
S 1789152931.161 copy_cont 244.5
S 1789152931.166 copy_cont 243.9
S 1789152931.170 copy_cont 244.2
S 1789152931.175 copy_cont 244.2
S 1789152931.179 copy_cont 244.6
S 1789152931.183 copy_cont 243.5
S 1789152931.188 copy_cont 243.9
S 1789152931.192 copy_cont 244.4
S 1789152931.197 copy_cont 243.9
S 1789152931.201 copy_cont 243.7
S 1789152931.205 copy_cont 244.2
S 1789152931.210 copy_cont 244.4
S 1789152931.214 copy_cont 243.2
S 1789152931.219 copy_cont 243.8
S 1789152931.223 copy_cont 243.9
S 1789152931.228 copy_cont 244.2
S 1789152931.232 copy_cont 243.8
S 1789152931.236 copy_cont 243.8
S 1789152931.241 copy_cont 244.3
S 1789152931.245 copy_cont 243.6
S 1789152931.250 copy_cont 243.7
S 1789152931.254 copy_cont 244.2
S 1789152931.258 copy_cont 244.6
S 1789152931.263 copy_cont 242.9
S 1789152931.267 copy_cont 244.0
S 1789152931.272 copy_cont 244.3
S 1789152931.276 copy_cont 244.0
S 1789152931.281 copy_cont 243.8
S 1789152931.285 copy_cont 243.6
S 1789152931.289 copy_cont 244.3
S 1789152931.294 copy_cont 243.5
S 1789152931.298 copy_cont 244.1
S 1789152931.303 copy_cont 244.2
S 1789152931.307 copy_cont 244.1
S 1789152931.311 copy_cont 243.6
S 1789152931.316 copy_cont 244.2
S 1789152931.320 copy_cont 243.7
S 1789152931.325 copy_cont 237.4
S 1789152931.329 copy_cont 244.1
S 1789152931.334 copy_cont 244.3
S 1789152931.338 copy_cont 244.5
S 1789152931.342 copy_cont 243.6
S 1789152931.347 copy_cont 243.5
S 1789152931.351 copy_cont 244.5
S 1789152931.356 copy_cont 244.0
S 1789152931.360 copy_cont 244.1
S 1789152931.365 copy_cont 243.3
S 1789152931.369 copy_cont 244.1
S 1789152931.373 copy_cont 243.8
S 1789152931.378 copy_cont 244.1
S 1789152931.382 copy_cont 244.2
S 1789152931.387 copy_cont 243.9
S 1789152931.391 copy_cont 243.6
S 1789152931.395 copy_cont 244.1
S 1789152931.400 copy_cont 244.4
S 1789152931.404 copy_cont 243.5
S 1789152931.409 copy_cont 243.6
S 1789152931.413 copy_cont 244.2
S 1789152931.417 copy_cont 244.5
S 1789152931.422 copy_cont 243.4
S 1789152931.426 copy_cont 243.4
S 1789152931.431 copy_cont 244.6
S 1789152931.435 copy_cont 244.3
S 1789152931.440 copy_cont 244.2
S 1789152931.444 copy_cont 243.9
S 1789152931.448 copy_cont 244.2
S 1789152931.453 copy_cont 243.6
S 1789152931.457 copy_cont 243.7
S 1789152931.462 copy_cont 244.3
S 1789152931.466 copy_cont 244.0
S 1789152931.470 copy_cont 243.6
S 1789152931.475 copy_cont 243.8
S 1789152931.479 copy_cont 244.1
S 1789152931.484 copy_cont 243.5
S 1789152931.488 copy_cont 243.4
S 1789152931.493 copy_cont 244.2
S 1789152931.497 copy_cont 244.5
S 1789152931.501 copy_cont 243.3
S 1789152931.506 copy_cont 243.7
S 1789152931.510 copy_cont 244.4
S 1789152931.515 copy_cont 244.0
S 1789152931.519 copy_cont 243.8
S 1789152931.523 copy_cont 243.6
S 1789152931.528 copy_cont 244.5
S 1789152931.533 copy_cont 226.1
S 1789152931.538 copy_cont 218.2
S 1789152931.542 copy_cont 238.3
S 1789152931.546 copy_cont 243.9
S 1789152931.551 copy_cont 244.0
S 1789152931.555 copy_cont 244.0
S 1789152931.560 copy_cont 244.7
S 1789152931.564 copy_cont 243.4
S 1789152931.569 copy_cont 244.1
S 1789152931.573 copy_cont 244.3
S 1789152931.577 copy_cont 244.8
S 1789152931.582 copy_cont 243.7
S 1789152931.586 copy_cont 243.9
S 1789152931.591 copy_cont 244.5
S 1789152931.595 copy_cont 244.2
S 1789152931.599 copy_cont 244.0
S 1789152931.604 copy_cont 243.7
S 1789152931.608 copy_cont 244.1
S 1789152931.613 copy_cont 243.4
S 1789152931.617 copy_cont 244.2
S 1789152931.621 copy_cont 244.3
S 1789152931.626 copy_cont 243.4
S 1789152931.630 copy_cont 244.1
S 1789152931.635 copy_cont 244.0
S 1789152931.639 copy_cont 244.7
S 1789152931.644 copy_cont 243.5
S 1789152931.648 copy_cont 243.9
S 1789152931.652 copy_cont 244.1
S 1789152931.657 copy_cont 244.8
S 1789152931.661 copy_cont 243.5
S 1789152931.666 copy_cont 244.0
S 1789152931.670 copy_cont 244.6
S 1789152931.674 copy_cont 244.1
S 1789152931.679 copy_cont 244.0
S 1789152931.683 copy_cont 243.5
S 1789152931.688 copy_cont 244.3
S 1789152931.692 copy_cont 243.5
S 1789152931.696 copy_cont 244.0
S 1789152931.701 copy_cont 244.2
S 1789152931.705 copy_cont 244.1
S 1789152931.710 copy_cont 243.7
S 1789152931.714 copy_cont 244.1
S 1789152931.719 copy_cont 244.4
S 1789152931.723 copy_cont 243.4
S 1789152931.727 copy_cont 243.7
S 1789152931.732 copy_cont 244.0
S 1789152931.736 copy_cont 244.6
S 1789152931.741 copy_cont 243.4
S 1789152931.745 copy_cont 243.6
S 1789152931.749 copy_cont 244.6
S 1789152931.754 copy_cont 244.1
S 1789152931.758 copy_cont 243.9
S 1789152931.763 copy_cont 243.9
S 1789152931.767 copy_cont 243.9
S 1789152931.772 copy_cont 243.7
S 1789152931.776 copy_cont 244.0
S 1789152931.780 copy_cont 244.6
S 1789152931.785 copy_cont 244.3
S 1789152931.789 copy_cont 243.2
S 1789152931.794 copy_cont 244.2
S 1789152931.798 copy_cont 244.7
S 1789152931.802 copy_cont 243.9
S 1789152931.807 copy_cont 243.2
S 1789152931.811 copy_cont 244.4
S 1789152931.816 copy_cont 244.8
S 1789152931.820 copy_cont 243.6
S 1789152931.824 copy_cont 243.9
S 1789152931.829 copy_cont 244.3
S 1789152931.833 copy_cont 244.2
S 1789152931.838 copy_cont 244.1
S 1789152931.842 copy_cont 244.3
S 1789152931.847 copy_cont 244.1
S 1789152931.851 copy_cont 243.9
S 1789152931.855 copy_cont 244.2
S 1789152931.860 copy_cont 244.4
S 1789152931.864 copy_cont 244.4
S 1789152931.869 copy_cont 243.3
S 1789152931.873 copy_cont 243.9
S 1789152931.877 copy_cont 244.2
S 1789152931.882 copy_cont 244.2
S 1789152931.886 copy_cont 243.7
S 1789152931.891 copy_cont 243.7
S 1789152931.895 copy_cont 244.5
BLOCK r1 copy_cont GB/s   n=2260 min= 203.4 p10= 243.2 p50= 244.0 max= 244.9
END 1789152931.895
