START 1789152851.502
S 1789152851.570 gemv_duty 222.4
S 1789152851.668 gemv_duty 225.2
S 1789152851.767 gemv_duty 225.3
S 1789152851.864 gemv_duty 225.4
S 1789152851.961 gemv_duty 227.6
S 1789152852.059 gemv_duty 223.0
S 1789152852.156 gemv_duty 225.5
S 1789152852.254 gemv_duty 224.9
S 1789152852.351 gemv_duty 225.4
S 1789152852.449 gemv_duty 222.7
S 1789152852.548 gemv_duty 223.2
S 1789152852.645 gemv_duty 225.5
S 1789152852.743 gemv_duty 223.0
S 1789152852.841 gemv_duty 225.0
S 1789152852.939 gemv_duty 223.8
S 1789152853.037 gemv_duty 224.5
S 1789152853.136 gemv_duty 221.7
S 1789152853.235 gemv_duty 219.8
S 1789152853.333 gemv_duty 222.0
S 1789152853.431 gemv_duty 221.8
S 1789152853.530 gemv_duty 220.2
S 1789152853.629 gemv_duty 221.5
S 1789152853.727 gemv_duty 225.4
S 1789152853.824 gemv_duty 225.8
S 1789152853.922 gemv_duty 225.3
S 1789152854.020 gemv_duty 221.8
S 1789152854.118 gemv_duty 224.8
S 1789152854.216 gemv_duty 222.9
S 1789152854.314 gemv_duty 224.2
S 1789152854.412 gemv_duty 225.5
S 1789152854.511 gemv_duty 222.9
S 1789152854.609 gemv_duty 222.5
S 1789152854.707 gemv_duty 225.4
S 1789152854.804 gemv_duty 225.7
S 1789152854.903 gemv_duty 223.0
S 1789152855.001 gemv_duty 223.7
S 1789152855.098 gemv_duty 225.0
S 1789152855.197 gemv_duty 220.3
S 1789152855.294 gemv_duty 225.2
S 1789152855.392 gemv_duty 225.1
S 1789152855.491 gemv_duty 224.9
S 1789152855.589 gemv_duty 225.1
S 1789152855.687 gemv_duty 222.7
S 1789152855.786 gemv_duty 222.7
S 1789152855.884 gemv_duty 225.3
S 1789152855.982 gemv_duty 223.1
S 1789152856.081 gemv_duty 225.0
S 1789152856.178 gemv_duty 225.1
S 1789152856.276 gemv_duty 225.6
S 1789152856.374 gemv_duty 222.8
S 1789152856.472 gemv_duty 222.6
S 1789152856.570 gemv_duty 222.8
S 1789152856.668 gemv_duty 222.9
S 1789152856.766 gemv_duty 225.2
S 1789152856.862 gemv_duty 230.2
S 1789152856.959 gemv_duty 226.2
S 1789152857.057 gemv_duty 223.5
S 1789152857.154 gemv_duty 225.3
S 1789152857.252 gemv_duty 224.7
S 1789152857.350 gemv_duty 224.9
S 1789152857.448 gemv_duty 225.3
S 1789152857.546 gemv_duty 223.0
S 1789152857.644 gemv_duty 223.1
S 1789152857.742 gemv_duty 225.3
S 1789152857.838 gemv_duty 227.7
S 1789152857.936 gemv_duty 224.0
S 1789152858.035 gemv_duty 222.8
S 1789152858.133 gemv_duty 222.3
S 1789152858.231 gemv_duty 224.9
S 1789152858.329 gemv_duty 222.9
S 1789152858.427 gemv_duty 222.7
S 1789152858.525 gemv_duty 223.9
S 1789152858.623 gemv_duty 225.7
S 1789152858.721 gemv_duty 224.9
S 1789152858.818 gemv_duty 225.2
S 1789152858.915 gemv_duty 226.8
S 1789152859.013 gemv_duty 223.1
S 1789152859.111 gemv_duty 223.8
S 1789152859.209 gemv_duty 224.3
S 1789152859.307 gemv_duty 221.4
S 1789152859.405 gemv_duty 224.7
S 1789152859.503 gemv_duty 225.2
S 1789152859.600 gemv_duty 227.4
S 1789152859.698 gemv_duty 225.0
S 1789152859.795 gemv_duty 225.5
S 1789152859.893 gemv_duty 225.0
S 1789152859.992 gemv_duty 222.8
S 1789152860.090 gemv_duty 223.7
S 1789152860.188 gemv_duty 222.8
S 1789152860.285 gemv_duty 225.5
S 1789152860.384 gemv_duty 223.1
S 1789152860.482 gemv_duty 224.9
S 1789152860.580 gemv_duty 222.9
S 1789152860.679 gemv_duty 220.4
S 1789152860.777 gemv_duty 223.0
S 1789152860.874 gemv_duty 225.1
S 1789152860.972 gemv_duty 224.7
S 1789152861.071 gemv_duty 222.6
S 1789152861.168 gemv_duty 225.2
S 1789152861.264 gemv_duty 229.7
S 1789152861.362 gemv_duty 225.2
S 1789152861.460 gemv_duty 225.1
S 1789152861.558 gemv_duty 223.4
BLOCK r0 gemv_duty GB/s   n= 103 min= 219.8 p10= 222.3 p50= 224.7 max= 230.2
S 1789152861.595 gemv_cont 222.9
S 1789152861.601 gemv_cont 220.3
S 1789152861.607 gemv_cont 230.1
S 1789152861.612 gemv_cont 230.5
S 1789152861.618 gemv_cont 230.0
S 1789152861.624 gemv_cont 230.1
S 1789152861.630 gemv_cont 228.0
S 1789152861.636 gemv_cont 217.7
S 1789152861.642 gemv_cont 223.1
S 1789152861.648 gemv_cont 226.6
S 1789152861.654 gemv_cont 229.8
S 1789152861.660 gemv_cont 230.2
S 1789152861.666 gemv_cont 230.3
S 1789152861.671 gemv_cont 230.0
S 1789152861.677 gemv_cont 230.2
S 1789152861.683 gemv_cont 230.0
S 1789152861.689 gemv_cont 229.7
S 1789152861.695 gemv_cont 230.3
S 1789152861.701 gemv_cont 230.1
S 1789152861.707 gemv_cont 230.3
S 1789152861.712 gemv_cont 230.4
S 1789152861.718 gemv_cont 230.4
S 1789152861.724 gemv_cont 230.1
S 1789152861.730 gemv_cont 230.3
S 1789152861.736 gemv_cont 230.4
S 1789152861.742 gemv_cont 230.2
S 1789152861.747 gemv_cont 230.2
S 1789152861.753 gemv_cont 230.4
S 1789152861.759 gemv_cont 230.6
S 1789152861.765 gemv_cont 229.9
S 1789152861.771 gemv_cont 230.1
S 1789152861.777 gemv_cont 230.3
S 1789152861.783 gemv_cont 229.8
S 1789152861.788 gemv_cont 229.8
S 1789152861.794 gemv_cont 231.0
S 1789152861.800 gemv_cont 230.6
S 1789152861.806 gemv_cont 230.2
S 1789152861.812 gemv_cont 230.4
S 1789152861.818 gemv_cont 230.1
S 1789152861.823 gemv_cont 230.0
S 1789152861.829 gemv_cont 230.1
S 1789152861.835 gemv_cont 230.2
S 1789152861.841 gemv_cont 230.5
S 1789152861.847 gemv_cont 230.6
S 1789152861.853 gemv_cont 230.3
S 1789152861.858 gemv_cont 229.8
S 1789152861.864 gemv_cont 229.8
S 1789152861.870 gemv_cont 230.5
S 1789152861.876 gemv_cont 230.4
S 1789152861.882 gemv_cont 230.4
S 1789152861.888 gemv_cont 229.8
S 1789152861.894 gemv_cont 216.4
S 1789152861.900 gemv_cont 229.1
S 1789152861.906 gemv_cont 221.9
S 1789152861.912 gemv_cont 228.9
S 1789152861.918 gemv_cont 230.3
S 1789152861.923 gemv_cont 230.3
S 1789152861.929 gemv_cont 230.1
S 1789152861.935 gemv_cont 230.6
S 1789152861.941 gemv_cont 230.1
S 1789152861.947 gemv_cont 230.8
S 1789152861.953 gemv_cont 230.4
S 1789152861.958 gemv_cont 229.9
S 1789152861.964 gemv_cont 230.6
S 1789152861.970 gemv_cont 230.1
S 1789152861.976 gemv_cont 230.3
S 1789152861.982 gemv_cont 230.4
S 1789152861.988 gemv_cont 230.5
S 1789152861.993 gemv_cont 230.1
S 1789152861.999 gemv_cont 230.6
S 1789152862.005 gemv_cont 230.3
S 1789152862.011 gemv_cont 220.0
S 1789152862.018 gemv_cont 208.8
S 1789152862.024 gemv_cont 222.0
S 1789152862.030 gemv_cont 226.7
S 1789152862.036 gemv_cont 224.0
S 1789152862.042 gemv_cont 226.9
S 1789152862.048 gemv_cont 219.7
S 1789152862.054 gemv_cont 221.9
S 1789152862.060 gemv_cont 219.6
S 1789152862.066 gemv_cont 219.5
S 1789152862.072 gemv_cont 222.0
S 1789152862.078 gemv_cont 217.5
S 1789152862.084 gemv_cont 226.5
S 1789152862.090 gemv_cont 226.4
S 1789152862.096 gemv_cont 219.6
S 1789152862.102 gemv_cont 222.9
S 1789152862.108 gemv_cont 224.7
S 1789152862.114 gemv_cont 226.7
S 1789152862.120 gemv_cont 222.9
S 1789152862.126 gemv_cont 226.1
S 1789152862.132 gemv_cont 224.6
S 1789152862.138 gemv_cont 224.8
S 1789152862.144 gemv_cont 227.2
S 1789152862.150 gemv_cont 222.3
S 1789152862.156 gemv_cont 227.4
S 1789152862.162 gemv_cont 221.8
S 1789152862.168 gemv_cont 218.9
S 1789152862.174 gemv_cont 220.1
S 1789152862.181 gemv_cont 220.5
S 1789152862.187 gemv_cont 216.9
S 1789152862.193 gemv_cont 222.4
S 1789152862.199 gemv_cont 215.2
S 1789152862.205 gemv_cont 215.6
S 1789152862.212 gemv_cont 213.0
S 1789152862.218 gemv_cont 219.8
S 1789152862.224 gemv_cont 218.8
S 1789152862.230 gemv_cont 220.3
S 1789152862.236 gemv_cont 219.0
S 1789152862.242 gemv_cont 224.9
S 1789152862.248 gemv_cont 219.9
S 1789152862.254 gemv_cont 216.6
S 1789152862.260 gemv_cont 220.3
S 1789152862.267 gemv_cont 222.6
S 1789152862.273 gemv_cont 223.5
S 1789152862.279 gemv_cont 220.5
S 1789152862.285 gemv_cont 220.1
S 1789152862.291 gemv_cont 218.9
S 1789152862.297 gemv_cont 218.8
S 1789152862.303 gemv_cont 226.1
S 1789152862.309 gemv_cont 224.6
S 1789152862.315 gemv_cont 228.1
S 1789152862.321 gemv_cont 224.5
S 1789152862.327 gemv_cont 229.9
S 1789152862.333 gemv_cont 230.3
S 1789152862.338 gemv_cont 230.4
S 1789152862.344 gemv_cont 230.4
S 1789152862.350 gemv_cont 229.8
S 1789152862.356 gemv_cont 229.8
S 1789152862.362 gemv_cont 230.2
S 1789152862.368 gemv_cont 230.4
S 1789152862.373 gemv_cont 230.1
S 1789152862.379 gemv_cont 230.4
S 1789152862.385 gemv_cont 229.9
S 1789152862.391 gemv_cont 229.8
S 1789152862.397 gemv_cont 229.9
S 1789152862.403 gemv_cont 229.7
S 1789152862.409 gemv_cont 229.5
S 1789152862.414 gemv_cont 230.5
S 1789152862.420 gemv_cont 229.9
S 1789152862.426 gemv_cont 229.8
S 1789152862.432 gemv_cont 229.8
S 1789152862.438 gemv_cont 230.2
S 1789152862.444 gemv_cont 230.6
S 1789152862.450 gemv_cont 229.8
S 1789152862.455 gemv_cont 229.5
S 1789152862.461 gemv_cont 230.6
S 1789152862.467 gemv_cont 230.1
S 1789152862.473 gemv_cont 229.9
S 1789152862.479 gemv_cont 230.3
S 1789152862.485 gemv_cont 230.1
S 1789152862.490 gemv_cont 229.9
S 1789152862.496 gemv_cont 230.4
S 1789152862.502 gemv_cont 230.2
S 1789152862.508 gemv_cont 230.4
S 1789152862.514 gemv_cont 205.9
S 1789152862.520 gemv_cont 228.2
S 1789152862.526 gemv_cont 229.9
S 1789152862.532 gemv_cont 230.2
S 1789152862.538 gemv_cont 230.1
S 1789152862.544 gemv_cont 230.0
S 1789152862.550 gemv_cont 230.5
S 1789152862.555 gemv_cont 230.2
S 1789152862.561 gemv_cont 229.2
S 1789152862.567 gemv_cont 230.1
S 1789152862.573 gemv_cont 230.5
S 1789152862.579 gemv_cont 230.3
S 1789152862.585 gemv_cont 230.5
S 1789152862.591 gemv_cont 229.9
S 1789152862.596 gemv_cont 229.9
S 1789152862.602 gemv_cont 230.1
S 1789152862.608 gemv_cont 230.4
S 1789152862.614 gemv_cont 230.1
S 1789152862.620 gemv_cont 230.2
S 1789152862.626 gemv_cont 230.0
S 1789152862.631 gemv_cont 230.0
S 1789152862.637 gemv_cont 230.2
S 1789152862.643 gemv_cont 230.3
S 1789152862.649 gemv_cont 230.2
S 1789152862.655 gemv_cont 230.3
S 1789152862.661 gemv_cont 229.2
S 1789152862.667 gemv_cont 230.0
S 1789152862.672 gemv_cont 230.1
S 1789152862.678 gemv_cont 229.9
S 1789152862.684 gemv_cont 230.2
S 1789152862.690 gemv_cont 230.1
S 1789152862.696 gemv_cont 230.6
S 1789152862.702 gemv_cont 229.6
S 1789152862.707 gemv_cont 230.2
S 1789152862.713 gemv_cont 230.4
S 1789152862.719 gemv_cont 230.5
S 1789152862.725 gemv_cont 229.9
S 1789152862.731 gemv_cont 230.2
S 1789152862.737 gemv_cont 230.0
S 1789152862.743 gemv_cont 230.2
S 1789152862.748 gemv_cont 230.1
S 1789152862.754 gemv_cont 230.1
S 1789152862.760 gemv_cont 230.3
S 1789152862.766 gemv_cont 229.8
S 1789152862.772 gemv_cont 230.3
S 1789152862.778 gemv_cont 229.9
S 1789152862.783 gemv_cont 230.6
S 1789152862.789 gemv_cont 230.1
S 1789152862.795 gemv_cont 230.2
S 1789152862.801 gemv_cont 229.9
S 1789152862.807 gemv_cont 230.3
S 1789152862.813 gemv_cont 230.1
S 1789152862.818 gemv_cont 230.1
S 1789152862.824 gemv_cont 230.0
S 1789152862.830 gemv_cont 229.7
S 1789152862.836 gemv_cont 229.9
S 1789152862.842 gemv_cont 230.5
S 1789152862.848 gemv_cont 230.5
S 1789152862.854 gemv_cont 230.2
S 1789152862.859 gemv_cont 230.5
S 1789152862.865 gemv_cont 230.1
S 1789152862.871 gemv_cont 230.3
S 1789152862.877 gemv_cont 230.1
S 1789152862.883 gemv_cont 230.1
S 1789152862.889 gemv_cont 230.1
S 1789152862.894 gemv_cont 230.2
S 1789152862.900 gemv_cont 229.4
S 1789152862.906 gemv_cont 230.6
S 1789152862.912 gemv_cont 230.4
S 1789152862.918 gemv_cont 230.1
S 1789152862.924 gemv_cont 230.4
S 1789152862.930 gemv_cont 230.3
S 1789152862.935 gemv_cont 230.5
S 1789152862.941 gemv_cont 229.9
S 1789152862.947 gemv_cont 230.4
S 1789152862.953 gemv_cont 230.4
S 1789152862.959 gemv_cont 230.1
S 1789152862.965 gemv_cont 230.2
S 1789152862.970 gemv_cont 230.3
S 1789152862.976 gemv_cont 230.2
S 1789152862.982 gemv_cont 230.4
S 1789152862.988 gemv_cont 230.9
S 1789152862.994 gemv_cont 230.0
S 1789152863.000 gemv_cont 229.6
S 1789152863.005 gemv_cont 230.1
S 1789152863.012 gemv_cont 221.3
S 1789152863.018 gemv_cont 210.4
S 1789152863.024 gemv_cont 230.5
S 1789152863.030 gemv_cont 230.3
S 1789152863.035 gemv_cont 230.3
S 1789152863.041 gemv_cont 229.8
S 1789152863.047 gemv_cont 230.5
S 1789152863.053 gemv_cont 230.5
S 1789152863.059 gemv_cont 230.1
S 1789152863.065 gemv_cont 230.0
S 1789152863.071 gemv_cont 226.1
S 1789152863.077 gemv_cont 222.6
S 1789152863.083 gemv_cont 225.5
S 1789152863.088 gemv_cont 229.4
S 1789152863.094 gemv_cont 230.6
S 1789152863.100 gemv_cont 230.2
S 1789152863.106 gemv_cont 230.0
S 1789152863.112 gemv_cont 230.5
S 1789152863.118 gemv_cont 230.0
S 1789152863.124 gemv_cont 230.4
S 1789152863.129 gemv_cont 230.3
S 1789152863.135 gemv_cont 230.0
S 1789152863.141 gemv_cont 230.1
S 1789152863.147 gemv_cont 230.3
S 1789152863.153 gemv_cont 230.1
S 1789152863.159 gemv_cont 229.8
S 1789152863.164 gemv_cont 230.3
S 1789152863.170 gemv_cont 229.5
S 1789152863.176 gemv_cont 230.2
S 1789152863.182 gemv_cont 229.9
S 1789152863.188 gemv_cont 230.1
S 1789152863.194 gemv_cont 230.3
S 1789152863.200 gemv_cont 230.2
S 1789152863.205 gemv_cont 230.1
S 1789152863.211 gemv_cont 230.2
S 1789152863.217 gemv_cont 230.3
S 1789152863.223 gemv_cont 230.2
S 1789152863.229 gemv_cont 230.5
S 1789152863.235 gemv_cont 229.7
S 1789152863.240 gemv_cont 229.7
S 1789152863.246 gemv_cont 230.3
S 1789152863.252 gemv_cont 226.9
S 1789152863.258 gemv_cont 229.9
S 1789152863.264 gemv_cont 227.5
S 1789152863.270 gemv_cont 229.2
S 1789152863.276 gemv_cont 230.2
S 1789152863.282 gemv_cont 230.2
S 1789152863.287 gemv_cont 230.8
S 1789152863.293 gemv_cont 230.3
S 1789152863.299 gemv_cont 230.5
S 1789152863.305 gemv_cont 230.1
S 1789152863.311 gemv_cont 230.2
S 1789152863.317 gemv_cont 230.5
S 1789152863.322 gemv_cont 230.1
S 1789152863.328 gemv_cont 229.9
S 1789152863.334 gemv_cont 230.1
S 1789152863.340 gemv_cont 230.5
S 1789152863.346 gemv_cont 229.9
S 1789152863.352 gemv_cont 229.9
S 1789152863.357 gemv_cont 230.3
S 1789152863.363 gemv_cont 230.1
S 1789152863.369 gemv_cont 230.3
S 1789152863.375 gemv_cont 229.7
S 1789152863.381 gemv_cont 230.3
S 1789152863.387 gemv_cont 230.3
S 1789152863.393 gemv_cont 229.9
S 1789152863.398 gemv_cont 230.4
S 1789152863.404 gemv_cont 230.0
S 1789152863.410 gemv_cont 230.3
S 1789152863.416 gemv_cont 230.7
S 1789152863.422 gemv_cont 230.4
S 1789152863.428 gemv_cont 230.1
S 1789152863.433 gemv_cont 230.0
S 1789152863.439 gemv_cont 230.0
S 1789152863.445 gemv_cont 230.5
S 1789152863.451 gemv_cont 230.0
S 1789152863.457 gemv_cont 230.3
S 1789152863.463 gemv_cont 230.5
S 1789152863.468 gemv_cont 230.0
S 1789152863.474 gemv_cont 230.4
S 1789152863.480 gemv_cont 230.4
S 1789152863.486 gemv_cont 230.3
S 1789152863.492 gemv_cont 230.1
S 1789152863.498 gemv_cont 230.6
S 1789152863.504 gemv_cont 230.1
S 1789152863.509 gemv_cont 228.8
S 1789152863.516 gemv_cont 205.9
S 1789152863.522 gemv_cont 216.1
S 1789152863.528 gemv_cont 228.8
S 1789152863.534 gemv_cont 219.5
S 1789152863.540 gemv_cont 230.1
S 1789152863.546 gemv_cont 230.4
S 1789152863.552 gemv_cont 230.1
S 1789152863.558 gemv_cont 230.2
S 1789152863.563 gemv_cont 230.1
S 1789152863.569 gemv_cont 230.2
S 1789152863.575 gemv_cont 229.8
S 1789152863.581 gemv_cont 230.4
S 1789152863.587 gemv_cont 230.2
S 1789152863.593 gemv_cont 230.3
S 1789152863.598 gemv_cont 229.9
S 1789152863.604 gemv_cont 230.6
S 1789152863.610 gemv_cont 229.9
S 1789152863.616 gemv_cont 230.0
S 1789152863.622 gemv_cont 230.1
S 1789152863.628 gemv_cont 230.4
S 1789152863.633 gemv_cont 230.1
S 1789152863.639 gemv_cont 230.1
S 1789152863.645 gemv_cont 230.1
S 1789152863.651 gemv_cont 229.9
S 1789152863.657 gemv_cont 230.2
S 1789152863.663 gemv_cont 229.8
S 1789152863.669 gemv_cont 230.5
S 1789152863.674 gemv_cont 230.1
S 1789152863.680 gemv_cont 229.7
S 1789152863.686 gemv_cont 230.3
S 1789152863.692 gemv_cont 230.4
S 1789152863.698 gemv_cont 229.8
S 1789152863.704 gemv_cont 230.5
S 1789152863.709 gemv_cont 230.3
S 1789152863.715 gemv_cont 229.9
S 1789152863.721 gemv_cont 230.1
S 1789152863.727 gemv_cont 230.4
S 1789152863.733 gemv_cont 230.4
S 1789152863.739 gemv_cont 230.3
S 1789152863.745 gemv_cont 230.3
S 1789152863.750 gemv_cont 230.4
S 1789152863.756 gemv_cont 229.9
S 1789152863.762 gemv_cont 230.3
S 1789152863.768 gemv_cont 230.5
S 1789152863.774 gemv_cont 229.7
S 1789152863.780 gemv_cont 230.0
S 1789152863.785 gemv_cont 230.4
S 1789152863.791 gemv_cont 230.2
S 1789152863.797 gemv_cont 230.5
S 1789152863.803 gemv_cont 230.2
S 1789152863.809 gemv_cont 229.9
S 1789152863.815 gemv_cont 230.3
S 1789152863.820 gemv_cont 230.4
S 1789152863.826 gemv_cont 230.2
S 1789152863.832 gemv_cont 230.3
S 1789152863.838 gemv_cont 229.9
S 1789152863.844 gemv_cont 229.7
S 1789152863.850 gemv_cont 229.0
S 1789152863.856 gemv_cont 217.4
S 1789152863.862 gemv_cont 221.1
S 1789152863.868 gemv_cont 226.9
S 1789152863.874 gemv_cont 229.9
S 1789152863.880 gemv_cont 230.4
S 1789152863.885 gemv_cont 230.1
S 1789152863.891 gemv_cont 230.0
S 1789152863.897 gemv_cont 229.9
S 1789152863.903 gemv_cont 230.2
S 1789152863.909 gemv_cont 229.2
S 1789152863.915 gemv_cont 230.3
S 1789152863.921 gemv_cont 230.2
S 1789152863.926 gemv_cont 230.3
S 1789152863.932 gemv_cont 230.2
S 1789152863.938 gemv_cont 228.4
S 1789152863.944 gemv_cont 228.2
S 1789152863.950 gemv_cont 229.4
S 1789152863.956 gemv_cont 230.4
S 1789152863.962 gemv_cont 230.2
S 1789152863.967 gemv_cont 230.1
S 1789152863.973 gemv_cont 230.4
S 1789152863.979 gemv_cont 229.9
S 1789152863.985 gemv_cont 230.3
S 1789152863.991 gemv_cont 230.3
S 1789152863.997 gemv_cont 229.9
S 1789152864.002 gemv_cont 230.3
S 1789152864.008 gemv_cont 229.9
S 1789152864.015 gemv_cont 208.0
S 1789152864.021 gemv_cont 227.2
S 1789152864.027 gemv_cont 230.2
S 1789152864.032 gemv_cont 229.9
S 1789152864.038 gemv_cont 230.0
S 1789152864.044 gemv_cont 230.1
S 1789152864.050 gemv_cont 230.5
S 1789152864.056 gemv_cont 230.4
S 1789152864.062 gemv_cont 230.0
S 1789152864.067 gemv_cont 230.8
S 1789152864.073 gemv_cont 229.2
S 1789152864.079 gemv_cont 224.1
S 1789152864.085 gemv_cont 225.5
S 1789152864.091 gemv_cont 228.8
S 1789152864.097 gemv_cont 229.1
S 1789152864.103 gemv_cont 230.2
S 1789152864.109 gemv_cont 230.0
S 1789152864.115 gemv_cont 230.4
S 1789152864.120 gemv_cont 230.1
S 1789152864.126 gemv_cont 229.9
S 1789152864.132 gemv_cont 230.9
S 1789152864.138 gemv_cont 230.1
S 1789152864.144 gemv_cont 229.1
S 1789152864.150 gemv_cont 230.6
S 1789152864.155 gemv_cont 230.0
S 1789152864.161 gemv_cont 229.5
S 1789152864.167 gemv_cont 230.0
S 1789152864.173 gemv_cont 229.9
S 1789152864.179 gemv_cont 230.1
S 1789152864.185 gemv_cont 230.4
S 1789152864.191 gemv_cont 230.0
S 1789152864.196 gemv_cont 230.7
S 1789152864.202 gemv_cont 229.9
S 1789152864.208 gemv_cont 229.9
S 1789152864.214 gemv_cont 230.6
S 1789152864.220 gemv_cont 230.2
S 1789152864.226 gemv_cont 230.2
S 1789152864.231 gemv_cont 230.4
S 1789152864.237 gemv_cont 230.2
S 1789152864.243 gemv_cont 229.7
S 1789152864.249 gemv_cont 226.4
S 1789152864.255 gemv_cont 230.0
S 1789152864.261 gemv_cont 229.7
S 1789152864.267 gemv_cont 230.2
S 1789152864.272 gemv_cont 230.2
S 1789152864.278 gemv_cont 230.3
S 1789152864.284 gemv_cont 230.1
S 1789152864.290 gemv_cont 230.2
S 1789152864.296 gemv_cont 230.2
S 1789152864.302 gemv_cont 229.7
S 1789152864.308 gemv_cont 230.1
S 1789152864.313 gemv_cont 229.7
S 1789152864.319 gemv_cont 229.8
S 1789152864.325 gemv_cont 230.2
S 1789152864.331 gemv_cont 230.2
S 1789152864.337 gemv_cont 230.7
S 1789152864.343 gemv_cont 230.0
S 1789152864.348 gemv_cont 230.2
S 1789152864.354 gemv_cont 229.8
S 1789152864.360 gemv_cont 230.4
S 1789152864.366 gemv_cont 230.3
S 1789152864.372 gemv_cont 230.1
S 1789152864.378 gemv_cont 230.1
S 1789152864.383 gemv_cont 230.3
S 1789152864.389 gemv_cont 230.8
S 1789152864.395 gemv_cont 229.7
S 1789152864.401 gemv_cont 230.4
S 1789152864.407 gemv_cont 230.2
S 1789152864.413 gemv_cont 229.7
S 1789152864.419 gemv_cont 230.3
S 1789152864.424 gemv_cont 230.2
S 1789152864.430 gemv_cont 229.7
S 1789152864.436 gemv_cont 230.6
S 1789152864.442 gemv_cont 229.8
S 1789152864.448 gemv_cont 230.1
S 1789152864.454 gemv_cont 230.4
S 1789152864.459 gemv_cont 230.5
S 1789152864.465 gemv_cont 230.2
S 1789152864.471 gemv_cont 230.3
S 1789152864.477 gemv_cont 230.2
S 1789152864.483 gemv_cont 230.1
S 1789152864.489 gemv_cont 230.2
S 1789152864.495 gemv_cont 229.9
S 1789152864.500 gemv_cont 230.4
S 1789152864.506 gemv_cont 230.1
S 1789152864.512 gemv_cont 217.2
S 1789152864.519 gemv_cont 210.8
S 1789152864.525 gemv_cont 229.9
S 1789152864.530 gemv_cont 229.6
S 1789152864.536 gemv_cont 230.3
S 1789152864.542 gemv_cont 229.5
S 1789152864.548 gemv_cont 230.5
S 1789152864.554 gemv_cont 230.3
S 1789152864.560 gemv_cont 230.2
S 1789152864.566 gemv_cont 230.3
S 1789152864.571 gemv_cont 230.1
S 1789152864.577 gemv_cont 230.3
S 1789152864.583 gemv_cont 229.8
S 1789152864.589 gemv_cont 230.1
S 1789152864.595 gemv_cont 230.3
S 1789152864.601 gemv_cont 230.3
S 1789152864.606 gemv_cont 230.2
S 1789152864.612 gemv_cont 230.4
S 1789152864.618 gemv_cont 230.1
S 1789152864.624 gemv_cont 229.7
S 1789152864.630 gemv_cont 230.1
S 1789152864.636 gemv_cont 230.0
S 1789152864.642 gemv_cont 230.0
S 1789152864.647 gemv_cont 230.3
S 1789152864.653 gemv_cont 230.2
S 1789152864.659 gemv_cont 230.2
S 1789152864.665 gemv_cont 230.2
S 1789152864.671 gemv_cont 230.3
S 1789152864.677 gemv_cont 230.1
S 1789152864.682 gemv_cont 229.6
S 1789152864.688 gemv_cont 230.2
S 1789152864.694 gemv_cont 230.2
S 1789152864.700 gemv_cont 230.0
S 1789152864.706 gemv_cont 230.3
S 1789152864.712 gemv_cont 229.9
S 1789152864.718 gemv_cont 230.1
S 1789152864.723 gemv_cont 230.0
S 1789152864.729 gemv_cont 230.3
S 1789152864.735 gemv_cont 230.3
S 1789152864.741 gemv_cont 230.2
S 1789152864.747 gemv_cont 230.2
S 1789152864.753 gemv_cont 230.2
S 1789152864.758 gemv_cont 230.1
S 1789152864.764 gemv_cont 230.2
S 1789152864.770 gemv_cont 230.2
S 1789152864.776 gemv_cont 230.4
S 1789152864.782 gemv_cont 229.6
S 1789152864.788 gemv_cont 230.6
S 1789152864.793 gemv_cont 230.2
S 1789152864.799 gemv_cont 229.9
S 1789152864.805 gemv_cont 229.9
S 1789152864.811 gemv_cont 230.4
S 1789152864.817 gemv_cont 230.5
S 1789152864.823 gemv_cont 230.3
S 1789152864.829 gemv_cont 230.2
S 1789152864.834 gemv_cont 230.1
S 1789152864.840 gemv_cont 229.8
S 1789152864.846 gemv_cont 230.1
S 1789152864.852 gemv_cont 230.5
S 1789152864.858 gemv_cont 230.3
S 1789152864.864 gemv_cont 229.9
S 1789152864.869 gemv_cont 230.4
S 1789152864.875 gemv_cont 230.0
S 1789152864.881 gemv_cont 229.9
S 1789152864.887 gemv_cont 230.0
S 1789152864.893 gemv_cont 229.9
S 1789152864.899 gemv_cont 229.9
S 1789152864.905 gemv_cont 230.2
S 1789152864.910 gemv_cont 230.1
S 1789152864.916 gemv_cont 230.1
S 1789152864.922 gemv_cont 229.7
S 1789152864.928 gemv_cont 230.5
S 1789152864.934 gemv_cont 230.5
S 1789152864.940 gemv_cont 230.3
S 1789152864.945 gemv_cont 230.5
S 1789152864.951 gemv_cont 229.9
S 1789152864.957 gemv_cont 230.1
S 1789152864.963 gemv_cont 230.3
S 1789152864.969 gemv_cont 230.4
S 1789152864.975 gemv_cont 230.2
S 1789152864.980 gemv_cont 230.1
S 1789152864.986 gemv_cont 230.0
S 1789152864.992 gemv_cont 230.4
S 1789152864.998 gemv_cont 230.0
S 1789152865.004 gemv_cont 229.4
S 1789152865.010 gemv_cont 229.1
S 1789152865.016 gemv_cont 205.0
S 1789152865.022 gemv_cont 227.7
S 1789152865.028 gemv_cont 230.6
S 1789152865.034 gemv_cont 230.4
S 1789152865.040 gemv_cont 229.5
S 1789152865.046 gemv_cont 230.2
S 1789152865.051 gemv_cont 229.6
S 1789152865.058 gemv_cont 220.3
S 1789152865.063 gemv_cont 225.8
S 1789152865.069 gemv_cont 229.4
S 1789152865.075 gemv_cont 230.0
S 1789152865.081 gemv_cont 229.9
S 1789152865.087 gemv_cont 229.9
S 1789152865.093 gemv_cont 230.2
S 1789152865.099 gemv_cont 229.8
S 1789152865.104 gemv_cont 230.1
S 1789152865.110 gemv_cont 230.3
S 1789152865.116 gemv_cont 230.2
S 1789152865.122 gemv_cont 230.1
S 1789152865.128 gemv_cont 230.0
S 1789152865.134 gemv_cont 230.3
S 1789152865.140 gemv_cont 230.3
S 1789152865.145 gemv_cont 230.0
S 1789152865.151 gemv_cont 229.8
S 1789152865.157 gemv_cont 230.5
S 1789152865.163 gemv_cont 229.7
S 1789152865.169 gemv_cont 230.5
S 1789152865.175 gemv_cont 230.2
S 1789152865.180 gemv_cont 230.2
S 1789152865.186 gemv_cont 229.9
S 1789152865.192 gemv_cont 230.3
S 1789152865.198 gemv_cont 230.5
S 1789152865.204 gemv_cont 230.5
S 1789152865.210 gemv_cont 230.4
S 1789152865.215 gemv_cont 230.5
S 1789152865.221 gemv_cont 229.9
S 1789152865.227 gemv_cont 230.2
S 1789152865.233 gemv_cont 230.2
S 1789152865.239 gemv_cont 229.7
S 1789152865.245 gemv_cont 230.1
S 1789152865.251 gemv_cont 227.1
S 1789152865.256 gemv_cont 230.0
S 1789152865.262 gemv_cont 230.0
S 1789152865.268 gemv_cont 230.9
S 1789152865.274 gemv_cont 229.5
S 1789152865.280 gemv_cont 230.5
S 1789152865.286 gemv_cont 230.0
S 1789152865.292 gemv_cont 230.2
S 1789152865.297 gemv_cont 230.7
S 1789152865.303 gemv_cont 230.1
S 1789152865.309 gemv_cont 230.4
S 1789152865.315 gemv_cont 230.1
S 1789152865.321 gemv_cont 229.5
S 1789152865.327 gemv_cont 230.2
S 1789152865.332 gemv_cont 229.7
S 1789152865.338 gemv_cont 229.7
S 1789152865.344 gemv_cont 230.3
S 1789152865.350 gemv_cont 230.3
S 1789152865.356 gemv_cont 230.1
S 1789152865.362 gemv_cont 230.5
S 1789152865.367 gemv_cont 230.1
S 1789152865.373 gemv_cont 229.9
S 1789152865.379 gemv_cont 230.3
S 1789152865.385 gemv_cont 230.1
S 1789152865.391 gemv_cont 229.8
S 1789152865.397 gemv_cont 230.7
S 1789152865.403 gemv_cont 229.9
S 1789152865.408 gemv_cont 230.4
S 1789152865.414 gemv_cont 229.8
S 1789152865.420 gemv_cont 230.0
S 1789152865.426 gemv_cont 230.2
S 1789152865.432 gemv_cont 229.8
S 1789152865.438 gemv_cont 230.6
S 1789152865.443 gemv_cont 230.2
S 1789152865.449 gemv_cont 230.5
S 1789152865.455 gemv_cont 230.2
S 1789152865.461 gemv_cont 230.0
S 1789152865.467 gemv_cont 230.8
S 1789152865.473 gemv_cont 229.9
S 1789152865.479 gemv_cont 230.4
S 1789152865.484 gemv_cont 230.6
S 1789152865.490 gemv_cont 229.9
S 1789152865.496 gemv_cont 230.3
S 1789152865.502 gemv_cont 230.0
S 1789152865.508 gemv_cont 230.5
S 1789152865.514 gemv_cont 218.3
S 1789152865.520 gemv_cont 214.1
S 1789152865.526 gemv_cont 230.0
S 1789152865.532 gemv_cont 230.3
S 1789152865.538 gemv_cont 229.9
S 1789152865.544 gemv_cont 230.6
S 1789152865.549 gemv_cont 230.1
S 1789152865.555 gemv_cont 230.1
S 1789152865.561 gemv_cont 229.7
S 1789152865.567 gemv_cont 230.5
S 1789152865.573 gemv_cont 230.3
S 1789152865.579 gemv_cont 229.6
S 1789152865.584 gemv_cont 230.6
S 1789152865.590 gemv_cont 230.2
S 1789152865.596 gemv_cont 229.9
S 1789152865.602 gemv_cont 230.0
S 1789152865.608 gemv_cont 229.8
S 1789152865.614 gemv_cont 230.5
S 1789152865.620 gemv_cont 229.9
S 1789152865.625 gemv_cont 230.2
S 1789152865.631 gemv_cont 230.6
S 1789152865.637 gemv_cont 230.3
S 1789152865.643 gemv_cont 229.8
S 1789152865.649 gemv_cont 230.6
S 1789152865.655 gemv_cont 230.3
S 1789152865.660 gemv_cont 229.7
S 1789152865.666 gemv_cont 230.1
S 1789152865.672 gemv_cont 230.5
S 1789152865.678 gemv_cont 229.9
S 1789152865.684 gemv_cont 230.2
S 1789152865.690 gemv_cont 230.3
S 1789152865.695 gemv_cont 230.2
S 1789152865.701 gemv_cont 229.8
S 1789152865.707 gemv_cont 230.4
S 1789152865.713 gemv_cont 230.3
S 1789152865.719 gemv_cont 230.4
S 1789152865.725 gemv_cont 230.4
S 1789152865.731 gemv_cont 230.4
S 1789152865.736 gemv_cont 230.3
S 1789152865.742 gemv_cont 230.2
S 1789152865.748 gemv_cont 229.9
S 1789152865.754 gemv_cont 230.0
S 1789152865.760 gemv_cont 228.0
S 1789152865.766 gemv_cont 229.7
S 1789152865.771 gemv_cont 230.2
S 1789152865.777 gemv_cont 229.9
S 1789152865.783 gemv_cont 230.4
S 1789152865.789 gemv_cont 230.8
S 1789152865.795 gemv_cont 230.3
S 1789152865.801 gemv_cont 229.9
S 1789152865.807 gemv_cont 230.1
S 1789152865.812 gemv_cont 230.4
S 1789152865.818 gemv_cont 230.0
S 1789152865.824 gemv_cont 230.3
S 1789152865.830 gemv_cont 230.1
S 1789152865.836 gemv_cont 230.1
S 1789152865.842 gemv_cont 230.3
S 1789152865.847 gemv_cont 230.2
S 1789152865.853 gemv_cont 230.0
S 1789152865.859 gemv_cont 230.1
S 1789152865.865 gemv_cont 230.4
S 1789152865.871 gemv_cont 230.3
S 1789152865.877 gemv_cont 230.1
S 1789152865.882 gemv_cont 229.8
S 1789152865.888 gemv_cont 230.0
S 1789152865.894 gemv_cont 230.4
S 1789152865.900 gemv_cont 230.3
S 1789152865.906 gemv_cont 230.3
S 1789152865.912 gemv_cont 229.9
S 1789152865.918 gemv_cont 230.3
S 1789152865.923 gemv_cont 230.0
S 1789152865.929 gemv_cont 230.6
S 1789152865.935 gemv_cont 230.3
S 1789152865.941 gemv_cont 229.4
S 1789152865.947 gemv_cont 230.5
S 1789152865.953 gemv_cont 230.5
S 1789152865.958 gemv_cont 229.9
S 1789152865.964 gemv_cont 230.4
S 1789152865.970 gemv_cont 229.9
S 1789152865.976 gemv_cont 230.3
S 1789152865.982 gemv_cont 226.4
S 1789152865.988 gemv_cont 225.6
S 1789152865.994 gemv_cont 230.2
S 1789152866.000 gemv_cont 229.9
S 1789152866.005 gemv_cont 230.1
S 1789152866.011 gemv_cont 228.1
S 1789152866.018 gemv_cont 206.9
S 1789152866.024 gemv_cont 228.9
S 1789152866.030 gemv_cont 229.6
S 1789152866.035 gemv_cont 230.0
S 1789152866.041 gemv_cont 230.2
S 1789152866.047 gemv_cont 230.2
S 1789152866.053 gemv_cont 230.2
S 1789152866.059 gemv_cont 230.4
S 1789152866.065 gemv_cont 223.2
S 1789152866.071 gemv_cont 225.0
S 1789152866.077 gemv_cont 227.7
S 1789152866.083 gemv_cont 227.5
S 1789152866.088 gemv_cont 228.3
S 1789152866.094 gemv_cont 230.0
S 1789152866.100 gemv_cont 229.9
S 1789152866.106 gemv_cont 230.3
S 1789152866.112 gemv_cont 230.4
S 1789152866.118 gemv_cont 230.4
S 1789152866.124 gemv_cont 230.2
S 1789152866.129 gemv_cont 230.5
S 1789152866.135 gemv_cont 230.4
S 1789152866.141 gemv_cont 229.9
S 1789152866.147 gemv_cont 230.4
S 1789152866.153 gemv_cont 229.7
S 1789152866.159 gemv_cont 230.3
S 1789152866.164 gemv_cont 228.8
S 1789152866.170 gemv_cont 230.3
S 1789152866.176 gemv_cont 230.1
S 1789152866.182 gemv_cont 229.7
S 1789152866.188 gemv_cont 230.3
S 1789152866.194 gemv_cont 229.9
S 1789152866.200 gemv_cont 229.7
S 1789152866.205 gemv_cont 230.1
S 1789152866.211 gemv_cont 230.1
S 1789152866.217 gemv_cont 230.1
S 1789152866.223 gemv_cont 230.1
S 1789152866.229 gemv_cont 230.1
S 1789152866.235 gemv_cont 230.2
S 1789152866.240 gemv_cont 230.2
S 1789152866.246 gemv_cont 230.0
S 1789152866.252 gemv_cont 227.1
S 1789152866.258 gemv_cont 230.1
S 1789152866.264 gemv_cont 229.7
S 1789152866.270 gemv_cont 230.5
S 1789152866.276 gemv_cont 230.4
S 1789152866.281 gemv_cont 230.1
S 1789152866.287 gemv_cont 230.2
S 1789152866.293 gemv_cont 230.2
S 1789152866.299 gemv_cont 229.9
S 1789152866.305 gemv_cont 230.3
S 1789152866.311 gemv_cont 230.1
S 1789152866.317 gemv_cont 230.2
S 1789152866.322 gemv_cont 230.1
S 1789152866.328 gemv_cont 229.9
S 1789152866.334 gemv_cont 230.1
S 1789152866.340 gemv_cont 230.3
S 1789152866.346 gemv_cont 230.2
S 1789152866.352 gemv_cont 229.5
S 1789152866.357 gemv_cont 230.2
S 1789152866.363 gemv_cont 229.8
S 1789152866.369 gemv_cont 230.5
S 1789152866.375 gemv_cont 229.6
S 1789152866.381 gemv_cont 230.6
S 1789152866.387 gemv_cont 230.1
S 1789152866.393 gemv_cont 229.6
S 1789152866.398 gemv_cont 229.8
S 1789152866.404 gemv_cont 229.9
S 1789152866.410 gemv_cont 228.7
S 1789152866.416 gemv_cont 217.2
S 1789152866.422 gemv_cont 228.7
S 1789152866.428 gemv_cont 221.7
S 1789152866.434 gemv_cont 229.7
S 1789152866.440 gemv_cont 230.5
S 1789152866.446 gemv_cont 230.1
S 1789152866.452 gemv_cont 229.8
S 1789152866.458 gemv_cont 230.0
S 1789152866.463 gemv_cont 230.5
S 1789152866.469 gemv_cont 230.0
S 1789152866.475 gemv_cont 230.5
S 1789152866.481 gemv_cont 229.7
S 1789152866.487 gemv_cont 230.3
S 1789152866.493 gemv_cont 229.9
S 1789152866.498 gemv_cont 230.0
S 1789152866.504 gemv_cont 229.9
S 1789152866.510 gemv_cont 229.3
S 1789152866.517 gemv_cont 206.0
S 1789152866.523 gemv_cont 228.2
S 1789152866.528 gemv_cont 230.3
S 1789152866.534 gemv_cont 230.0
S 1789152866.540 gemv_cont 230.2
S 1789152866.546 gemv_cont 229.9
S 1789152866.552 gemv_cont 230.1
S 1789152866.558 gemv_cont 230.5
S 1789152866.563 gemv_cont 230.3
S 1789152866.569 gemv_cont 230.1
S 1789152866.575 gemv_cont 230.6
S 1789152866.581 gemv_cont 229.7
S 1789152866.587 gemv_cont 230.5
S 1789152866.593 gemv_cont 230.1
S 1789152866.599 gemv_cont 230.2
S 1789152866.604 gemv_cont 229.9
S 1789152866.610 gemv_cont 230.2
S 1789152866.616 gemv_cont 230.6
S 1789152866.622 gemv_cont 229.7
S 1789152866.628 gemv_cont 230.1
S 1789152866.634 gemv_cont 230.3
S 1789152866.639 gemv_cont 229.8
S 1789152866.645 gemv_cont 230.1
S 1789152866.651 gemv_cont 230.3
S 1789152866.657 gemv_cont 230.2
S 1789152866.663 gemv_cont 229.8
S 1789152866.669 gemv_cont 230.2
S 1789152866.675 gemv_cont 230.2
S 1789152866.680 gemv_cont 229.6
S 1789152866.686 gemv_cont 229.8
S 1789152866.692 gemv_cont 230.4
S 1789152866.698 gemv_cont 230.1
S 1789152866.704 gemv_cont 229.9
S 1789152866.710 gemv_cont 230.2
S 1789152866.715 gemv_cont 230.2
S 1789152866.721 gemv_cont 229.4
S 1789152866.727 gemv_cont 230.1
S 1789152866.733 gemv_cont 230.2
S 1789152866.739 gemv_cont 230.0
S 1789152866.745 gemv_cont 229.7
S 1789152866.751 gemv_cont 230.1
S 1789152866.756 gemv_cont 230.0
S 1789152866.762 gemv_cont 230.1
S 1789152866.768 gemv_cont 230.3
S 1789152866.774 gemv_cont 230.4
S 1789152866.780 gemv_cont 230.1
S 1789152866.786 gemv_cont 230.3
S 1789152866.791 gemv_cont 230.5
S 1789152866.797 gemv_cont 230.4
S 1789152866.803 gemv_cont 229.8
S 1789152866.809 gemv_cont 230.5
S 1789152866.815 gemv_cont 230.4
S 1789152866.821 gemv_cont 229.4
S 1789152866.826 gemv_cont 230.0
S 1789152866.832 gemv_cont 230.1
S 1789152866.838 gemv_cont 230.1
S 1789152866.844 gemv_cont 230.5
S 1789152866.850 gemv_cont 230.1
S 1789152866.856 gemv_cont 230.7
S 1789152866.862 gemv_cont 230.4
S 1789152866.867 gemv_cont 230.1
S 1789152866.873 gemv_cont 230.4
S 1789152866.879 gemv_cont 230.1
S 1789152866.885 gemv_cont 230.4
S 1789152866.891 gemv_cont 230.3
S 1789152866.897 gemv_cont 230.3
S 1789152866.902 gemv_cont 229.8
S 1789152866.908 gemv_cont 229.8
S 1789152866.914 gemv_cont 230.1
S 1789152866.920 gemv_cont 229.4
S 1789152866.926 gemv_cont 230.2
S 1789152866.932 gemv_cont 230.1
S 1789152866.938 gemv_cont 230.2
S 1789152866.943 gemv_cont 230.1
S 1789152866.949 gemv_cont 230.7
S 1789152866.955 gemv_cont 230.6
S 1789152866.961 gemv_cont 230.0
S 1789152866.967 gemv_cont 230.5
S 1789152866.973 gemv_cont 230.4
S 1789152866.978 gemv_cont 229.6
S 1789152866.984 gemv_cont 229.9
S 1789152866.990 gemv_cont 230.3
S 1789152866.996 gemv_cont 230.2
S 1789152867.002 gemv_cont 229.9
S 1789152867.008 gemv_cont 229.9
S 1789152867.014 gemv_cont 219.1
S 1789152867.020 gemv_cont 212.7
S 1789152867.026 gemv_cont 229.8
S 1789152867.032 gemv_cont 230.4
S 1789152867.038 gemv_cont 230.2
S 1789152867.043 gemv_cont 229.9
S 1789152867.049 gemv_cont 229.9
S 1789152867.055 gemv_cont 230.2
S 1789152867.061 gemv_cont 229.8
S 1789152867.067 gemv_cont 230.1
S 1789152867.073 gemv_cont 229.4
S 1789152867.079 gemv_cont 222.3
S 1789152867.085 gemv_cont 224.2
S 1789152867.091 gemv_cont 229.6
S 1789152867.096 gemv_cont 230.3
S 1789152867.102 gemv_cont 229.9
S 1789152867.108 gemv_cont 229.8
S 1789152867.114 gemv_cont 230.6
S 1789152867.120 gemv_cont 230.1
S 1789152867.126 gemv_cont 230.2
S 1789152867.132 gemv_cont 230.3
S 1789152867.137 gemv_cont 230.1
S 1789152867.143 gemv_cont 229.5
S 1789152867.149 gemv_cont 230.1
S 1789152867.155 gemv_cont 229.9
S 1789152867.161 gemv_cont 230.1
S 1789152867.167 gemv_cont 229.8
S 1789152867.172 gemv_cont 230.1
S 1789152867.178 gemv_cont 230.2
S 1789152867.184 gemv_cont 229.8
S 1789152867.190 gemv_cont 230.2
S 1789152867.196 gemv_cont 230.5
S 1789152867.202 gemv_cont 229.6
S 1789152867.208 gemv_cont 229.9
S 1789152867.213 gemv_cont 230.2
S 1789152867.219 gemv_cont 230.5
S 1789152867.225 gemv_cont 230.3
S 1789152867.231 gemv_cont 230.1
S 1789152867.237 gemv_cont 230.3
S 1789152867.243 gemv_cont 229.9
S 1789152867.248 gemv_cont 229.3
S 1789152867.254 gemv_cont 227.8
S 1789152867.260 gemv_cont 229.8
S 1789152867.266 gemv_cont 229.8
S 1789152867.272 gemv_cont 230.1
S 1789152867.278 gemv_cont 229.9
S 1789152867.284 gemv_cont 230.1
S 1789152867.289 gemv_cont 230.5
S 1789152867.295 gemv_cont 230.4
S 1789152867.301 gemv_cont 230.3
S 1789152867.307 gemv_cont 230.4
S 1789152867.313 gemv_cont 229.9
S 1789152867.319 gemv_cont 230.3
S 1789152867.325 gemv_cont 230.2
S 1789152867.330 gemv_cont 229.7
S 1789152867.336 gemv_cont 230.3
S 1789152867.342 gemv_cont 230.3
S 1789152867.348 gemv_cont 230.5
S 1789152867.354 gemv_cont 230.1
S 1789152867.360 gemv_cont 229.9
S 1789152867.365 gemv_cont 230.1
S 1789152867.371 gemv_cont 230.1
S 1789152867.377 gemv_cont 230.4
S 1789152867.383 gemv_cont 230.5
S 1789152867.389 gemv_cont 230.0
S 1789152867.395 gemv_cont 230.1
S 1789152867.400 gemv_cont 230.3
S 1789152867.406 gemv_cont 230.1
S 1789152867.412 gemv_cont 229.6
S 1789152867.418 gemv_cont 230.4
S 1789152867.424 gemv_cont 229.9
S 1789152867.430 gemv_cont 229.9
S 1789152867.436 gemv_cont 230.3
S 1789152867.441 gemv_cont 230.2
S 1789152867.447 gemv_cont 229.8
S 1789152867.453 gemv_cont 230.2
S 1789152867.459 gemv_cont 230.3
S 1789152867.465 gemv_cont 230.1
S 1789152867.471 gemv_cont 230.1
S 1789152867.476 gemv_cont 229.8
S 1789152867.482 gemv_cont 230.3
S 1789152867.488 gemv_cont 229.7
S 1789152867.494 gemv_cont 230.1
S 1789152867.500 gemv_cont 230.5
S 1789152867.506 gemv_cont 230.3
S 1789152867.512 gemv_cont 227.5
S 1789152867.518 gemv_cont 207.3
S 1789152867.524 gemv_cont 228.1
S 1789152867.530 gemv_cont 230.5
S 1789152867.536 gemv_cont 230.3
S 1789152867.542 gemv_cont 230.2
S 1789152867.547 gemv_cont 230.4
S 1789152867.553 gemv_cont 230.0
S 1789152867.559 gemv_cont 230.5
S 1789152867.565 gemv_cont 230.0
S 1789152867.571 gemv_cont 230.2
S 1789152867.577 gemv_cont 230.7
S 1789152867.582 gemv_cont 229.2
S 1789152867.588 gemv_cont 229.6
S 1789152867.594 gemv_cont 230.7
S 1789152867.600 gemv_cont 229.9
S 1789152867.606 gemv_cont 230.2
S 1789152867.612 gemv_cont 230.2
S 1789152867.617 gemv_cont 229.7
S 1789152867.623 gemv_cont 230.1
S 1789152867.629 gemv_cont 230.4
S 1789152867.635 gemv_cont 230.5
S 1789152867.641 gemv_cont 230.0
S 1789152867.647 gemv_cont 230.1
S 1789152867.653 gemv_cont 230.1
S 1789152867.658 gemv_cont 230.5
S 1789152867.664 gemv_cont 230.1
S 1789152867.670 gemv_cont 230.5
S 1789152867.676 gemv_cont 230.2
S 1789152867.682 gemv_cont 230.1
S 1789152867.688 gemv_cont 230.2
S 1789152867.693 gemv_cont 229.9
S 1789152867.699 gemv_cont 230.3
S 1789152867.705 gemv_cont 229.8
S 1789152867.711 gemv_cont 230.3
S 1789152867.717 gemv_cont 230.2
S 1789152867.723 gemv_cont 230.1
S 1789152867.729 gemv_cont 230.3
S 1789152867.734 gemv_cont 230.3
S 1789152867.740 gemv_cont 229.9
S 1789152867.746 gemv_cont 230.4
S 1789152867.752 gemv_cont 230.4
S 1789152867.758 gemv_cont 230.4
S 1789152867.764 gemv_cont 229.5
S 1789152867.769 gemv_cont 230.5
S 1789152867.775 gemv_cont 230.2
S 1789152867.781 gemv_cont 229.2
S 1789152867.787 gemv_cont 230.3
S 1789152867.793 gemv_cont 230.1
S 1789152867.799 gemv_cont 230.6
S 1789152867.804 gemv_cont 229.9
S 1789152867.810 gemv_cont 230.7
S 1789152867.816 gemv_cont 229.8
S 1789152867.822 gemv_cont 229.7
S 1789152867.828 gemv_cont 230.4
S 1789152867.834 gemv_cont 230.4
S 1789152867.840 gemv_cont 229.8
S 1789152867.845 gemv_cont 230.3
S 1789152867.851 gemv_cont 229.6
S 1789152867.857 gemv_cont 230.3
S 1789152867.863 gemv_cont 229.8
S 1789152867.869 gemv_cont 230.3
S 1789152867.875 gemv_cont 230.2
S 1789152867.880 gemv_cont 230.1
S 1789152867.886 gemv_cont 230.0
S 1789152867.892 gemv_cont 230.1
S 1789152867.898 gemv_cont 230.3
S 1789152867.904 gemv_cont 229.6
S 1789152867.910 gemv_cont 229.9
S 1789152867.916 gemv_cont 230.0
S 1789152867.921 gemv_cont 229.1
S 1789152867.927 gemv_cont 230.2
S 1789152867.933 gemv_cont 219.8
S 1789152867.939 gemv_cont 230.3
S 1789152867.945 gemv_cont 229.5
S 1789152867.951 gemv_cont 230.3
S 1789152867.957 gemv_cont 230.4
S 1789152867.963 gemv_cont 229.5
S 1789152867.968 gemv_cont 230.3
S 1789152867.974 gemv_cont 230.2
S 1789152867.980 gemv_cont 229.8
S 1789152867.986 gemv_cont 229.6
S 1789152867.992 gemv_cont 230.4
S 1789152867.998 gemv_cont 230.1
S 1789152868.004 gemv_cont 229.6
S 1789152868.009 gemv_cont 230.4
S 1789152868.016 gemv_cont 204.9
S 1789152868.022 gemv_cont 226.9
S 1789152868.028 gemv_cont 229.8
S 1789152868.034 gemv_cont 230.6
S 1789152868.039 gemv_cont 230.0
S 1789152868.045 gemv_cont 229.6
S 1789152868.051 gemv_cont 228.1
S 1789152868.057 gemv_cont 221.8
S 1789152868.063 gemv_cont 225.1
S 1789152868.069 gemv_cont 228.3
S 1789152868.075 gemv_cont 229.5
S 1789152868.081 gemv_cont 229.9
S 1789152868.087 gemv_cont 230.0
S 1789152868.093 gemv_cont 230.6
S 1789152868.098 gemv_cont 230.4
S 1789152868.104 gemv_cont 230.1
S 1789152868.110 gemv_cont 230.3
S 1789152868.116 gemv_cont 230.4
S 1789152868.122 gemv_cont 229.7
S 1789152868.128 gemv_cont 230.2
S 1789152868.133 gemv_cont 230.1
S 1789152868.139 gemv_cont 230.3
S 1789152868.145 gemv_cont 230.2
S 1789152868.151 gemv_cont 230.0
S 1789152868.157 gemv_cont 230.1
S 1789152868.163 gemv_cont 229.9
S 1789152868.168 gemv_cont 230.4
S 1789152868.174 gemv_cont 230.1
S 1789152868.180 gemv_cont 230.3
S 1789152868.186 gemv_cont 230.3
S 1789152868.192 gemv_cont 230.1
S 1789152868.198 gemv_cont 230.2
S 1789152868.204 gemv_cont 229.5
S 1789152868.209 gemv_cont 230.1
S 1789152868.215 gemv_cont 230.5
S 1789152868.221 gemv_cont 229.4
S 1789152868.227 gemv_cont 230.6
S 1789152868.233 gemv_cont 230.1
S 1789152868.239 gemv_cont 229.9
S 1789152868.244 gemv_cont 229.7
S 1789152868.250 gemv_cont 227.3
S 1789152868.256 gemv_cont 229.6
S 1789152868.262 gemv_cont 229.9
S 1789152868.268 gemv_cont 230.2
S 1789152868.274 gemv_cont 230.1
S 1789152868.280 gemv_cont 230.1
S 1789152868.285 gemv_cont 230.3
S 1789152868.291 gemv_cont 230.0
S 1789152868.297 gemv_cont 230.3
S 1789152868.303 gemv_cont 230.1
S 1789152868.309 gemv_cont 230.3
S 1789152868.315 gemv_cont 229.8
S 1789152868.321 gemv_cont 230.4
S 1789152868.326 gemv_cont 229.7
S 1789152868.332 gemv_cont 229.7
S 1789152868.338 gemv_cont 230.5
S 1789152868.344 gemv_cont 230.2
S 1789152868.350 gemv_cont 230.4
S 1789152868.356 gemv_cont 229.8
S 1789152868.361 gemv_cont 230.2
S 1789152868.367 gemv_cont 230.2
S 1789152868.373 gemv_cont 230.0
S 1789152868.379 gemv_cont 230.2
S 1789152868.385 gemv_cont 230.4
S 1789152868.391 gemv_cont 230.5
S 1789152868.396 gemv_cont 229.8
S 1789152868.402 gemv_cont 230.1
S 1789152868.408 gemv_cont 229.8
S 1789152868.414 gemv_cont 229.9
S 1789152868.420 gemv_cont 230.1
S 1789152868.426 gemv_cont 230.1
S 1789152868.432 gemv_cont 230.4
S 1789152868.437 gemv_cont 230.5
S 1789152868.443 gemv_cont 230.0
S 1789152868.449 gemv_cont 230.5
S 1789152868.455 gemv_cont 229.7
S 1789152868.461 gemv_cont 230.1
S 1789152868.467 gemv_cont 230.2
S 1789152868.472 gemv_cont 229.8
S 1789152868.478 gemv_cont 230.7
S 1789152868.484 gemv_cont 230.1
S 1789152868.490 gemv_cont 230.1
S 1789152868.496 gemv_cont 230.1
S 1789152868.502 gemv_cont 230.1
S 1789152868.508 gemv_cont 230.3
S 1789152868.514 gemv_cont 221.5
S 1789152868.520 gemv_cont 213.6
S 1789152868.526 gemv_cont 230.1
S 1789152868.532 gemv_cont 230.5
S 1789152868.537 gemv_cont 229.9
S 1789152868.543 gemv_cont 230.2
S 1789152868.549 gemv_cont 230.4
S 1789152868.555 gemv_cont 229.3
S 1789152868.561 gemv_cont 230.1
S 1789152868.567 gemv_cont 230.2
S 1789152868.573 gemv_cont 230.0
S 1789152868.578 gemv_cont 230.2
S 1789152868.584 gemv_cont 229.9
S 1789152868.590 gemv_cont 230.0
S 1789152868.596 gemv_cont 230.1
S 1789152868.602 gemv_cont 229.6
S 1789152868.608 gemv_cont 230.1
S 1789152868.613 gemv_cont 230.0
S 1789152868.619 gemv_cont 229.6
S 1789152868.625 gemv_cont 230.4
S 1789152868.631 gemv_cont 230.5
S 1789152868.637 gemv_cont 230.3
S 1789152868.643 gemv_cont 230.1
S 1789152868.649 gemv_cont 230.3
S 1789152868.654 gemv_cont 229.9
S 1789152868.660 gemv_cont 230.2
S 1789152868.666 gemv_cont 230.1
S 1789152868.672 gemv_cont 230.2
S 1789152868.678 gemv_cont 230.6
S 1789152868.684 gemv_cont 230.1
S 1789152868.689 gemv_cont 230.5
S 1789152868.695 gemv_cont 230.3
S 1789152868.701 gemv_cont 229.6
S 1789152868.707 gemv_cont 230.2
S 1789152868.713 gemv_cont 230.2
S 1789152868.719 gemv_cont 230.1
S 1789152868.724 gemv_cont 230.1
S 1789152868.730 gemv_cont 229.9
S 1789152868.736 gemv_cont 230.4
S 1789152868.742 gemv_cont 229.9
S 1789152868.748 gemv_cont 229.9
S 1789152868.754 gemv_cont 230.5
S 1789152868.760 gemv_cont 230.2
S 1789152868.765 gemv_cont 230.4
S 1789152868.771 gemv_cont 230.4
S 1789152868.777 gemv_cont 230.2
S 1789152868.783 gemv_cont 230.1
S 1789152868.789 gemv_cont 230.4
S 1789152868.795 gemv_cont 230.5
S 1789152868.800 gemv_cont 229.9
S 1789152868.806 gemv_cont 230.1
S 1789152868.812 gemv_cont 230.0
S 1789152868.818 gemv_cont 230.0
S 1789152868.824 gemv_cont 229.5
S 1789152868.830 gemv_cont 230.3
S 1789152868.835 gemv_cont 230.6
S 1789152868.841 gemv_cont 229.5
S 1789152868.847 gemv_cont 230.7
S 1789152868.853 gemv_cont 229.9
S 1789152868.859 gemv_cont 229.8
S 1789152868.865 gemv_cont 230.1
S 1789152868.871 gemv_cont 230.4
S 1789152868.876 gemv_cont 230.5
S 1789152868.882 gemv_cont 229.9
S 1789152868.888 gemv_cont 230.0
S 1789152868.894 gemv_cont 230.4
S 1789152868.900 gemv_cont 230.1
S 1789152868.906 gemv_cont 229.8
S 1789152868.911 gemv_cont 230.2
S 1789152868.917 gemv_cont 230.1
S 1789152868.923 gemv_cont 229.9
S 1789152868.929 gemv_cont 230.5
S 1789152868.935 gemv_cont 230.0
S 1789152868.941 gemv_cont 230.1
S 1789152868.947 gemv_cont 230.4
S 1789152868.952 gemv_cont 230.1
S 1789152868.958 gemv_cont 230.2
S 1789152868.964 gemv_cont 229.9
S 1789152868.970 gemv_cont 230.4
S 1789152868.976 gemv_cont 230.1
S 1789152868.982 gemv_cont 229.7
S 1789152868.987 gemv_cont 229.9
S 1789152868.993 gemv_cont 230.4
S 1789152868.999 gemv_cont 229.6
S 1789152869.005 gemv_cont 230.3
S 1789152869.011 gemv_cont 230.7
S 1789152869.017 gemv_cont 206.6
S 1789152869.023 gemv_cont 227.6
S 1789152869.029 gemv_cont 230.2
S 1789152869.035 gemv_cont 230.4
S 1789152869.041 gemv_cont 230.1
S 1789152869.047 gemv_cont 230.3
S 1789152869.053 gemv_cont 228.6
S 1789152869.059 gemv_cont 223.5
S 1789152869.064 gemv_cont 226.4
S 1789152869.070 gemv_cont 228.1
S 1789152869.076 gemv_cont 230.2
S 1789152869.082 gemv_cont 229.9
S 1789152869.088 gemv_cont 230.2
S 1789152869.094 gemv_cont 230.1
S 1789152869.100 gemv_cont 230.1
S 1789152869.105 gemv_cont 230.3
S 1789152869.111 gemv_cont 227.5
S 1789152869.118 gemv_cont 216.5
S 1789152869.124 gemv_cont 222.5
S 1789152869.130 gemv_cont 225.9
S 1789152869.135 gemv_cont 230.3
S 1789152869.141 gemv_cont 229.8
S 1789152869.147 gemv_cont 230.1
S 1789152869.153 gemv_cont 230.0
S 1789152869.159 gemv_cont 230.1
S 1789152869.165 gemv_cont 230.7
S 1789152869.170 gemv_cont 229.7
S 1789152869.176 gemv_cont 230.6
S 1789152869.182 gemv_cont 230.4
S 1789152869.188 gemv_cont 230.2
S 1789152869.194 gemv_cont 230.3
S 1789152869.200 gemv_cont 230.7
S 1789152869.206 gemv_cont 229.6
S 1789152869.211 gemv_cont 230.1
S 1789152869.217 gemv_cont 230.5
S 1789152869.223 gemv_cont 229.8
S 1789152869.229 gemv_cont 230.0
S 1789152869.235 gemv_cont 230.2
S 1789152869.241 gemv_cont 230.3
S 1789152869.246 gemv_cont 230.3
S 1789152869.252 gemv_cont 226.2
S 1789152869.258 gemv_cont 230.0
S 1789152869.264 gemv_cont 230.4
S 1789152869.270 gemv_cont 229.9
S 1789152869.276 gemv_cont 230.7
S 1789152869.282 gemv_cont 230.6
S 1789152869.287 gemv_cont 229.8
S 1789152869.293 gemv_cont 229.9
S 1789152869.299 gemv_cont 230.5
S 1789152869.305 gemv_cont 230.5
S 1789152869.311 gemv_cont 229.8
S 1789152869.317 gemv_cont 230.1
S 1789152869.322 gemv_cont 229.9
S 1789152869.328 gemv_cont 230.4
S 1789152869.334 gemv_cont 229.7
S 1789152869.340 gemv_cont 230.6
S 1789152869.346 gemv_cont 230.2
S 1789152869.352 gemv_cont 229.9
S 1789152869.358 gemv_cont 229.9
S 1789152869.363 gemv_cont 230.0
S 1789152869.369 gemv_cont 230.0
S 1789152869.375 gemv_cont 230.0
S 1789152869.381 gemv_cont 230.2
S 1789152869.387 gemv_cont 230.2
S 1789152869.393 gemv_cont 230.3
S 1789152869.398 gemv_cont 230.3
S 1789152869.404 gemv_cont 229.9
S 1789152869.410 gemv_cont 230.0
S 1789152869.416 gemv_cont 230.0
S 1789152869.422 gemv_cont 229.9
S 1789152869.428 gemv_cont 229.9
S 1789152869.434 gemv_cont 229.9
S 1789152869.439 gemv_cont 230.1
S 1789152869.445 gemv_cont 229.8
S 1789152869.451 gemv_cont 229.3
S 1789152869.457 gemv_cont 230.0
S 1789152869.463 gemv_cont 230.2
S 1789152869.469 gemv_cont 230.5
S 1789152869.474 gemv_cont 230.4
S 1789152869.480 gemv_cont 230.1
S 1789152869.486 gemv_cont 230.1
S 1789152869.492 gemv_cont 229.5
S 1789152869.498 gemv_cont 230.3
S 1789152869.504 gemv_cont 230.4
S 1789152869.510 gemv_cont 229.8
S 1789152869.516 gemv_cont 217.9
S 1789152869.522 gemv_cont 219.7
S 1789152869.528 gemv_cont 230.0
S 1789152869.534 gemv_cont 230.6
S 1789152869.539 gemv_cont 230.2
S 1789152869.545 gemv_cont 229.9
S 1789152869.551 gemv_cont 230.0
S 1789152869.557 gemv_cont 230.0
S 1789152869.563 gemv_cont 229.9
S 1789152869.569 gemv_cont 230.1
S 1789152869.575 gemv_cont 215.6
S 1789152869.581 gemv_cont 228.2
S 1789152869.587 gemv_cont 219.6
S 1789152869.593 gemv_cont 229.8
S 1789152869.599 gemv_cont 230.3
S 1789152869.605 gemv_cont 229.6
S 1789152869.610 gemv_cont 230.1
S 1789152869.616 gemv_cont 229.9
S 1789152869.622 gemv_cont 230.1
S 1789152869.628 gemv_cont 229.8
S 1789152869.634 gemv_cont 230.6
S 1789152869.640 gemv_cont 230.1
S 1789152869.645 gemv_cont 230.0
S 1789152869.651 gemv_cont 230.0
S 1789152869.657 gemv_cont 230.0
S 1789152869.663 gemv_cont 230.5
S 1789152869.669 gemv_cont 229.9
S 1789152869.675 gemv_cont 230.5
S 1789152869.680 gemv_cont 230.1
S 1789152869.686 gemv_cont 230.3
S 1789152869.692 gemv_cont 230.6
S 1789152869.698 gemv_cont 230.0
S 1789152869.704 gemv_cont 229.9
S 1789152869.710 gemv_cont 230.3
S 1789152869.716 gemv_cont 229.9
S 1789152869.721 gemv_cont 230.1
S 1789152869.727 gemv_cont 230.1
S 1789152869.733 gemv_cont 230.0
S 1789152869.739 gemv_cont 230.2
S 1789152869.745 gemv_cont 230.1
S 1789152869.751 gemv_cont 229.7
S 1789152869.756 gemv_cont 230.3
S 1789152869.762 gemv_cont 230.2
S 1789152869.768 gemv_cont 230.1
S 1789152869.774 gemv_cont 230.5
S 1789152869.780 gemv_cont 230.3
S 1789152869.786 gemv_cont 230.0
S 1789152869.792 gemv_cont 230.0
S 1789152869.797 gemv_cont 230.0
S 1789152869.803 gemv_cont 229.9
S 1789152869.809 gemv_cont 230.0
S 1789152869.815 gemv_cont 230.0
S 1789152869.821 gemv_cont 230.4
S 1789152869.827 gemv_cont 230.1
S 1789152869.832 gemv_cont 230.2
S 1789152869.838 gemv_cont 230.3
S 1789152869.844 gemv_cont 230.0
S 1789152869.850 gemv_cont 230.0
S 1789152869.856 gemv_cont 229.7
S 1789152869.862 gemv_cont 229.7
S 1789152869.868 gemv_cont 230.1
S 1789152869.873 gemv_cont 230.0
S 1789152869.879 gemv_cont 230.0
S 1789152869.885 gemv_cont 230.3
S 1789152869.891 gemv_cont 230.1
S 1789152869.897 gemv_cont 230.1
S 1789152869.903 gemv_cont 230.7
S 1789152869.908 gemv_cont 229.8
S 1789152869.914 gemv_cont 230.4
S 1789152869.920 gemv_cont 229.9
S 1789152869.926 gemv_cont 230.1
S 1789152869.932 gemv_cont 230.0
S 1789152869.938 gemv_cont 230.3
S 1789152869.943 gemv_cont 229.9
S 1789152869.949 gemv_cont 229.9
S 1789152869.955 gemv_cont 230.0
S 1789152869.961 gemv_cont 229.9
S 1789152869.967 gemv_cont 230.1
S 1789152869.973 gemv_cont 230.4
S 1789152869.979 gemv_cont 230.4
S 1789152869.984 gemv_cont 230.1
S 1789152869.990 gemv_cont 229.8
S 1789152869.996 gemv_cont 230.2
S 1789152870.002 gemv_cont 229.6
S 1789152870.008 gemv_cont 230.0
S 1789152870.014 gemv_cont 227.4
S 1789152870.020 gemv_cont 207.7
S 1789152870.026 gemv_cont 229.9
S 1789152870.032 gemv_cont 230.3
S 1789152870.038 gemv_cont 230.1
S 1789152870.044 gemv_cont 229.7
S 1789152870.050 gemv_cont 230.1
S 1789152870.055 gemv_cont 229.9
S 1789152870.061 gemv_cont 229.1
S 1789152870.067 gemv_cont 222.5
S 1789152870.073 gemv_cont 226.2
S 1789152870.079 gemv_cont 228.1
S 1789152870.085 gemv_cont 230.0
S 1789152870.091 gemv_cont 230.3
S 1789152870.097 gemv_cont 230.3
S 1789152870.103 gemv_cont 229.7
S 1789152870.108 gemv_cont 230.4
S 1789152870.114 gemv_cont 230.4
S 1789152870.120 gemv_cont 230.1
S 1789152870.126 gemv_cont 230.0
S 1789152870.132 gemv_cont 229.4
S 1789152870.138 gemv_cont 230.1
S 1789152870.143 gemv_cont 229.8
S 1789152870.149 gemv_cont 229.9
S 1789152870.155 gemv_cont 230.4
S 1789152870.161 gemv_cont 229.6
S 1789152870.167 gemv_cont 230.1
S 1789152870.173 gemv_cont 230.5
S 1789152870.179 gemv_cont 229.8
S 1789152870.184 gemv_cont 230.0
S 1789152870.190 gemv_cont 228.8
S 1789152870.196 gemv_cont 223.7
S 1789152870.202 gemv_cont 220.3
S 1789152870.208 gemv_cont 221.9
S 1789152870.214 gemv_cont 230.0
S 1789152870.220 gemv_cont 227.0
S 1789152870.226 gemv_cont 224.1
S 1789152870.232 gemv_cont 215.1
S 1789152870.238 gemv_cont 228.1
S 1789152870.244 gemv_cont 229.6
S 1789152870.250 gemv_cont 226.4
S 1789152870.256 gemv_cont 230.3
S 1789152870.262 gemv_cont 230.0
S 1789152870.268 gemv_cont 230.4
S 1789152870.274 gemv_cont 230.1
S 1789152870.279 gemv_cont 230.0
S 1789152870.285 gemv_cont 229.9
S 1789152870.291 gemv_cont 230.0
S 1789152870.297 gemv_cont 229.7
S 1789152870.303 gemv_cont 229.8
S 1789152870.309 gemv_cont 229.9
S 1789152870.315 gemv_cont 229.0
S 1789152870.320 gemv_cont 229.7
S 1789152870.326 gemv_cont 229.7
S 1789152870.332 gemv_cont 230.0
S 1789152870.338 gemv_cont 230.2
S 1789152870.344 gemv_cont 230.1
S 1789152870.350 gemv_cont 230.6
S 1789152870.355 gemv_cont 229.9
S 1789152870.361 gemv_cont 230.0
S 1789152870.367 gemv_cont 230.0
S 1789152870.373 gemv_cont 229.7
S 1789152870.379 gemv_cont 230.4
S 1789152870.385 gemv_cont 229.8
S 1789152870.391 gemv_cont 230.2
S 1789152870.396 gemv_cont 229.9
S 1789152870.402 gemv_cont 230.0
S 1789152870.408 gemv_cont 230.0
S 1789152870.414 gemv_cont 230.0
S 1789152870.420 gemv_cont 230.2
S 1789152870.426 gemv_cont 230.0
S 1789152870.431 gemv_cont 230.3
S 1789152870.437 gemv_cont 230.2
S 1789152870.443 gemv_cont 229.3
S 1789152870.449 gemv_cont 229.9
S 1789152870.455 gemv_cont 229.8
S 1789152870.461 gemv_cont 229.8
S 1789152870.467 gemv_cont 229.9
S 1789152870.472 gemv_cont 229.9
S 1789152870.478 gemv_cont 229.9
S 1789152870.484 gemv_cont 229.9
S 1789152870.490 gemv_cont 230.1
S 1789152870.496 gemv_cont 229.9
S 1789152870.502 gemv_cont 230.2
S 1789152870.508 gemv_cont 229.9
S 1789152870.513 gemv_cont 226.3
S 1789152870.520 gemv_cont 205.7
S 1789152870.526 gemv_cont 230.0
S 1789152870.532 gemv_cont 230.1
S 1789152870.538 gemv_cont 230.3
S 1789152870.543 gemv_cont 230.0
S 1789152870.549 gemv_cont 230.1
S 1789152870.555 gemv_cont 230.5
S 1789152870.561 gemv_cont 229.9
S 1789152870.567 gemv_cont 230.1
S 1789152870.573 gemv_cont 230.3
S 1789152870.578 gemv_cont 229.8
S 1789152870.584 gemv_cont 230.1
S 1789152870.590 gemv_cont 229.6
S 1789152870.596 gemv_cont 230.5
S 1789152870.602 gemv_cont 229.7
S 1789152870.608 gemv_cont 229.9
S 1789152870.614 gemv_cont 230.1
S 1789152870.619 gemv_cont 230.5
S 1789152870.625 gemv_cont 229.6
S 1789152870.631 gemv_cont 229.9
S 1789152870.637 gemv_cont 230.5
S 1789152870.643 gemv_cont 230.1
S 1789152870.649 gemv_cont 230.0
S 1789152870.654 gemv_cont 229.9
S 1789152870.660 gemv_cont 229.9
S 1789152870.666 gemv_cont 230.1
S 1789152870.672 gemv_cont 229.8
S 1789152870.678 gemv_cont 230.2
S 1789152870.684 gemv_cont 229.9
S 1789152870.690 gemv_cont 230.1
S 1789152870.695 gemv_cont 230.0
S 1789152870.701 gemv_cont 229.7
S 1789152870.707 gemv_cont 230.5
S 1789152870.713 gemv_cont 229.9
S 1789152870.719 gemv_cont 230.5
S 1789152870.725 gemv_cont 229.6
S 1789152870.730 gemv_cont 230.5
S 1789152870.736 gemv_cont 229.7
S 1789152870.742 gemv_cont 229.8
S 1789152870.748 gemv_cont 230.2
S 1789152870.754 gemv_cont 229.8
S 1789152870.760 gemv_cont 229.2
S 1789152870.766 gemv_cont 228.3
S 1789152870.771 gemv_cont 230.2
S 1789152870.777 gemv_cont 230.5
S 1789152870.783 gemv_cont 229.7
S 1789152870.789 gemv_cont 230.2
S 1789152870.795 gemv_cont 230.3
S 1789152870.801 gemv_cont 229.4
S 1789152870.807 gemv_cont 230.2
S 1789152870.812 gemv_cont 230.0
S 1789152870.818 gemv_cont 230.1
S 1789152870.824 gemv_cont 229.9
S 1789152870.830 gemv_cont 230.3
S 1789152870.836 gemv_cont 229.9
S 1789152870.842 gemv_cont 229.9
S 1789152870.847 gemv_cont 230.1
S 1789152870.853 gemv_cont 230.3
S 1789152870.859 gemv_cont 230.0
S 1789152870.865 gemv_cont 229.9
S 1789152870.871 gemv_cont 229.8
S 1789152870.877 gemv_cont 230.4
S 1789152870.883 gemv_cont 229.7
S 1789152870.888 gemv_cont 230.3
S 1789152870.894 gemv_cont 230.0
S 1789152870.900 gemv_cont 229.7
S 1789152870.906 gemv_cont 230.2
S 1789152870.912 gemv_cont 229.7
S 1789152870.918 gemv_cont 230.3
S 1789152870.924 gemv_cont 230.0
S 1789152870.929 gemv_cont 230.4
S 1789152870.935 gemv_cont 229.8
S 1789152870.941 gemv_cont 229.4
S 1789152870.947 gemv_cont 229.5
S 1789152870.953 gemv_cont 230.2
S 1789152870.959 gemv_cont 230.3
S 1789152870.964 gemv_cont 230.1
S 1789152870.970 gemv_cont 230.1
S 1789152870.976 gemv_cont 230.3
S 1789152870.982 gemv_cont 229.7
S 1789152870.988 gemv_cont 230.1
S 1789152870.994 gemv_cont 230.1
S 1789152871.000 gemv_cont 229.8
S 1789152871.005 gemv_cont 229.4
S 1789152871.011 gemv_cont 230.1
S 1789152871.018 gemv_cont 207.3
S 1789152871.024 gemv_cont 227.1
S 1789152871.030 gemv_cont 229.4
S 1789152871.035 gemv_cont 230.0
S 1789152871.041 gemv_cont 230.1
S 1789152871.047 gemv_cont 230.0
S 1789152871.053 gemv_cont 229.8
S 1789152871.059 gemv_cont 230.1
S 1789152871.065 gemv_cont 229.7
S 1789152871.071 gemv_cont 227.1
S 1789152871.077 gemv_cont 222.0
S 1789152871.083 gemv_cont 225.8
S 1789152871.088 gemv_cont 228.9
S 1789152871.094 gemv_cont 230.4
S 1789152871.100 gemv_cont 229.9
S 1789152871.106 gemv_cont 229.6
S 1789152871.112 gemv_cont 230.3
S 1789152871.118 gemv_cont 230.4
S 1789152871.124 gemv_cont 229.8
S 1789152871.129 gemv_cont 229.9
S 1789152871.135 gemv_cont 229.8
S 1789152871.141 gemv_cont 229.9
S 1789152871.147 gemv_cont 229.4
S 1789152871.153 gemv_cont 230.3
S 1789152871.159 gemv_cont 229.5
S 1789152871.164 gemv_cont 229.9
S 1789152871.170 gemv_cont 229.6
S 1789152871.176 gemv_cont 230.0
S 1789152871.182 gemv_cont 229.3
S 1789152871.188 gemv_cont 229.9
S 1789152871.194 gemv_cont 229.9
S 1789152871.200 gemv_cont 230.1
S 1789152871.205 gemv_cont 229.4
S 1789152871.211 gemv_cont 230.3
S 1789152871.217 gemv_cont 230.0
S 1789152871.223 gemv_cont 229.8
S 1789152871.229 gemv_cont 230.1
S 1789152871.235 gemv_cont 229.8
S 1789152871.241 gemv_cont 230.0
S 1789152871.246 gemv_cont 229.7
S 1789152871.252 gemv_cont 226.6
S 1789152871.258 gemv_cont 230.2
S 1789152871.264 gemv_cont 229.9
S 1789152871.270 gemv_cont 230.1
S 1789152871.276 gemv_cont 230.1
S 1789152871.282 gemv_cont 229.9
S 1789152871.287 gemv_cont 230.0
S 1789152871.293 gemv_cont 229.8
S 1789152871.299 gemv_cont 230.2
S 1789152871.305 gemv_cont 229.8
S 1789152871.311 gemv_cont 230.4
S 1789152871.317 gemv_cont 230.1
S 1789152871.323 gemv_cont 230.4
S 1789152871.328 gemv_cont 230.0
S 1789152871.334 gemv_cont 230.1
S 1789152871.340 gemv_cont 229.7
S 1789152871.346 gemv_cont 229.8
S 1789152871.352 gemv_cont 229.7
S 1789152871.358 gemv_cont 230.3
S 1789152871.363 gemv_cont 230.0
S 1789152871.369 gemv_cont 230.0
S 1789152871.375 gemv_cont 229.3
S 1789152871.381 gemv_cont 229.8
S 1789152871.387 gemv_cont 229.8
S 1789152871.393 gemv_cont 229.6
S 1789152871.399 gemv_cont 230.0
S 1789152871.404 gemv_cont 229.6
S 1789152871.410 gemv_cont 229.9
S 1789152871.416 gemv_cont 230.0
S 1789152871.422 gemv_cont 229.8
S 1789152871.428 gemv_cont 230.3
S 1789152871.434 gemv_cont 230.1
S 1789152871.440 gemv_cont 230.3
S 1789152871.445 gemv_cont 230.0
S 1789152871.451 gemv_cont 230.1
S 1789152871.457 gemv_cont 229.8
S 1789152871.463 gemv_cont 230.1
S 1789152871.469 gemv_cont 230.3
S 1789152871.475 gemv_cont 229.1
S 1789152871.480 gemv_cont 230.1
S 1789152871.486 gemv_cont 230.0
S 1789152871.492 gemv_cont 229.6
S 1789152871.498 gemv_cont 230.1
S 1789152871.504 gemv_cont 229.8
S 1789152871.510 gemv_cont 230.3
S 1789152871.516 gemv_cont 218.6
S 1789152871.522 gemv_cont 213.5
S 1789152871.528 gemv_cont 230.5
S 1789152871.534 gemv_cont 230.2
S 1789152871.540 gemv_cont 230.3
S 1789152871.546 gemv_cont 229.9
S 1789152871.551 gemv_cont 230.3
S 1789152871.557 gemv_cont 230.3
S 1789152871.563 gemv_cont 230.1
S 1789152871.569 gemv_cont 229.9
S 1789152871.575 gemv_cont 230.0
S 1789152871.581 gemv_cont 230.0
S 1789152871.586 gemv_cont 230.0
S 1789152871.592 gemv_cont 230.1
BLOCK r0 gemv_cont GB/s   n=1705 min= 204.9 p10= 228.8 p50= 230.1 max= 231.0
S 1789152871.601 mm_duty 83.1
S 1789152871.640 mm_duty 82.1
S 1789152871.679 mm_duty 82.3
S 1789152871.717 mm_duty 82.1
S 1789152871.757 mm_duty 78.8
S 1789152871.797 mm_duty 76.6
S 1789152871.837 mm_duty 75.0
S 1789152871.876 mm_duty 74.1
S 1789152871.916 mm_duty 74.8
S 1789152871.957 mm_duty 74.8
S 1789152871.996 mm_duty 81.7
S 1789152872.036 mm_duty 74.7
S 1789152872.075 mm_duty 75.2
S 1789152872.114 mm_duty 82.3
S 1789152872.153 mm_duty 82.2
S 1789152872.193 mm_duty 74.7
S 1789152872.232 mm_duty 74.4
S 1789152872.272 mm_duty 74.4
S 1789152872.313 mm_duty 74.5
S 1789152872.352 mm_duty 75.4
S 1789152872.392 mm_duty 74.8
S 1789152872.432 mm_duty 75.0
S 1789152872.472 mm_duty 74.5
S 1789152872.511 mm_duty 81.7
S 1789152872.550 mm_duty 82.4
S 1789152872.589 mm_duty 81.9
S 1789152872.629 mm_duty 77.6
S 1789152872.668 mm_duty 82.1
S 1789152872.707 mm_duty 82.9
S 1789152872.746 mm_duty 82.6
S 1789152872.785 mm_duty 81.9
S 1789152872.824 mm_duty 82.2
S 1789152872.864 mm_duty 81.5
S 1789152872.902 mm_duty 82.4
S 1789152872.941 mm_duty 82.4
S 1789152872.980 mm_duty 82.3
S 1789152873.020 mm_duty 74.1
S 1789152873.059 mm_duty 81.6
S 1789152873.098 mm_duty 79.0
S 1789152873.137 mm_duty 78.9
S 1789152873.177 mm_duty 77.0
S 1789152873.217 mm_duty 75.3
S 1789152873.257 mm_duty 75.4
S 1789152873.296 mm_duty 82.1
S 1789152873.336 mm_duty 74.6
S 1789152873.376 mm_duty 74.8
S 1789152873.415 mm_duty 75.0
S 1789152873.456 mm_duty 74.3
S 1789152873.495 mm_duty 75.1
S 1789152873.535 mm_duty 74.7
S 1789152873.575 mm_duty 75.0
S 1789152873.615 mm_duty 75.1
S 1789152873.654 mm_duty 75.0
S 1789152873.694 mm_duty 75.3
S 1789152873.733 mm_duty 81.8
S 1789152873.773 mm_duty 74.6
S 1789152873.813 mm_duty 74.3
S 1789152873.853 mm_duty 74.3
S 1789152873.893 mm_duty 74.6
S 1789152873.933 mm_duty 75.0
S 1789152873.973 mm_duty 74.5
S 1789152874.013 mm_duty 74.4
S 1789152874.053 mm_duty 74.4
S 1789152874.092 mm_duty 75.1
S 1789152874.131 mm_duty 82.4
S 1789152874.169 mm_duty 82.4
S 1789152874.209 mm_duty 79.1
S 1789152874.248 mm_duty 82.3
S 1789152874.286 mm_duty 82.3
S 1789152874.325 mm_duty 82.7
S 1789152874.364 mm_duty 81.9
S 1789152874.402 mm_duty 82.8
S 1789152874.441 mm_duty 81.1
S 1789152874.480 mm_duty 82.3
S 1789152874.520 mm_duty 74.3
S 1789152874.559 mm_duty 82.1
S 1789152874.598 mm_duty 79.1
S 1789152874.637 mm_duty 78.6
S 1789152874.677 mm_duty 78.1
S 1789152874.717 mm_duty 75.9
S 1789152874.757 mm_duty 77.3
S 1789152874.797 mm_duty 76.7
S 1789152874.836 mm_duty 74.6
S 1789152874.875 mm_duty 82.8
S 1789152874.915 mm_duty 74.6
S 1789152874.955 mm_duty 74.8
S 1789152874.995 mm_duty 74.2
S 1789152875.035 mm_duty 73.8
S 1789152875.076 mm_duty 74.9
S 1789152875.115 mm_duty 75.9
S 1789152875.154 mm_duty 74.8
S 1789152875.195 mm_duty 74.3
S 1789152875.233 mm_duty 82.1
S 1789152875.274 mm_duty 74.2
S 1789152875.313 mm_duty 81.3
S 1789152875.352 mm_duty 82.2
S 1789152875.392 mm_duty 74.9
S 1789152875.432 mm_duty 75.0
S 1789152875.472 mm_duty 74.6
S 1789152875.512 mm_duty 74.1
S 1789152875.552 mm_duty 74.3
S 1789152875.593 mm_duty 75.0
S 1789152875.632 mm_duty 73.3
S 1789152875.672 mm_duty 74.3
S 1789152875.713 mm_duty 74.5
S 1789152875.752 mm_duty 81.6
S 1789152875.791 mm_duty 81.5
S 1789152875.830 mm_duty 81.6
S 1789152875.869 mm_duty 78.0
S 1789152875.908 mm_duty 81.3
S 1789152875.948 mm_duty 81.9
S 1789152875.986 mm_duty 82.7
S 1789152876.025 mm_duty 82.1
S 1789152876.064 mm_duty 82.2
S 1789152876.103 mm_duty 82.8
S 1789152876.141 mm_duty 82.2
S 1789152876.180 mm_duty 82.2
S 1789152876.219 mm_duty 80.3
S 1789152876.258 mm_duty 78.8
S 1789152876.297 mm_duty 78.7
S 1789152876.337 mm_duty 75.2
S 1789152876.377 mm_duty 76.1
S 1789152876.416 mm_duty 74.9
S 1789152876.455 mm_duty 75.0
S 1789152876.494 mm_duty 82.2
S 1789152876.534 mm_duty 74.6
S 1789152876.574 mm_duty 74.3
S 1789152876.614 mm_duty 74.1
S 1789152876.654 mm_duty 74.9
S 1789152876.694 mm_duty 74.4
S 1789152876.734 mm_duty 75.0
S 1789152876.773 mm_duty 75.0
S 1789152876.813 mm_duty 74.6
S 1789152876.852 mm_duty 74.9
S 1789152876.891 mm_duty 75.3
S 1789152876.930 mm_duty 82.4
S 1789152876.969 mm_duty 78.0
S 1789152877.008 mm_duty 82.2
S 1789152877.046 mm_duty 82.6
S 1789152877.085 mm_duty 82.1
S 1789152877.124 mm_duty 82.9
S 1789152877.162 mm_duty 82.1
S 1789152877.201 mm_duty 81.4
S 1789152877.241 mm_duty 81.9
S 1789152877.279 mm_duty 82.2
S 1789152877.319 mm_duty 80.7
S 1789152877.358 mm_duty 78.8
S 1789152877.397 mm_duty 79.3
S 1789152877.437 mm_duty 75.9
S 1789152877.476 mm_duty 75.2
S 1789152877.517 mm_duty 69.6
S 1789152877.557 mm_duty 76.9
S 1789152877.595 mm_duty 82.2
S 1789152877.635 mm_duty 75.0
S 1789152877.676 mm_duty 74.5
S 1789152877.716 mm_duty 74.9
S 1789152877.756 mm_duty 75.0
S 1789152877.796 mm_duty 74.8
S 1789152877.836 mm_duty 74.8
S 1789152877.875 mm_duty 74.9
S 1789152877.915 mm_duty 75.1
S 1789152877.955 mm_duty 75.5
S 1789152877.995 mm_duty 74.0
S 1789152878.034 mm_duty 74.8
S 1789152878.073 mm_duty 82.2
S 1789152878.112 mm_duty 75.6
S 1789152878.152 mm_duty 74.8
S 1789152878.193 mm_duty 74.1
S 1789152878.232 mm_duty 75.0
S 1789152878.272 mm_duty 75.6
S 1789152878.312 mm_duty 74.4
S 1789152878.352 mm_duty 75.0
S 1789152878.391 mm_duty 75.1
S 1789152878.430 mm_duty 76.2
S 1789152878.469 mm_duty 82.4
S 1789152878.507 mm_duty 82.3
S 1789152878.546 mm_duty 82.8
S 1789152878.584 mm_duty 82.7
S 1789152878.623 mm_duty 82.8
S 1789152878.663 mm_duty 82.1
S 1789152878.701 mm_duty 82.3
S 1789152878.740 mm_duty 81.5
S 1789152878.780 mm_duty 81.8
S 1789152878.819 mm_duty 80.7
S 1789152878.858 mm_duty 78.5
S 1789152878.897 mm_duty 78.5
S 1789152878.937 mm_duty 77.7
S 1789152878.977 mm_duty 76.7
S 1789152879.017 mm_duty 68.9
S 1789152879.057 mm_duty 76.6
S 1789152879.096 mm_duty 75.4
S 1789152879.135 mm_duty 75.6
S 1789152879.175 mm_duty 81.6
S 1789152879.215 mm_duty 74.7
S 1789152879.255 mm_duty 73.2
S 1789152879.294 mm_duty 74.8
S 1789152879.334 mm_duty 74.8
S 1789152879.373 mm_duty 74.6
S 1789152879.414 mm_duty 74.3
S 1789152879.454 mm_duty 74.6
S 1789152879.493 mm_duty 74.8
S 1789152879.532 mm_duty 82.3
S 1789152879.571 mm_duty 74.9
S 1789152879.610 mm_duty 82.3
S 1789152879.650 mm_duty 76.3
S 1789152879.689 mm_duty 78.4
S 1789152879.728 mm_duty 82.0
S 1789152879.766 mm_duty 82.8
S 1789152879.805 mm_duty 82.3
S 1789152879.844 mm_duty 82.2
S 1789152879.883 mm_duty 81.0
S 1789152879.922 mm_duty 82.1
S 1789152879.961 mm_duty 82.3
S 1789152880.000 mm_duty 82.3
S 1789152880.039 mm_duty 82.2
S 1789152880.078 mm_duty 80.5
S 1789152880.117 mm_duty 78.0
S 1789152880.157 mm_duty 77.5
S 1789152880.197 mm_duty 76.4
S 1789152880.237 mm_duty 76.2
S 1789152880.276 mm_duty 75.3
S 1789152880.316 mm_duty 73.9
S 1789152880.356 mm_duty 74.8
S 1789152880.396 mm_duty 75.1
S 1789152880.436 mm_duty 75.5
S 1789152880.476 mm_duty 75.4
S 1789152880.516 mm_duty 69.5
S 1789152880.555 mm_duty 74.8
S 1789152880.595 mm_duty 74.8
S 1789152880.633 mm_duty 82.5
S 1789152880.673 mm_duty 74.3
S 1789152880.711 mm_duty 82.3
S 1789152880.751 mm_duty 75.7
S 1789152880.790 mm_duty 77.7
S 1789152880.829 mm_duty 78.5
S 1789152880.867 mm_duty 82.8
S 1789152880.906 mm_duty 82.4
S 1789152880.944 mm_duty 82.2
S 1789152880.983 mm_duty 82.3
S 1789152881.022 mm_duty 75.8
S 1789152881.061 mm_duty 82.2
S 1789152881.099 mm_duty 82.7
S 1789152881.139 mm_duty 80.3
S 1789152881.178 mm_duty 80.1
S 1789152881.218 mm_duty 78.7
S 1789152881.257 mm_duty 78.3
S 1789152881.297 mm_duty 76.8
S 1789152881.336 mm_duty 81.2
S 1789152881.375 mm_duty 81.3
S 1789152881.415 mm_duty 74.8
S 1789152881.455 mm_duty 74.6
S 1789152881.495 mm_duty 74.9
S 1789152881.534 mm_duty 74.8
S 1789152881.574 mm_duty 75.1
BLOCK r0 mm_duty   TFLOPS n= 254 min=  68.9 p10=  74.4 p50=  76.6 max=  83.1
S 1789152881.609 copy_cont 233.0
S 1789152881.613 copy_cont 224.8
S 1789152881.618 copy_cont 232.3
S 1789152881.623 copy_cont 235.6
S 1789152881.627 copy_cont 227.2
S 1789152881.632 copy_cont 230.6
S 1789152881.637 copy_cont 236.7
S 1789152881.641 copy_cont 237.7
S 1789152881.646 copy_cont 238.4
S 1789152881.650 copy_cont 237.7
S 1789152881.655 copy_cont 237.9
S 1789152881.659 copy_cont 238.6
S 1789152881.664 copy_cont 237.5
S 1789152881.668 copy_cont 238.8
S 1789152881.673 copy_cont 237.9
S 1789152881.677 copy_cont 238.7
S 1789152881.682 copy_cont 238.1
S 1789152881.686 copy_cont 238.6
S 1789152881.691 copy_cont 238.4
S 1789152881.695 copy_cont 237.3
S 1789152881.700 copy_cont 238.0
S 1789152881.705 copy_cont 238.2
S 1789152881.709 copy_cont 238.7
S 1789152881.714 copy_cont 237.8
S 1789152881.718 copy_cont 238.5
S 1789152881.723 copy_cont 238.6
S 1789152881.727 copy_cont 238.5
S 1789152881.732 copy_cont 237.8
S 1789152881.736 copy_cont 237.8
S 1789152881.741 copy_cont 237.9
S 1789152881.745 copy_cont 237.9
S 1789152881.750 copy_cont 238.4
S 1789152881.754 copy_cont 238.4
S 1789152881.759 copy_cont 238.3
S 1789152881.763 copy_cont 237.4
S 1789152881.768 copy_cont 238.2
S 1789152881.772 copy_cont 238.2
S 1789152881.777 copy_cont 238.3
S 1789152881.781 copy_cont 237.9
S 1789152881.786 copy_cont 239.0
S 1789152881.790 copy_cont 238.4
S 1789152881.795 copy_cont 237.9
S 1789152881.799 copy_cont 238.3
S 1789152881.804 copy_cont 238.2
S 1789152881.808 copy_cont 238.4
S 1789152881.813 copy_cont 238.1
S 1789152881.817 copy_cont 238.9
S 1789152881.822 copy_cont 238.5
S 1789152881.827 copy_cont 238.5
S 1789152881.831 copy_cont 238.1
S 1789152881.836 copy_cont 238.4
S 1789152881.840 copy_cont 238.3
S 1789152881.845 copy_cont 237.9
S 1789152881.849 copy_cont 239.0
S 1789152881.854 copy_cont 238.3
S 1789152881.858 copy_cont 238.1
S 1789152881.863 copy_cont 238.5
S 1789152881.867 copy_cont 238.5
S 1789152881.872 copy_cont 238.1
S 1789152881.876 copy_cont 238.0
S 1789152881.881 copy_cont 238.3
S 1789152881.885 copy_cont 238.3
S 1789152881.890 copy_cont 237.9
S 1789152881.894 copy_cont 238.0
S 1789152881.899 copy_cont 238.7
S 1789152881.903 copy_cont 238.0
S 1789152881.908 copy_cont 238.2
S 1789152881.912 copy_cont 238.4
S 1789152881.917 copy_cont 238.3
S 1789152881.921 copy_cont 237.8
S 1789152881.926 copy_cont 238.2
S 1789152881.930 copy_cont 238.7
S 1789152881.935 copy_cont 237.5
S 1789152881.939 copy_cont 238.5
S 1789152881.944 copy_cont 238.6
S 1789152881.949 copy_cont 238.5
S 1789152881.953 copy_cont 237.7
S 1789152881.958 copy_cont 238.5
S 1789152881.962 copy_cont 238.7
S 1789152881.967 copy_cont 237.9
S 1789152881.971 copy_cont 237.5
S 1789152881.976 copy_cont 238.2
S 1789152881.980 copy_cont 238.4
S 1789152881.985 copy_cont 238.0
S 1789152881.989 copy_cont 238.0
S 1789152881.994 copy_cont 238.3
S 1789152881.998 copy_cont 238.3
S 1789152882.003 copy_cont 237.6
S 1789152882.007 copy_cont 238.7
S 1789152882.012 copy_cont 238.4
S 1789152882.017 copy_cont 220.8
S 1789152882.022 copy_cont 209.0
S 1789152882.026 copy_cont 233.7
S 1789152882.031 copy_cont 238.4
S 1789152882.035 copy_cont 238.1
S 1789152882.040 copy_cont 238.5
S 1789152882.044 copy_cont 238.7
S 1789152882.049 copy_cont 237.8
S 1789152882.054 copy_cont 238.4
S 1789152882.058 copy_cont 238.9
S 1789152882.063 copy_cont 238.0
S 1789152882.067 copy_cont 237.7
S 1789152882.072 copy_cont 238.0
S 1789152882.076 copy_cont 236.1
S 1789152882.081 copy_cont 234.1
S 1789152882.085 copy_cont 235.4
S 1789152882.090 copy_cont 235.9
S 1789152882.094 copy_cont 237.5
S 1789152882.099 copy_cont 237.2
S 1789152882.104 copy_cont 238.2
S 1789152882.108 copy_cont 237.8
S 1789152882.113 copy_cont 238.7
S 1789152882.117 copy_cont 238.5
S 1789152882.122 copy_cont 238.3
S 1789152882.126 copy_cont 237.9
S 1789152882.131 copy_cont 238.4
S 1789152882.135 copy_cont 238.7
S 1789152882.140 copy_cont 238.5
S 1789152882.144 copy_cont 238.2
S 1789152882.149 copy_cont 238.0
S 1789152882.153 copy_cont 238.8
S 1789152882.158 copy_cont 238.1
S 1789152882.162 copy_cont 237.9
S 1789152882.167 copy_cont 238.3
S 1789152882.171 copy_cont 238.3
S 1789152882.176 copy_cont 237.5
S 1789152882.180 copy_cont 238.3
S 1789152882.185 copy_cont 238.5
S 1789152882.189 copy_cont 238.0
S 1789152882.194 copy_cont 238.2
S 1789152882.198 copy_cont 238.7
S 1789152882.203 copy_cont 238.3
S 1789152882.207 copy_cont 237.5
S 1789152882.212 copy_cont 238.2
S 1789152882.216 copy_cont 238.5
S 1789152882.221 copy_cont 237.9
S 1789152882.226 copy_cont 238.3
S 1789152882.230 copy_cont 238.5
S 1789152882.235 copy_cont 238.3
S 1789152882.239 copy_cont 238.2
S 1789152882.244 copy_cont 237.8
S 1789152882.248 copy_cont 238.4
S 1789152882.253 copy_cont 234.9
S 1789152882.257 copy_cont 235.7
S 1789152882.262 copy_cont 238.8
S 1789152882.266 copy_cont 238.2
S 1789152882.271 copy_cont 222.3
S 1789152882.276 copy_cont 237.6
S 1789152882.280 copy_cont 238.6
S 1789152882.285 copy_cont 238.1
S 1789152882.289 copy_cont 238.0
S 1789152882.294 copy_cont 238.3
S 1789152882.298 copy_cont 238.2
S 1789152882.303 copy_cont 238.0
S 1789152882.307 copy_cont 238.3
S 1789152882.312 copy_cont 238.2
S 1789152882.316 copy_cont 238.0
S 1789152882.321 copy_cont 238.2
S 1789152882.325 copy_cont 238.5
S 1789152882.330 copy_cont 238.9
S 1789152882.334 copy_cont 237.9
S 1789152882.339 copy_cont 238.3
S 1789152882.343 copy_cont 238.2
S 1789152882.348 copy_cont 238.1
S 1789152882.352 copy_cont 238.2
S 1789152882.357 copy_cont 238.0
S 1789152882.362 copy_cont 238.6
S 1789152882.366 copy_cont 237.8
S 1789152882.371 copy_cont 238.4
S 1789152882.375 copy_cont 238.3
S 1789152882.380 copy_cont 237.6
S 1789152882.384 copy_cont 238.1
S 1789152882.389 copy_cont 238.1
S 1789152882.393 copy_cont 238.6
S 1789152882.398 copy_cont 237.9
S 1789152882.402 copy_cont 237.7
S 1789152882.407 copy_cont 238.8
S 1789152882.411 copy_cont 238.3
S 1789152882.416 copy_cont 237.9
S 1789152882.420 copy_cont 238.4
S 1789152882.425 copy_cont 238.9
S 1789152882.429 copy_cont 237.7
S 1789152882.434 copy_cont 238.2
S 1789152882.438 copy_cont 238.3
S 1789152882.443 copy_cont 238.1
S 1789152882.447 copy_cont 237.6
S 1789152882.452 copy_cont 238.5
S 1789152882.456 copy_cont 238.4
S 1789152882.461 copy_cont 238.3
S 1789152882.465 copy_cont 238.2
S 1789152882.470 copy_cont 238.6
S 1789152882.475 copy_cont 238.2
S 1789152882.479 copy_cont 238.0
S 1789152882.484 copy_cont 238.0
S 1789152882.488 copy_cont 238.6
S 1789152882.493 copy_cont 238.0
S 1789152882.497 copy_cont 238.4
S 1789152882.502 copy_cont 238.1
S 1789152882.506 copy_cont 238.5
S 1789152882.511 copy_cont 238.2
S 1789152882.515 copy_cont 233.4
S 1789152882.521 copy_cont 204.4
S 1789152882.525 copy_cont 233.1
S 1789152882.530 copy_cont 238.6
S 1789152882.534 copy_cont 238.5
S 1789152882.539 copy_cont 238.5
S 1789152882.543 copy_cont 237.8
S 1789152882.548 copy_cont 237.4
S 1789152882.552 copy_cont 238.5
S 1789152882.557 copy_cont 238.3
S 1789152882.561 copy_cont 238.2
S 1789152882.566 copy_cont 238.0
S 1789152882.570 copy_cont 238.2
S 1789152882.575 copy_cont 238.3
S 1789152882.579 copy_cont 238.3
S 1789152882.584 copy_cont 237.8
S 1789152882.588 copy_cont 238.1
S 1789152882.593 copy_cont 237.9
S 1789152882.597 copy_cont 238.7
S 1789152882.602 copy_cont 238.4
S 1789152882.607 copy_cont 237.6
S 1789152882.611 copy_cont 238.2
S 1789152882.616 copy_cont 238.3
S 1789152882.620 copy_cont 237.8
S 1789152882.625 copy_cont 238.5
S 1789152882.629 copy_cont 238.0
S 1789152882.634 copy_cont 238.5
S 1789152882.638 copy_cont 238.3
S 1789152882.643 copy_cont 238.7
S 1789152882.647 copy_cont 238.2
S 1789152882.652 copy_cont 237.8
S 1789152882.656 copy_cont 238.4
S 1789152882.661 copy_cont 238.4
S 1789152882.665 copy_cont 238.1
S 1789152882.670 copy_cont 238.6
S 1789152882.674 copy_cont 238.5
S 1789152882.679 copy_cont 238.4
S 1789152882.683 copy_cont 237.8
S 1789152882.688 copy_cont 237.4
S 1789152882.692 copy_cont 238.6
S 1789152882.697 copy_cont 238.5
S 1789152882.701 copy_cont 238.0
S 1789152882.706 copy_cont 238.2
S 1789152882.710 copy_cont 238.4
S 1789152882.715 copy_cont 238.2
S 1789152882.720 copy_cont 237.4
S 1789152882.724 copy_cont 238.3
S 1789152882.729 copy_cont 238.2
S 1789152882.733 copy_cont 238.1
S 1789152882.738 copy_cont 238.6
S 1789152882.742 copy_cont 238.6
S 1789152882.747 copy_cont 237.9
S 1789152882.751 copy_cont 238.2
S 1789152882.756 copy_cont 238.3
S 1789152882.760 copy_cont 238.6
S 1789152882.765 copy_cont 238.0
S 1789152882.769 copy_cont 238.3
S 1789152882.774 copy_cont 238.7
S 1789152882.778 copy_cont 238.5
S 1789152882.783 copy_cont 238.3
S 1789152882.787 copy_cont 237.6
S 1789152882.792 copy_cont 238.3
S 1789152882.796 copy_cont 238.3
S 1789152882.801 copy_cont 238.2
S 1789152882.805 copy_cont 237.9
S 1789152882.810 copy_cont 238.3
S 1789152882.814 copy_cont 238.3
S 1789152882.819 copy_cont 238.7
S 1789152882.823 copy_cont 238.0
S 1789152882.828 copy_cont 237.7
S 1789152882.832 copy_cont 238.6
S 1789152882.837 copy_cont 238.7
S 1789152882.841 copy_cont 238.3
S 1789152882.846 copy_cont 237.7
S 1789152882.851 copy_cont 238.5
S 1789152882.855 copy_cont 238.4
S 1789152882.860 copy_cont 238.1
S 1789152882.864 copy_cont 238.1
S 1789152882.869 copy_cont 237.8
S 1789152882.873 copy_cont 238.6
S 1789152882.878 copy_cont 237.9
S 1789152882.882 copy_cont 238.5
S 1789152882.887 copy_cont 238.1
S 1789152882.891 copy_cont 237.6
S 1789152882.896 copy_cont 238.4
S 1789152882.900 copy_cont 238.6
S 1789152882.905 copy_cont 238.5
S 1789152882.909 copy_cont 237.6
S 1789152882.914 copy_cont 238.7
S 1789152882.918 copy_cont 238.6
S 1789152882.923 copy_cont 237.6
S 1789152882.927 copy_cont 237.8
S 1789152882.932 copy_cont 238.6
S 1789152882.936 copy_cont 238.7
S 1789152882.941 copy_cont 238.3
S 1789152882.945 copy_cont 238.1
S 1789152882.950 copy_cont 238.6
S 1789152882.954 copy_cont 238.2
S 1789152882.959 copy_cont 237.7
S 1789152882.964 copy_cont 238.5
S 1789152882.968 copy_cont 238.3
S 1789152882.973 copy_cont 238.0
S 1789152882.977 copy_cont 238.2
S 1789152882.982 copy_cont 238.3
S 1789152882.986 copy_cont 238.1
S 1789152882.991 copy_cont 237.5
S 1789152882.995 copy_cont 238.5
S 1789152883.000 copy_cont 238.6
S 1789152883.004 copy_cont 237.8
S 1789152883.009 copy_cont 238.2
S 1789152883.013 copy_cont 238.9
S 1789152883.018 copy_cont 222.3
S 1789152883.023 copy_cont 210.4
S 1789152883.028 copy_cont 235.0
S 1789152883.032 copy_cont 238.6
S 1789152883.037 copy_cont 238.0
S 1789152883.041 copy_cont 238.2
S 1789152883.046 copy_cont 238.2
S 1789152883.050 copy_cont 238.5
S 1789152883.055 copy_cont 238.2
S 1789152883.059 copy_cont 238.1
S 1789152883.064 copy_cont 234.2
S 1789152883.069 copy_cont 234.0
S 1789152883.073 copy_cont 235.7
S 1789152883.078 copy_cont 236.5
S 1789152883.082 copy_cont 237.7
S 1789152883.087 copy_cont 237.8
S 1789152883.091 copy_cont 238.2
S 1789152883.096 copy_cont 238.3
S 1789152883.100 copy_cont 238.2
S 1789152883.105 copy_cont 238.3
S 1789152883.109 copy_cont 238.7
S 1789152883.114 copy_cont 238.8
S 1789152883.118 copy_cont 238.0
S 1789152883.123 copy_cont 238.1
S 1789152883.127 copy_cont 237.2
S 1789152883.132 copy_cont 238.2
S 1789152883.136 copy_cont 238.3
S 1789152883.141 copy_cont 238.7
S 1789152883.146 copy_cont 237.9
S 1789152883.150 copy_cont 238.3
S 1789152883.155 copy_cont 238.7
S 1789152883.159 copy_cont 238.3
S 1789152883.164 copy_cont 236.1
S 1789152883.168 copy_cont 236.5
S 1789152883.173 copy_cont 235.3
S 1789152883.177 copy_cont 235.2
S 1789152883.182 copy_cont 236.1
S 1789152883.186 copy_cont 236.0
S 1789152883.191 copy_cont 236.6
S 1789152883.196 copy_cont 235.4
S 1789152883.200 copy_cont 236.6
S 1789152883.205 copy_cont 235.8
S 1789152883.209 copy_cont 229.6
S 1789152883.214 copy_cont 234.9
S 1789152883.219 copy_cont 236.0
S 1789152883.223 copy_cont 235.8
S 1789152883.228 copy_cont 234.8
S 1789152883.232 copy_cont 236.8
S 1789152883.237 copy_cont 237.4
S 1789152883.241 copy_cont 231.0
S 1789152883.246 copy_cont 235.1
S 1789152883.251 copy_cont 236.8
S 1789152883.255 copy_cont 232.9
S 1789152883.260 copy_cont 237.5
S 1789152883.264 copy_cont 237.4
S 1789152883.269 copy_cont 236.8
S 1789152883.273 copy_cont 227.6
S 1789152883.278 copy_cont 235.2
S 1789152883.283 copy_cont 234.0
S 1789152883.287 copy_cont 233.3
S 1789152883.292 copy_cont 236.8
S 1789152883.296 copy_cont 234.7
S 1789152883.301 copy_cont 235.6
S 1789152883.306 copy_cont 236.0
S 1789152883.310 copy_cont 234.9
S 1789152883.315 copy_cont 237.2
S 1789152883.319 copy_cont 236.6
S 1789152883.324 copy_cont 235.7
S 1789152883.328 copy_cont 236.4
S 1789152883.333 copy_cont 236.7
S 1789152883.337 copy_cont 235.6
S 1789152883.342 copy_cont 235.4
S 1789152883.347 copy_cont 237.3
S 1789152883.351 copy_cont 234.5
S 1789152883.356 copy_cont 235.6
S 1789152883.360 copy_cont 237.1
S 1789152883.365 copy_cont 238.3
S 1789152883.369 copy_cont 238.2
S 1789152883.374 copy_cont 237.9
S 1789152883.378 copy_cont 236.6
S 1789152883.383 copy_cont 237.0
S 1789152883.387 copy_cont 236.0
S 1789152883.392 copy_cont 237.3
S 1789152883.397 copy_cont 236.6
S 1789152883.401 copy_cont 237.2
S 1789152883.406 copy_cont 237.3
S 1789152883.410 copy_cont 237.5
S 1789152883.415 copy_cont 236.6
S 1789152883.419 copy_cont 238.0
S 1789152883.424 copy_cont 236.2
S 1789152883.428 copy_cont 236.1
S 1789152883.433 copy_cont 234.8
S 1789152883.438 copy_cont 235.9
S 1789152883.442 copy_cont 236.4
S 1789152883.447 copy_cont 235.4
S 1789152883.451 copy_cont 236.4
S 1789152883.456 copy_cont 234.6
S 1789152883.460 copy_cont 236.0
S 1789152883.465 copy_cont 235.5
S 1789152883.469 copy_cont 236.2
S 1789152883.474 copy_cont 235.7
S 1789152883.479 copy_cont 235.9
S 1789152883.483 copy_cont 235.1
S 1789152883.488 copy_cont 233.9
S 1789152883.492 copy_cont 236.1
S 1789152883.497 copy_cont 235.7
S 1789152883.502 copy_cont 234.5
S 1789152883.506 copy_cont 237.3
S 1789152883.511 copy_cont 235.8
S 1789152883.515 copy_cont 235.2
S 1789152883.521 copy_cont 200.8
S 1789152883.525 copy_cont 231.2
S 1789152883.530 copy_cont 235.6
S 1789152883.534 copy_cont 237.1
S 1789152883.539 copy_cont 237.4
S 1789152883.543 copy_cont 237.3
S 1789152883.548 copy_cont 230.7
S 1789152883.553 copy_cont 233.5
S 1789152883.557 copy_cont 237.1
S 1789152883.562 copy_cont 236.3
S 1789152883.566 copy_cont 236.8
S 1789152883.571 copy_cont 236.8
S 1789152883.575 copy_cont 236.0
S 1789152883.580 copy_cont 236.0
S 1789152883.585 copy_cont 235.7
S 1789152883.589 copy_cont 236.2
S 1789152883.594 copy_cont 235.6
S 1789152883.598 copy_cont 237.0
S 1789152883.603 copy_cont 237.2
S 1789152883.607 copy_cont 235.9
S 1789152883.612 copy_cont 235.7
S 1789152883.616 copy_cont 237.1
S 1789152883.621 copy_cont 237.3
S 1789152883.626 copy_cont 237.7
S 1789152883.630 copy_cont 238.8
S 1789152883.635 copy_cont 238.4
S 1789152883.639 copy_cont 238.0
S 1789152883.644 copy_cont 238.0
S 1789152883.648 copy_cont 238.4
S 1789152883.653 copy_cont 238.4
S 1789152883.657 copy_cont 237.5
S 1789152883.662 copy_cont 237.6
S 1789152883.666 copy_cont 237.9
S 1789152883.671 copy_cont 238.3
S 1789152883.675 copy_cont 238.1
S 1789152883.680 copy_cont 238.8
S 1789152883.684 copy_cont 237.3
S 1789152883.689 copy_cont 237.5
S 1789152883.693 copy_cont 237.9
S 1789152883.698 copy_cont 238.3
S 1789152883.702 copy_cont 238.1
S 1789152883.707 copy_cont 237.6
S 1789152883.711 copy_cont 238.3
S 1789152883.716 copy_cont 238.1
S 1789152883.720 copy_cont 237.7
S 1789152883.725 copy_cont 237.7
S 1789152883.730 copy_cont 237.9
S 1789152883.734 copy_cont 238.2
S 1789152883.739 copy_cont 238.1
S 1789152883.743 copy_cont 238.3
S 1789152883.748 copy_cont 237.7
S 1789152883.752 copy_cont 238.1
S 1789152883.757 copy_cont 238.5
S 1789152883.761 copy_cont 238.0
S 1789152883.766 copy_cont 238.2
S 1789152883.770 copy_cont 238.0
S 1789152883.775 copy_cont 238.4
S 1789152883.779 copy_cont 238.6
S 1789152883.784 copy_cont 237.5
S 1789152883.788 copy_cont 238.1
S 1789152883.793 copy_cont 238.4
S 1789152883.797 copy_cont 237.9
S 1789152883.802 copy_cont 237.9
S 1789152883.806 copy_cont 237.6
S 1789152883.811 copy_cont 238.8
S 1789152883.815 copy_cont 238.1
S 1789152883.820 copy_cont 238.4
S 1789152883.824 copy_cont 238.0
S 1789152883.829 copy_cont 238.2
S 1789152883.834 copy_cont 238.2
S 1789152883.838 copy_cont 238.0
S 1789152883.843 copy_cont 238.2
S 1789152883.847 copy_cont 237.6
S 1789152883.852 copy_cont 238.4
S 1789152883.856 copy_cont 238.3
S 1789152883.861 copy_cont 238.2
S 1789152883.865 copy_cont 237.3
S 1789152883.870 copy_cont 238.6
S 1789152883.874 copy_cont 238.3
S 1789152883.879 copy_cont 238.1
S 1789152883.883 copy_cont 237.6
S 1789152883.888 copy_cont 238.2
S 1789152883.892 copy_cont 238.2
S 1789152883.897 copy_cont 238.0
S 1789152883.901 copy_cont 238.2
S 1789152883.906 copy_cont 237.7
S 1789152883.910 copy_cont 237.8
S 1789152883.915 copy_cont 238.1
S 1789152883.919 copy_cont 238.6
S 1789152883.924 copy_cont 237.9
S 1789152883.928 copy_cont 237.7
S 1789152883.933 copy_cont 238.3
S 1789152883.938 copy_cont 237.2
S 1789152883.942 copy_cont 237.1
S 1789152883.947 copy_cont 236.9
S 1789152883.951 copy_cont 238.6
S 1789152883.956 copy_cont 238.6
S 1789152883.960 copy_cont 238.0
S 1789152883.965 copy_cont 237.5
S 1789152883.969 copy_cont 238.6
S 1789152883.974 copy_cont 237.8
S 1789152883.978 copy_cont 237.9
S 1789152883.983 copy_cont 238.6
S 1789152883.987 copy_cont 237.7
S 1789152883.992 copy_cont 238.2
S 1789152883.996 copy_cont 238.2
S 1789152884.001 copy_cont 237.9
S 1789152884.005 copy_cont 237.8
S 1789152884.010 copy_cont 238.1
S 1789152884.014 copy_cont 238.8
S 1789152884.019 copy_cont 220.3
S 1789152884.024 copy_cont 209.1
S 1789152884.029 copy_cont 234.5
S 1789152884.034 copy_cont 237.6
S 1789152884.038 copy_cont 238.2
S 1789152884.043 copy_cont 238.4
S 1789152884.047 copy_cont 238.1
S 1789152884.052 copy_cont 238.2
S 1789152884.056 copy_cont 238.2
S 1789152884.061 copy_cont 238.2
S 1789152884.065 copy_cont 237.9
S 1789152884.070 copy_cont 234.9
S 1789152884.074 copy_cont 234.2
S 1789152884.079 copy_cont 235.0
S 1789152884.084 copy_cont 235.7
S 1789152884.088 copy_cont 236.7
S 1789152884.093 copy_cont 237.3
S 1789152884.097 copy_cont 238.0
S 1789152884.102 copy_cont 237.7
S 1789152884.106 copy_cont 238.3
S 1789152884.111 copy_cont 238.7
S 1789152884.115 copy_cont 238.3
S 1789152884.120 copy_cont 238.6
S 1789152884.124 copy_cont 238.4
S 1789152884.129 copy_cont 238.2
S 1789152884.133 copy_cont 238.1
S 1789152884.138 copy_cont 238.1
S 1789152884.142 copy_cont 238.7
S 1789152884.147 copy_cont 238.3
S 1789152884.151 copy_cont 238.2
S 1789152884.156 copy_cont 237.9
S 1789152884.160 copy_cont 238.0
S 1789152884.165 copy_cont 237.8
S 1789152884.170 copy_cont 237.3
S 1789152884.174 copy_cont 238.7
S 1789152884.179 copy_cont 238.2
S 1789152884.183 copy_cont 237.9
S 1789152884.188 copy_cont 238.0
S 1789152884.192 copy_cont 238.4
S 1789152884.197 copy_cont 238.2
S 1789152884.201 copy_cont 237.5
S 1789152884.206 copy_cont 238.1
S 1789152884.210 copy_cont 238.1
S 1789152884.215 copy_cont 237.6
S 1789152884.219 copy_cont 238.5
S 1789152884.224 copy_cont 238.2
S 1789152884.228 copy_cont 237.5
S 1789152884.233 copy_cont 237.8
S 1789152884.237 copy_cont 238.1
S 1789152884.242 copy_cont 238.1
S 1789152884.246 copy_cont 237.6
S 1789152884.251 copy_cont 238.3
S 1789152884.256 copy_cont 232.2
S 1789152884.260 copy_cont 238.1
S 1789152884.265 copy_cont 237.8
S 1789152884.269 copy_cont 237.9
S 1789152884.274 copy_cont 238.3
S 1789152884.278 copy_cont 236.2
S 1789152884.283 copy_cont 235.1
S 1789152884.287 copy_cont 237.4
S 1789152884.292 copy_cont 238.3
S 1789152884.296 copy_cont 237.7
S 1789152884.301 copy_cont 238.0
S 1789152884.305 copy_cont 237.7
S 1789152884.310 copy_cont 238.0
S 1789152884.314 copy_cont 238.5
S 1789152884.319 copy_cont 238.3
S 1789152884.324 copy_cont 237.8
S 1789152884.328 copy_cont 238.1
S 1789152884.333 copy_cont 238.0
S 1789152884.337 copy_cont 237.5
S 1789152884.342 copy_cont 237.7
S 1789152884.346 copy_cont 238.2
S 1789152884.351 copy_cont 238.4
S 1789152884.355 copy_cont 237.9
S 1789152884.360 copy_cont 237.7
S 1789152884.364 copy_cont 238.2
S 1789152884.369 copy_cont 238.3
S 1789152884.373 copy_cont 237.8
S 1789152884.378 copy_cont 237.6
S 1789152884.382 copy_cont 238.2
S 1789152884.387 copy_cont 237.7
S 1789152884.391 copy_cont 238.1
S 1789152884.396 copy_cont 238.2
S 1789152884.400 copy_cont 238.0
S 1789152884.405 copy_cont 237.5
S 1789152884.409 copy_cont 237.9
S 1789152884.414 copy_cont 238.8
S 1789152884.419 copy_cont 237.7
S 1789152884.423 copy_cont 237.4
S 1789152884.428 copy_cont 238.4
S 1789152884.432 copy_cont 238.9
S 1789152884.437 copy_cont 237.7
S 1789152884.441 copy_cont 237.5
S 1789152884.446 copy_cont 238.3
S 1789152884.450 copy_cont 238.1
S 1789152884.455 copy_cont 237.7
S 1789152884.459 copy_cont 238.4
S 1789152884.464 copy_cont 237.6
S 1789152884.468 copy_cont 237.6
S 1789152884.473 copy_cont 237.9
S 1789152884.477 copy_cont 238.0
S 1789152884.482 copy_cont 238.0
S 1789152884.486 copy_cont 237.8
S 1789152884.491 copy_cont 238.2
S 1789152884.495 copy_cont 238.3
S 1789152884.500 copy_cont 238.1
S 1789152884.504 copy_cont 238.0
S 1789152884.509 copy_cont 238.1
S 1789152884.514 copy_cont 238.2
S 1789152884.518 copy_cont 224.0
S 1789152884.523 copy_cont 208.1
S 1789152884.528 copy_cont 234.6
S 1789152884.533 copy_cont 238.7
S 1789152884.537 copy_cont 238.5
S 1789152884.542 copy_cont 238.0
S 1789152884.546 copy_cont 237.6
S 1789152884.551 copy_cont 238.0
S 1789152884.555 copy_cont 238.5
S 1789152884.560 copy_cont 238.2
S 1789152884.564 copy_cont 237.8
S 1789152884.569 copy_cont 238.0
S 1789152884.573 copy_cont 238.6
S 1789152884.578 copy_cont 237.2
S 1789152884.582 copy_cont 237.7
S 1789152884.587 copy_cont 238.2
S 1789152884.591 copy_cont 238.4
S 1789152884.596 copy_cont 238.1
S 1789152884.600 copy_cont 238.5
S 1789152884.605 copy_cont 238.3
S 1789152884.609 copy_cont 237.5
S 1789152884.614 copy_cont 238.3
S 1789152884.618 copy_cont 238.5
S 1789152884.623 copy_cont 238.5
S 1789152884.628 copy_cont 237.2
S 1789152884.632 copy_cont 238.6
S 1789152884.637 copy_cont 238.5
S 1789152884.641 copy_cont 238.1
S 1789152884.646 copy_cont 237.7
S 1789152884.650 copy_cont 238.0
S 1789152884.655 copy_cont 238.2
S 1789152884.659 copy_cont 237.8
S 1789152884.664 copy_cont 238.4
S 1789152884.668 copy_cont 237.9
S 1789152884.673 copy_cont 238.5
S 1789152884.677 copy_cont 237.6
S 1789152884.682 copy_cont 238.1
S 1789152884.686 copy_cont 237.8
S 1789152884.691 copy_cont 237.9
S 1789152884.695 copy_cont 238.4
S 1789152884.700 copy_cont 238.4
S 1789152884.704 copy_cont 238.1
S 1789152884.709 copy_cont 237.9
S 1789152884.713 copy_cont 238.1
S 1789152884.718 copy_cont 238.4
S 1789152884.723 copy_cont 237.7
S 1789152884.727 copy_cont 237.5
S 1789152884.732 copy_cont 238.5
S 1789152884.736 copy_cont 238.3
S 1789152884.741 copy_cont 237.9
S 1789152884.745 copy_cont 238.1
S 1789152884.750 copy_cont 237.9
S 1789152884.754 copy_cont 238.3
S 1789152884.759 copy_cont 238.1
S 1789152884.763 copy_cont 238.7
S 1789152884.768 copy_cont 237.9
S 1789152884.772 copy_cont 238.2
S 1789152884.777 copy_cont 238.7
S 1789152884.781 copy_cont 237.7
S 1789152884.786 copy_cont 237.9
S 1789152884.790 copy_cont 237.8
S 1789152884.795 copy_cont 238.5
S 1789152884.799 copy_cont 238.2
S 1789152884.804 copy_cont 237.5
S 1789152884.808 copy_cont 238.3
S 1789152884.813 copy_cont 238.2
S 1789152884.817 copy_cont 237.3
S 1789152884.822 copy_cont 236.3
S 1789152884.827 copy_cont 237.3
S 1789152884.831 copy_cont 238.6
S 1789152884.836 copy_cont 237.9
S 1789152884.840 copy_cont 238.2
S 1789152884.845 copy_cont 238.0
S 1789152884.849 copy_cont 237.1
S 1789152884.854 copy_cont 238.0
S 1789152884.858 copy_cont 238.7
S 1789152884.863 copy_cont 238.4
S 1789152884.867 copy_cont 237.8
S 1789152884.872 copy_cont 238.5
S 1789152884.876 copy_cont 238.5
S 1789152884.881 copy_cont 238.2
S 1789152884.885 copy_cont 237.9
S 1789152884.890 copy_cont 237.4
S 1789152884.894 copy_cont 238.4
S 1789152884.899 copy_cont 237.8
S 1789152884.903 copy_cont 238.0
S 1789152884.908 copy_cont 238.2
S 1789152884.912 copy_cont 237.9
S 1789152884.917 copy_cont 237.5
S 1789152884.922 copy_cont 238.2
S 1789152884.926 copy_cont 238.4
S 1789152884.931 copy_cont 237.3
S 1789152884.935 copy_cont 238.4
S 1789152884.940 copy_cont 238.4
S 1789152884.944 copy_cont 238.1
S 1789152884.949 copy_cont 237.9
S 1789152884.953 copy_cont 238.1
S 1789152884.958 copy_cont 238.8
S 1789152884.962 copy_cont 238.1
S 1789152884.967 copy_cont 237.9
S 1789152884.971 copy_cont 238.5
S 1789152884.976 copy_cont 238.1
S 1789152884.980 copy_cont 238.0
S 1789152884.985 copy_cont 238.3
S 1789152884.989 copy_cont 237.7
S 1789152884.994 copy_cont 237.8
S 1789152884.998 copy_cont 237.9
S 1789152885.003 copy_cont 237.8
S 1789152885.007 copy_cont 237.4
S 1789152885.012 copy_cont 237.7
S 1789152885.017 copy_cont 237.0
S 1789152885.021 copy_cont 219.6
S 1789152885.027 copy_cont 210.3
S 1789152885.031 copy_cont 238.1
S 1789152885.036 copy_cont 238.3
S 1789152885.040 copy_cont 238.0
S 1789152885.045 copy_cont 237.8
S 1789152885.049 copy_cont 238.3
S 1789152885.054 copy_cont 238.1
S 1789152885.058 copy_cont 235.2
S 1789152885.063 copy_cont 234.1
S 1789152885.067 copy_cont 234.4
S 1789152885.072 copy_cont 235.8
S 1789152885.077 copy_cont 236.8
S 1789152885.081 copy_cont 236.8
S 1789152885.086 copy_cont 237.0
S 1789152885.090 copy_cont 237.6
S 1789152885.095 copy_cont 238.5
S 1789152885.099 copy_cont 238.6
S 1789152885.104 copy_cont 237.7
S 1789152885.108 copy_cont 237.8
S 1789152885.113 copy_cont 238.7
S 1789152885.117 copy_cont 239.1
S 1789152885.122 copy_cont 238.1
S 1789152885.126 copy_cont 238.6
S 1789152885.131 copy_cont 238.4
S 1789152885.135 copy_cont 238.2
S 1789152885.140 copy_cont 238.1
S 1789152885.144 copy_cont 238.2
S 1789152885.149 copy_cont 237.2
S 1789152885.153 copy_cont 237.3
S 1789152885.158 copy_cont 237.0
S 1789152885.163 copy_cont 238.4
S 1789152885.167 copy_cont 237.7
S 1789152885.172 copy_cont 238.3
S 1789152885.176 copy_cont 238.6
S 1789152885.181 copy_cont 238.2
S 1789152885.185 copy_cont 238.1
S 1789152885.190 copy_cont 237.3
S 1789152885.194 copy_cont 238.1
S 1789152885.199 copy_cont 238.1
S 1789152885.203 copy_cont 237.6
S 1789152885.208 copy_cont 238.0
S 1789152885.212 copy_cont 238.1
S 1789152885.217 copy_cont 238.1
S 1789152885.221 copy_cont 237.8
S 1789152885.226 copy_cont 238.2
S 1789152885.230 copy_cont 237.7
S 1789152885.235 copy_cont 234.2
S 1789152885.240 copy_cont 230.3
S 1789152885.244 copy_cont 233.6
S 1789152885.249 copy_cont 233.5
S 1789152885.254 copy_cont 231.6
S 1789152885.258 copy_cont 230.7
S 1789152885.263 copy_cont 233.5
S 1789152885.267 copy_cont 236.7
S 1789152885.272 copy_cont 238.3
S 1789152885.276 copy_cont 235.7
S 1789152885.281 copy_cont 236.2
S 1789152885.286 copy_cont 231.2
S 1789152885.290 copy_cont 227.9
S 1789152885.295 copy_cont 231.8
S 1789152885.300 copy_cont 238.1
S 1789152885.304 copy_cont 238.3
S 1789152885.309 copy_cont 238.5
S 1789152885.313 copy_cont 238.0
S 1789152885.318 copy_cont 237.8
S 1789152885.322 copy_cont 238.4
S 1789152885.327 copy_cont 237.3
S 1789152885.331 copy_cont 238.4
S 1789152885.336 copy_cont 238.2
S 1789152885.340 copy_cont 238.2
S 1789152885.345 copy_cont 238.0
S 1789152885.349 copy_cont 238.3
S 1789152885.354 copy_cont 238.2
S 1789152885.358 copy_cont 236.9
S 1789152885.363 copy_cont 236.3
S 1789152885.367 copy_cont 238.4
S 1789152885.372 copy_cont 237.7
S 1789152885.376 copy_cont 237.2
S 1789152885.381 copy_cont 238.0
S 1789152885.386 copy_cont 237.9
S 1789152885.390 copy_cont 237.9
S 1789152885.395 copy_cont 238.0
S 1789152885.399 copy_cont 237.7
S 1789152885.404 copy_cont 237.6
S 1789152885.408 copy_cont 238.1
S 1789152885.413 copy_cont 238.1
S 1789152885.417 copy_cont 238.2
S 1789152885.422 copy_cont 237.9
S 1789152885.426 copy_cont 238.3
S 1789152885.431 copy_cont 238.2
S 1789152885.435 copy_cont 237.8
S 1789152885.440 copy_cont 237.4
S 1789152885.444 copy_cont 237.7
S 1789152885.449 copy_cont 238.5
S 1789152885.453 copy_cont 238.0
S 1789152885.458 copy_cont 237.8
S 1789152885.462 copy_cont 238.3
S 1789152885.467 copy_cont 237.3
S 1789152885.472 copy_cont 237.7
S 1789152885.476 copy_cont 237.5
S 1789152885.481 copy_cont 238.7
S 1789152885.485 copy_cont 237.9
S 1789152885.490 copy_cont 238.2
S 1789152885.494 copy_cont 238.4
S 1789152885.499 copy_cont 238.1
S 1789152885.503 copy_cont 237.4
S 1789152885.508 copy_cont 238.2
S 1789152885.512 copy_cont 238.4
S 1789152885.517 copy_cont 234.3
S 1789152885.522 copy_cont 196.8
S 1789152885.527 copy_cont 234.1
S 1789152885.531 copy_cont 238.4
S 1789152885.536 copy_cont 237.3
S 1789152885.540 copy_cont 238.4
S 1789152885.545 copy_cont 238.5
S 1789152885.549 copy_cont 238.0
S 1789152885.554 copy_cont 238.2
S 1789152885.559 copy_cont 238.6
S 1789152885.563 copy_cont 238.2
S 1789152885.568 copy_cont 237.0
S 1789152885.572 copy_cont 238.1
S 1789152885.577 copy_cont 238.6
S 1789152885.581 copy_cont 237.9
S 1789152885.586 copy_cont 238.1
S 1789152885.590 copy_cont 237.9
S 1789152885.595 copy_cont 238.7
S 1789152885.599 copy_cont 238.1
S 1789152885.604 copy_cont 237.8
S 1789152885.608 copy_cont 238.2
S 1789152885.613 copy_cont 238.1
S 1789152885.617 copy_cont 237.8
S 1789152885.622 copy_cont 238.0
S 1789152885.626 copy_cont 238.3
S 1789152885.631 copy_cont 237.4
S 1789152885.635 copy_cont 238.4
S 1789152885.640 copy_cont 238.4
S 1789152885.644 copy_cont 237.7
S 1789152885.649 copy_cont 237.9
S 1789152885.654 copy_cont 238.1
S 1789152885.658 copy_cont 238.6
S 1789152885.663 copy_cont 237.9
S 1789152885.667 copy_cont 237.9
S 1789152885.672 copy_cont 238.1
S 1789152885.676 copy_cont 238.2
S 1789152885.681 copy_cont 238.0
S 1789152885.685 copy_cont 238.3
S 1789152885.690 copy_cont 238.0
S 1789152885.694 copy_cont 238.0
S 1789152885.699 copy_cont 238.3
S 1789152885.703 copy_cont 238.1
S 1789152885.708 copy_cont 237.2
S 1789152885.712 copy_cont 238.3
S 1789152885.717 copy_cont 238.4
S 1789152885.721 copy_cont 238.2
S 1789152885.726 copy_cont 238.3
S 1789152885.730 copy_cont 237.7
S 1789152885.735 copy_cont 238.2
S 1789152885.739 copy_cont 237.8
S 1789152885.744 copy_cont 238.0
S 1789152885.748 copy_cont 238.0
S 1789152885.753 copy_cont 238.2
S 1789152885.758 copy_cont 237.7
S 1789152885.762 copy_cont 238.4
S 1789152885.767 copy_cont 238.7
S 1789152885.771 copy_cont 237.9
S 1789152885.776 copy_cont 237.5
S 1789152885.780 copy_cont 238.6
S 1789152885.785 copy_cont 238.4
S 1789152885.789 copy_cont 237.8
S 1789152885.794 copy_cont 238.3
S 1789152885.798 copy_cont 238.7
S 1789152885.803 copy_cont 237.8
S 1789152885.807 copy_cont 237.5
S 1789152885.812 copy_cont 238.3
S 1789152885.816 copy_cont 238.4
S 1789152885.821 copy_cont 237.9
S 1789152885.825 copy_cont 238.2
S 1789152885.830 copy_cont 238.4
S 1789152885.834 copy_cont 238.4
S 1789152885.839 copy_cont 237.8
S 1789152885.843 copy_cont 237.4
S 1789152885.848 copy_cont 238.1
S 1789152885.852 copy_cont 237.8
S 1789152885.857 copy_cont 238.0
S 1789152885.862 copy_cont 238.5
S 1789152885.866 copy_cont 238.4
S 1789152885.871 copy_cont 237.8
S 1789152885.875 copy_cont 238.0
S 1789152885.880 copy_cont 238.6
S 1789152885.884 copy_cont 237.6
S 1789152885.889 copy_cont 237.7
S 1789152885.893 copy_cont 238.5
S 1789152885.898 copy_cont 238.5
S 1789152885.902 copy_cont 237.7
S 1789152885.907 copy_cont 238.1
S 1789152885.911 copy_cont 237.7
S 1789152885.916 copy_cont 238.1
S 1789152885.920 copy_cont 237.9
S 1789152885.925 copy_cont 238.3
S 1789152885.929 copy_cont 238.1
S 1789152885.934 copy_cont 237.9
S 1789152885.938 copy_cont 238.4
S 1789152885.943 copy_cont 238.4
S 1789152885.947 copy_cont 237.3
S 1789152885.952 copy_cont 238.0
S 1789152885.956 copy_cont 238.3
S 1789152885.961 copy_cont 238.2
S 1789152885.966 copy_cont 238.0
S 1789152885.970 copy_cont 238.2
S 1789152885.975 copy_cont 238.4
S 1789152885.979 copy_cont 237.9
S 1789152885.984 copy_cont 238.0
S 1789152885.988 copy_cont 238.3
S 1789152885.993 copy_cont 238.0
S 1789152885.997 copy_cont 237.8
S 1789152886.002 copy_cont 238.0
S 1789152886.006 copy_cont 238.2
S 1789152886.011 copy_cont 238.0
S 1789152886.015 copy_cont 238.2
S 1789152886.020 copy_cont 223.6
S 1789152886.025 copy_cont 210.1
S 1789152886.030 copy_cont 234.8
S 1789152886.034 copy_cont 238.5
S 1789152886.039 copy_cont 238.7
S 1789152886.043 copy_cont 237.8
S 1789152886.048 copy_cont 237.8
S 1789152886.052 copy_cont 238.9
S 1789152886.057 copy_cont 238.1
S 1789152886.061 copy_cont 238.1
S 1789152886.066 copy_cont 238.3
S 1789152886.070 copy_cont 238.3
S 1789152886.075 copy_cont 238.0
S 1789152886.080 copy_cont 237.8
S 1789152886.084 copy_cont 236.2
S 1789152886.089 copy_cont 234.5
S 1789152886.093 copy_cont 234.0
S 1789152886.098 copy_cont 236.0
S 1789152886.102 copy_cont 236.3
S 1789152886.107 copy_cont 237.9
S 1789152886.111 copy_cont 237.5
S 1789152886.116 copy_cont 238.4
S 1789152886.120 copy_cont 238.5
S 1789152886.125 copy_cont 238.1
S 1789152886.130 copy_cont 238.3
S 1789152886.134 copy_cont 238.6
S 1789152886.139 copy_cont 238.6
S 1789152886.143 copy_cont 238.3
S 1789152886.148 copy_cont 237.8
S 1789152886.152 copy_cont 237.8
S 1789152886.157 copy_cont 237.6
S 1789152886.161 copy_cont 238.0
S 1789152886.166 copy_cont 238.3
S 1789152886.170 copy_cont 237.6
S 1789152886.175 copy_cont 238.1
S 1789152886.179 copy_cont 238.2
S 1789152886.184 copy_cont 238.1
S 1789152886.188 copy_cont 237.9
S 1789152886.193 copy_cont 238.2
S 1789152886.197 copy_cont 238.6
S 1789152886.202 copy_cont 237.8
S 1789152886.206 copy_cont 238.0
S 1789152886.211 copy_cont 238.0
S 1789152886.215 copy_cont 238.0
S 1789152886.220 copy_cont 237.7
S 1789152886.224 copy_cont 238.5
S 1789152886.229 copy_cont 238.5
S 1789152886.234 copy_cont 238.3
S 1789152886.238 copy_cont 238.1
S 1789152886.243 copy_cont 237.8
S 1789152886.247 copy_cont 238.5
S 1789152886.252 copy_cont 237.3
S 1789152886.256 copy_cont 232.9
S 1789152886.261 copy_cont 238.1
S 1789152886.265 copy_cont 238.3
S 1789152886.270 copy_cont 237.5
S 1789152886.274 copy_cont 238.5
S 1789152886.279 copy_cont 238.1
S 1789152886.283 copy_cont 237.2
S 1789152886.288 copy_cont 238.0
S 1789152886.292 copy_cont 238.4
S 1789152886.297 copy_cont 238.0
S 1789152886.301 copy_cont 237.8
S 1789152886.306 copy_cont 238.2
S 1789152886.311 copy_cont 238.2
S 1789152886.315 copy_cont 237.8
S 1789152886.320 copy_cont 237.5
S 1789152886.324 copy_cont 238.1
S 1789152886.329 copy_cont 238.1
S 1789152886.333 copy_cont 237.9
S 1789152886.338 copy_cont 238.1
S 1789152886.342 copy_cont 238.3
S 1789152886.347 copy_cont 238.1
S 1789152886.351 copy_cont 237.5
S 1789152886.356 copy_cont 238.1
S 1789152886.360 copy_cont 238.2
S 1789152886.365 copy_cont 237.9
S 1789152886.369 copy_cont 238.5
S 1789152886.374 copy_cont 238.5
S 1789152886.378 copy_cont 237.7
S 1789152886.383 copy_cont 237.6
S 1789152886.387 copy_cont 238.4
S 1789152886.392 copy_cont 238.5
S 1789152886.396 copy_cont 237.5
S 1789152886.401 copy_cont 238.2
S 1789152886.405 copy_cont 238.3
S 1789152886.410 copy_cont 237.8
S 1789152886.415 copy_cont 238.1
S 1789152886.419 copy_cont 238.1
S 1789152886.424 copy_cont 238.0
S 1789152886.428 copy_cont 238.1
S 1789152886.433 copy_cont 238.4
S 1789152886.437 copy_cont 237.8
S 1789152886.442 copy_cont 237.8
S 1789152886.446 copy_cont 237.9
S 1789152886.451 copy_cont 238.8
S 1789152886.455 copy_cont 237.9
S 1789152886.460 copy_cont 237.7
S 1789152886.464 copy_cont 238.0
S 1789152886.469 copy_cont 238.6
S 1789152886.473 copy_cont 238.1
S 1789152886.478 copy_cont 237.7
S 1789152886.482 copy_cont 238.5
S 1789152886.487 copy_cont 238.3
S 1789152886.491 copy_cont 237.4
S 1789152886.496 copy_cont 237.9
S 1789152886.500 copy_cont 238.1
S 1789152886.505 copy_cont 238.2
S 1789152886.510 copy_cont 237.5
S 1789152886.514 copy_cont 238.8
S 1789152886.519 copy_cont 234.3
S 1789152886.524 copy_cont 200.6
S 1789152886.529 copy_cont 233.6
S 1789152886.533 copy_cont 238.4
S 1789152886.538 copy_cont 237.7
S 1789152886.542 copy_cont 237.9
S 1789152886.547 copy_cont 238.5
S 1789152886.551 copy_cont 237.6
S 1789152886.556 copy_cont 237.9
S 1789152886.560 copy_cont 237.7
S 1789152886.565 copy_cont 238.6
S 1789152886.569 copy_cont 237.5
S 1789152886.574 copy_cont 238.3
S 1789152886.578 copy_cont 238.5
S 1789152886.583 copy_cont 238.0
S 1789152886.587 copy_cont 237.9
S 1789152886.592 copy_cont 237.9
S 1789152886.596 copy_cont 238.1
S 1789152886.601 copy_cont 237.9
S 1789152886.605 copy_cont 237.8
S 1789152886.610 copy_cont 238.4
S 1789152886.615 copy_cont 238.4
S 1789152886.619 copy_cont 237.9
S 1789152886.624 copy_cont 238.6
S 1789152886.628 copy_cont 237.6
S 1789152886.633 copy_cont 237.9
S 1789152886.637 copy_cont 238.1
S 1789152886.642 copy_cont 238.0
S 1789152886.646 copy_cont 238.2
S 1789152886.651 copy_cont 237.7
S 1789152886.655 copy_cont 238.4
S 1789152886.660 copy_cont 238.0
S 1789152886.664 copy_cont 237.5
S 1789152886.669 copy_cont 238.1
S 1789152886.673 copy_cont 238.5
S 1789152886.678 copy_cont 238.5
S 1789152886.682 copy_cont 237.9
S 1789152886.687 copy_cont 238.4
S 1789152886.691 copy_cont 237.9
S 1789152886.696 copy_cont 237.6
S 1789152886.700 copy_cont 238.5
S 1789152886.705 copy_cont 238.5
S 1789152886.709 copy_cont 238.3
S 1789152886.714 copy_cont 237.7
S 1789152886.719 copy_cont 238.2
S 1789152886.723 copy_cont 238.5
S 1789152886.728 copy_cont 237.6
S 1789152886.732 copy_cont 238.0
S 1789152886.737 copy_cont 238.6
S 1789152886.741 copy_cont 238.1
S 1789152886.746 copy_cont 237.7
S 1789152886.750 copy_cont 238.0
S 1789152886.755 copy_cont 238.7
S 1789152886.759 copy_cont 238.0
S 1789152886.764 copy_cont 237.3
S 1789152886.768 copy_cont 238.1
S 1789152886.773 copy_cont 238.4
S 1789152886.777 copy_cont 238.0
S 1789152886.782 copy_cont 237.8
S 1789152886.786 copy_cont 238.3
S 1789152886.791 copy_cont 238.1
S 1789152886.795 copy_cont 237.9
S 1789152886.800 copy_cont 238.2
S 1789152886.804 copy_cont 238.0
S 1789152886.809 copy_cont 237.8
S 1789152886.814 copy_cont 238.2
S 1789152886.818 copy_cont 238.6
S 1789152886.823 copy_cont 237.9
S 1789152886.827 copy_cont 238.1
S 1789152886.832 copy_cont 237.6
S 1789152886.836 copy_cont 238.6
S 1789152886.841 copy_cont 237.6
S 1789152886.845 copy_cont 237.9
S 1789152886.850 copy_cont 238.4
S 1789152886.854 copy_cont 238.2
S 1789152886.859 copy_cont 238.2
S 1789152886.863 copy_cont 238.0
S 1789152886.868 copy_cont 237.7
S 1789152886.872 copy_cont 237.6
S 1789152886.877 copy_cont 238.6
S 1789152886.881 copy_cont 238.4
S 1789152886.886 copy_cont 238.1
S 1789152886.890 copy_cont 237.7
S 1789152886.895 copy_cont 238.4
S 1789152886.899 copy_cont 238.0
S 1789152886.904 copy_cont 237.7
S 1789152886.908 copy_cont 238.1
S 1789152886.913 copy_cont 238.7
S 1789152886.918 copy_cont 238.0
S 1789152886.922 copy_cont 237.8
S 1789152886.927 copy_cont 238.2
S 1789152886.931 copy_cont 238.3
S 1789152886.936 copy_cont 237.9
S 1789152886.940 copy_cont 238.0
S 1789152886.945 copy_cont 238.7
S 1789152886.949 copy_cont 238.2
S 1789152886.954 copy_cont 238.0
S 1789152886.958 copy_cont 238.5
S 1789152886.963 copy_cont 238.3
S 1789152886.967 copy_cont 237.9
S 1789152886.972 copy_cont 237.3
S 1789152886.976 copy_cont 238.7
S 1789152886.981 copy_cont 238.2
S 1789152886.985 copy_cont 237.9
S 1789152886.990 copy_cont 238.2
S 1789152886.994 copy_cont 238.7
S 1789152886.999 copy_cont 238.0
S 1789152887.003 copy_cont 237.7
S 1789152887.008 copy_cont 238.2
S 1789152887.012 copy_cont 238.5
S 1789152887.017 copy_cont 237.7
S 1789152887.022 copy_cont 219.7
S 1789152887.027 copy_cont 210.9
S 1789152887.032 copy_cont 236.0
S 1789152887.036 copy_cont 238.3
S 1789152887.041 copy_cont 238.1
S 1789152887.045 copy_cont 237.8
S 1789152887.050 copy_cont 237.9
S 1789152887.054 copy_cont 238.3
S 1789152887.059 copy_cont 238.1
S 1789152887.063 copy_cont 237.7
S 1789152887.068 copy_cont 238.3
S 1789152887.072 copy_cont 236.6
S 1789152887.077 copy_cont 233.7
S 1789152887.081 copy_cont 233.8
S 1789152887.086 copy_cont 235.6
S 1789152887.091 copy_cont 237.2
S 1789152887.095 copy_cont 237.3
S 1789152887.100 copy_cont 237.0
S 1789152887.104 copy_cont 238.1
S 1789152887.109 copy_cont 237.8
S 1789152887.113 copy_cont 238.2
S 1789152887.118 copy_cont 238.8
S 1789152887.122 copy_cont 238.5
S 1789152887.127 copy_cont 238.2
S 1789152887.131 copy_cont 238.1
S 1789152887.136 copy_cont 238.7
S 1789152887.140 copy_cont 238.2
S 1789152887.145 copy_cont 238.8
S 1789152887.149 copy_cont 238.7
S 1789152887.154 copy_cont 238.8
S 1789152887.158 copy_cont 238.3
S 1789152887.163 copy_cont 238.1
S 1789152887.167 copy_cont 237.4
S 1789152887.172 copy_cont 236.5
S 1789152887.177 copy_cont 237.9
S 1789152887.181 copy_cont 238.4
S 1789152887.186 copy_cont 238.3
S 1789152887.190 copy_cont 237.8
S 1789152887.195 copy_cont 238.3
S 1789152887.199 copy_cont 238.6
S 1789152887.204 copy_cont 237.6
S 1789152887.208 copy_cont 237.3
S 1789152887.213 copy_cont 238.2
S 1789152887.217 copy_cont 238.6
S 1789152887.222 copy_cont 237.8
S 1789152887.226 copy_cont 238.3
S 1789152887.231 copy_cont 238.2
S 1789152887.235 copy_cont 238.5
S 1789152887.240 copy_cont 237.6
S 1789152887.244 copy_cont 238.1
S 1789152887.249 copy_cont 238.2
S 1789152887.253 copy_cont 236.4
S 1789152887.258 copy_cont 233.8
S 1789152887.263 copy_cont 238.2
S 1789152887.267 copy_cont 238.2
S 1789152887.272 copy_cont 237.8
S 1789152887.276 copy_cont 237.5
S 1789152887.281 copy_cont 238.3
S 1789152887.285 copy_cont 237.8
S 1789152887.290 copy_cont 237.8
S 1789152887.294 copy_cont 238.6
S 1789152887.299 copy_cont 237.9
S 1789152887.303 copy_cont 237.7
S 1789152887.308 copy_cont 238.2
S 1789152887.312 copy_cont 238.6
S 1789152887.317 copy_cont 237.8
S 1789152887.321 copy_cont 238.1
S 1789152887.326 copy_cont 238.0
S 1789152887.330 copy_cont 238.6
S 1789152887.335 copy_cont 238.0
S 1789152887.339 copy_cont 237.6
S 1789152887.344 copy_cont 237.7
S 1789152887.348 copy_cont 238.0
S 1789152887.353 copy_cont 238.0
S 1789152887.358 copy_cont 237.6
S 1789152887.362 copy_cont 237.9
S 1789152887.367 copy_cont 238.2
S 1789152887.371 copy_cont 238.4
S 1789152887.376 copy_cont 238.4
S 1789152887.380 copy_cont 237.6
S 1789152887.385 copy_cont 238.3
S 1789152887.389 copy_cont 238.4
S 1789152887.394 copy_cont 238.4
S 1789152887.398 copy_cont 238.0
S 1789152887.403 copy_cont 238.4
S 1789152887.407 copy_cont 238.5
S 1789152887.412 copy_cont 238.0
S 1789152887.416 copy_cont 237.6
S 1789152887.421 copy_cont 237.9
S 1789152887.425 copy_cont 238.5
S 1789152887.430 copy_cont 238.0
S 1789152887.434 copy_cont 238.3
S 1789152887.439 copy_cont 237.9
S 1789152887.443 copy_cont 237.7
S 1789152887.448 copy_cont 237.7
S 1789152887.452 copy_cont 238.3
S 1789152887.457 copy_cont 238.1
S 1789152887.462 copy_cont 237.4
S 1789152887.466 copy_cont 238.3
S 1789152887.471 copy_cont 238.5
S 1789152887.475 copy_cont 238.0
S 1789152887.480 copy_cont 237.2
S 1789152887.484 copy_cont 238.2
S 1789152887.489 copy_cont 238.5
S 1789152887.493 copy_cont 237.7
S 1789152887.498 copy_cont 238.1
S 1789152887.502 copy_cont 238.5
S 1789152887.507 copy_cont 238.0
S 1789152887.511 copy_cont 238.3
S 1789152887.516 copy_cont 237.7
S 1789152887.521 copy_cont 226.7
S 1789152887.526 copy_cont 209.7
S 1789152887.530 copy_cont 234.6
S 1789152887.535 copy_cont 238.8
S 1789152887.539 copy_cont 237.9
S 1789152887.544 copy_cont 238.0
S 1789152887.548 copy_cont 237.6
S 1789152887.553 copy_cont 238.8
S 1789152887.557 copy_cont 238.3
S 1789152887.562 copy_cont 238.2
S 1789152887.566 copy_cont 238.1
S 1789152887.571 copy_cont 237.5
S 1789152887.575 copy_cont 238.4
S 1789152887.580 copy_cont 238.0
S 1789152887.585 copy_cont 238.2
S 1789152887.589 copy_cont 237.6
S 1789152887.594 copy_cont 238.7
S 1789152887.598 copy_cont 238.4
S 1789152887.603 copy_cont 237.6
S 1789152887.607 copy_cont 237.9
S 1789152887.612 copy_cont 238.5
S 1789152887.616 copy_cont 238.1
S 1789152887.621 copy_cont 237.6
S 1789152887.625 copy_cont 238.1
S 1789152887.630 copy_cont 238.0
S 1789152887.634 copy_cont 238.5
S 1789152887.639 copy_cont 238.0
S 1789152887.643 copy_cont 238.0
S 1789152887.648 copy_cont 238.1
S 1789152887.652 copy_cont 237.1
S 1789152887.657 copy_cont 238.1
S 1789152887.661 copy_cont 238.2
S 1789152887.666 copy_cont 238.2
S 1789152887.670 copy_cont 238.0
S 1789152887.675 copy_cont 238.2
S 1789152887.680 copy_cont 238.1
S 1789152887.684 copy_cont 237.3
S 1789152887.689 copy_cont 238.1
S 1789152887.693 copy_cont 238.6
S 1789152887.698 copy_cont 238.2
S 1789152887.702 copy_cont 237.4
S 1789152887.707 copy_cont 238.4
S 1789152887.711 copy_cont 238.2
S 1789152887.716 copy_cont 238.0
S 1789152887.720 copy_cont 238.1
S 1789152887.725 copy_cont 238.5
S 1789152887.729 copy_cont 237.7
S 1789152887.734 copy_cont 238.1
S 1789152887.738 copy_cont 238.6
S 1789152887.743 copy_cont 238.3
S 1789152887.747 copy_cont 238.3
S 1789152887.752 copy_cont 237.6
S 1789152887.756 copy_cont 238.6
S 1789152887.761 copy_cont 237.9
S 1789152887.765 copy_cont 238.0
S 1789152887.770 copy_cont 238.1
S 1789152887.774 copy_cont 238.6
S 1789152887.779 copy_cont 237.5
S 1789152887.784 copy_cont 237.8
S 1789152887.788 copy_cont 238.4
S 1789152887.793 copy_cont 238.2
S 1789152887.797 copy_cont 237.5
S 1789152887.802 copy_cont 238.0
S 1789152887.806 copy_cont 237.9
S 1789152887.811 copy_cont 237.3
S 1789152887.815 copy_cont 238.4
S 1789152887.820 copy_cont 238.1
S 1789152887.824 copy_cont 238.0
S 1789152887.829 copy_cont 237.6
S 1789152887.833 copy_cont 238.4
S 1789152887.838 copy_cont 238.6
S 1789152887.842 copy_cont 237.7
S 1789152887.847 copy_cont 238.4
S 1789152887.851 copy_cont 237.7
S 1789152887.856 copy_cont 237.7
S 1789152887.860 copy_cont 238.1
S 1789152887.865 copy_cont 238.1
S 1789152887.869 copy_cont 238.0
S 1789152887.874 copy_cont 238.2
S 1789152887.878 copy_cont 238.3
S 1789152887.883 copy_cont 237.9
S 1789152887.888 copy_cont 238.0
S 1789152887.892 copy_cont 237.3
S 1789152887.897 copy_cont 238.4
S 1789152887.901 copy_cont 238.5
S 1789152887.906 copy_cont 238.2
S 1789152887.910 copy_cont 237.6
S 1789152887.915 copy_cont 238.4
S 1789152887.919 copy_cont 238.4
S 1789152887.924 copy_cont 237.2
S 1789152887.928 copy_cont 238.3
S 1789152887.933 copy_cont 238.7
S 1789152887.937 copy_cont 238.1
S 1789152887.942 copy_cont 237.9
S 1789152887.946 copy_cont 238.4
S 1789152887.951 copy_cont 238.0
S 1789152887.955 copy_cont 237.5
S 1789152887.960 copy_cont 238.1
S 1789152887.964 copy_cont 238.0
S 1789152887.969 copy_cont 237.5
S 1789152887.973 copy_cont 237.5
S 1789152887.978 copy_cont 238.5
S 1789152887.983 copy_cont 238.4
S 1789152887.987 copy_cont 238.0
S 1789152887.992 copy_cont 237.5
S 1789152887.996 copy_cont 238.3
S 1789152888.001 copy_cont 237.9
S 1789152888.005 copy_cont 237.7
S 1789152888.010 copy_cont 238.1
S 1789152888.014 copy_cont 238.4
S 1789152888.019 copy_cont 236.3
S 1789152888.024 copy_cont 219.4
S 1789152888.029 copy_cont 210.7
S 1789152888.033 copy_cont 237.9
S 1789152888.038 copy_cont 238.0
S 1789152888.042 copy_cont 238.3
S 1789152888.047 copy_cont 238.1
S 1789152888.051 copy_cont 237.6
S 1789152888.056 copy_cont 238.0
S 1789152888.060 copy_cont 235.5
S 1789152888.065 copy_cont 234.4
S 1789152888.070 copy_cont 235.1
S 1789152888.074 copy_cont 236.4
S 1789152888.079 copy_cont 237.4
S 1789152888.083 copy_cont 237.1
S 1789152888.088 copy_cont 238.5
S 1789152888.092 copy_cont 238.1
S 1789152888.097 copy_cont 237.8
S 1789152888.101 copy_cont 238.0
S 1789152888.106 copy_cont 238.5
S 1789152888.110 copy_cont 238.3
S 1789152888.115 copy_cont 238.3
S 1789152888.119 copy_cont 238.4
S 1789152888.124 copy_cont 238.6
S 1789152888.128 copy_cont 238.2
S 1789152888.133 copy_cont 238.1
S 1789152888.138 copy_cont 237.8
S 1789152888.142 copy_cont 238.2
S 1789152888.147 copy_cont 237.7
S 1789152888.151 copy_cont 238.0
S 1789152888.156 copy_cont 238.6
S 1789152888.160 copy_cont 237.4
S 1789152888.165 copy_cont 238.1
S 1789152888.169 copy_cont 238.3
S 1789152888.174 copy_cont 238.2
S 1789152888.178 copy_cont 238.0
S 1789152888.183 copy_cont 238.0
S 1789152888.187 copy_cont 238.6
S 1789152888.192 copy_cont 237.7
S 1789152888.196 copy_cont 237.8
S 1789152888.201 copy_cont 238.4
S 1789152888.205 copy_cont 238.2
S 1789152888.210 copy_cont 237.4
S 1789152888.214 copy_cont 238.5
S 1789152888.219 copy_cont 238.6
S 1789152888.223 copy_cont 238.2
S 1789152888.228 copy_cont 237.4
S 1789152888.232 copy_cont 238.4
S 1789152888.237 copy_cont 238.2
S 1789152888.242 copy_cont 237.9
S 1789152888.246 copy_cont 237.8
S 1789152888.251 copy_cont 238.2
S 1789152888.255 copy_cont 232.2
S 1789152888.260 copy_cont 237.3
S 1789152888.264 copy_cont 238.0
S 1789152888.269 copy_cont 238.4
S 1789152888.273 copy_cont 238.1
S 1789152888.278 copy_cont 237.7
S 1789152888.282 copy_cont 238.0
S 1789152888.287 copy_cont 238.2
S 1789152888.291 copy_cont 238.0
S 1789152888.296 copy_cont 238.0
S 1789152888.300 copy_cont 238.0
S 1789152888.305 copy_cont 237.7
S 1789152888.309 copy_cont 238.3
S 1789152888.314 copy_cont 238.7
S 1789152888.319 copy_cont 237.7
S 1789152888.323 copy_cont 238.3
S 1789152888.328 copy_cont 238.5
S 1789152888.332 copy_cont 238.4
S 1789152888.337 copy_cont 237.7
S 1789152888.341 copy_cont 237.9
S 1789152888.346 copy_cont 238.3
S 1789152888.350 copy_cont 238.1
S 1789152888.355 copy_cont 237.9
S 1789152888.359 copy_cont 237.7
S 1789152888.364 copy_cont 237.8
S 1789152888.368 copy_cont 237.9
S 1789152888.373 copy_cont 238.2
S 1789152888.377 copy_cont 238.1
S 1789152888.382 copy_cont 237.7
S 1789152888.386 copy_cont 238.3
S 1789152888.391 copy_cont 238.4
S 1789152888.395 copy_cont 238.6
S 1789152888.400 copy_cont 237.5
S 1789152888.404 copy_cont 238.2
S 1789152888.409 copy_cont 238.4
S 1789152888.413 copy_cont 238.1
S 1789152888.418 copy_cont 237.4
S 1789152888.423 copy_cont 238.1
S 1789152888.427 copy_cont 238.4
S 1789152888.432 copy_cont 238.0
S 1789152888.436 copy_cont 237.9
S 1789152888.441 copy_cont 238.4
S 1789152888.445 copy_cont 238.3
S 1789152888.450 copy_cont 237.8
S 1789152888.454 copy_cont 238.6
S 1789152888.459 copy_cont 238.1
S 1789152888.463 copy_cont 237.8
S 1789152888.468 copy_cont 237.2
S 1789152888.472 copy_cont 238.5
S 1789152888.477 copy_cont 237.6
S 1789152888.481 copy_cont 237.8
S 1789152888.486 copy_cont 237.9
S 1789152888.490 copy_cont 238.4
S 1789152888.495 copy_cont 237.9
S 1789152888.499 copy_cont 237.7
S 1789152888.504 copy_cont 238.2
S 1789152888.508 copy_cont 238.0
S 1789152888.513 copy_cont 237.9
S 1789152888.518 copy_cont 237.7
S 1789152888.522 copy_cont 219.4
S 1789152888.527 copy_cont 215.6
S 1789152888.532 copy_cont 235.9
S 1789152888.537 copy_cont 226.0
S 1789152888.541 copy_cont 238.0
S 1789152888.546 copy_cont 238.0
S 1789152888.550 copy_cont 238.1
S 1789152888.555 copy_cont 238.3
S 1789152888.559 copy_cont 237.9
S 1789152888.564 copy_cont 237.9
S 1789152888.568 copy_cont 237.8
S 1789152888.573 copy_cont 238.0
S 1789152888.577 copy_cont 238.1
S 1789152888.582 copy_cont 238.2
S 1789152888.587 copy_cont 238.5
S 1789152888.591 copy_cont 237.7
S 1789152888.596 copy_cont 237.9
S 1789152888.600 copy_cont 238.8
S 1789152888.605 copy_cont 238.2
S 1789152888.609 copy_cont 237.6
S 1789152888.614 copy_cont 238.4
S 1789152888.618 copy_cont 238.7
S 1789152888.623 copy_cont 237.8
S 1789152888.627 copy_cont 238.2
S 1789152888.632 copy_cont 238.1
S 1789152888.636 copy_cont 238.1
S 1789152888.641 copy_cont 237.8
S 1789152888.645 copy_cont 238.1
S 1789152888.650 copy_cont 238.0
S 1789152888.654 copy_cont 238.0
S 1789152888.659 copy_cont 238.1
S 1789152888.663 copy_cont 238.2
S 1789152888.668 copy_cont 238.2
S 1789152888.672 copy_cont 236.7
S 1789152888.677 copy_cont 238.4
S 1789152888.681 copy_cont 238.2
S 1789152888.686 copy_cont 237.9
S 1789152888.691 copy_cont 237.8
S 1789152888.695 copy_cont 238.5
S 1789152888.700 copy_cont 238.0
S 1789152888.704 copy_cont 237.3
S 1789152888.709 copy_cont 238.2
S 1789152888.713 copy_cont 238.4
S 1789152888.718 copy_cont 237.8
S 1789152888.722 copy_cont 237.9
S 1789152888.727 copy_cont 238.3
S 1789152888.731 copy_cont 238.1
S 1789152888.736 copy_cont 237.7
S 1789152888.740 copy_cont 237.9
S 1789152888.745 copy_cont 237.8
S 1789152888.749 copy_cont 237.7
S 1789152888.754 copy_cont 238.0
S 1789152888.758 copy_cont 238.5
S 1789152888.763 copy_cont 238.1
S 1789152888.767 copy_cont 237.9
S 1789152888.772 copy_cont 237.4
S 1789152888.776 copy_cont 238.1
S 1789152888.781 copy_cont 238.0
S 1789152888.786 copy_cont 237.8
S 1789152888.790 copy_cont 238.1
S 1789152888.795 copy_cont 238.6
S 1789152888.799 copy_cont 238.1
S 1789152888.804 copy_cont 237.9
S 1789152888.808 copy_cont 238.3
S 1789152888.813 copy_cont 237.4
S 1789152888.817 copy_cont 238.0
S 1789152888.822 copy_cont 238.1
S 1789152888.826 copy_cont 238.5
S 1789152888.831 copy_cont 237.5
S 1789152888.835 copy_cont 238.2
S 1789152888.840 copy_cont 238.3
S 1789152888.844 copy_cont 238.0
S 1789152888.849 copy_cont 238.0
S 1789152888.853 copy_cont 238.4
S 1789152888.858 copy_cont 238.3
S 1789152888.862 copy_cont 237.8
S 1789152888.867 copy_cont 238.2
S 1789152888.871 copy_cont 238.2
S 1789152888.876 copy_cont 237.8
S 1789152888.880 copy_cont 238.3
S 1789152888.885 copy_cont 238.3
S 1789152888.890 copy_cont 237.7
S 1789152888.894 copy_cont 237.6
S 1789152888.899 copy_cont 238.4
S 1789152888.903 copy_cont 238.6
S 1789152888.908 copy_cont 238.4
S 1789152888.912 copy_cont 237.4
S 1789152888.917 copy_cont 238.6
S 1789152888.921 copy_cont 238.5
S 1789152888.926 copy_cont 238.2
S 1789152888.930 copy_cont 237.9
S 1789152888.935 copy_cont 238.9
S 1789152888.939 copy_cont 238.1
S 1789152888.944 copy_cont 237.9
S 1789152888.948 copy_cont 238.7
S 1789152888.953 copy_cont 237.8
S 1789152888.957 copy_cont 238.0
S 1789152888.962 copy_cont 238.0
S 1789152888.966 copy_cont 238.3
S 1789152888.971 copy_cont 238.1
S 1789152888.975 copy_cont 237.8
S 1789152888.980 copy_cont 238.1
S 1789152888.984 copy_cont 238.9
S 1789152888.989 copy_cont 237.5
S 1789152888.994 copy_cont 238.3
S 1789152888.998 copy_cont 238.5
S 1789152889.003 copy_cont 238.1
S 1789152889.007 copy_cont 237.7
S 1789152889.012 copy_cont 237.7
S 1789152889.016 copy_cont 238.6
S 1789152889.021 copy_cont 233.4
S 1789152889.026 copy_cont 198.7
S 1789152889.031 copy_cont 233.2
S 1789152889.035 copy_cont 238.0
S 1789152889.040 copy_cont 238.2
S 1789152889.044 copy_cont 238.4
S 1789152889.049 copy_cont 238.5
S 1789152889.053 copy_cont 237.7
S 1789152889.058 copy_cont 238.2
S 1789152889.062 copy_cont 238.4
S 1789152889.067 copy_cont 238.3
S 1789152889.071 copy_cont 237.5
S 1789152889.076 copy_cont 238.2
S 1789152889.081 copy_cont 236.9
S 1789152889.085 copy_cont 234.4
S 1789152889.090 copy_cont 234.4
S 1789152889.094 copy_cont 236.3
S 1789152889.099 copy_cont 237.2
S 1789152889.103 copy_cont 237.2
S 1789152889.108 copy_cont 238.5
S 1789152889.112 copy_cont 237.7
S 1789152889.117 copy_cont 238.0
S 1789152889.121 copy_cont 238.1
S 1789152889.126 copy_cont 238.6
S 1789152889.130 copy_cont 237.8
S 1789152889.135 copy_cont 238.3
S 1789152889.139 copy_cont 238.7
S 1789152889.144 copy_cont 238.3
S 1789152889.149 copy_cont 238.0
S 1789152889.153 copy_cont 238.1
S 1789152889.158 copy_cont 238.5
S 1789152889.162 copy_cont 238.3
S 1789152889.167 copy_cont 238.2
S 1789152889.171 copy_cont 238.3
S 1789152889.176 copy_cont 238.1
S 1789152889.180 copy_cont 236.8
S 1789152889.185 copy_cont 238.4
S 1789152889.189 copy_cont 238.3
S 1789152889.194 copy_cont 238.1
S 1789152889.198 copy_cont 237.9
S 1789152889.203 copy_cont 238.1
S 1789152889.207 copy_cont 238.3
S 1789152889.212 copy_cont 237.2
S 1789152889.216 copy_cont 238.0
S 1789152889.221 copy_cont 238.4
S 1789152889.225 copy_cont 238.1
S 1789152889.230 copy_cont 237.5
S 1789152889.234 copy_cont 238.6
S 1789152889.239 copy_cont 238.6
S 1789152889.243 copy_cont 238.2
S 1789152889.248 copy_cont 237.5
S 1789152889.253 copy_cont 238.2
S 1789152889.257 copy_cont 232.0
S 1789152889.262 copy_cont 237.8
S 1789152889.266 copy_cont 238.2
S 1789152889.271 copy_cont 238.2
S 1789152889.275 copy_cont 238.0
S 1789152889.280 copy_cont 237.7
S 1789152889.284 copy_cont 237.9
S 1789152889.289 copy_cont 238.4
S 1789152889.293 copy_cont 237.9
S 1789152889.298 copy_cont 237.6
S 1789152889.302 copy_cont 238.2
S 1789152889.307 copy_cont 238.0
S 1789152889.311 copy_cont 237.9
S 1789152889.316 copy_cont 237.9
S 1789152889.321 copy_cont 238.0
S 1789152889.325 copy_cont 237.7
S 1789152889.330 copy_cont 238.0
S 1789152889.334 copy_cont 238.6
S 1789152889.339 copy_cont 238.1
S 1789152889.343 copy_cont 238.1
S 1789152889.348 copy_cont 238.1
S 1789152889.352 copy_cont 238.3
S 1789152889.357 copy_cont 237.6
S 1789152889.361 copy_cont 238.1
S 1789152889.366 copy_cont 238.6
S 1789152889.370 copy_cont 238.4
S 1789152889.375 copy_cont 237.3
S 1789152889.379 copy_cont 236.3
S 1789152889.384 copy_cont 236.1
S 1789152889.388 copy_cont 236.0
S 1789152889.393 copy_cont 236.1
S 1789152889.398 copy_cont 236.1
S 1789152889.402 copy_cont 235.4
S 1789152889.407 copy_cont 236.2
S 1789152889.411 copy_cont 238.6
S 1789152889.416 copy_cont 238.5
S 1789152889.420 copy_cont 237.4
S 1789152889.425 copy_cont 237.4
S 1789152889.429 copy_cont 238.2
S 1789152889.434 copy_cont 237.2
S 1789152889.439 copy_cont 219.5
S 1789152889.443 copy_cont 236.8
S 1789152889.448 copy_cont 236.4
S 1789152889.452 copy_cont 237.3
S 1789152889.457 copy_cont 236.4
S 1789152889.462 copy_cont 236.8
S 1789152889.466 copy_cont 236.6
S 1789152889.471 copy_cont 236.7
S 1789152889.475 copy_cont 236.8
S 1789152889.480 copy_cont 237.4
S 1789152889.484 copy_cont 235.2
S 1789152889.489 copy_cont 235.8
S 1789152889.493 copy_cont 236.7
S 1789152889.498 copy_cont 236.4
S 1789152889.502 copy_cont 236.7
S 1789152889.507 copy_cont 237.5
S 1789152889.512 copy_cont 236.2
S 1789152889.516 copy_cont 235.4
S 1789152889.521 copy_cont 232.3
S 1789152889.526 copy_cont 198.8
S 1789152889.531 copy_cont 231.3
S 1789152889.535 copy_cont 235.9
S 1789152889.540 copy_cont 237.4
S 1789152889.544 copy_cont 238.0
S 1789152889.549 copy_cont 237.4
S 1789152889.554 copy_cont 238.2
S 1789152889.558 copy_cont 238.7
S 1789152889.563 copy_cont 237.6
S 1789152889.567 copy_cont 238.1
S 1789152889.572 copy_cont 238.3
S 1789152889.576 copy_cont 238.3
S 1789152889.581 copy_cont 238.1
S 1789152889.585 copy_cont 238.3
S 1789152889.590 copy_cont 236.6
S 1789152889.594 copy_cont 237.6
S 1789152889.599 copy_cont 237.8
S 1789152889.603 copy_cont 238.2
S 1789152889.608 copy_cont 238.3
S 1789152889.612 copy_cont 237.6
S 1789152889.617 copy_cont 237.8
S 1789152889.621 copy_cont 238.3
S 1789152889.626 copy_cont 237.7
S 1789152889.630 copy_cont 237.6
S 1789152889.635 copy_cont 238.6
S 1789152889.639 copy_cont 238.2
S 1789152889.644 copy_cont 238.0
S 1789152889.649 copy_cont 238.5
S 1789152889.653 copy_cont 237.1
S 1789152889.658 copy_cont 238.0
S 1789152889.662 copy_cont 237.7
S 1789152889.667 copy_cont 238.4
S 1789152889.671 copy_cont 238.0
S 1789152889.676 copy_cont 237.7
S 1789152889.680 copy_cont 238.1
S 1789152889.685 copy_cont 238.1
S 1789152889.689 copy_cont 237.6
S 1789152889.694 copy_cont 237.9
S 1789152889.698 copy_cont 238.2
S 1789152889.703 copy_cont 238.1
S 1789152889.707 copy_cont 238.3
S 1789152889.712 copy_cont 237.9
S 1789152889.716 copy_cont 238.6
S 1789152889.721 copy_cont 237.6
S 1789152889.725 copy_cont 238.2
S 1789152889.730 copy_cont 237.9
S 1789152889.734 copy_cont 238.5
S 1789152889.739 copy_cont 237.9
S 1789152889.744 copy_cont 238.4
S 1789152889.748 copy_cont 238.2
S 1789152889.753 copy_cont 237.5
S 1789152889.757 copy_cont 237.8
S 1789152889.762 copy_cont 238.3
S 1789152889.766 copy_cont 238.5
S 1789152889.771 copy_cont 237.5
S 1789152889.775 copy_cont 238.4
S 1789152889.780 copy_cont 238.5
S 1789152889.784 copy_cont 237.8
S 1789152889.789 copy_cont 237.6
S 1789152889.793 copy_cont 238.0
S 1789152889.798 copy_cont 238.6
S 1789152889.802 copy_cont 237.8
S 1789152889.807 copy_cont 238.6
S 1789152889.811 copy_cont 237.9
S 1789152889.816 copy_cont 238.4
S 1789152889.820 copy_cont 237.9
S 1789152889.825 copy_cont 238.1
S 1789152889.829 copy_cont 238.0
S 1789152889.834 copy_cont 237.6
S 1789152889.838 copy_cont 238.5
S 1789152889.843 copy_cont 238.4
S 1789152889.848 copy_cont 237.9
S 1789152889.852 copy_cont 237.4
S 1789152889.857 copy_cont 237.6
S 1789152889.861 copy_cont 237.9
S 1789152889.866 copy_cont 237.7
S 1789152889.870 copy_cont 238.3
S 1789152889.875 copy_cont 238.9
S 1789152889.879 copy_cont 238.1
S 1789152889.884 copy_cont 237.4
S 1789152889.888 copy_cont 238.3
S 1789152889.893 copy_cont 238.0
S 1789152889.897 copy_cont 237.9
S 1789152889.902 copy_cont 238.0
S 1789152889.906 copy_cont 238.4
S 1789152889.911 copy_cont 237.9
S 1789152889.915 copy_cont 238.2
S 1789152889.920 copy_cont 238.0
S 1789152889.924 copy_cont 237.8
S 1789152889.929 copy_cont 237.7
S 1789152889.933 copy_cont 237.8
S 1789152889.938 copy_cont 238.8
S 1789152889.943 copy_cont 237.9
S 1789152889.947 copy_cont 238.1
S 1789152889.952 copy_cont 238.3
S 1789152889.956 copy_cont 238.3
S 1789152889.961 copy_cont 237.0
S 1789152889.965 copy_cont 238.5
S 1789152889.970 copy_cont 238.2
S 1789152889.974 copy_cont 238.3
S 1789152889.979 copy_cont 238.6
S 1789152889.983 copy_cont 238.3
S 1789152889.988 copy_cont 238.6
S 1789152889.992 copy_cont 237.0
S 1789152889.997 copy_cont 238.2
S 1789152890.001 copy_cont 238.0
S 1789152890.006 copy_cont 238.1
S 1789152890.010 copy_cont 237.4
S 1789152890.015 copy_cont 238.3
S 1789152890.019 copy_cont 237.7
S 1789152890.024 copy_cont 222.4
S 1789152890.029 copy_cont 210.1
S 1789152890.034 copy_cont 237.6
S 1789152890.038 copy_cont 238.1
S 1789152890.043 copy_cont 237.9
S 1789152890.047 copy_cont 238.2
S 1789152890.052 copy_cont 238.4
S 1789152890.057 copy_cont 237.9
S 1789152890.061 copy_cont 236.8
S 1789152890.066 copy_cont 234.6
S 1789152890.070 copy_cont 233.5
S 1789152890.075 copy_cont 235.3
S 1789152890.079 copy_cont 236.6
S 1789152890.084 copy_cont 237.5
S 1789152890.088 copy_cont 237.4
S 1789152890.093 copy_cont 237.7
S 1789152890.097 copy_cont 238.6
S 1789152890.102 copy_cont 237.9
S 1789152890.107 copy_cont 238.2
S 1789152890.111 copy_cont 238.3
S 1789152890.116 copy_cont 238.7
S 1789152890.120 copy_cont 237.7
S 1789152890.125 copy_cont 237.8
S 1789152890.129 copy_cont 238.4
S 1789152890.134 copy_cont 237.8
S 1789152890.138 copy_cont 237.7
S 1789152890.143 copy_cont 238.0
S 1789152890.147 copy_cont 238.1
S 1789152890.152 copy_cont 237.7
S 1789152890.156 copy_cont 238.0
S 1789152890.161 copy_cont 237.4
S 1789152890.165 copy_cont 237.8
S 1789152890.170 copy_cont 237.8
S 1789152890.174 copy_cont 238.1
S 1789152890.179 copy_cont 238.1
S 1789152890.183 copy_cont 237.7
S 1789152890.188 copy_cont 238.4
S 1789152890.192 copy_cont 238.1
S 1789152890.197 copy_cont 238.0
S 1789152890.202 copy_cont 238.0
S 1789152890.206 copy_cont 238.0
S 1789152890.211 copy_cont 238.4
S 1789152890.215 copy_cont 237.7
S 1789152890.220 copy_cont 238.0
S 1789152890.224 copy_cont 238.3
S 1789152890.229 copy_cont 237.7
S 1789152890.233 copy_cont 237.8
S 1789152890.238 copy_cont 238.4
S 1789152890.242 copy_cont 238.1
S 1789152890.247 copy_cont 237.5
S 1789152890.251 copy_cont 237.6
S 1789152890.256 copy_cont 232.3
S 1789152890.260 copy_cont 237.5
S 1789152890.265 copy_cont 237.3
S 1789152890.270 copy_cont 238.5
S 1789152890.274 copy_cont 238.2
S 1789152890.279 copy_cont 237.7
S 1789152890.283 copy_cont 238.2
S 1789152890.288 copy_cont 238.2
S 1789152890.292 copy_cont 238.5
S 1789152890.297 copy_cont 237.5
S 1789152890.301 copy_cont 237.6
S 1789152890.306 copy_cont 238.9
S 1789152890.310 copy_cont 238.1
S 1789152890.315 copy_cont 238.1
S 1789152890.319 copy_cont 238.3
S 1789152890.324 copy_cont 238.4
S 1789152890.328 copy_cont 237.7
S 1789152890.333 copy_cont 238.1
S 1789152890.337 copy_cont 238.2
S 1789152890.342 copy_cont 238.0
S 1789152890.346 copy_cont 238.2
S 1789152890.351 copy_cont 238.6
S 1789152890.355 copy_cont 238.6
S 1789152890.360 copy_cont 237.4
S 1789152890.364 copy_cont 238.2
S 1789152890.369 copy_cont 238.1
S 1789152890.374 copy_cont 238.1
S 1789152890.378 copy_cont 237.9
S 1789152890.383 copy_cont 238.4
S 1789152890.387 copy_cont 238.3
S 1789152890.392 copy_cont 238.0
S 1789152890.396 copy_cont 238.3
S 1789152890.401 copy_cont 238.0
S 1789152890.405 copy_cont 238.2
S 1789152890.410 copy_cont 238.1
S 1789152890.414 copy_cont 238.4
S 1789152890.419 copy_cont 237.9
S 1789152890.423 copy_cont 237.9
S 1789152890.428 copy_cont 238.3
S 1789152890.432 copy_cont 238.7
S 1789152890.437 copy_cont 237.4
S 1789152890.441 copy_cont 238.0
S 1789152890.446 copy_cont 238.4
S 1789152890.450 copy_cont 238.5
S 1789152890.455 copy_cont 238.2
S 1789152890.459 copy_cont 238.0
S 1789152890.464 copy_cont 238.2
S 1789152890.468 copy_cont 237.4
S 1789152890.473 copy_cont 238.0
S 1789152890.478 copy_cont 238.1
S 1789152890.482 copy_cont 238.6
S 1789152890.487 copy_cont 238.0
S 1789152890.491 copy_cont 238.2
S 1789152890.496 copy_cont 238.2
S 1789152890.500 copy_cont 237.9
S 1789152890.505 copy_cont 237.6
S 1789152890.509 copy_cont 238.3
S 1789152890.514 copy_cont 238.4
S 1789152890.518 copy_cont 237.5
S 1789152890.523 copy_cont 222.8
S 1789152890.528 copy_cont 212.0
S 1789152890.533 copy_cont 235.0
S 1789152890.537 copy_cont 237.8
S 1789152890.542 copy_cont 238.4
S 1789152890.546 copy_cont 238.3
S 1789152890.551 copy_cont 237.4
S 1789152890.555 copy_cont 238.2
S 1789152890.560 copy_cont 238.6
S 1789152890.564 copy_cont 237.9
S 1789152890.569 copy_cont 237.5
S 1789152890.573 copy_cont 237.5
S 1789152890.578 copy_cont 237.9
S 1789152890.582 copy_cont 237.8
S 1789152890.587 copy_cont 238.2
S 1789152890.592 copy_cont 238.3
S 1789152890.596 copy_cont 238.2
S 1789152890.601 copy_cont 238.1
S 1789152890.605 copy_cont 237.8
S 1789152890.610 copy_cont 238.3
S 1789152890.614 copy_cont 237.8
S 1789152890.619 copy_cont 238.1
S 1789152890.623 copy_cont 238.6
S 1789152890.628 copy_cont 238.3
S 1789152890.632 copy_cont 237.3
S 1789152890.637 copy_cont 238.6
S 1789152890.641 copy_cont 237.8
S 1789152890.646 copy_cont 238.0
S 1789152890.650 copy_cont 238.0
S 1789152890.655 copy_cont 239.0
S 1789152890.659 copy_cont 238.2
S 1789152890.664 copy_cont 238.0
S 1789152890.668 copy_cont 238.6
S 1789152890.673 copy_cont 238.1
S 1789152890.677 copy_cont 238.1
S 1789152890.682 copy_cont 238.1
S 1789152890.686 copy_cont 238.5
S 1789152890.691 copy_cont 238.1
S 1789152890.695 copy_cont 238.1
S 1789152890.700 copy_cont 238.3
S 1789152890.705 copy_cont 238.0
S 1789152890.709 copy_cont 237.6
S 1789152890.714 copy_cont 237.7
S 1789152890.718 copy_cont 238.6
S 1789152890.723 copy_cont 237.7
S 1789152890.727 copy_cont 238.4
S 1789152890.732 copy_cont 238.0
S 1789152890.736 copy_cont 238.5
S 1789152890.741 copy_cont 237.8
S 1789152890.745 copy_cont 237.8
S 1789152890.750 copy_cont 238.5
S 1789152890.754 copy_cont 237.8
S 1789152890.759 copy_cont 238.0
S 1789152890.763 copy_cont 238.5
S 1789152890.768 copy_cont 238.5
S 1789152890.772 copy_cont 238.0
S 1789152890.777 copy_cont 237.7
S 1789152890.781 copy_cont 238.6
S 1789152890.786 copy_cont 238.3
S 1789152890.790 copy_cont 237.5
S 1789152890.795 copy_cont 238.5
S 1789152890.799 copy_cont 238.3
S 1789152890.804 copy_cont 238.2
S 1789152890.808 copy_cont 238.5
S 1789152890.813 copy_cont 237.9
S 1789152890.818 copy_cont 238.5
S 1789152890.822 copy_cont 237.7
S 1789152890.827 copy_cont 238.5
S 1789152890.831 copy_cont 238.1
S 1789152890.836 copy_cont 237.9
S 1789152890.840 copy_cont 238.1
S 1789152890.845 copy_cont 238.0
S 1789152890.849 copy_cont 238.1
S 1789152890.854 copy_cont 237.3
S 1789152890.858 copy_cont 238.1
S 1789152890.863 copy_cont 238.1
S 1789152890.867 copy_cont 237.7
S 1789152890.872 copy_cont 237.7
S 1789152890.876 copy_cont 238.5
S 1789152890.881 copy_cont 237.6
S 1789152890.885 copy_cont 238.0
S 1789152890.890 copy_cont 238.3
S 1789152890.894 copy_cont 238.1
S 1789152890.899 copy_cont 238.0
S 1789152890.903 copy_cont 237.6
S 1789152890.908 copy_cont 238.7
S 1789152890.913 copy_cont 238.3
S 1789152890.917 copy_cont 237.8
S 1789152890.922 copy_cont 238.1
S 1789152890.926 copy_cont 238.5
S 1789152890.931 copy_cont 237.8
S 1789152890.935 copy_cont 238.2
S 1789152890.940 copy_cont 238.4
S 1789152890.944 copy_cont 238.5
S 1789152890.949 copy_cont 237.7
S 1789152890.953 copy_cont 238.1
S 1789152890.958 copy_cont 238.8
S 1789152890.962 copy_cont 238.0
S 1789152890.967 copy_cont 238.3
S 1789152890.971 copy_cont 238.2
S 1789152890.976 copy_cont 238.6
S 1789152890.980 copy_cont 237.6
S 1789152890.985 copy_cont 237.7
S 1789152890.989 copy_cont 238.7
S 1789152890.994 copy_cont 237.6
S 1789152890.998 copy_cont 238.1
S 1789152891.003 copy_cont 238.3
S 1789152891.007 copy_cont 238.6
S 1789152891.012 copy_cont 237.6
S 1789152891.016 copy_cont 238.8
S 1789152891.021 copy_cont 236.0
S 1789152891.026 copy_cont 200.1
S 1789152891.031 copy_cont 233.3
S 1789152891.036 copy_cont 238.6
S 1789152891.040 copy_cont 238.1
S 1789152891.045 copy_cont 237.8
S 1789152891.049 copy_cont 238.2
S 1789152891.054 copy_cont 237.6
S 1789152891.058 copy_cont 235.3
S 1789152891.063 copy_cont 233.8
S 1789152891.067 copy_cont 235.4
S 1789152891.072 copy_cont 235.1
S 1789152891.077 copy_cont 236.9
S 1789152891.081 copy_cont 238.3
S 1789152891.086 copy_cont 238.6
S 1789152891.090 copy_cont 238.0
S 1789152891.095 copy_cont 237.6
S 1789152891.099 copy_cont 238.2
S 1789152891.104 copy_cont 238.5
S 1789152891.108 copy_cont 238.1
S 1789152891.113 copy_cont 238.0
S 1789152891.117 copy_cont 238.6
S 1789152891.122 copy_cont 237.5
S 1789152891.126 copy_cont 238.2
S 1789152891.131 copy_cont 238.0
S 1789152891.135 copy_cont 237.8
S 1789152891.140 copy_cont 237.9
S 1789152891.144 copy_cont 238.1
S 1789152891.149 copy_cont 238.5
S 1789152891.153 copy_cont 237.9
S 1789152891.158 copy_cont 237.3
S 1789152891.162 copy_cont 238.4
S 1789152891.167 copy_cont 238.4
S 1789152891.172 copy_cont 237.5
S 1789152891.176 copy_cont 238.2
S 1789152891.181 copy_cont 238.1
S 1789152891.185 copy_cont 238.3
S 1789152891.190 copy_cont 238.0
S 1789152891.194 copy_cont 238.4
S 1789152891.199 copy_cont 238.4
S 1789152891.203 copy_cont 237.3
S 1789152891.208 copy_cont 238.2
S 1789152891.212 copy_cont 238.0
S 1789152891.217 copy_cont 238.1
S 1789152891.221 copy_cont 237.9
S 1789152891.226 copy_cont 237.8
S 1789152891.230 copy_cont 238.8
S 1789152891.235 copy_cont 237.4
S 1789152891.239 copy_cont 237.8
S 1789152891.244 copy_cont 238.6
S 1789152891.248 copy_cont 238.1
S 1789152891.253 copy_cont 238.0
S 1789152891.258 copy_cont 232.4
S 1789152891.262 copy_cont 238.4
S 1789152891.267 copy_cont 237.8
S 1789152891.271 copy_cont 238.0
S 1789152891.276 copy_cont 238.3
S 1789152891.280 copy_cont 237.5
S 1789152891.285 copy_cont 238.0
S 1789152891.289 copy_cont 238.5
S 1789152891.294 copy_cont 237.7
S 1789152891.298 copy_cont 237.3
S 1789152891.303 copy_cont 238.1
S 1789152891.307 copy_cont 238.3
S 1789152891.312 copy_cont 238.2
S 1789152891.316 copy_cont 238.2
S 1789152891.321 copy_cont 237.9
S 1789152891.325 copy_cont 238.0
S 1789152891.330 copy_cont 237.7
S 1789152891.334 copy_cont 238.0
S 1789152891.339 copy_cont 238.0
S 1789152891.343 copy_cont 237.3
S 1789152891.348 copy_cont 238.4
S 1789152891.353 copy_cont 238.5
S 1789152891.357 copy_cont 238.5
S 1789152891.362 copy_cont 237.0
S 1789152891.366 copy_cont 238.3
S 1789152891.371 copy_cont 238.5
S 1789152891.375 copy_cont 237.9
S 1789152891.380 copy_cont 237.7
S 1789152891.384 copy_cont 238.1
S 1789152891.389 copy_cont 238.1
S 1789152891.393 copy_cont 237.9
S 1789152891.398 copy_cont 237.8
S 1789152891.402 copy_cont 238.1
S 1789152891.407 copy_cont 238.0
S 1789152891.411 copy_cont 237.8
S 1789152891.416 copy_cont 238.3
S 1789152891.420 copy_cont 238.2
S 1789152891.425 copy_cont 237.6
S 1789152891.429 copy_cont 237.7
S 1789152891.434 copy_cont 238.7
S 1789152891.438 copy_cont 237.4
S 1789152891.443 copy_cont 237.5
S 1789152891.448 copy_cont 238.3
S 1789152891.452 copy_cont 238.7
S 1789152891.457 copy_cont 237.9
S 1789152891.461 copy_cont 237.7
S 1789152891.466 copy_cont 238.0
S 1789152891.470 copy_cont 238.5
S 1789152891.475 copy_cont 237.8
S 1789152891.479 copy_cont 238.0
S 1789152891.484 copy_cont 238.5
S 1789152891.488 copy_cont 238.1
S 1789152891.493 copy_cont 238.0
S 1789152891.497 copy_cont 237.8
S 1789152891.502 copy_cont 238.2
S 1789152891.506 copy_cont 238.2
S 1789152891.511 copy_cont 238.4
S 1789152891.515 copy_cont 238.6
S 1789152891.520 copy_cont 237.9
S 1789152891.525 copy_cont 218.4
S 1789152891.530 copy_cont 210.6
S 1789152891.534 copy_cont 237.5
S 1789152891.539 copy_cont 238.2
S 1789152891.543 copy_cont 237.9
S 1789152891.548 copy_cont 238.3
S 1789152891.553 copy_cont 237.4
S 1789152891.557 copy_cont 238.7
S 1789152891.562 copy_cont 238.2
S 1789152891.566 copy_cont 237.7
S 1789152891.571 copy_cont 238.2
S 1789152891.575 copy_cont 238.1
S 1789152891.580 copy_cont 238.2
S 1789152891.584 copy_cont 237.4
S 1789152891.589 copy_cont 238.5
S 1789152891.593 copy_cont 233.8
S 1789152891.598 copy_cont 222.3
S 1789152891.603 copy_cont 235.7
S 1789152891.607 copy_cont 228.0
BLOCK r0 copy_cont GB/s   n=2205 min= 196.8 p10= 236.6 p50= 238.0 max= 239.1
S 1789152891.674 gemv_duty 227.2
S 1789152891.772 gemv_duty 225.1
S 1789152891.870 gemv_duty 222.6
S 1789152891.968 gemv_duty 224.9
S 1789152892.066 gemv_duty 222.7
S 1789152892.164 gemv_duty 222.6
S 1789152892.261 gemv_duty 224.6
S 1789152892.359 gemv_duty 227.1
S 1789152892.456 gemv_duty 227.1
S 1789152892.555 gemv_duty 220.5
S 1789152892.652 gemv_duty 225.3
S 1789152892.750 gemv_duty 225.2
S 1789152892.847 gemv_duty 225.0
S 1789152892.945 gemv_duty 225.2
S 1789152893.042 gemv_duty 225.3
S 1789152893.139 gemv_duty 225.0
S 1789152893.237 gemv_duty 224.8
S 1789152893.335 gemv_duty 224.4
S 1789152893.433 gemv_duty 224.9
S 1789152893.531 gemv_duty 222.5
S 1789152893.629 gemv_duty 224.8
S 1789152893.727 gemv_duty 224.9
S 1789152893.825 gemv_duty 222.7
S 1789152893.923 gemv_duty 222.8
S 1789152894.020 gemv_duty 227.4
S 1789152894.119 gemv_duty 225.9
S 1789152894.216 gemv_duty 224.7
S 1789152894.314 gemv_duty 224.6
S 1789152894.411 gemv_duty 224.6
S 1789152894.510 gemv_duty 222.5
S 1789152894.607 gemv_duty 224.9
S 1789152894.705 gemv_duty 224.8
S 1789152894.803 gemv_duty 222.7
S 1789152894.900 gemv_duty 225.0
S 1789152894.998 gemv_duty 224.7
S 1789152895.096 gemv_duty 224.9
S 1789152895.194 gemv_duty 223.6
S 1789152895.291 gemv_duty 224.8
S 1789152895.389 gemv_duty 224.7
S 1789152895.488 gemv_duty 222.6
S 1789152895.587 gemv_duty 220.9
S 1789152895.685 gemv_duty 224.7
S 1789152895.782 gemv_duty 225.4
S 1789152895.880 gemv_duty 223.5
S 1789152895.978 gemv_duty 224.9
S 1789152896.077 gemv_duty 221.8
S 1789152896.174 gemv_duty 225.1
S 1789152896.273 gemv_duty 222.2
S 1789152896.371 gemv_duty 224.8
S 1789152896.468 gemv_duty 224.9
S 1789152896.567 gemv_duty 222.1
S 1789152896.665 gemv_duty 223.9
S 1789152896.761 gemv_duty 229.9
S 1789152896.858 gemv_duty 230.0
S 1789152896.955 gemv_duty 224.9
S 1789152897.053 gemv_duty 227.5
S 1789152897.150 gemv_duty 225.3
S 1789152897.248 gemv_duty 224.9
S 1789152897.346 gemv_duty 224.9
S 1789152897.443 gemv_duty 225.0
S 1789152897.542 gemv_duty 222.3
S 1789152897.640 gemv_duty 225.0
S 1789152897.737 gemv_duty 227.4
S 1789152897.834 gemv_duty 225.4
S 1789152897.932 gemv_duty 224.8
S 1789152898.030 gemv_duty 224.6
S 1789152898.127 gemv_duty 223.6
S 1789152898.226 gemv_duty 224.6
S 1789152898.323 gemv_duty 224.7
S 1789152898.420 gemv_duty 227.4
S 1789152898.518 gemv_duty 225.0
S 1789152898.617 gemv_duty 223.5
S 1789152898.714 gemv_duty 225.3
S 1789152898.812 gemv_duty 224.9
S 1789152898.910 gemv_duty 224.9
S 1789152899.007 gemv_duty 225.2
S 1789152899.105 gemv_duty 224.0
S 1789152899.202 gemv_duty 224.9
S 1789152899.300 gemv_duty 224.7
S 1789152899.397 gemv_duty 227.5
S 1789152899.495 gemv_duty 225.8
S 1789152899.593 gemv_duty 222.5
S 1789152899.691 gemv_duty 224.8
S 1789152899.789 gemv_duty 225.0
S 1789152899.887 gemv_duty 224.8
S 1789152899.984 gemv_duty 224.8
S 1789152900.083 gemv_duty 224.6
S 1789152900.180 gemv_duty 225.0
S 1789152900.277 gemv_duty 225.0
S 1789152900.375 gemv_duty 223.5
S 1789152900.473 gemv_duty 225.1
S 1789152900.572 gemv_duty 222.6
S 1789152900.669 gemv_duty 225.2
S 1789152900.768 gemv_duty 224.6
S 1789152900.866 gemv_duty 224.9
S 1789152900.964 gemv_duty 224.9
S 1789152901.062 gemv_duty 224.4
S 1789152901.158 gemv_duty 229.8
S 1789152901.255 gemv_duty 224.8
S 1789152901.353 gemv_duty 224.8
S 1789152901.451 gemv_duty 225.3
S 1789152901.550 gemv_duty 220.7
S 1789152901.648 gemv_duty 225.1
BLOCK r1 gemv_duty GB/s   n= 103 min= 220.5 p10= 222.6 p50= 224.9 max= 230.0
S 1789152901.685 gemv_cont 224.2
S 1789152901.691 gemv_cont 227.0
S 1789152901.697 gemv_cont 217.1
S 1789152901.703 gemv_cont 221.8
S 1789152901.709 gemv_cont 226.4
S 1789152901.715 gemv_cont 230.2
S 1789152901.721 gemv_cont 229.8
S 1789152901.727 gemv_cont 230.0
S 1789152901.733 gemv_cont 221.1
S 1789152901.739 gemv_cont 223.1
S 1789152901.745 gemv_cont 219.3
S 1789152901.751 gemv_cont 228.4
S 1789152901.757 gemv_cont 230.1
S 1789152901.763 gemv_cont 229.4
S 1789152901.768 gemv_cont 230.1
S 1789152901.774 gemv_cont 230.4
S 1789152901.780 gemv_cont 229.8
S 1789152901.786 gemv_cont 230.0
S 1789152901.792 gemv_cont 230.0
S 1789152901.798 gemv_cont 230.1
S 1789152901.803 gemv_cont 229.9
S 1789152901.809 gemv_cont 229.0
S 1789152901.816 gemv_cont 215.2
S 1789152901.821 gemv_cont 227.4
S 1789152901.828 gemv_cont 222.5
S 1789152901.833 gemv_cont 229.9
S 1789152901.839 gemv_cont 230.3
S 1789152901.845 gemv_cont 229.9
S 1789152901.851 gemv_cont 230.2
S 1789152901.857 gemv_cont 230.0
S 1789152901.863 gemv_cont 230.0
S 1789152901.868 gemv_cont 229.9
S 1789152901.874 gemv_cont 229.5
S 1789152901.880 gemv_cont 229.5
S 1789152901.886 gemv_cont 229.3
S 1789152901.892 gemv_cont 229.7
S 1789152901.898 gemv_cont 230.1
S 1789152901.904 gemv_cont 229.6
S 1789152901.909 gemv_cont 230.1
S 1789152901.915 gemv_cont 230.1
S 1789152901.921 gemv_cont 230.0
S 1789152901.927 gemv_cont 229.8
S 1789152901.933 gemv_cont 229.7
S 1789152901.939 gemv_cont 229.9
S 1789152901.945 gemv_cont 229.7
S 1789152901.950 gemv_cont 229.6
S 1789152901.956 gemv_cont 230.2
S 1789152901.962 gemv_cont 230.1
S 1789152901.968 gemv_cont 229.9
S 1789152901.974 gemv_cont 230.2
S 1789152901.980 gemv_cont 230.1
S 1789152901.986 gemv_cont 229.8
S 1789152901.991 gemv_cont 230.1
S 1789152901.997 gemv_cont 225.2
S 1789152902.003 gemv_cont 227.4
S 1789152902.009 gemv_cont 230.3
S 1789152902.015 gemv_cont 230.3
S 1789152902.021 gemv_cont 230.1
S 1789152902.027 gemv_cont 229.9
S 1789152902.032 gemv_cont 230.0
S 1789152902.038 gemv_cont 230.1
S 1789152902.044 gemv_cont 230.0
S 1789152902.051 gemv_cont 207.6
S 1789152902.057 gemv_cont 227.6
S 1789152902.062 gemv_cont 230.1
S 1789152902.068 gemv_cont 223.5
S 1789152902.074 gemv_cont 225.4
S 1789152902.080 gemv_cont 227.8
S 1789152902.086 gemv_cont 228.2
S 1789152902.092 gemv_cont 230.1
S 1789152902.098 gemv_cont 229.5
S 1789152902.104 gemv_cont 230.2
S 1789152902.110 gemv_cont 230.1
S 1789152902.115 gemv_cont 230.2
S 1789152902.121 gemv_cont 230.3
S 1789152902.127 gemv_cont 229.9
S 1789152902.133 gemv_cont 230.1
S 1789152902.139 gemv_cont 230.2
S 1789152902.145 gemv_cont 229.7
S 1789152902.151 gemv_cont 229.8
S 1789152902.156 gemv_cont 230.0
S 1789152902.162 gemv_cont 229.5
S 1789152902.168 gemv_cont 229.8
S 1789152902.174 gemv_cont 229.8
S 1789152902.180 gemv_cont 230.4
S 1789152902.186 gemv_cont 230.0
S 1789152902.191 gemv_cont 230.0
S 1789152902.197 gemv_cont 229.8
S 1789152902.203 gemv_cont 230.0
S 1789152902.209 gemv_cont 230.2
S 1789152902.215 gemv_cont 230.3
S 1789152902.221 gemv_cont 230.1
S 1789152902.227 gemv_cont 230.3
S 1789152902.232 gemv_cont 230.1
S 1789152902.238 gemv_cont 229.9
S 1789152902.244 gemv_cont 230.1
S 1789152902.250 gemv_cont 230.1
S 1789152902.256 gemv_cont 229.8
S 1789152902.262 gemv_cont 230.1
S 1789152902.268 gemv_cont 226.1
S 1789152902.273 gemv_cont 229.5
S 1789152902.279 gemv_cont 229.9
S 1789152902.285 gemv_cont 230.0
S 1789152902.291 gemv_cont 229.9
S 1789152902.297 gemv_cont 230.1
S 1789152902.303 gemv_cont 229.8
S 1789152902.309 gemv_cont 230.3
S 1789152902.314 gemv_cont 229.8
S 1789152902.320 gemv_cont 230.1
S 1789152902.326 gemv_cont 230.4
S 1789152902.332 gemv_cont 229.6
S 1789152902.338 gemv_cont 230.2
S 1789152902.344 gemv_cont 229.7
S 1789152902.349 gemv_cont 229.4
S 1789152902.355 gemv_cont 230.1
S 1789152902.361 gemv_cont 229.8
S 1789152902.367 gemv_cont 230.1
S 1789152902.373 gemv_cont 229.2
S 1789152902.379 gemv_cont 230.4
S 1789152902.385 gemv_cont 229.9
S 1789152902.390 gemv_cont 229.9
S 1789152902.396 gemv_cont 229.5
S 1789152902.402 gemv_cont 230.0
S 1789152902.408 gemv_cont 230.3
S 1789152902.414 gemv_cont 230.0
S 1789152902.420 gemv_cont 230.0
S 1789152902.426 gemv_cont 230.3
S 1789152902.431 gemv_cont 229.8
S 1789152902.437 gemv_cont 230.0
S 1789152902.443 gemv_cont 230.0
S 1789152902.449 gemv_cont 230.2
S 1789152902.455 gemv_cont 230.0
S 1789152902.461 gemv_cont 229.9
S 1789152902.466 gemv_cont 229.7
S 1789152902.472 gemv_cont 229.9
S 1789152902.478 gemv_cont 230.0
S 1789152902.484 gemv_cont 230.1
S 1789152902.490 gemv_cont 230.0
S 1789152902.496 gemv_cont 229.6
S 1789152902.502 gemv_cont 229.7
S 1789152902.507 gemv_cont 230.2
S 1789152902.513 gemv_cont 230.0
S 1789152902.519 gemv_cont 230.3
S 1789152902.525 gemv_cont 229.8
S 1789152902.531 gemv_cont 229.8
S 1789152902.537 gemv_cont 230.0
S 1789152902.543 gemv_cont 229.5
S 1789152902.549 gemv_cont 219.1
S 1789152902.555 gemv_cont 212.4
S 1789152902.561 gemv_cont 230.3
S 1789152902.567 gemv_cont 230.1
S 1789152902.573 gemv_cont 229.8
S 1789152902.578 gemv_cont 230.0
S 1789152902.584 gemv_cont 229.9
S 1789152902.590 gemv_cont 230.1
S 1789152902.596 gemv_cont 230.0
S 1789152902.602 gemv_cont 230.0
S 1789152902.608 gemv_cont 229.7
S 1789152902.613 gemv_cont 230.3
S 1789152902.619 gemv_cont 229.5
S 1789152902.625 gemv_cont 230.0
S 1789152902.631 gemv_cont 230.3
S 1789152902.637 gemv_cont 229.9
S 1789152902.643 gemv_cont 230.3
S 1789152902.649 gemv_cont 230.1
S 1789152902.654 gemv_cont 229.7
S 1789152902.660 gemv_cont 230.4
S 1789152902.666 gemv_cont 230.1
S 1789152902.672 gemv_cont 229.9
S 1789152902.678 gemv_cont 229.5
S 1789152902.684 gemv_cont 230.3
S 1789152902.690 gemv_cont 229.9
S 1789152902.695 gemv_cont 230.0
S 1789152902.701 gemv_cont 229.7
S 1789152902.707 gemv_cont 230.0
S 1789152902.713 gemv_cont 230.1
S 1789152902.719 gemv_cont 229.4
S 1789152902.725 gemv_cont 229.9
S 1789152902.730 gemv_cont 230.0
S 1789152902.736 gemv_cont 229.7
S 1789152902.742 gemv_cont 230.3
S 1789152902.748 gemv_cont 229.8
S 1789152902.754 gemv_cont 230.4
S 1789152902.760 gemv_cont 230.2
S 1789152902.766 gemv_cont 229.9
S 1789152902.771 gemv_cont 230.3
S 1789152902.777 gemv_cont 230.2
S 1789152902.783 gemv_cont 229.8
S 1789152902.789 gemv_cont 230.6
S 1789152902.795 gemv_cont 229.9
S 1789152902.801 gemv_cont 229.7
S 1789152902.806 gemv_cont 230.3
S 1789152902.812 gemv_cont 229.9
S 1789152902.818 gemv_cont 230.0
S 1789152902.824 gemv_cont 229.7
S 1789152902.830 gemv_cont 229.9
S 1789152902.836 gemv_cont 229.6
S 1789152902.842 gemv_cont 229.7
S 1789152902.847 gemv_cont 230.2
S 1789152902.853 gemv_cont 230.3
S 1789152902.859 gemv_cont 229.4
S 1789152902.865 gemv_cont 229.5
S 1789152902.871 gemv_cont 230.1
S 1789152902.877 gemv_cont 229.7
S 1789152902.883 gemv_cont 229.9
S 1789152902.888 gemv_cont 230.3
S 1789152902.894 gemv_cont 229.8
S 1789152902.900 gemv_cont 229.9
S 1789152902.906 gemv_cont 230.0
S 1789152902.912 gemv_cont 229.9
S 1789152902.918 gemv_cont 229.5
S 1789152902.924 gemv_cont 229.5
S 1789152902.929 gemv_cont 230.0
S 1789152902.935 gemv_cont 230.1
S 1789152902.941 gemv_cont 229.2
S 1789152902.947 gemv_cont 229.6
S 1789152902.953 gemv_cont 230.0
S 1789152902.959 gemv_cont 229.8
S 1789152902.964 gemv_cont 229.5
S 1789152902.970 gemv_cont 230.3
S 1789152902.976 gemv_cont 229.7
S 1789152902.982 gemv_cont 229.8
S 1789152902.988 gemv_cont 230.0
S 1789152902.994 gemv_cont 229.9
S 1789152903.000 gemv_cont 229.5
S 1789152903.005 gemv_cont 230.1
S 1789152903.011 gemv_cont 230.4
S 1789152903.017 gemv_cont 229.6
S 1789152903.023 gemv_cont 229.5
S 1789152903.029 gemv_cont 230.3
S 1789152903.035 gemv_cont 230.0
S 1789152903.041 gemv_cont 229.3
S 1789152903.046 gemv_cont 228.0
S 1789152903.053 gemv_cont 209.1
S 1789152903.059 gemv_cont 229.8
S 1789152903.065 gemv_cont 229.9
S 1789152903.071 gemv_cont 223.1
S 1789152903.077 gemv_cont 223.4
S 1789152903.083 gemv_cont 228.8
S 1789152903.088 gemv_cont 230.0
S 1789152903.094 gemv_cont 230.0
S 1789152903.100 gemv_cont 229.7
S 1789152903.106 gemv_cont 230.1
S 1789152903.112 gemv_cont 230.2
S 1789152903.118 gemv_cont 229.7
S 1789152903.124 gemv_cont 230.1
S 1789152903.129 gemv_cont 230.0
S 1789152903.135 gemv_cont 229.6
S 1789152903.141 gemv_cont 229.8
S 1789152903.147 gemv_cont 229.8
S 1789152903.153 gemv_cont 230.1
S 1789152903.159 gemv_cont 230.1
S 1789152903.164 gemv_cont 229.3
S 1789152903.170 gemv_cont 229.9
S 1789152903.176 gemv_cont 229.3
S 1789152903.182 gemv_cont 229.9
S 1789152903.188 gemv_cont 230.3
S 1789152903.194 gemv_cont 229.7
S 1789152903.200 gemv_cont 229.5
S 1789152903.205 gemv_cont 229.9
S 1789152903.211 gemv_cont 229.7
S 1789152903.217 gemv_cont 229.7
S 1789152903.223 gemv_cont 230.0
S 1789152903.229 gemv_cont 229.9
S 1789152903.235 gemv_cont 229.4
S 1789152903.241 gemv_cont 229.6
S 1789152903.246 gemv_cont 230.2
S 1789152903.252 gemv_cont 230.3
S 1789152903.258 gemv_cont 229.9
S 1789152903.264 gemv_cont 230.0
S 1789152903.270 gemv_cont 226.5
S 1789152903.276 gemv_cont 230.1
S 1789152903.282 gemv_cont 229.6
S 1789152903.287 gemv_cont 229.5
S 1789152903.293 gemv_cont 229.8
S 1789152903.299 gemv_cont 229.8
S 1789152903.305 gemv_cont 230.0
S 1789152903.311 gemv_cont 229.7
S 1789152903.317 gemv_cont 230.5
S 1789152903.323 gemv_cont 230.1
S 1789152903.328 gemv_cont 229.9
S 1789152903.334 gemv_cont 229.8
S 1789152903.340 gemv_cont 229.6
S 1789152903.346 gemv_cont 229.9
S 1789152903.352 gemv_cont 225.6
S 1789152903.358 gemv_cont 217.6
S 1789152903.364 gemv_cont 222.3
S 1789152903.370 gemv_cont 226.3
S 1789152903.376 gemv_cont 229.8
S 1789152903.382 gemv_cont 230.0
S 1789152903.388 gemv_cont 229.9
S 1789152903.394 gemv_cont 230.2
S 1789152903.399 gemv_cont 230.0
S 1789152903.405 gemv_cont 229.7
S 1789152903.411 gemv_cont 230.0
S 1789152903.417 gemv_cont 229.7
S 1789152903.423 gemv_cont 229.7
S 1789152903.429 gemv_cont 229.9
S 1789152903.434 gemv_cont 229.9
S 1789152903.440 gemv_cont 229.9
S 1789152903.446 gemv_cont 229.9
S 1789152903.452 gemv_cont 229.7
S 1789152903.458 gemv_cont 230.0
S 1789152903.464 gemv_cont 229.9
S 1789152903.470 gemv_cont 229.6
S 1789152903.475 gemv_cont 230.2
S 1789152903.481 gemv_cont 229.6
S 1789152903.487 gemv_cont 229.8
S 1789152903.493 gemv_cont 230.2
S 1789152903.499 gemv_cont 229.5
S 1789152903.505 gemv_cont 229.6
S 1789152903.511 gemv_cont 230.3
S 1789152903.516 gemv_cont 230.0
S 1789152903.522 gemv_cont 229.6
S 1789152903.528 gemv_cont 229.6
S 1789152903.534 gemv_cont 229.9
S 1789152903.540 gemv_cont 229.9
S 1789152903.546 gemv_cont 227.8
S 1789152903.552 gemv_cont 205.5
S 1789152903.558 gemv_cont 229.8
S 1789152903.564 gemv_cont 230.1
S 1789152903.570 gemv_cont 230.1
S 1789152903.576 gemv_cont 230.0
S 1789152903.582 gemv_cont 229.9
S 1789152903.587 gemv_cont 230.0
S 1789152903.593 gemv_cont 229.8
S 1789152903.599 gemv_cont 230.0
S 1789152903.605 gemv_cont 229.5
S 1789152903.611 gemv_cont 229.7
S 1789152903.617 gemv_cont 229.9
S 1789152903.622 gemv_cont 230.1
S 1789152903.628 gemv_cont 229.9
S 1789152903.634 gemv_cont 229.6
S 1789152903.640 gemv_cont 229.8
S 1789152903.646 gemv_cont 229.9
S 1789152903.652 gemv_cont 230.1
S 1789152903.658 gemv_cont 229.7
S 1789152903.663 gemv_cont 230.0
S 1789152903.669 gemv_cont 229.7
S 1789152903.675 gemv_cont 227.5
S 1789152903.681 gemv_cont 229.8
S 1789152903.687 gemv_cont 229.9
S 1789152903.693 gemv_cont 229.9
S 1789152903.699 gemv_cont 230.0
S 1789152903.704 gemv_cont 229.8
S 1789152903.710 gemv_cont 230.0
S 1789152903.716 gemv_cont 230.1
S 1789152903.722 gemv_cont 230.4
S 1789152903.728 gemv_cont 230.0
S 1789152903.734 gemv_cont 229.6
S 1789152903.740 gemv_cont 229.7
S 1789152903.745 gemv_cont 230.1
S 1789152903.751 gemv_cont 229.8
S 1789152903.757 gemv_cont 230.2
S 1789152903.763 gemv_cont 230.4
S 1789152903.769 gemv_cont 229.8
S 1789152903.775 gemv_cont 219.6
S 1789152903.781 gemv_cont 229.9
S 1789152903.787 gemv_cont 230.1
S 1789152903.792 gemv_cont 229.8
S 1789152903.798 gemv_cont 230.1
S 1789152903.804 gemv_cont 229.4
S 1789152903.810 gemv_cont 229.9
S 1789152903.816 gemv_cont 229.5
S 1789152903.822 gemv_cont 229.6
S 1789152903.828 gemv_cont 230.3
S 1789152903.833 gemv_cont 230.2
S 1789152903.839 gemv_cont 229.9
S 1789152903.845 gemv_cont 229.8
S 1789152903.851 gemv_cont 226.6
S 1789152903.857 gemv_cont 216.5
S 1789152903.863 gemv_cont 222.6
S 1789152903.869 gemv_cont 226.7
S 1789152903.875 gemv_cont 230.1
S 1789152903.881 gemv_cont 229.6
S 1789152903.887 gemv_cont 229.5
S 1789152903.893 gemv_cont 230.1
S 1789152903.899 gemv_cont 229.6
S 1789152903.904 gemv_cont 230.1
S 1789152903.910 gemv_cont 229.9
S 1789152903.916 gemv_cont 229.4
S 1789152903.922 gemv_cont 230.2
S 1789152903.928 gemv_cont 229.6
S 1789152903.934 gemv_cont 230.0
S 1789152903.940 gemv_cont 229.1
S 1789152903.945 gemv_cont 229.1
S 1789152903.951 gemv_cont 230.1
S 1789152903.957 gemv_cont 230.2
S 1789152903.963 gemv_cont 229.6
S 1789152903.969 gemv_cont 229.9
S 1789152903.975 gemv_cont 230.0
S 1789152903.980 gemv_cont 230.0
S 1789152903.986 gemv_cont 229.8
S 1789152903.992 gemv_cont 230.2
S 1789152903.998 gemv_cont 230.0
S 1789152904.004 gemv_cont 229.7
S 1789152904.010 gemv_cont 229.6
S 1789152904.016 gemv_cont 229.9
S 1789152904.021 gemv_cont 229.7
S 1789152904.027 gemv_cont 229.4
S 1789152904.033 gemv_cont 230.1
S 1789152904.039 gemv_cont 229.4
S 1789152904.045 gemv_cont 230.2
S 1789152904.051 gemv_cont 207.0
S 1789152904.057 gemv_cont 226.7
S 1789152904.063 gemv_cont 230.2
S 1789152904.069 gemv_cont 230.4
S 1789152904.075 gemv_cont 224.9
S 1789152904.081 gemv_cont 223.6
S 1789152904.087 gemv_cont 226.9
S 1789152904.093 gemv_cont 228.8
S 1789152904.099 gemv_cont 229.9
S 1789152904.104 gemv_cont 229.4
S 1789152904.110 gemv_cont 230.2
S 1789152904.116 gemv_cont 229.5
S 1789152904.122 gemv_cont 230.0
S 1789152904.128 gemv_cont 229.9
S 1789152904.134 gemv_cont 229.8
S 1789152904.140 gemv_cont 229.2
S 1789152904.145 gemv_cont 229.8
S 1789152904.151 gemv_cont 229.9
S 1789152904.157 gemv_cont 229.7
S 1789152904.163 gemv_cont 230.3
S 1789152904.169 gemv_cont 230.0
S 1789152904.175 gemv_cont 229.9
S 1789152904.181 gemv_cont 230.2
S 1789152904.186 gemv_cont 229.8
S 1789152904.192 gemv_cont 230.1
S 1789152904.198 gemv_cont 229.6
S 1789152904.204 gemv_cont 229.7
S 1789152904.210 gemv_cont 229.4
S 1789152904.216 gemv_cont 229.6
S 1789152904.222 gemv_cont 229.5
S 1789152904.227 gemv_cont 230.0
S 1789152904.233 gemv_cont 230.2
S 1789152904.239 gemv_cont 229.9
S 1789152904.245 gemv_cont 229.7
S 1789152904.251 gemv_cont 229.8
S 1789152904.257 gemv_cont 230.2
S 1789152904.263 gemv_cont 229.7
S 1789152904.268 gemv_cont 226.3
S 1789152904.274 gemv_cont 229.4
S 1789152904.280 gemv_cont 229.9
S 1789152904.286 gemv_cont 230.1
S 1789152904.292 gemv_cont 229.7
S 1789152904.298 gemv_cont 229.6
S 1789152904.304 gemv_cont 229.7
S 1789152904.309 gemv_cont 229.4
S 1789152904.315 gemv_cont 229.9
S 1789152904.321 gemv_cont 229.6
S 1789152904.327 gemv_cont 229.9
S 1789152904.333 gemv_cont 229.8
S 1789152904.339 gemv_cont 229.8
S 1789152904.345 gemv_cont 230.1
S 1789152904.350 gemv_cont 229.9
S 1789152904.356 gemv_cont 229.8
S 1789152904.362 gemv_cont 230.0
S 1789152904.368 gemv_cont 230.1
S 1789152904.374 gemv_cont 229.6
S 1789152904.380 gemv_cont 229.9
S 1789152904.386 gemv_cont 230.1
S 1789152904.391 gemv_cont 229.4
S 1789152904.397 gemv_cont 230.0
S 1789152904.403 gemv_cont 230.0
S 1789152904.409 gemv_cont 230.2
S 1789152904.415 gemv_cont 230.0
S 1789152904.421 gemv_cont 229.9
S 1789152904.426 gemv_cont 230.3
S 1789152904.432 gemv_cont 230.1
S 1789152904.438 gemv_cont 230.2
S 1789152904.444 gemv_cont 230.0
S 1789152904.450 gemv_cont 229.5
S 1789152904.456 gemv_cont 229.8
S 1789152904.462 gemv_cont 230.2
S 1789152904.467 gemv_cont 230.0
S 1789152904.473 gemv_cont 229.5
S 1789152904.479 gemv_cont 229.7
S 1789152904.485 gemv_cont 229.9
S 1789152904.491 gemv_cont 229.7
S 1789152904.497 gemv_cont 230.2
S 1789152904.503 gemv_cont 229.7
S 1789152904.508 gemv_cont 229.9
S 1789152904.514 gemv_cont 229.8
S 1789152904.520 gemv_cont 229.6
S 1789152904.526 gemv_cont 229.9
S 1789152904.532 gemv_cont 229.5
S 1789152904.538 gemv_cont 228.1
S 1789152904.544 gemv_cont 225.8
S 1789152904.550 gemv_cont 203.8
S 1789152904.556 gemv_cont 225.4
S 1789152904.562 gemv_cont 229.8
S 1789152904.568 gemv_cont 228.6
S 1789152904.574 gemv_cont 229.0
S 1789152904.580 gemv_cont 223.1
S 1789152904.586 gemv_cont 224.9
S 1789152904.592 gemv_cont 226.5
S 1789152904.598 gemv_cont 224.5
S 1789152904.604 gemv_cont 225.1
S 1789152904.610 gemv_cont 227.4
S 1789152904.616 gemv_cont 226.5
S 1789152904.622 gemv_cont 227.4
S 1789152904.627 gemv_cont 228.3
S 1789152904.633 gemv_cont 225.4
S 1789152904.639 gemv_cont 222.5
S 1789152904.645 gemv_cont 222.4
S 1789152904.651 gemv_cont 223.9
S 1789152904.657 gemv_cont 227.4
S 1789152904.663 gemv_cont 229.9
S 1789152904.669 gemv_cont 230.3
S 1789152904.675 gemv_cont 229.5
S 1789152904.681 gemv_cont 230.0
S 1789152904.687 gemv_cont 230.2
S 1789152904.692 gemv_cont 229.8
S 1789152904.698 gemv_cont 229.4
S 1789152904.704 gemv_cont 229.7
S 1789152904.710 gemv_cont 229.9
S 1789152904.716 gemv_cont 229.7
S 1789152904.722 gemv_cont 229.9
S 1789152904.728 gemv_cont 229.9
S 1789152904.733 gemv_cont 230.5
S 1789152904.739 gemv_cont 229.9
S 1789152904.745 gemv_cont 229.6
S 1789152904.751 gemv_cont 229.9
S 1789152904.757 gemv_cont 229.3
S 1789152904.763 gemv_cont 229.8
S 1789152904.769 gemv_cont 230.0
S 1789152904.774 gemv_cont 229.5
S 1789152904.780 gemv_cont 229.8
S 1789152904.786 gemv_cont 230.1
S 1789152904.792 gemv_cont 229.7
S 1789152904.798 gemv_cont 229.9
S 1789152904.804 gemv_cont 229.6
S 1789152904.810 gemv_cont 230.2
S 1789152904.815 gemv_cont 230.0
S 1789152904.821 gemv_cont 229.6
S 1789152904.827 gemv_cont 230.5
S 1789152904.833 gemv_cont 230.2
S 1789152904.839 gemv_cont 229.3
S 1789152904.845 gemv_cont 229.8
S 1789152904.850 gemv_cont 230.0
S 1789152904.856 gemv_cont 230.0
S 1789152904.862 gemv_cont 230.1
S 1789152904.868 gemv_cont 229.9
S 1789152904.874 gemv_cont 230.2
S 1789152904.880 gemv_cont 229.9
S 1789152904.886 gemv_cont 229.8
S 1789152904.891 gemv_cont 230.1
S 1789152904.897 gemv_cont 229.6
S 1789152904.903 gemv_cont 229.8
S 1789152904.909 gemv_cont 229.4
S 1789152904.915 gemv_cont 229.5
S 1789152904.921 gemv_cont 229.8
S 1789152904.927 gemv_cont 230.1
S 1789152904.932 gemv_cont 230.0
S 1789152904.938 gemv_cont 230.0
S 1789152904.944 gemv_cont 230.3
S 1789152904.950 gemv_cont 230.1
S 1789152904.956 gemv_cont 229.8
S 1789152904.962 gemv_cont 230.0
S 1789152904.967 gemv_cont 230.2
S 1789152904.973 gemv_cont 229.8
S 1789152904.979 gemv_cont 229.9
S 1789152904.985 gemv_cont 229.7
S 1789152904.991 gemv_cont 230.3
S 1789152904.997 gemv_cont 229.6
S 1789152905.003 gemv_cont 229.9
S 1789152905.008 gemv_cont 229.8
S 1789152905.014 gemv_cont 229.7
S 1789152905.020 gemv_cont 230.2
S 1789152905.026 gemv_cont 229.8
S 1789152905.032 gemv_cont 230.3
S 1789152905.038 gemv_cont 230.0
S 1789152905.044 gemv_cont 229.5
S 1789152905.050 gemv_cont 218.4
S 1789152905.056 gemv_cont 213.5
S 1789152905.062 gemv_cont 229.7
S 1789152905.068 gemv_cont 230.3
S 1789152905.074 gemv_cont 230.3
S 1789152905.079 gemv_cont 227.7
S 1789152905.085 gemv_cont 222.9
S 1789152905.091 gemv_cont 226.0
S 1789152905.097 gemv_cont 229.5
S 1789152905.103 gemv_cont 230.1
S 1789152905.109 gemv_cont 229.7
S 1789152905.115 gemv_cont 230.0
S 1789152905.121 gemv_cont 230.0
S 1789152905.127 gemv_cont 229.7
S 1789152905.132 gemv_cont 230.3
S 1789152905.138 gemv_cont 229.8
S 1789152905.144 gemv_cont 230.2
S 1789152905.150 gemv_cont 227.6
S 1789152905.156 gemv_cont 216.1
S 1789152905.162 gemv_cont 221.5
S 1789152905.168 gemv_cont 225.2
S 1789152905.174 gemv_cont 229.8
S 1789152905.180 gemv_cont 229.7
S 1789152905.186 gemv_cont 229.5
S 1789152905.192 gemv_cont 229.6
S 1789152905.198 gemv_cont 229.6
S 1789152905.203 gemv_cont 229.6
S 1789152905.209 gemv_cont 230.0
S 1789152905.215 gemv_cont 230.0
S 1789152905.221 gemv_cont 229.9
S 1789152905.227 gemv_cont 229.9
S 1789152905.233 gemv_cont 230.1
S 1789152905.239 gemv_cont 229.9
S 1789152905.244 gemv_cont 229.8
S 1789152905.250 gemv_cont 229.8
S 1789152905.256 gemv_cont 230.0
S 1789152905.262 gemv_cont 229.3
S 1789152905.268 gemv_cont 226.4
S 1789152905.274 gemv_cont 229.9
S 1789152905.280 gemv_cont 229.9
S 1789152905.285 gemv_cont 230.0
S 1789152905.291 gemv_cont 229.7
S 1789152905.297 gemv_cont 229.9
S 1789152905.303 gemv_cont 229.5
S 1789152905.309 gemv_cont 229.8
S 1789152905.315 gemv_cont 229.8
S 1789152905.321 gemv_cont 229.4
S 1789152905.326 gemv_cont 230.3
S 1789152905.332 gemv_cont 229.4
S 1789152905.338 gemv_cont 230.4
S 1789152905.344 gemv_cont 229.9
S 1789152905.350 gemv_cont 229.5
S 1789152905.356 gemv_cont 230.2
S 1789152905.362 gemv_cont 229.9
S 1789152905.367 gemv_cont 229.9
S 1789152905.373 gemv_cont 229.7
S 1789152905.379 gemv_cont 229.8
S 1789152905.385 gemv_cont 229.7
S 1789152905.391 gemv_cont 229.5
S 1789152905.397 gemv_cont 229.7
S 1789152905.402 gemv_cont 229.7
S 1789152905.408 gemv_cont 229.8
S 1789152905.414 gemv_cont 230.2
S 1789152905.420 gemv_cont 230.2
S 1789152905.426 gemv_cont 229.7
S 1789152905.432 gemv_cont 229.7
S 1789152905.438 gemv_cont 230.0
S 1789152905.443 gemv_cont 229.7
S 1789152905.449 gemv_cont 229.5
S 1789152905.455 gemv_cont 230.1
S 1789152905.461 gemv_cont 229.4
S 1789152905.467 gemv_cont 229.8
S 1789152905.473 gemv_cont 229.9
S 1789152905.479 gemv_cont 229.8
S 1789152905.484 gemv_cont 229.7
S 1789152905.490 gemv_cont 229.9
S 1789152905.496 gemv_cont 230.2
S 1789152905.502 gemv_cont 229.8
S 1789152905.508 gemv_cont 230.3
S 1789152905.514 gemv_cont 229.6
S 1789152905.520 gemv_cont 230.0
S 1789152905.525 gemv_cont 230.2
S 1789152905.531 gemv_cont 230.0
S 1789152905.537 gemv_cont 229.9
S 1789152905.543 gemv_cont 230.1
S 1789152905.549 gemv_cont 223.6
S 1789152905.555 gemv_cont 212.3
S 1789152905.561 gemv_cont 230.2
S 1789152905.567 gemv_cont 230.1
S 1789152905.573 gemv_cont 229.8
S 1789152905.579 gemv_cont 229.8
S 1789152905.585 gemv_cont 229.8
S 1789152905.590 gemv_cont 229.9
S 1789152905.596 gemv_cont 230.1
S 1789152905.602 gemv_cont 229.2
S 1789152905.608 gemv_cont 229.7
S 1789152905.614 gemv_cont 229.8
S 1789152905.620 gemv_cont 229.9
S 1789152905.625 gemv_cont 229.8
S 1789152905.631 gemv_cont 230.3
S 1789152905.637 gemv_cont 229.5
S 1789152905.643 gemv_cont 230.1
S 1789152905.649 gemv_cont 229.6
S 1789152905.655 gemv_cont 229.8
S 1789152905.661 gemv_cont 230.2
S 1789152905.666 gemv_cont 230.0
S 1789152905.672 gemv_cont 230.1
S 1789152905.678 gemv_cont 230.0
S 1789152905.684 gemv_cont 229.9
S 1789152905.690 gemv_cont 230.1
S 1789152905.696 gemv_cont 229.6
S 1789152905.702 gemv_cont 229.9
S 1789152905.707 gemv_cont 230.0
S 1789152905.713 gemv_cont 230.1
S 1789152905.719 gemv_cont 229.7
S 1789152905.725 gemv_cont 230.2
S 1789152905.731 gemv_cont 229.9
S 1789152905.737 gemv_cont 230.0
S 1789152905.742 gemv_cont 230.3
S 1789152905.748 gemv_cont 230.1
S 1789152905.754 gemv_cont 230.0
S 1789152905.760 gemv_cont 230.1
S 1789152905.766 gemv_cont 230.3
S 1789152905.772 gemv_cont 230.1
S 1789152905.778 gemv_cont 229.6
S 1789152905.783 gemv_cont 230.2
S 1789152905.789 gemv_cont 230.1
S 1789152905.795 gemv_cont 230.1
S 1789152905.801 gemv_cont 230.0
S 1789152905.807 gemv_cont 229.8
S 1789152905.813 gemv_cont 230.0
S 1789152905.818 gemv_cont 229.4
S 1789152905.824 gemv_cont 229.5
S 1789152905.830 gemv_cont 230.2
S 1789152905.836 gemv_cont 229.8
S 1789152905.842 gemv_cont 229.6
S 1789152905.848 gemv_cont 229.9
S 1789152905.854 gemv_cont 229.8
S 1789152905.859 gemv_cont 229.6
S 1789152905.865 gemv_cont 229.7
S 1789152905.871 gemv_cont 229.7
S 1789152905.877 gemv_cont 229.6
S 1789152905.883 gemv_cont 230.2
S 1789152905.889 gemv_cont 229.6
S 1789152905.895 gemv_cont 229.2
S 1789152905.900 gemv_cont 230.2
S 1789152905.906 gemv_cont 230.2
S 1789152905.912 gemv_cont 230.0
S 1789152905.918 gemv_cont 229.8
S 1789152905.924 gemv_cont 229.7
S 1789152905.930 gemv_cont 230.1
S 1789152905.936 gemv_cont 229.8
S 1789152905.941 gemv_cont 230.1
S 1789152905.947 gemv_cont 229.9
S 1789152905.953 gemv_cont 229.7
S 1789152905.959 gemv_cont 230.1
S 1789152905.965 gemv_cont 230.2
S 1789152905.971 gemv_cont 230.0
S 1789152905.977 gemv_cont 229.1
S 1789152905.982 gemv_cont 229.9
S 1789152905.988 gemv_cont 230.1
S 1789152905.994 gemv_cont 229.8
S 1789152906.000 gemv_cont 229.4
S 1789152906.006 gemv_cont 229.5
S 1789152906.012 gemv_cont 230.3
S 1789152906.017 gemv_cont 230.0
S 1789152906.023 gemv_cont 229.9
S 1789152906.029 gemv_cont 229.7
S 1789152906.035 gemv_cont 229.4
S 1789152906.041 gemv_cont 229.9
S 1789152906.047 gemv_cont 228.5
S 1789152906.053 gemv_cont 206.4
S 1789152906.059 gemv_cont 220.4
S 1789152906.065 gemv_cont 225.1
S 1789152906.071 gemv_cont 228.1
S 1789152906.077 gemv_cont 229.8
S 1789152906.083 gemv_cont 230.0
S 1789152906.089 gemv_cont 230.0
S 1789152906.095 gemv_cont 229.9
S 1789152906.101 gemv_cont 229.8
S 1789152906.106 gemv_cont 230.3
S 1789152906.112 gemv_cont 230.0
S 1789152906.118 gemv_cont 229.4
S 1789152906.124 gemv_cont 230.1
S 1789152906.130 gemv_cont 229.5
S 1789152906.136 gemv_cont 229.7
S 1789152906.141 gemv_cont 229.9
S 1789152906.147 gemv_cont 229.8
S 1789152906.153 gemv_cont 230.0
S 1789152906.159 gemv_cont 229.2
S 1789152906.165 gemv_cont 229.7
S 1789152906.171 gemv_cont 230.1
S 1789152906.177 gemv_cont 229.7
S 1789152906.182 gemv_cont 229.7
S 1789152906.188 gemv_cont 230.2
S 1789152906.194 gemv_cont 229.5
S 1789152906.200 gemv_cont 230.0
S 1789152906.206 gemv_cont 229.9
S 1789152906.212 gemv_cont 230.1
S 1789152906.218 gemv_cont 229.8
S 1789152906.223 gemv_cont 229.6
S 1789152906.229 gemv_cont 230.0
S 1789152906.235 gemv_cont 230.2
S 1789152906.241 gemv_cont 229.8
S 1789152906.247 gemv_cont 230.3
S 1789152906.253 gemv_cont 230.2
S 1789152906.259 gemv_cont 229.6
S 1789152906.264 gemv_cont 230.1
S 1789152906.270 gemv_cont 226.0
S 1789152906.276 gemv_cont 229.7
S 1789152906.282 gemv_cont 230.3
S 1789152906.288 gemv_cont 229.5
S 1789152906.294 gemv_cont 229.9
S 1789152906.300 gemv_cont 230.0
S 1789152906.305 gemv_cont 229.6
S 1789152906.311 gemv_cont 229.8
S 1789152906.317 gemv_cont 230.0
S 1789152906.323 gemv_cont 229.9
S 1789152906.329 gemv_cont 230.0
S 1789152906.335 gemv_cont 229.7
S 1789152906.341 gemv_cont 230.0
S 1789152906.346 gemv_cont 230.4
S 1789152906.352 gemv_cont 229.5
S 1789152906.358 gemv_cont 230.1
S 1789152906.364 gemv_cont 230.1
S 1789152906.370 gemv_cont 229.6
S 1789152906.376 gemv_cont 230.1
S 1789152906.381 gemv_cont 229.9
S 1789152906.387 gemv_cont 230.0
S 1789152906.393 gemv_cont 230.1
S 1789152906.399 gemv_cont 229.7
S 1789152906.405 gemv_cont 229.6
S 1789152906.411 gemv_cont 229.9
S 1789152906.417 gemv_cont 229.9
S 1789152906.422 gemv_cont 229.7
S 1789152906.428 gemv_cont 230.0
S 1789152906.434 gemv_cont 230.2
S 1789152906.440 gemv_cont 230.1
S 1789152906.446 gemv_cont 230.0
S 1789152906.452 gemv_cont 229.7
S 1789152906.458 gemv_cont 230.0
S 1789152906.463 gemv_cont 229.8
S 1789152906.469 gemv_cont 229.8
S 1789152906.475 gemv_cont 229.9
S 1789152906.481 gemv_cont 230.1
S 1789152906.487 gemv_cont 230.4
S 1789152906.493 gemv_cont 229.2
S 1789152906.498 gemv_cont 230.2
S 1789152906.504 gemv_cont 229.8
S 1789152906.510 gemv_cont 229.3
S 1789152906.516 gemv_cont 229.6
S 1789152906.522 gemv_cont 229.9
S 1789152906.528 gemv_cont 230.1
S 1789152906.534 gemv_cont 229.2
S 1789152906.539 gemv_cont 229.9
S 1789152906.545 gemv_cont 229.6
S 1789152906.552 gemv_cont 205.7
S 1789152906.558 gemv_cont 226.3
S 1789152906.564 gemv_cont 230.2
S 1789152906.569 gemv_cont 230.4
S 1789152906.575 gemv_cont 230.2
S 1789152906.581 gemv_cont 229.5
S 1789152906.587 gemv_cont 230.2
S 1789152906.593 gemv_cont 229.6
S 1789152906.599 gemv_cont 229.6
S 1789152906.605 gemv_cont 229.6
S 1789152906.610 gemv_cont 230.1
S 1789152906.616 gemv_cont 230.1
S 1789152906.622 gemv_cont 229.9
S 1789152906.628 gemv_cont 229.9
S 1789152906.634 gemv_cont 229.9
S 1789152906.640 gemv_cont 229.9
S 1789152906.646 gemv_cont 230.2
S 1789152906.651 gemv_cont 230.1
S 1789152906.657 gemv_cont 229.3
S 1789152906.663 gemv_cont 229.8
S 1789152906.669 gemv_cont 229.8
S 1789152906.675 gemv_cont 229.8
S 1789152906.681 gemv_cont 229.9
S 1789152906.687 gemv_cont 229.7
S 1789152906.692 gemv_cont 229.5
S 1789152906.698 gemv_cont 229.9
S 1789152906.704 gemv_cont 230.0
S 1789152906.710 gemv_cont 229.8
S 1789152906.716 gemv_cont 229.6
S 1789152906.722 gemv_cont 229.9
S 1789152906.727 gemv_cont 230.0
S 1789152906.733 gemv_cont 229.8
S 1789152906.739 gemv_cont 230.3
S 1789152906.745 gemv_cont 230.1
S 1789152906.751 gemv_cont 230.2
S 1789152906.757 gemv_cont 229.3
S 1789152906.763 gemv_cont 230.0
S 1789152906.768 gemv_cont 229.9
S 1789152906.774 gemv_cont 229.9
S 1789152906.780 gemv_cont 229.8
S 1789152906.786 gemv_cont 230.3
S 1789152906.792 gemv_cont 230.4
S 1789152906.798 gemv_cont 229.9
S 1789152906.804 gemv_cont 229.6
S 1789152906.809 gemv_cont 230.1
S 1789152906.815 gemv_cont 230.3
S 1789152906.821 gemv_cont 230.0
S 1789152906.827 gemv_cont 229.7
S 1789152906.833 gemv_cont 230.0
S 1789152906.839 gemv_cont 229.9
S 1789152906.844 gemv_cont 229.7
S 1789152906.850 gemv_cont 229.8
S 1789152906.856 gemv_cont 229.3
S 1789152906.862 gemv_cont 229.5
S 1789152906.868 gemv_cont 230.5
S 1789152906.874 gemv_cont 230.1
S 1789152906.880 gemv_cont 229.5
S 1789152906.885 gemv_cont 230.3
S 1789152906.891 gemv_cont 229.6
S 1789152906.897 gemv_cont 229.6
S 1789152906.903 gemv_cont 229.9
S 1789152906.909 gemv_cont 229.7
S 1789152906.915 gemv_cont 230.1
S 1789152906.921 gemv_cont 229.5
S 1789152906.926 gemv_cont 229.7
S 1789152906.932 gemv_cont 230.0
S 1789152906.938 gemv_cont 229.7
S 1789152906.944 gemv_cont 229.8
S 1789152906.950 gemv_cont 230.5
S 1789152906.956 gemv_cont 230.0
S 1789152906.962 gemv_cont 229.6
S 1789152906.967 gemv_cont 229.8
S 1789152906.973 gemv_cont 230.2
S 1789152906.979 gemv_cont 229.9
S 1789152906.985 gemv_cont 229.9
S 1789152906.991 gemv_cont 229.6
S 1789152906.997 gemv_cont 229.9
S 1789152907.002 gemv_cont 229.7
S 1789152907.008 gemv_cont 229.8
S 1789152907.014 gemv_cont 229.9
S 1789152907.020 gemv_cont 229.5
S 1789152907.026 gemv_cont 229.7
S 1789152907.032 gemv_cont 230.0
S 1789152907.038 gemv_cont 229.4
S 1789152907.043 gemv_cont 230.2
S 1789152907.049 gemv_cont 222.7
S 1789152907.056 gemv_cont 211.4
S 1789152907.062 gemv_cont 222.1
S 1789152907.068 gemv_cont 225.0
S 1789152907.074 gemv_cont 229.8
S 1789152907.080 gemv_cont 229.3
S 1789152907.085 gemv_cont 230.2
S 1789152907.091 gemv_cont 229.7
S 1789152907.097 gemv_cont 229.8
S 1789152907.103 gemv_cont 229.4
S 1789152907.109 gemv_cont 230.0
S 1789152907.115 gemv_cont 229.6
S 1789152907.121 gemv_cont 229.6
S 1789152907.126 gemv_cont 230.0
S 1789152907.132 gemv_cont 229.6
S 1789152907.138 gemv_cont 229.6
S 1789152907.144 gemv_cont 229.8
S 1789152907.150 gemv_cont 229.8
S 1789152907.156 gemv_cont 229.9
S 1789152907.162 gemv_cont 229.2
S 1789152907.167 gemv_cont 230.2
S 1789152907.173 gemv_cont 229.9
S 1789152907.179 gemv_cont 229.6
S 1789152907.185 gemv_cont 230.2
S 1789152907.191 gemv_cont 229.9
S 1789152907.197 gemv_cont 229.6
S 1789152907.203 gemv_cont 229.7
S 1789152907.208 gemv_cont 230.2
S 1789152907.214 gemv_cont 229.4
S 1789152907.220 gemv_cont 229.6
S 1789152907.226 gemv_cont 229.9
S 1789152907.232 gemv_cont 230.0
S 1789152907.238 gemv_cont 229.7
S 1789152907.244 gemv_cont 229.9
S 1789152907.249 gemv_cont 230.3
S 1789152907.255 gemv_cont 229.8
S 1789152907.261 gemv_cont 229.6
S 1789152907.267 gemv_cont 230.2
S 1789152907.273 gemv_cont 226.6
S 1789152907.279 gemv_cont 230.0
S 1789152907.285 gemv_cont 229.8
S 1789152907.290 gemv_cont 229.5
S 1789152907.296 gemv_cont 230.0
S 1789152907.302 gemv_cont 229.9
S 1789152907.308 gemv_cont 230.2
S 1789152907.314 gemv_cont 230.0
S 1789152907.320 gemv_cont 229.8
S 1789152907.325 gemv_cont 229.9
S 1789152907.331 gemv_cont 229.6
S 1789152907.337 gemv_cont 229.7
S 1789152907.343 gemv_cont 230.3
S 1789152907.349 gemv_cont 230.1
S 1789152907.355 gemv_cont 229.7
S 1789152907.361 gemv_cont 229.9
S 1789152907.366 gemv_cont 230.3
S 1789152907.372 gemv_cont 229.7
S 1789152907.378 gemv_cont 230.1
S 1789152907.384 gemv_cont 230.0
S 1789152907.390 gemv_cont 230.0
S 1789152907.396 gemv_cont 229.8
S 1789152907.402 gemv_cont 229.6
S 1789152907.407 gemv_cont 230.1
S 1789152907.413 gemv_cont 229.7
S 1789152907.419 gemv_cont 229.5
S 1789152907.425 gemv_cont 229.6
S 1789152907.431 gemv_cont 229.6
S 1789152907.437 gemv_cont 229.8
S 1789152907.443 gemv_cont 229.7
S 1789152907.448 gemv_cont 230.0
S 1789152907.454 gemv_cont 229.8
S 1789152907.460 gemv_cont 229.9
S 1789152907.466 gemv_cont 229.7
S 1789152907.472 gemv_cont 229.8
S 1789152907.478 gemv_cont 229.9
S 1789152907.483 gemv_cont 229.9
S 1789152907.489 gemv_cont 229.9
S 1789152907.495 gemv_cont 230.1
S 1789152907.501 gemv_cont 229.6
S 1789152907.507 gemv_cont 229.9
S 1789152907.513 gemv_cont 229.7
S 1789152907.519 gemv_cont 230.1
S 1789152907.524 gemv_cont 229.9
S 1789152907.530 gemv_cont 229.8
S 1789152907.536 gemv_cont 230.1
S 1789152907.542 gemv_cont 230.0
S 1789152907.548 gemv_cont 228.9
S 1789152907.554 gemv_cont 203.8
S 1789152907.560 gemv_cont 229.6
S 1789152907.566 gemv_cont 229.8
S 1789152907.572 gemv_cont 229.9
S 1789152907.578 gemv_cont 229.8
S 1789152907.584 gemv_cont 230.3
S 1789152907.590 gemv_cont 229.5
S 1789152907.595 gemv_cont 229.8
S 1789152907.601 gemv_cont 229.8
S 1789152907.607 gemv_cont 229.7
S 1789152907.613 gemv_cont 230.0
S 1789152907.619 gemv_cont 230.2
S 1789152907.625 gemv_cont 229.6
S 1789152907.631 gemv_cont 230.3
S 1789152907.636 gemv_cont 230.2
S 1789152907.642 gemv_cont 229.8
S 1789152907.648 gemv_cont 229.5
S 1789152907.654 gemv_cont 230.2
S 1789152907.660 gemv_cont 229.4
S 1789152907.666 gemv_cont 230.1
S 1789152907.671 gemv_cont 230.0
S 1789152907.677 gemv_cont 229.4
S 1789152907.683 gemv_cont 229.9
S 1789152907.689 gemv_cont 229.6
S 1789152907.695 gemv_cont 230.0
S 1789152907.701 gemv_cont 229.8
S 1789152907.707 gemv_cont 229.9
S 1789152907.712 gemv_cont 230.5
S 1789152907.718 gemv_cont 229.6
S 1789152907.724 gemv_cont 229.7
S 1789152907.730 gemv_cont 229.8
S 1789152907.736 gemv_cont 229.5
S 1789152907.742 gemv_cont 229.6
S 1789152907.748 gemv_cont 229.8
S 1789152907.753 gemv_cont 230.2
S 1789152907.759 gemv_cont 229.9
S 1789152907.765 gemv_cont 229.7
S 1789152907.771 gemv_cont 230.1
S 1789152907.777 gemv_cont 230.1
S 1789152907.783 gemv_cont 229.8
S 1789152907.789 gemv_cont 230.0
S 1789152907.794 gemv_cont 230.1
S 1789152907.800 gemv_cont 229.8
S 1789152907.806 gemv_cont 230.0
S 1789152907.812 gemv_cont 230.3
S 1789152907.818 gemv_cont 229.5
S 1789152907.824 gemv_cont 229.8
S 1789152907.829 gemv_cont 229.9
S 1789152907.835 gemv_cont 230.0
S 1789152907.841 gemv_cont 230.1
S 1789152907.847 gemv_cont 229.8
S 1789152907.853 gemv_cont 230.7
S 1789152907.859 gemv_cont 229.6
S 1789152907.865 gemv_cont 229.8
S 1789152907.870 gemv_cont 229.7
S 1789152907.876 gemv_cont 230.3
S 1789152907.882 gemv_cont 229.7
S 1789152907.888 gemv_cont 230.2
S 1789152907.894 gemv_cont 230.1
S 1789152907.900 gemv_cont 229.7
S 1789152907.906 gemv_cont 229.9
S 1789152907.911 gemv_cont 229.6
S 1789152907.917 gemv_cont 229.9
S 1789152907.923 gemv_cont 229.8
S 1789152907.929 gemv_cont 229.9
S 1789152907.935 gemv_cont 229.7
S 1789152907.941 gemv_cont 229.6
S 1789152907.946 gemv_cont 230.3
S 1789152907.952 gemv_cont 230.4
S 1789152907.958 gemv_cont 229.4
S 1789152907.964 gemv_cont 229.9
S 1789152907.970 gemv_cont 230.4
S 1789152907.976 gemv_cont 229.7
S 1789152907.982 gemv_cont 229.8
S 1789152907.987 gemv_cont 229.7
S 1789152907.993 gemv_cont 229.8
S 1789152907.999 gemv_cont 229.7
S 1789152908.005 gemv_cont 229.8
S 1789152908.011 gemv_cont 229.5
S 1789152908.017 gemv_cont 229.7
S 1789152908.023 gemv_cont 229.8
S 1789152908.028 gemv_cont 230.1
S 1789152908.034 gemv_cont 230.0
S 1789152908.040 gemv_cont 229.6
S 1789152908.046 gemv_cont 229.7
S 1789152908.052 gemv_cont 209.4
S 1789152908.058 gemv_cont 226.9
S 1789152908.064 gemv_cont 223.1
S 1789152908.070 gemv_cont 226.3
S 1789152908.076 gemv_cont 227.1
S 1789152908.082 gemv_cont 227.8
S 1789152908.088 gemv_cont 229.5
S 1789152908.094 gemv_cont 230.0
S 1789152908.100 gemv_cont 229.7
S 1789152908.106 gemv_cont 229.7
S 1789152908.111 gemv_cont 230.2
S 1789152908.117 gemv_cont 230.0
S 1789152908.123 gemv_cont 229.9
S 1789152908.129 gemv_cont 229.9
S 1789152908.135 gemv_cont 229.7
S 1789152908.141 gemv_cont 229.1
S 1789152908.147 gemv_cont 230.1
S 1789152908.152 gemv_cont 230.0
S 1789152908.158 gemv_cont 229.4
S 1789152908.164 gemv_cont 229.7
S 1789152908.170 gemv_cont 230.3
S 1789152908.176 gemv_cont 230.3
S 1789152908.182 gemv_cont 229.9
S 1789152908.187 gemv_cont 229.9
S 1789152908.193 gemv_cont 230.2
S 1789152908.199 gemv_cont 230.1
S 1789152908.205 gemv_cont 229.7
S 1789152908.211 gemv_cont 229.7
S 1789152908.217 gemv_cont 229.7
S 1789152908.223 gemv_cont 230.0
S 1789152908.228 gemv_cont 230.1
S 1789152908.234 gemv_cont 229.8
S 1789152908.240 gemv_cont 229.7
S 1789152908.246 gemv_cont 230.2
S 1789152908.252 gemv_cont 230.0
S 1789152908.258 gemv_cont 229.5
S 1789152908.264 gemv_cont 229.6
S 1789152908.269 gemv_cont 226.7
S 1789152908.275 gemv_cont 229.6
S 1789152908.281 gemv_cont 229.9
S 1789152908.287 gemv_cont 230.3
S 1789152908.293 gemv_cont 229.5
S 1789152908.299 gemv_cont 230.0
S 1789152908.305 gemv_cont 230.0
S 1789152908.310 gemv_cont 229.4
S 1789152908.316 gemv_cont 230.3
S 1789152908.322 gemv_cont 230.0
S 1789152908.328 gemv_cont 230.0
S 1789152908.334 gemv_cont 230.1
S 1789152908.340 gemv_cont 229.9
S 1789152908.346 gemv_cont 230.2
S 1789152908.351 gemv_cont 230.1
S 1789152908.357 gemv_cont 230.2
S 1789152908.363 gemv_cont 230.1
S 1789152908.369 gemv_cont 229.7
S 1789152908.375 gemv_cont 230.0
S 1789152908.381 gemv_cont 229.8
S 1789152908.386 gemv_cont 230.1
S 1789152908.392 gemv_cont 229.1
S 1789152908.398 gemv_cont 230.0
S 1789152908.404 gemv_cont 229.5
S 1789152908.410 gemv_cont 229.9
S 1789152908.416 gemv_cont 229.9
S 1789152908.422 gemv_cont 230.1
S 1789152908.427 gemv_cont 229.7
S 1789152908.433 gemv_cont 229.7
S 1789152908.439 gemv_cont 230.2
S 1789152908.445 gemv_cont 229.9
S 1789152908.451 gemv_cont 229.8
S 1789152908.457 gemv_cont 229.8
S 1789152908.463 gemv_cont 230.2
S 1789152908.468 gemv_cont 229.9
S 1789152908.474 gemv_cont 229.9
S 1789152908.480 gemv_cont 230.1
S 1789152908.486 gemv_cont 229.7
S 1789152908.492 gemv_cont 229.6
S 1789152908.498 gemv_cont 229.5
S 1789152908.503 gemv_cont 229.8
S 1789152908.509 gemv_cont 230.1
S 1789152908.515 gemv_cont 230.0
S 1789152908.521 gemv_cont 229.6
S 1789152908.527 gemv_cont 230.4
S 1789152908.533 gemv_cont 230.0
S 1789152908.539 gemv_cont 230.2
S 1789152908.544 gemv_cont 230.0
S 1789152908.551 gemv_cont 219.5
S 1789152908.557 gemv_cont 211.6
S 1789152908.563 gemv_cont 230.0
S 1789152908.569 gemv_cont 230.2
S 1789152908.574 gemv_cont 229.8
S 1789152908.580 gemv_cont 229.5
S 1789152908.586 gemv_cont 229.6
S 1789152908.592 gemv_cont 230.0
S 1789152908.598 gemv_cont 229.8
S 1789152908.604 gemv_cont 230.0
S 1789152908.610 gemv_cont 229.8
S 1789152908.615 gemv_cont 230.0
S 1789152908.621 gemv_cont 230.3
S 1789152908.627 gemv_cont 229.8
S 1789152908.633 gemv_cont 230.2
S 1789152908.639 gemv_cont 229.8
S 1789152908.645 gemv_cont 229.7
S 1789152908.651 gemv_cont 230.0
S 1789152908.656 gemv_cont 229.4
S 1789152908.662 gemv_cont 229.4
S 1789152908.668 gemv_cont 230.0
S 1789152908.674 gemv_cont 229.9
S 1789152908.680 gemv_cont 227.7
S 1789152908.686 gemv_cont 230.1
S 1789152908.692 gemv_cont 229.8
S 1789152908.697 gemv_cont 229.9
S 1789152908.703 gemv_cont 230.4
S 1789152908.709 gemv_cont 229.8
S 1789152908.715 gemv_cont 229.8
S 1789152908.721 gemv_cont 229.2
S 1789152908.727 gemv_cont 229.7
S 1789152908.733 gemv_cont 229.8
S 1789152908.738 gemv_cont 229.7
S 1789152908.744 gemv_cont 229.7
S 1789152908.750 gemv_cont 230.4
S 1789152908.756 gemv_cont 229.5
S 1789152908.762 gemv_cont 229.6
S 1789152908.768 gemv_cont 230.0
S 1789152908.773 gemv_cont 229.6
S 1789152908.779 gemv_cont 229.3
S 1789152908.785 gemv_cont 230.2
S 1789152908.791 gemv_cont 229.7
S 1789152908.797 gemv_cont 230.0
S 1789152908.803 gemv_cont 229.5
S 1789152908.809 gemv_cont 230.2
S 1789152908.814 gemv_cont 230.0
S 1789152908.820 gemv_cont 229.6
S 1789152908.826 gemv_cont 230.1
S 1789152908.832 gemv_cont 230.0
S 1789152908.838 gemv_cont 229.9
S 1789152908.844 gemv_cont 229.9
S 1789152908.850 gemv_cont 229.9
S 1789152908.855 gemv_cont 229.9
S 1789152908.861 gemv_cont 230.1
S 1789152908.867 gemv_cont 230.1
S 1789152908.873 gemv_cont 230.2
S 1789152908.879 gemv_cont 229.8
S 1789152908.885 gemv_cont 229.8
S 1789152908.891 gemv_cont 229.9
S 1789152908.896 gemv_cont 229.2
S 1789152908.902 gemv_cont 229.6
S 1789152908.908 gemv_cont 230.3
S 1789152908.914 gemv_cont 229.4
S 1789152908.920 gemv_cont 230.1
S 1789152908.926 gemv_cont 229.8
S 1789152908.931 gemv_cont 230.0
S 1789152908.937 gemv_cont 229.9
S 1789152908.943 gemv_cont 229.6
S 1789152908.949 gemv_cont 230.0
S 1789152908.955 gemv_cont 230.1
S 1789152908.961 gemv_cont 229.5
S 1789152908.967 gemv_cont 229.6
S 1789152908.972 gemv_cont 230.4
S 1789152908.978 gemv_cont 229.9
S 1789152908.984 gemv_cont 229.9
S 1789152908.990 gemv_cont 230.0
S 1789152908.996 gemv_cont 229.2
S 1789152909.002 gemv_cont 229.9
S 1789152909.008 gemv_cont 230.0
S 1789152909.013 gemv_cont 229.7
S 1789152909.019 gemv_cont 230.1
S 1789152909.025 gemv_cont 229.6
S 1789152909.031 gemv_cont 229.5
S 1789152909.037 gemv_cont 229.9
S 1789152909.043 gemv_cont 229.2
S 1789152909.049 gemv_cont 229.3
S 1789152909.055 gemv_cont 207.3
S 1789152909.061 gemv_cont 220.4
S 1789152909.067 gemv_cont 225.1
S 1789152909.073 gemv_cont 228.5
S 1789152909.079 gemv_cont 228.9
S 1789152909.085 gemv_cont 230.0
S 1789152909.091 gemv_cont 229.4
S 1789152909.096 gemv_cont 230.1
S 1789152909.102 gemv_cont 229.6
S 1789152909.108 gemv_cont 229.9
S 1789152909.114 gemv_cont 230.0
S 1789152909.120 gemv_cont 229.6
S 1789152909.126 gemv_cont 229.6
S 1789152909.132 gemv_cont 230.3
S 1789152909.137 gemv_cont 229.6
S 1789152909.143 gemv_cont 229.8
S 1789152909.149 gemv_cont 230.4
S 1789152909.155 gemv_cont 229.5
S 1789152909.161 gemv_cont 229.5
S 1789152909.167 gemv_cont 230.1
S 1789152909.173 gemv_cont 229.8
S 1789152909.178 gemv_cont 229.7
S 1789152909.184 gemv_cont 230.4
S 1789152909.190 gemv_cont 230.0
S 1789152909.196 gemv_cont 230.1
S 1789152909.202 gemv_cont 229.4
S 1789152909.208 gemv_cont 229.5
S 1789152909.213 gemv_cont 230.1
S 1789152909.219 gemv_cont 229.9
S 1789152909.225 gemv_cont 230.0
S 1789152909.231 gemv_cont 230.1
S 1789152909.237 gemv_cont 229.8
S 1789152909.243 gemv_cont 229.9
S 1789152909.249 gemv_cont 230.2
S 1789152909.254 gemv_cont 229.8
S 1789152909.260 gemv_cont 229.9
S 1789152909.266 gemv_cont 229.8
S 1789152909.272 gemv_cont 227.1
S 1789152909.278 gemv_cont 230.0
S 1789152909.284 gemv_cont 229.8
S 1789152909.290 gemv_cont 229.7
S 1789152909.295 gemv_cont 229.9
S 1789152909.301 gemv_cont 229.7
S 1789152909.307 gemv_cont 230.2
S 1789152909.313 gemv_cont 229.8
S 1789152909.319 gemv_cont 230.1
S 1789152909.325 gemv_cont 230.0
S 1789152909.331 gemv_cont 229.6
S 1789152909.336 gemv_cont 230.2
S 1789152909.342 gemv_cont 229.9
S 1789152909.348 gemv_cont 230.0
S 1789152909.354 gemv_cont 229.6
S 1789152909.360 gemv_cont 230.1
S 1789152909.366 gemv_cont 229.8
S 1789152909.372 gemv_cont 230.0
S 1789152909.377 gemv_cont 230.1
S 1789152909.383 gemv_cont 229.9
S 1789152909.389 gemv_cont 230.4
S 1789152909.395 gemv_cont 229.8
S 1789152909.401 gemv_cont 229.8
S 1789152909.407 gemv_cont 230.3
S 1789152909.412 gemv_cont 229.9
S 1789152909.418 gemv_cont 229.8
S 1789152909.424 gemv_cont 229.7
S 1789152909.430 gemv_cont 230.1
S 1789152909.436 gemv_cont 230.2
S 1789152909.442 gemv_cont 230.0
S 1789152909.448 gemv_cont 230.2
S 1789152909.453 gemv_cont 229.5
S 1789152909.459 gemv_cont 229.3
S 1789152909.465 gemv_cont 229.7
S 1789152909.471 gemv_cont 228.9
S 1789152909.477 gemv_cont 229.8
S 1789152909.483 gemv_cont 229.7
S 1789152909.489 gemv_cont 229.1
S 1789152909.494 gemv_cont 229.9
S 1789152909.500 gemv_cont 230.0
S 1789152909.506 gemv_cont 230.1
S 1789152909.512 gemv_cont 230.0
S 1789152909.518 gemv_cont 229.8
S 1789152909.524 gemv_cont 229.9
S 1789152909.530 gemv_cont 229.9
S 1789152909.535 gemv_cont 229.9
S 1789152909.541 gemv_cont 229.9
S 1789152909.547 gemv_cont 230.3
S 1789152909.554 gemv_cont 207.7
S 1789152909.559 gemv_cont 226.9
S 1789152909.565 gemv_cont 230.1
S 1789152909.571 gemv_cont 229.8
S 1789152909.577 gemv_cont 230.2
S 1789152909.583 gemv_cont 229.8
S 1789152909.589 gemv_cont 230.2
S 1789152909.595 gemv_cont 230.2
S 1789152909.600 gemv_cont 229.6
S 1789152909.606 gemv_cont 230.1
S 1789152909.612 gemv_cont 230.1
S 1789152909.618 gemv_cont 229.9
S 1789152909.624 gemv_cont 229.9
S 1789152909.630 gemv_cont 230.2
S 1789152909.636 gemv_cont 229.9
S 1789152909.641 gemv_cont 229.9
S 1789152909.647 gemv_cont 230.1
S 1789152909.653 gemv_cont 230.0
S 1789152909.659 gemv_cont 229.5
S 1789152909.665 gemv_cont 229.9
S 1789152909.671 gemv_cont 229.8
S 1789152909.676 gemv_cont 230.3
S 1789152909.682 gemv_cont 229.4
S 1789152909.688 gemv_cont 230.3
S 1789152909.694 gemv_cont 229.5
S 1789152909.700 gemv_cont 229.5
S 1789152909.706 gemv_cont 230.2
S 1789152909.712 gemv_cont 230.2
S 1789152909.717 gemv_cont 229.8
S 1789152909.723 gemv_cont 229.7
S 1789152909.729 gemv_cont 229.8
S 1789152909.735 gemv_cont 230.3
S 1789152909.741 gemv_cont 229.5
S 1789152909.747 gemv_cont 229.9
S 1789152909.753 gemv_cont 230.5
S 1789152909.758 gemv_cont 229.5
S 1789152909.764 gemv_cont 230.0
S 1789152909.770 gemv_cont 229.9
S 1789152909.776 gemv_cont 229.8
S 1789152909.782 gemv_cont 229.7
S 1789152909.788 gemv_cont 229.8
S 1789152909.793 gemv_cont 229.7
S 1789152909.799 gemv_cont 229.9
S 1789152909.805 gemv_cont 230.1
S 1789152909.811 gemv_cont 229.6
S 1789152909.817 gemv_cont 230.1
S 1789152909.823 gemv_cont 229.5
S 1789152909.829 gemv_cont 229.9
S 1789152909.834 gemv_cont 230.2
S 1789152909.840 gemv_cont 229.4
S 1789152909.846 gemv_cont 230.1
S 1789152909.852 gemv_cont 230.2
S 1789152909.858 gemv_cont 229.8
S 1789152909.864 gemv_cont 230.1
S 1789152909.870 gemv_cont 230.1
S 1789152909.875 gemv_cont 229.9
S 1789152909.881 gemv_cont 229.8
S 1789152909.887 gemv_cont 229.8
S 1789152909.893 gemv_cont 229.8
S 1789152909.899 gemv_cont 229.7
S 1789152909.905 gemv_cont 229.6
S 1789152909.911 gemv_cont 230.1
S 1789152909.916 gemv_cont 230.0
S 1789152909.922 gemv_cont 229.4
S 1789152909.928 gemv_cont 229.8
S 1789152909.934 gemv_cont 230.2
S 1789152909.940 gemv_cont 229.6
S 1789152909.946 gemv_cont 230.3
S 1789152909.951 gemv_cont 230.1
S 1789152909.957 gemv_cont 229.6
S 1789152909.963 gemv_cont 229.9
S 1789152909.969 gemv_cont 229.5
S 1789152909.975 gemv_cont 230.2
S 1789152909.981 gemv_cont 230.1
S 1789152909.987 gemv_cont 230.0
S 1789152909.992 gemv_cont 230.0
S 1789152909.998 gemv_cont 230.1
S 1789152910.004 gemv_cont 230.0
S 1789152910.010 gemv_cont 230.3
S 1789152910.016 gemv_cont 229.8
S 1789152910.022 gemv_cont 229.4
S 1789152910.028 gemv_cont 230.0
S 1789152910.033 gemv_cont 230.2
S 1789152910.039 gemv_cont 229.7
S 1789152910.045 gemv_cont 230.0
S 1789152910.051 gemv_cont 219.5
S 1789152910.058 gemv_cont 210.0
S 1789152910.064 gemv_cont 222.5
S 1789152910.070 gemv_cont 224.8
S 1789152910.076 gemv_cont 228.5
S 1789152910.081 gemv_cont 229.7
S 1789152910.087 gemv_cont 230.1
S 1789152910.093 gemv_cont 229.9
S 1789152910.099 gemv_cont 229.6
S 1789152910.105 gemv_cont 230.0
S 1789152910.111 gemv_cont 226.9
S 1789152910.117 gemv_cont 216.8
S 1789152910.123 gemv_cont 221.3
S 1789152910.129 gemv_cont 225.4
S 1789152910.135 gemv_cont 229.9
S 1789152910.141 gemv_cont 229.7
S 1789152910.146 gemv_cont 229.6
S 1789152910.152 gemv_cont 230.1
S 1789152910.158 gemv_cont 229.8
S 1789152910.164 gemv_cont 230.2
S 1789152910.170 gemv_cont 229.7
S 1789152910.176 gemv_cont 230.1
S 1789152910.182 gemv_cont 229.8
S 1789152910.187 gemv_cont 229.9
S 1789152910.193 gemv_cont 229.8
S 1789152910.199 gemv_cont 229.7
S 1789152910.205 gemv_cont 229.5
S 1789152910.211 gemv_cont 229.7
S 1789152910.217 gemv_cont 229.9
S 1789152910.223 gemv_cont 229.8
S 1789152910.228 gemv_cont 229.8
S 1789152910.234 gemv_cont 229.7
S 1789152910.240 gemv_cont 230.4
S 1789152910.246 gemv_cont 229.8
S 1789152910.252 gemv_cont 229.4
S 1789152910.258 gemv_cont 230.2
S 1789152910.264 gemv_cont 229.8
S 1789152910.269 gemv_cont 226.5
S 1789152910.275 gemv_cont 230.3
S 1789152910.281 gemv_cont 230.1
S 1789152910.287 gemv_cont 230.0
S 1789152910.293 gemv_cont 229.6
S 1789152910.299 gemv_cont 229.9
S 1789152910.305 gemv_cont 229.8
S 1789152910.310 gemv_cont 229.7
S 1789152910.316 gemv_cont 229.8
S 1789152910.322 gemv_cont 229.8
S 1789152910.328 gemv_cont 230.1
S 1789152910.334 gemv_cont 229.6
S 1789152910.340 gemv_cont 229.7
S 1789152910.346 gemv_cont 229.9
S 1789152910.351 gemv_cont 229.5
S 1789152910.357 gemv_cont 230.2
S 1789152910.363 gemv_cont 229.8
S 1789152910.369 gemv_cont 230.3
S 1789152910.375 gemv_cont 229.5
S 1789152910.381 gemv_cont 229.7
S 1789152910.387 gemv_cont 229.7
S 1789152910.392 gemv_cont 229.6
S 1789152910.398 gemv_cont 230.1
S 1789152910.404 gemv_cont 230.1
S 1789152910.410 gemv_cont 230.1
S 1789152910.416 gemv_cont 230.4
S 1789152910.422 gemv_cont 230.1
S 1789152910.427 gemv_cont 229.7
S 1789152910.433 gemv_cont 229.9
S 1789152910.439 gemv_cont 229.7
S 1789152910.445 gemv_cont 230.0
S 1789152910.451 gemv_cont 230.0
S 1789152910.457 gemv_cont 230.0
S 1789152910.463 gemv_cont 229.6
S 1789152910.468 gemv_cont 230.3
S 1789152910.474 gemv_cont 230.0
S 1789152910.480 gemv_cont 229.0
S 1789152910.486 gemv_cont 229.8
S 1789152910.492 gemv_cont 229.2
S 1789152910.498 gemv_cont 229.2
S 1789152910.504 gemv_cont 229.1
S 1789152910.509 gemv_cont 229.7
S 1789152910.515 gemv_cont 230.1
S 1789152910.521 gemv_cont 230.2
S 1789152910.527 gemv_cont 229.6
S 1789152910.533 gemv_cont 229.9
S 1789152910.539 gemv_cont 230.1
S 1789152910.545 gemv_cont 229.4
S 1789152910.551 gemv_cont 221.7
S 1789152910.557 gemv_cont 211.4
S 1789152910.563 gemv_cont 229.5
S 1789152910.569 gemv_cont 230.0
S 1789152910.575 gemv_cont 230.1
S 1789152910.580 gemv_cont 229.9
S 1789152910.586 gemv_cont 230.1
S 1789152910.592 gemv_cont 229.9
S 1789152910.598 gemv_cont 229.9
S 1789152910.604 gemv_cont 229.6
S 1789152910.610 gemv_cont 230.1
S 1789152910.615 gemv_cont 229.9
S 1789152910.621 gemv_cont 229.3
S 1789152910.627 gemv_cont 229.6
S 1789152910.633 gemv_cont 229.6
S 1789152910.639 gemv_cont 229.5
S 1789152910.645 gemv_cont 230.1
S 1789152910.651 gemv_cont 229.9
S 1789152910.656 gemv_cont 229.9
S 1789152910.662 gemv_cont 229.6
S 1789152910.668 gemv_cont 229.9
S 1789152910.674 gemv_cont 229.9
S 1789152910.680 gemv_cont 229.7
S 1789152910.686 gemv_cont 229.9
S 1789152910.692 gemv_cont 230.2
S 1789152910.697 gemv_cont 229.3
S 1789152910.703 gemv_cont 229.7
S 1789152910.709 gemv_cont 230.0
S 1789152910.715 gemv_cont 229.6
S 1789152910.721 gemv_cont 230.1
S 1789152910.727 gemv_cont 230.2
S 1789152910.733 gemv_cont 229.7
S 1789152910.738 gemv_cont 229.4
S 1789152910.744 gemv_cont 229.7
S 1789152910.750 gemv_cont 230.3
S 1789152910.756 gemv_cont 230.1
S 1789152910.762 gemv_cont 228.9
S 1789152910.768 gemv_cont 229.8
S 1789152910.774 gemv_cont 230.3
S 1789152910.779 gemv_cont 229.9
S 1789152910.785 gemv_cont 230.1
S 1789152910.791 gemv_cont 230.1
S 1789152910.797 gemv_cont 229.6
S 1789152910.803 gemv_cont 229.9
S 1789152910.809 gemv_cont 230.0
S 1789152910.814 gemv_cont 229.9
S 1789152910.820 gemv_cont 229.8
S 1789152910.826 gemv_cont 229.4
S 1789152910.832 gemv_cont 230.0
S 1789152910.838 gemv_cont 230.1
S 1789152910.844 gemv_cont 229.5
S 1789152910.850 gemv_cont 230.0
S 1789152910.855 gemv_cont 229.7
S 1789152910.861 gemv_cont 229.6
S 1789152910.867 gemv_cont 229.9
S 1789152910.873 gemv_cont 230.1
S 1789152910.879 gemv_cont 229.7
S 1789152910.885 gemv_cont 230.0
S 1789152910.891 gemv_cont 230.0
S 1789152910.896 gemv_cont 229.7
S 1789152910.902 gemv_cont 229.8
S 1789152910.908 gemv_cont 229.9
S 1789152910.914 gemv_cont 230.0
S 1789152910.920 gemv_cont 229.9
S 1789152910.926 gemv_cont 229.9
S 1789152910.932 gemv_cont 229.8
S 1789152910.937 gemv_cont 230.1
S 1789152910.943 gemv_cont 220.2
S 1789152910.949 gemv_cont 230.1
S 1789152910.955 gemv_cont 230.0
S 1789152910.961 gemv_cont 229.6
S 1789152910.967 gemv_cont 230.4
S 1789152910.973 gemv_cont 230.2
S 1789152910.979 gemv_cont 229.7
S 1789152910.984 gemv_cont 230.2
S 1789152910.990 gemv_cont 230.1
S 1789152910.996 gemv_cont 229.5
S 1789152911.002 gemv_cont 229.7
S 1789152911.008 gemv_cont 229.3
S 1789152911.014 gemv_cont 230.6
S 1789152911.020 gemv_cont 229.5
S 1789152911.025 gemv_cont 229.8
S 1789152911.031 gemv_cont 229.9
S 1789152911.037 gemv_cont 229.6
S 1789152911.043 gemv_cont 230.2
S 1789152911.049 gemv_cont 229.3
S 1789152911.055 gemv_cont 205.8
S 1789152911.061 gemv_cont 227.4
S 1789152911.067 gemv_cont 221.2
S 1789152911.073 gemv_cont 223.6
S 1789152911.079 gemv_cont 227.0
S 1789152911.085 gemv_cont 226.9
S 1789152911.091 gemv_cont 229.9
S 1789152911.097 gemv_cont 229.8
S 1789152911.103 gemv_cont 229.5
S 1789152911.109 gemv_cont 230.1
S 1789152911.114 gemv_cont 229.7
S 1789152911.120 gemv_cont 229.4
S 1789152911.126 gemv_cont 229.9
S 1789152911.132 gemv_cont 229.9
S 1789152911.138 gemv_cont 229.6
S 1789152911.144 gemv_cont 229.4
S 1789152911.150 gemv_cont 229.8
S 1789152911.155 gemv_cont 230.2
S 1789152911.161 gemv_cont 229.3
S 1789152911.167 gemv_cont 229.6
S 1789152911.173 gemv_cont 229.8
S 1789152911.179 gemv_cont 229.6
S 1789152911.185 gemv_cont 229.7
S 1789152911.191 gemv_cont 230.2
S 1789152911.196 gemv_cont 229.5
S 1789152911.202 gemv_cont 229.5
S 1789152911.208 gemv_cont 229.7
S 1789152911.214 gemv_cont 230.1
S 1789152911.220 gemv_cont 229.6
S 1789152911.226 gemv_cont 229.7
S 1789152911.232 gemv_cont 229.5
S 1789152911.237 gemv_cont 230.0
S 1789152911.243 gemv_cont 229.8
S 1789152911.249 gemv_cont 229.9
S 1789152911.255 gemv_cont 229.9
S 1789152911.261 gemv_cont 229.4
S 1789152911.267 gemv_cont 229.9
S 1789152911.273 gemv_cont 226.7
S 1789152911.278 gemv_cont 229.8
S 1789152911.284 gemv_cont 229.9
S 1789152911.290 gemv_cont 229.5
S 1789152911.296 gemv_cont 229.7
S 1789152911.302 gemv_cont 229.8
S 1789152911.308 gemv_cont 229.6
S 1789152911.314 gemv_cont 230.2
S 1789152911.319 gemv_cont 230.1
S 1789152911.325 gemv_cont 229.4
S 1789152911.331 gemv_cont 227.1
S 1789152911.337 gemv_cont 217.2
S 1789152911.343 gemv_cont 221.4
S 1789152911.349 gemv_cont 225.1
S 1789152911.355 gemv_cont 230.0
S 1789152911.361 gemv_cont 230.3
S 1789152911.367 gemv_cont 230.0
S 1789152911.373 gemv_cont 229.8
S 1789152911.379 gemv_cont 230.0
S 1789152911.385 gemv_cont 229.9
S 1789152911.390 gemv_cont 229.8
S 1789152911.396 gemv_cont 230.0
S 1789152911.402 gemv_cont 229.7
S 1789152911.408 gemv_cont 230.0
S 1789152911.414 gemv_cont 230.1
S 1789152911.420 gemv_cont 229.9
S 1789152911.425 gemv_cont 230.3
S 1789152911.431 gemv_cont 229.7
S 1789152911.437 gemv_cont 230.1
S 1789152911.443 gemv_cont 229.9
S 1789152911.449 gemv_cont 229.9
S 1789152911.455 gemv_cont 229.9
S 1789152911.461 gemv_cont 229.7
S 1789152911.466 gemv_cont 229.7
S 1789152911.472 gemv_cont 230.1
S 1789152911.478 gemv_cont 230.1
S 1789152911.484 gemv_cont 229.9
S 1789152911.490 gemv_cont 230.1
S 1789152911.496 gemv_cont 229.9
S 1789152911.502 gemv_cont 229.3
S 1789152911.507 gemv_cont 230.3
S 1789152911.513 gemv_cont 229.5
S 1789152911.519 gemv_cont 229.9
S 1789152911.525 gemv_cont 230.3
S 1789152911.531 gemv_cont 230.0
S 1789152911.537 gemv_cont 230.2
S 1789152911.542 gemv_cont 229.5
S 1789152911.548 gemv_cont 229.9
S 1789152911.555 gemv_cont 204.8
S 1789152911.561 gemv_cont 227.1
S 1789152911.567 gemv_cont 229.9
S 1789152911.573 gemv_cont 230.1
S 1789152911.578 gemv_cont 229.4
S 1789152911.584 gemv_cont 229.7
S 1789152911.590 gemv_cont 229.7
S 1789152911.596 gemv_cont 230.2
S 1789152911.602 gemv_cont 229.7
S 1789152911.608 gemv_cont 229.9
S 1789152911.614 gemv_cont 230.1
S 1789152911.619 gemv_cont 229.7
S 1789152911.625 gemv_cont 229.8
S 1789152911.631 gemv_cont 229.8
S 1789152911.637 gemv_cont 230.1
S 1789152911.643 gemv_cont 229.5
S 1789152911.649 gemv_cont 230.0
S 1789152911.654 gemv_cont 229.9
S 1789152911.660 gemv_cont 229.8
S 1789152911.666 gemv_cont 229.9
S 1789152911.672 gemv_cont 230.3
S 1789152911.678 gemv_cont 230.2
S 1789152911.684 gemv_cont 229.2
BLOCK r1 gemv_cont GB/s   n=1705 min= 203.8 p10= 229.3 p50= 229.9 max= 230.7
S 1789152911.692 mm_duty 83.3
S 1789152911.732 mm_duty 74.9
S 1789152911.772 mm_duty 74.4
S 1789152911.811 mm_duty 75.1
S 1789152911.851 mm_duty 75.1
S 1789152911.889 mm_duty 82.2
S 1789152911.929 mm_duty 82.2
S 1789152911.968 mm_duty 78.2
S 1789152912.007 mm_duty 82.9
S 1789152912.046 mm_duty 82.8
S 1789152912.084 mm_duty 82.7
S 1789152912.123 mm_duty 82.7
S 1789152912.162 mm_duty 82.6
S 1789152912.201 mm_duty 81.8
S 1789152912.240 mm_duty 82.2
S 1789152912.278 mm_duty 80.2
S 1789152912.318 mm_duty 78.8
S 1789152912.357 mm_duty 78.8
S 1789152912.396 mm_duty 78.1
S 1789152912.436 mm_duty 82.3
S 1789152912.475 mm_duty 75.0
S 1789152912.515 mm_duty 74.2
S 1789152912.556 mm_duty 69.4
S 1789152912.595 mm_duty 82.2
S 1789152912.634 mm_duty 81.7
S 1789152912.673 mm_duty 74.9
S 1789152912.713 mm_duty 75.0
S 1789152912.753 mm_duty 74.5
S 1789152912.792 mm_duty 74.6
S 1789152912.832 mm_duty 75.0
S 1789152912.871 mm_duty 75.1
S 1789152912.911 mm_duty 74.9
S 1789152912.950 mm_duty 81.6
S 1789152912.989 mm_duty 81.7
S 1789152913.028 mm_duty 82.3
S 1789152913.067 mm_duty 82.5
S 1789152913.105 mm_duty 82.7
S 1789152913.144 mm_duty 82.0
S 1789152913.183 mm_duty 82.6
S 1789152913.221 mm_duty 82.5
S 1789152913.260 mm_duty 82.3
S 1789152913.299 mm_duty 82.3
S 1789152913.337 mm_duty 78.8
S 1789152913.376 mm_duty 78.9
S 1789152913.416 mm_duty 75.0
S 1789152913.456 mm_duty 75.2
S 1789152913.495 mm_duty 74.9
S 1789152913.534 mm_duty 75.4
S 1789152913.574 mm_duty 75.3
S 1789152913.612 mm_duty 81.5
S 1789152913.652 mm_duty 81.4
S 1789152913.691 mm_duty 74.7
S 1789152913.731 mm_duty 74.4
S 1789152913.771 mm_duty 75.1
S 1789152913.810 mm_duty 76.6
S 1789152913.850 mm_duty 76.0
S 1789152913.889 mm_duty 75.9
S 1789152913.929 mm_duty 78.2
S 1789152913.968 mm_duty 78.0
S 1789152914.007 mm_duty 82.4
S 1789152914.045 mm_duty 82.4
S 1789152914.084 mm_duty 82.7
S 1789152914.122 mm_duty 82.6
S 1789152914.161 mm_duty 82.8
S 1789152914.200 mm_duty 81.9
S 1789152914.240 mm_duty 81.9
S 1789152914.279 mm_duty 81.8
S 1789152914.318 mm_duty 81.5
S 1789152914.357 mm_duty 78.6
S 1789152914.397 mm_duty 78.8
S 1789152914.436 mm_duty 77.1
S 1789152914.476 mm_duty 75.5
S 1789152914.516 mm_duty 75.0
S 1789152914.556 mm_duty 70.2
S 1789152914.596 mm_duty 75.8
S 1789152914.635 mm_duty 82.7
S 1789152914.675 mm_duty 75.1
S 1789152914.714 mm_duty 74.7
S 1789152914.753 mm_duty 82.4
S 1789152914.792 mm_duty 74.9
S 1789152914.833 mm_duty 74.7
S 1789152914.873 mm_duty 74.6
S 1789152914.912 mm_duty 75.0
S 1789152914.952 mm_duty 75.0
S 1789152914.991 mm_duty 75.2
S 1789152915.030 mm_duty 75.4
S 1789152915.070 mm_duty 76.4
S 1789152915.109 mm_duty 77.8
S 1789152915.148 mm_duty 82.4
S 1789152915.186 mm_duty 82.9
S 1789152915.225 mm_duty 82.8
S 1789152915.264 mm_duty 82.8
S 1789152915.303 mm_duty 82.8
S 1789152915.341 mm_duty 82.7
S 1789152915.380 mm_duty 82.5
S 1789152915.419 mm_duty 80.6
S 1789152915.458 mm_duty 80.5
S 1789152915.497 mm_duty 78.1
S 1789152915.537 mm_duty 78.5
S 1789152915.576 mm_duty 77.0
S 1789152915.616 mm_duty 75.0
S 1789152915.656 mm_duty 74.7
S 1789152915.695 mm_duty 75.1
S 1789152915.735 mm_duty 74.4
S 1789152915.775 mm_duty 74.4
S 1789152915.814 mm_duty 82.3
S 1789152915.854 mm_duty 82.1
S 1789152915.893 mm_duty 74.8
S 1789152915.932 mm_duty 75.1
S 1789152915.972 mm_duty 74.2
S 1789152916.012 mm_duty 74.2
S 1789152916.053 mm_duty 69.1
S 1789152916.093 mm_duty 75.5
S 1789152916.132 mm_duty 75.5
S 1789152916.172 mm_duty 75.1
S 1789152916.211 mm_duty 81.1
S 1789152916.250 mm_duty 81.7
S 1789152916.289 mm_duty 82.1
S 1789152916.329 mm_duty 77.2
S 1789152916.369 mm_duty 77.6
S 1789152916.408 mm_duty 77.2
S 1789152916.448 mm_duty 78.2
S 1789152916.488 mm_duty 77.7
S 1789152916.528 mm_duty 77.8
S 1789152916.566 mm_duty 82.6
S 1789152916.606 mm_duty 81.2
S 1789152916.645 mm_duty 82.2
S 1789152916.684 mm_duty 82.2
S 1789152916.723 mm_duty 82.2
S 1789152916.762 mm_duty 82.7
S 1789152916.801 mm_duty 82.4
S 1789152916.841 mm_duty 81.6
S 1789152916.879 mm_duty 82.5
S 1789152916.919 mm_duty 81.7
S 1789152916.958 mm_duty 80.9
S 1789152916.997 mm_duty 81.2
S 1789152917.037 mm_duty 77.8
S 1789152917.077 mm_duty 77.6
S 1789152917.116 mm_duty 76.1
S 1789152917.156 mm_duty 75.3
S 1789152917.195 mm_duty 74.7
S 1789152917.236 mm_duty 73.9
S 1789152917.276 mm_duty 74.0
S 1789152917.316 mm_duty 75.6
S 1789152917.356 mm_duty 75.8
S 1789152917.396 mm_duty 75.4
S 1789152917.436 mm_duty 74.8
S 1789152917.475 mm_duty 81.8
S 1789152917.514 mm_duty 75.4
S 1789152917.555 mm_duty 69.8
S 1789152917.596 mm_duty 74.2
S 1789152917.636 mm_duty 74.5
S 1789152917.676 mm_duty 74.9
S 1789152917.715 mm_duty 75.1
S 1789152917.755 mm_duty 74.5
S 1789152917.795 mm_duty 74.9
S 1789152917.834 mm_duty 82.0
S 1789152917.874 mm_duty 75.2
S 1789152917.914 mm_duty 73.9
S 1789152917.954 mm_duty 74.8
S 1789152917.993 mm_duty 75.0
S 1789152918.033 mm_duty 75.0
S 1789152918.072 mm_duty 74.6
S 1789152918.112 mm_duty 73.2
S 1789152918.152 mm_duty 74.9
S 1789152918.192 mm_duty 74.8
S 1789152918.232 mm_duty 75.0
S 1789152918.271 mm_duty 74.6
S 1789152918.311 mm_duty 73.8
S 1789152918.351 mm_duty 81.3
S 1789152918.391 mm_duty 74.7
S 1789152918.430 mm_duty 81.2
S 1789152918.470 mm_duty 75.1
S 1789152918.510 mm_duty 75.6
S 1789152918.550 mm_duty 75.4
S 1789152918.589 mm_duty 77.0
S 1789152918.628 mm_duty 78.2
S 1789152918.668 mm_duty 79.1
S 1789152918.706 mm_duty 82.7
S 1789152918.745 mm_duty 82.8
S 1789152918.784 mm_duty 81.1
S 1789152918.823 mm_duty 81.4
S 1789152918.862 mm_duty 82.4
S 1789152918.900 mm_duty 82.7
S 1789152918.939 mm_duty 82.5
S 1789152918.979 mm_duty 82.4
S 1789152919.017 mm_duty 79.2
S 1789152919.058 mm_duty 73.3
S 1789152919.096 mm_duty 78.8
S 1789152919.135 mm_duty 82.8
S 1789152919.175 mm_duty 75.0
S 1789152919.215 mm_duty 75.0
S 1789152919.254 mm_duty 73.9
S 1789152919.295 mm_duty 74.0
S 1789152919.334 mm_duty 74.7
S 1789152919.374 mm_duty 74.9
S 1789152919.413 mm_duty 74.0
S 1789152919.454 mm_duty 74.2
S 1789152919.494 mm_duty 74.0
S 1789152919.534 mm_duty 74.0
S 1789152919.573 mm_duty 81.1
S 1789152919.613 mm_duty 82.4
S 1789152919.652 mm_duty 74.8
S 1789152919.692 mm_duty 74.9
S 1789152919.731 mm_duty 74.7
S 1789152919.771 mm_duty 75.7
S 1789152919.811 mm_duty 74.9
S 1789152919.851 mm_duty 75.0
S 1789152919.891 mm_duty 75.0
S 1789152919.931 mm_duty 74.9
S 1789152919.969 mm_duty 82.3
S 1789152920.008 mm_duty 82.9
S 1789152920.047 mm_duty 82.4
S 1789152920.085 mm_duty 82.7
S 1789152920.124 mm_duty 83.3
S 1789152920.163 mm_duty 82.6
S 1789152920.202 mm_duty 82.6
S 1789152920.241 mm_duty 82.7
S 1789152920.279 mm_duty 82.1
S 1789152920.318 mm_duty 80.7
S 1789152920.358 mm_duty 80.2
S 1789152920.397 mm_duty 78.8
S 1789152920.437 mm_duty 78.7
S 1789152920.476 mm_duty 76.5
S 1789152920.516 mm_duty 74.5
S 1789152920.557 mm_duty 70.3
S 1789152920.596 mm_duty 77.4
S 1789152920.636 mm_duty 75.3
S 1789152920.676 mm_duty 75.7
S 1789152920.715 mm_duty 82.1
S 1789152920.755 mm_duty 74.2
S 1789152920.795 mm_duty 75.0
S 1789152920.834 mm_duty 74.6
S 1789152920.874 mm_duty 73.5
S 1789152920.914 mm_duty 73.8
S 1789152920.955 mm_duty 74.1
S 1789152920.995 mm_duty 73.8
S 1789152921.034 mm_duty 74.9
S 1789152921.074 mm_duty 75.0
S 1789152921.113 mm_duty 75.2
S 1789152921.152 mm_duty 82.0
S 1789152921.191 mm_duty 82.2
S 1789152921.231 mm_duty 74.9
S 1789152921.272 mm_duty 74.4
S 1789152921.311 mm_duty 74.7
S 1789152921.351 mm_duty 74.3
S 1789152921.392 mm_duty 74.5
S 1789152921.431 mm_duty 75.3
S 1789152921.472 mm_duty 74.2
S 1789152921.511 mm_duty 75.1
S 1789152921.550 mm_duty 74.8
S 1789152921.590 mm_duty 81.2
S 1789152921.629 mm_duty 81.5
S 1789152921.668 mm_duty 82.3
BLOCK r1 mm_duty   TFLOPS n= 254 min=  69.1 p10=  74.2 p50=  76.6 max=  83.3
S 1789152921.703 copy_cont 232.6
S 1789152921.708 copy_cont 237.4
S 1789152921.713 copy_cont 231.6
S 1789152921.718 copy_cont 223.6
S 1789152921.722 copy_cont 235.6
S 1789152921.727 copy_cont 225.7
S 1789152921.732 copy_cont 231.9
S 1789152921.736 copy_cont 236.5
S 1789152921.741 copy_cont 237.9
S 1789152921.745 copy_cont 238.3
S 1789152921.750 copy_cont 238.2
S 1789152921.754 copy_cont 237.8
S 1789152921.759 copy_cont 237.9
S 1789152921.763 copy_cont 238.6
S 1789152921.768 copy_cont 238.2
S 1789152921.772 copy_cont 237.6
S 1789152921.777 copy_cont 237.8
S 1789152921.782 copy_cont 238.2
S 1789152921.786 copy_cont 238.6
S 1789152921.791 copy_cont 238.3
S 1789152921.795 copy_cont 237.7
S 1789152921.800 copy_cont 238.3
S 1789152921.804 copy_cont 237.7
S 1789152921.809 copy_cont 238.1
S 1789152921.813 copy_cont 238.2
S 1789152921.818 copy_cont 238.3
S 1789152921.822 copy_cont 238.0
S 1789152921.827 copy_cont 238.0
S 1789152921.831 copy_cont 238.4
S 1789152921.836 copy_cont 237.4
S 1789152921.840 copy_cont 238.3
S 1789152921.845 copy_cont 238.7
S 1789152921.849 copy_cont 238.3
S 1789152921.854 copy_cont 237.5
S 1789152921.858 copy_cont 238.5
S 1789152921.863 copy_cont 237.9
S 1789152921.867 copy_cont 237.6
S 1789152921.872 copy_cont 238.3
S 1789152921.876 copy_cont 238.1
S 1789152921.881 copy_cont 238.4
S 1789152921.886 copy_cont 237.8
S 1789152921.890 copy_cont 238.0
S 1789152921.895 copy_cont 237.5
S 1789152921.899 copy_cont 237.8
S 1789152921.904 copy_cont 237.9
S 1789152921.908 copy_cont 238.7
S 1789152921.913 copy_cont 237.6
S 1789152921.917 copy_cont 237.5
S 1789152921.922 copy_cont 238.2
S 1789152921.926 copy_cont 238.4
S 1789152921.931 copy_cont 237.8
S 1789152921.935 copy_cont 237.3
S 1789152921.940 copy_cont 238.1
S 1789152921.944 copy_cont 238.5
S 1789152921.949 copy_cont 237.6
S 1789152921.953 copy_cont 238.0
S 1789152921.958 copy_cont 238.5
S 1789152921.962 copy_cont 237.9
S 1789152921.967 copy_cont 237.7
S 1789152921.971 copy_cont 238.6
S 1789152921.976 copy_cont 237.6
S 1789152921.981 copy_cont 237.8
S 1789152921.985 copy_cont 238.6
S 1789152921.990 copy_cont 238.6
S 1789152921.994 copy_cont 237.9
S 1789152921.999 copy_cont 237.7
S 1789152922.003 copy_cont 238.1
S 1789152922.008 copy_cont 238.5
S 1789152922.012 copy_cont 237.6
S 1789152922.017 copy_cont 238.0
S 1789152922.021 copy_cont 234.8
S 1789152922.026 copy_cont 230.5
S 1789152922.031 copy_cont 233.5
S 1789152922.035 copy_cont 236.0
S 1789152922.040 copy_cont 237.2
S 1789152922.044 copy_cont 236.0
S 1789152922.049 copy_cont 236.3
S 1789152922.054 copy_cont 222.9
S 1789152922.059 copy_cont 207.5
S 1789152922.063 copy_cont 231.3
S 1789152922.068 copy_cont 234.8
S 1789152922.073 copy_cont 233.1
S 1789152922.077 copy_cont 233.0
S 1789152922.082 copy_cont 233.9
S 1789152922.086 copy_cont 232.9
S 1789152922.091 copy_cont 233.8
S 1789152922.096 copy_cont 232.5
S 1789152922.100 copy_cont 232.9
S 1789152922.105 copy_cont 235.1
S 1789152922.109 copy_cont 236.0
S 1789152922.114 copy_cont 236.0
S 1789152922.119 copy_cont 236.8
S 1789152922.123 copy_cont 234.4
S 1789152922.128 copy_cont 233.6
S 1789152922.132 copy_cont 234.6
S 1789152922.137 copy_cont 235.4
S 1789152922.142 copy_cont 233.6
S 1789152922.146 copy_cont 233.5
S 1789152922.151 copy_cont 235.1
S 1789152922.155 copy_cont 235.7
S 1789152922.160 copy_cont 235.0
S 1789152922.164 copy_cont 235.9
S 1789152922.169 copy_cont 236.3
S 1789152922.174 copy_cont 235.9
S 1789152922.178 copy_cont 235.8
S 1789152922.183 copy_cont 235.3
S 1789152922.187 copy_cont 234.2
S 1789152922.192 copy_cont 235.5
S 1789152922.196 copy_cont 236.7
S 1789152922.201 copy_cont 235.0
S 1789152922.206 copy_cont 234.6
S 1789152922.210 copy_cont 236.6
S 1789152922.215 copy_cont 236.5
S 1789152922.219 copy_cont 234.9
S 1789152922.224 copy_cont 236.0
S 1789152922.228 copy_cont 236.1
S 1789152922.233 copy_cont 235.7
S 1789152922.238 copy_cont 236.2
S 1789152922.242 copy_cont 235.6
S 1789152922.247 copy_cont 235.5
S 1789152922.251 copy_cont 234.9
S 1789152922.256 copy_cont 234.5
S 1789152922.260 copy_cont 235.3
S 1789152922.265 copy_cont 234.3
S 1789152922.270 copy_cont 234.6
S 1789152922.274 copy_cont 228.0
S 1789152922.279 copy_cont 228.6
S 1789152922.284 copy_cont 225.7
S 1789152922.288 copy_cont 232.6
S 1789152922.293 copy_cont 224.8
S 1789152922.298 copy_cont 222.7
S 1789152922.303 copy_cont 226.4
S 1789152922.308 copy_cont 228.1
S 1789152922.312 copy_cont 223.9
S 1789152922.317 copy_cont 232.5
S 1789152922.322 copy_cont 236.6
S 1789152922.326 copy_cont 234.8
S 1789152922.331 copy_cont 231.6
S 1789152922.335 copy_cont 231.5
S 1789152922.340 copy_cont 233.4
S 1789152922.345 copy_cont 233.7
S 1789152922.349 copy_cont 232.0
S 1789152922.354 copy_cont 230.8
S 1789152922.359 copy_cont 232.5
S 1789152922.363 copy_cont 234.3
S 1789152922.368 copy_cont 232.5
S 1789152922.372 copy_cont 234.2
S 1789152922.377 copy_cont 234.9
S 1789152922.382 copy_cont 235.5
S 1789152922.386 copy_cont 235.6
S 1789152922.391 copy_cont 235.7
S 1789152922.395 copy_cont 233.8
S 1789152922.400 copy_cont 234.1
S 1789152922.405 copy_cont 235.2
S 1789152922.409 copy_cont 234.8
S 1789152922.414 copy_cont 233.4
S 1789152922.418 copy_cont 233.5
S 1789152922.423 copy_cont 235.1
S 1789152922.428 copy_cont 233.0
S 1789152922.432 copy_cont 236.0
S 1789152922.437 copy_cont 235.6
S 1789152922.441 copy_cont 236.3
S 1789152922.446 copy_cont 234.4
S 1789152922.450 copy_cont 233.0
S 1789152922.455 copy_cont 235.6
S 1789152922.460 copy_cont 236.3
S 1789152922.464 copy_cont 236.5
S 1789152922.469 copy_cont 236.7
S 1789152922.473 copy_cont 235.0
S 1789152922.478 copy_cont 235.6
S 1789152922.482 copy_cont 235.5
S 1789152922.487 copy_cont 235.8
S 1789152922.492 copy_cont 236.5
S 1789152922.496 copy_cont 237.5
S 1789152922.501 copy_cont 238.4
S 1789152922.505 copy_cont 237.9
S 1789152922.510 copy_cont 238.1
S 1789152922.514 copy_cont 238.2
S 1789152922.519 copy_cont 237.0
S 1789152922.523 copy_cont 237.3
S 1789152922.528 copy_cont 238.2
S 1789152922.532 copy_cont 238.1
S 1789152922.537 copy_cont 237.8
S 1789152922.541 copy_cont 237.9
S 1789152922.546 copy_cont 236.8
S 1789152922.550 copy_cont 237.1
S 1789152922.555 copy_cont 221.6
S 1789152922.560 copy_cont 209.2
S 1789152922.565 copy_cont 235.8
S 1789152922.570 copy_cont 237.5
S 1789152922.574 copy_cont 238.0
S 1789152922.579 copy_cont 238.4
S 1789152922.583 copy_cont 237.1
S 1789152922.588 copy_cont 237.4
S 1789152922.592 copy_cont 238.2
S 1789152922.597 copy_cont 238.4
S 1789152922.601 copy_cont 237.5
S 1789152922.606 copy_cont 237.6
S 1789152922.610 copy_cont 238.1
S 1789152922.615 copy_cont 237.5
S 1789152922.619 copy_cont 237.6
S 1789152922.624 copy_cont 237.5
S 1789152922.628 copy_cont 238.1
S 1789152922.633 copy_cont 236.5
S 1789152922.637 copy_cont 237.5
S 1789152922.642 copy_cont 238.2
S 1789152922.646 copy_cont 237.8
S 1789152922.651 copy_cont 237.5
S 1789152922.656 copy_cont 237.8
S 1789152922.660 copy_cont 238.2
S 1789152922.665 copy_cont 237.4
S 1789152922.669 copy_cont 238.2
S 1789152922.674 copy_cont 238.2
S 1789152922.678 copy_cont 237.8
S 1789152922.683 copy_cont 237.2
S 1789152922.687 copy_cont 237.8
S 1789152922.692 copy_cont 238.2
S 1789152922.696 copy_cont 237.7
S 1789152922.701 copy_cont 237.9
S 1789152922.705 copy_cont 238.0
S 1789152922.710 copy_cont 238.0
S 1789152922.714 copy_cont 238.2
S 1789152922.719 copy_cont 237.9
S 1789152922.723 copy_cont 237.2
S 1789152922.728 copy_cont 237.6
S 1789152922.733 copy_cont 237.7
S 1789152922.737 copy_cont 238.2
S 1789152922.742 copy_cont 237.9
S 1789152922.746 copy_cont 237.6
S 1789152922.751 copy_cont 238.4
S 1789152922.755 copy_cont 237.7
S 1789152922.760 copy_cont 237.9
S 1789152922.764 copy_cont 237.4
S 1789152922.769 copy_cont 238.6
S 1789152922.773 copy_cont 237.9
S 1789152922.778 copy_cont 237.8
S 1789152922.782 copy_cont 237.6
S 1789152922.787 copy_cont 237.9
S 1789152922.791 copy_cont 237.2
S 1789152922.796 copy_cont 238.4
S 1789152922.800 copy_cont 238.0
S 1789152922.805 copy_cont 237.6
S 1789152922.809 copy_cont 237.9
S 1789152922.814 copy_cont 238.3
S 1789152922.818 copy_cont 238.1
S 1789152922.823 copy_cont 236.8
S 1789152922.828 copy_cont 237.9
S 1789152922.832 copy_cont 238.1
S 1789152922.837 copy_cont 237.7
S 1789152922.841 copy_cont 237.9
S 1789152922.846 copy_cont 237.8
S 1789152922.850 copy_cont 238.1
S 1789152922.855 copy_cont 237.3
S 1789152922.859 copy_cont 237.9
S 1789152922.864 copy_cont 238.0
S 1789152922.868 copy_cont 238.0
S 1789152922.873 copy_cont 237.9
S 1789152922.877 copy_cont 238.1
S 1789152922.882 copy_cont 238.3
S 1789152922.886 copy_cont 238.0
S 1789152922.891 copy_cont 237.2
S 1789152922.895 copy_cont 238.4
S 1789152922.900 copy_cont 237.8
S 1789152922.905 copy_cont 237.2
S 1789152922.909 copy_cont 238.5
S 1789152922.914 copy_cont 238.1
S 1789152922.918 copy_cont 237.3
S 1789152922.923 copy_cont 237.6
S 1789152922.927 copy_cont 238.3
S 1789152922.932 copy_cont 238.0
S 1789152922.936 copy_cont 238.0
S 1789152922.941 copy_cont 238.5
S 1789152922.945 copy_cont 238.1
S 1789152922.950 copy_cont 237.9
S 1789152922.954 copy_cont 238.0
S 1789152922.959 copy_cont 238.0
S 1789152922.963 copy_cont 238.0
S 1789152922.968 copy_cont 237.9
S 1789152922.972 copy_cont 238.1
S 1789152922.977 copy_cont 238.5
S 1789152922.981 copy_cont 237.5
S 1789152922.986 copy_cont 237.8
S 1789152922.990 copy_cont 238.2
S 1789152922.995 copy_cont 238.2
S 1789152922.999 copy_cont 237.4
S 1789152923.004 copy_cont 237.5
S 1789152923.009 copy_cont 238.5
S 1789152923.013 copy_cont 238.2
S 1789152923.018 copy_cont 237.7
S 1789152923.022 copy_cont 237.5
S 1789152923.027 copy_cont 238.1
S 1789152923.031 copy_cont 238.2
S 1789152923.036 copy_cont 238.0
S 1789152923.040 copy_cont 238.0
S 1789152923.045 copy_cont 237.7
S 1789152923.049 copy_cont 238.0
S 1789152923.054 copy_cont 225.5
S 1789152923.059 copy_cont 214.2
S 1789152923.064 copy_cont 229.5
S 1789152923.068 copy_cont 234.5
S 1789152923.073 copy_cont 235.2
S 1789152923.078 copy_cont 235.8
S 1789152923.082 copy_cont 237.6
S 1789152923.087 copy_cont 237.8
S 1789152923.091 copy_cont 238.2
S 1789152923.096 copy_cont 237.3
S 1789152923.100 copy_cont 238.5
S 1789152923.105 copy_cont 237.8
S 1789152923.109 copy_cont 237.9
S 1789152923.114 copy_cont 237.7
S 1789152923.118 copy_cont 238.1
S 1789152923.123 copy_cont 237.7
S 1789152923.127 copy_cont 237.2
S 1789152923.132 copy_cont 238.2
S 1789152923.136 copy_cont 238.6
S 1789152923.141 copy_cont 237.1
S 1789152923.145 copy_cont 237.4
S 1789152923.150 copy_cont 238.4
S 1789152923.154 copy_cont 238.0
S 1789152923.159 copy_cont 237.0
S 1789152923.164 copy_cont 238.0
S 1789152923.168 copy_cont 238.3
S 1789152923.173 copy_cont 237.7
S 1789152923.177 copy_cont 237.8
S 1789152923.182 copy_cont 238.1
S 1789152923.186 copy_cont 237.8
S 1789152923.191 copy_cont 237.8
S 1789152923.195 copy_cont 237.9
S 1789152923.200 copy_cont 238.1
S 1789152923.204 copy_cont 237.3
S 1789152923.209 copy_cont 237.9
S 1789152923.213 copy_cont 238.2
S 1789152923.218 copy_cont 238.2
S 1789152923.222 copy_cont 237.1
S 1789152923.227 copy_cont 237.9
S 1789152923.231 copy_cont 238.3
S 1789152923.236 copy_cont 238.3
S 1789152923.240 copy_cont 238.0
S 1789152923.245 copy_cont 237.7
S 1789152923.249 copy_cont 238.5
S 1789152923.254 copy_cont 237.8
S 1789152923.259 copy_cont 237.7
S 1789152923.263 copy_cont 233.1
S 1789152923.268 copy_cont 237.9
S 1789152923.272 copy_cont 235.5
S 1789152923.277 copy_cont 235.4
S 1789152923.281 copy_cont 238.2
S 1789152923.286 copy_cont 237.9
S 1789152923.290 copy_cont 237.9
S 1789152923.295 copy_cont 237.8
S 1789152923.299 copy_cont 238.0
S 1789152923.304 copy_cont 237.9
S 1789152923.309 copy_cont 238.3
S 1789152923.313 copy_cont 238.4
S 1789152923.318 copy_cont 237.2
S 1789152923.322 copy_cont 237.4
S 1789152923.327 copy_cont 238.3
S 1789152923.331 copy_cont 237.9
S 1789152923.336 copy_cont 237.2
S 1789152923.340 copy_cont 238.1
S 1789152923.345 copy_cont 238.5
S 1789152923.349 copy_cont 238.1
S 1789152923.354 copy_cont 237.3
S 1789152923.358 copy_cont 238.2
S 1789152923.363 copy_cont 237.2
S 1789152923.367 copy_cont 237.9
S 1789152923.372 copy_cont 226.4
S 1789152923.377 copy_cont 237.9
S 1789152923.381 copy_cont 237.5
S 1789152923.386 copy_cont 237.9
S 1789152923.390 copy_cont 238.2
S 1789152923.395 copy_cont 237.0
S 1789152923.399 copy_cont 237.7
S 1789152923.404 copy_cont 238.5
S 1789152923.408 copy_cont 238.2
S 1789152923.413 copy_cont 237.8
S 1789152923.417 copy_cont 237.9
S 1789152923.422 copy_cont 238.0
S 1789152923.426 copy_cont 237.7
S 1789152923.431 copy_cont 237.6
S 1789152923.435 copy_cont 237.8
S 1789152923.440 copy_cont 238.0
S 1789152923.445 copy_cont 238.0
S 1789152923.449 copy_cont 238.0
S 1789152923.454 copy_cont 238.3
S 1789152923.458 copy_cont 237.6
S 1789152923.463 copy_cont 237.2
S 1789152923.467 copy_cont 238.0
S 1789152923.472 copy_cont 238.4
S 1789152923.476 copy_cont 237.2
S 1789152923.481 copy_cont 238.0
S 1789152923.485 copy_cont 238.2
S 1789152923.490 copy_cont 237.7
S 1789152923.494 copy_cont 237.5
S 1789152923.499 copy_cont 238.0
S 1789152923.503 copy_cont 238.2
S 1789152923.508 copy_cont 237.8
S 1789152923.512 copy_cont 237.9
S 1789152923.517 copy_cont 237.9
S 1789152923.521 copy_cont 237.5
S 1789152923.526 copy_cont 237.6
S 1789152923.531 copy_cont 238.1
S 1789152923.535 copy_cont 238.2
S 1789152923.540 copy_cont 237.5
S 1789152923.544 copy_cont 238.0
S 1789152923.549 copy_cont 238.4
S 1789152923.553 copy_cont 235.4
S 1789152923.559 copy_cont 202.3
S 1789152923.563 copy_cont 232.8
S 1789152923.568 copy_cont 238.2
S 1789152923.572 copy_cont 237.9
S 1789152923.577 copy_cont 238.1
S 1789152923.581 copy_cont 238.5
S 1789152923.586 copy_cont 237.3
S 1789152923.590 copy_cont 237.8
S 1789152923.595 copy_cont 237.9
S 1789152923.599 copy_cont 237.7
S 1789152923.604 copy_cont 237.2
S 1789152923.608 copy_cont 238.0
S 1789152923.613 copy_cont 238.5
S 1789152923.617 copy_cont 238.0
S 1789152923.622 copy_cont 237.7
S 1789152923.627 copy_cont 237.9
S 1789152923.631 copy_cont 238.3
S 1789152923.636 copy_cont 237.8
S 1789152923.640 copy_cont 237.9
S 1789152923.645 copy_cont 237.8
S 1789152923.649 copy_cont 238.2
S 1789152923.654 copy_cont 238.1
S 1789152923.658 copy_cont 238.4
S 1789152923.663 copy_cont 237.8
S 1789152923.667 copy_cont 237.5
S 1789152923.672 copy_cont 238.5
S 1789152923.676 copy_cont 238.1
S 1789152923.681 copy_cont 237.8
S 1789152923.685 copy_cont 237.9
S 1789152923.690 copy_cont 238.0
S 1789152923.694 copy_cont 238.5
S 1789152923.699 copy_cont 238.0
S 1789152923.703 copy_cont 237.4
S 1789152923.708 copy_cont 238.5
S 1789152923.712 copy_cont 238.0
S 1789152923.717 copy_cont 237.6
S 1789152923.722 copy_cont 237.9
S 1789152923.726 copy_cont 238.1
S 1789152923.731 copy_cont 238.0
S 1789152923.735 copy_cont 237.5
S 1789152923.740 copy_cont 238.4
S 1789152923.744 copy_cont 237.4
S 1789152923.749 copy_cont 238.0
S 1789152923.753 copy_cont 238.6
S 1789152923.758 copy_cont 238.0
S 1789152923.762 copy_cont 237.2
S 1789152923.767 copy_cont 237.5
S 1789152923.771 copy_cont 238.4
S 1789152923.776 copy_cont 238.3
S 1789152923.780 copy_cont 237.8
S 1789152923.785 copy_cont 237.5
S 1789152923.789 copy_cont 238.3
S 1789152923.794 copy_cont 237.8
S 1789152923.798 copy_cont 237.8
S 1789152923.803 copy_cont 237.6
S 1789152923.807 copy_cont 238.4
S 1789152923.812 copy_cont 237.6
S 1789152923.817 copy_cont 238.1
S 1789152923.821 copy_cont 238.1
S 1789152923.826 copy_cont 237.5
S 1789152923.830 copy_cont 237.7
S 1789152923.835 copy_cont 237.9
S 1789152923.839 copy_cont 237.8
S 1789152923.844 copy_cont 237.5
S 1789152923.848 copy_cont 238.2
S 1789152923.853 copy_cont 238.4
S 1789152923.857 copy_cont 237.8
S 1789152923.862 copy_cont 237.8
S 1789152923.866 copy_cont 237.9
S 1789152923.871 copy_cont 237.9
S 1789152923.875 copy_cont 237.8
S 1789152923.880 copy_cont 237.9
S 1789152923.884 copy_cont 237.9
S 1789152923.889 copy_cont 237.9
S 1789152923.893 copy_cont 237.8
S 1789152923.898 copy_cont 238.3
S 1789152923.903 copy_cont 237.8
S 1789152923.907 copy_cont 236.9
S 1789152923.912 copy_cont 237.9
S 1789152923.916 copy_cont 238.1
S 1789152923.921 copy_cont 238.1
S 1789152923.925 copy_cont 237.8
S 1789152923.930 copy_cont 238.3
S 1789152923.934 copy_cont 238.1
S 1789152923.939 copy_cont 236.5
S 1789152923.943 copy_cont 237.0
S 1789152923.948 copy_cont 237.4
S 1789152923.952 copy_cont 238.1
S 1789152923.957 copy_cont 238.1
S 1789152923.961 copy_cont 238.2
S 1789152923.966 copy_cont 238.0
S 1789152923.970 copy_cont 237.3
S 1789152923.975 copy_cont 237.6
S 1789152923.980 copy_cont 238.2
S 1789152923.984 copy_cont 237.8
S 1789152923.989 copy_cont 237.9
S 1789152923.993 copy_cont 238.1
S 1789152923.998 copy_cont 238.4
S 1789152924.002 copy_cont 237.2
S 1789152924.007 copy_cont 236.9
S 1789152924.011 copy_cont 238.1
S 1789152924.016 copy_cont 237.7
S 1789152924.020 copy_cont 237.8
S 1789152924.025 copy_cont 237.6
S 1789152924.029 copy_cont 238.4
S 1789152924.034 copy_cont 237.6
S 1789152924.038 copy_cont 237.9
S 1789152924.043 copy_cont 238.0
S 1789152924.047 copy_cont 237.4
S 1789152924.052 copy_cont 237.6
S 1789152924.057 copy_cont 221.2
S 1789152924.062 copy_cont 209.2
S 1789152924.067 copy_cont 235.2
S 1789152924.071 copy_cont 237.9
S 1789152924.076 copy_cont 234.7
S 1789152924.080 copy_cont 234.2
S 1789152924.085 copy_cont 234.8
S 1789152924.089 copy_cont 236.3
S 1789152924.094 copy_cont 236.8
S 1789152924.098 copy_cont 236.6
S 1789152924.103 copy_cont 236.6
S 1789152924.108 copy_cont 237.0
S 1789152924.112 copy_cont 237.7
S 1789152924.117 copy_cont 238.0
S 1789152924.121 copy_cont 238.7
S 1789152924.126 copy_cont 238.1
S 1789152924.130 copy_cont 237.8
S 1789152924.135 copy_cont 238.3
S 1789152924.139 copy_cont 238.0
S 1789152924.144 copy_cont 237.9
S 1789152924.148 copy_cont 237.3
S 1789152924.153 copy_cont 237.8
S 1789152924.157 copy_cont 237.7
S 1789152924.162 copy_cont 237.2
S 1789152924.166 copy_cont 237.7
S 1789152924.171 copy_cont 238.1
S 1789152924.175 copy_cont 237.2
S 1789152924.180 copy_cont 237.8
S 1789152924.185 copy_cont 237.9
S 1789152924.189 copy_cont 237.5
S 1789152924.194 copy_cont 237.6
S 1789152924.198 copy_cont 237.9
S 1789152924.203 copy_cont 238.0
S 1789152924.207 copy_cont 237.2
S 1789152924.212 copy_cont 238.0
S 1789152924.216 copy_cont 238.4
S 1789152924.221 copy_cont 238.5
S 1789152924.225 copy_cont 237.6
S 1789152924.230 copy_cont 237.8
S 1789152924.234 copy_cont 238.3
S 1789152924.239 copy_cont 238.0
S 1789152924.243 copy_cont 237.1
S 1789152924.248 copy_cont 238.3
S 1789152924.252 copy_cont 238.4
S 1789152924.257 copy_cont 237.3
S 1789152924.261 copy_cont 238.0
S 1789152924.266 copy_cont 237.7
S 1789152924.271 copy_cont 238.1
S 1789152924.275 copy_cont 231.0
S 1789152924.280 copy_cont 238.6
S 1789152924.284 copy_cont 238.5
S 1789152924.289 copy_cont 237.9
S 1789152924.293 copy_cont 237.6
S 1789152924.298 copy_cont 238.1
S 1789152924.302 copy_cont 237.5
S 1789152924.307 copy_cont 237.6
S 1789152924.311 copy_cont 237.7
S 1789152924.316 copy_cont 237.7
S 1789152924.320 copy_cont 237.6
S 1789152924.325 copy_cont 238.1
S 1789152924.329 copy_cont 238.5
S 1789152924.334 copy_cont 237.9
S 1789152924.339 copy_cont 237.4
S 1789152924.343 copy_cont 237.5
S 1789152924.348 copy_cont 238.1
S 1789152924.352 copy_cont 238.0
S 1789152924.357 copy_cont 238.0
S 1789152924.361 copy_cont 238.5
S 1789152924.366 copy_cont 238.2
S 1789152924.370 copy_cont 237.9
S 1789152924.375 copy_cont 237.8
S 1789152924.379 copy_cont 238.1
S 1789152924.384 copy_cont 237.7
S 1789152924.388 copy_cont 237.9
S 1789152924.393 copy_cont 238.0
S 1789152924.397 copy_cont 237.5
S 1789152924.402 copy_cont 238.3
S 1789152924.406 copy_cont 238.2
S 1789152924.411 copy_cont 237.9
S 1789152924.415 copy_cont 237.4
S 1789152924.420 copy_cont 237.9
S 1789152924.425 copy_cont 238.3
S 1789152924.429 copy_cont 237.9
S 1789152924.434 copy_cont 237.7
S 1789152924.438 copy_cont 238.0
S 1789152924.443 copy_cont 238.3
S 1789152924.447 copy_cont 237.1
S 1789152924.452 copy_cont 237.8
S 1789152924.456 copy_cont 238.2
S 1789152924.461 copy_cont 237.8
S 1789152924.465 copy_cont 237.8
S 1789152924.470 copy_cont 238.4
S 1789152924.474 copy_cont 238.0
S 1789152924.479 copy_cont 237.5
S 1789152924.483 copy_cont 237.5
S 1789152924.488 copy_cont 238.5
S 1789152924.492 copy_cont 238.2
S 1789152924.497 copy_cont 237.5
S 1789152924.501 copy_cont 238.2
S 1789152924.506 copy_cont 238.1
S 1789152924.510 copy_cont 237.8
S 1789152924.515 copy_cont 237.5
S 1789152924.520 copy_cont 238.2
S 1789152924.524 copy_cont 238.2
S 1789152924.529 copy_cont 238.0
S 1789152924.533 copy_cont 238.1
S 1789152924.538 copy_cont 238.4
S 1789152924.542 copy_cont 237.6
S 1789152924.547 copy_cont 237.4
S 1789152924.551 copy_cont 238.4
S 1789152924.556 copy_cont 221.5
S 1789152924.561 copy_cont 209.5
S 1789152924.566 copy_cont 234.4
S 1789152924.570 copy_cont 238.1
S 1789152924.575 copy_cont 238.1
S 1789152924.579 copy_cont 237.9
S 1789152924.584 copy_cont 237.7
S 1789152924.588 copy_cont 238.3
S 1789152924.593 copy_cont 237.8
S 1789152924.597 copy_cont 238.3
S 1789152924.602 copy_cont 237.9
S 1789152924.606 copy_cont 237.6
S 1789152924.611 copy_cont 238.2
S 1789152924.616 copy_cont 238.0
S 1789152924.620 copy_cont 237.8
S 1789152924.625 copy_cont 237.4
S 1789152924.629 copy_cont 238.6
S 1789152924.634 copy_cont 238.2
S 1789152924.638 copy_cont 237.8
S 1789152924.643 copy_cont 237.9
S 1789152924.647 copy_cont 238.0
S 1789152924.652 copy_cont 238.0
S 1789152924.656 copy_cont 237.6
S 1789152924.661 copy_cont 238.3
S 1789152924.665 copy_cont 237.7
S 1789152924.670 copy_cont 237.6
S 1789152924.674 copy_cont 237.7
S 1789152924.679 copy_cont 238.2
S 1789152924.683 copy_cont 237.3
S 1789152924.688 copy_cont 237.7
S 1789152924.692 copy_cont 238.3
S 1789152924.697 copy_cont 238.2
S 1789152924.702 copy_cont 237.6
S 1789152924.706 copy_cont 237.5
S 1789152924.711 copy_cont 238.3
S 1789152924.715 copy_cont 237.9
S 1789152924.720 copy_cont 237.7
S 1789152924.724 copy_cont 237.9
S 1789152924.729 copy_cont 238.1
S 1789152924.733 copy_cont 237.9
S 1789152924.738 copy_cont 238.1
S 1789152924.742 copy_cont 238.3
S 1789152924.747 copy_cont 237.8
S 1789152924.751 copy_cont 237.3
S 1789152924.756 copy_cont 238.5
S 1789152924.760 copy_cont 238.4
S 1789152924.765 copy_cont 237.9
S 1789152924.769 copy_cont 238.1
S 1789152924.774 copy_cont 238.5
S 1789152924.778 copy_cont 238.1
S 1789152924.783 copy_cont 237.4
S 1789152924.787 copy_cont 237.7
S 1789152924.792 copy_cont 238.3
S 1789152924.797 copy_cont 238.3
S 1789152924.801 copy_cont 237.8
S 1789152924.806 copy_cont 237.8
S 1789152924.810 copy_cont 238.2
S 1789152924.815 copy_cont 237.9
S 1789152924.819 copy_cont 238.1
S 1789152924.824 copy_cont 237.6
S 1789152924.828 copy_cont 237.9
S 1789152924.833 copy_cont 238.0
S 1789152924.837 copy_cont 238.5
S 1789152924.842 copy_cont 238.2
S 1789152924.846 copy_cont 237.1
S 1789152924.851 copy_cont 237.8
S 1789152924.855 copy_cont 238.0
S 1789152924.860 copy_cont 238.2
S 1789152924.864 copy_cont 237.7
S 1789152924.869 copy_cont 238.1
S 1789152924.873 copy_cont 238.0
S 1789152924.878 copy_cont 238.0
S 1789152924.882 copy_cont 237.7
S 1789152924.887 copy_cont 237.9
S 1789152924.892 copy_cont 237.8
S 1789152924.896 copy_cont 237.9
S 1789152924.901 copy_cont 238.2
S 1789152924.905 copy_cont 238.1
S 1789152924.910 copy_cont 237.5
S 1789152924.914 copy_cont 238.0
S 1789152924.919 copy_cont 238.0
S 1789152924.923 copy_cont 237.8
S 1789152924.928 copy_cont 237.4
S 1789152924.932 copy_cont 238.5
S 1789152924.937 copy_cont 238.5
S 1789152924.941 copy_cont 237.7
S 1789152924.946 copy_cont 237.7
S 1789152924.950 copy_cont 237.8
S 1789152924.955 copy_cont 237.9
S 1789152924.959 copy_cont 237.9
S 1789152924.964 copy_cont 238.0
S 1789152924.968 copy_cont 238.0
S 1789152924.973 copy_cont 237.5
S 1789152924.978 copy_cont 237.9
S 1789152924.982 copy_cont 238.3
S 1789152924.987 copy_cont 237.9
S 1789152924.991 copy_cont 237.9
S 1789152924.996 copy_cont 238.5
S 1789152925.000 copy_cont 238.3
S 1789152925.005 copy_cont 237.4
S 1789152925.009 copy_cont 238.2
S 1789152925.014 copy_cont 238.6
S 1789152925.018 copy_cont 238.2
S 1789152925.023 copy_cont 237.5
S 1789152925.027 copy_cont 238.0
S 1789152925.032 copy_cont 238.3
S 1789152925.036 copy_cont 237.8
S 1789152925.041 copy_cont 238.0
S 1789152925.045 copy_cont 237.9
S 1789152925.050 copy_cont 238.1
S 1789152925.054 copy_cont 234.7
S 1789152925.060 copy_cont 198.0
S 1789152925.065 copy_cont 230.0
S 1789152925.069 copy_cont 234.9
S 1789152925.074 copy_cont 237.4
S 1789152925.078 copy_cont 238.6
S 1789152925.083 copy_cont 237.8
S 1789152925.087 copy_cont 237.4
S 1789152925.092 copy_cont 238.3
S 1789152925.096 copy_cont 238.3
S 1789152925.101 copy_cont 237.9
S 1789152925.105 copy_cont 237.9
S 1789152925.110 copy_cont 238.3
S 1789152925.114 copy_cont 237.9
S 1789152925.119 copy_cont 238.1
S 1789152925.123 copy_cont 238.1
S 1789152925.128 copy_cont 238.0
S 1789152925.133 copy_cont 237.1
S 1789152925.137 copy_cont 237.4
S 1789152925.142 copy_cont 237.9
S 1789152925.146 copy_cont 237.4
S 1789152925.151 copy_cont 237.9
S 1789152925.155 copy_cont 237.6
S 1789152925.160 copy_cont 238.4
S 1789152925.164 copy_cont 237.3
S 1789152925.169 copy_cont 238.0
S 1789152925.173 copy_cont 238.5
S 1789152925.178 copy_cont 238.1
S 1789152925.182 copy_cont 237.7
S 1789152925.187 copy_cont 238.0
S 1789152925.191 copy_cont 238.0
S 1789152925.196 copy_cont 237.6
S 1789152925.200 copy_cont 237.7
S 1789152925.205 copy_cont 237.9
S 1789152925.209 copy_cont 237.5
S 1789152925.214 copy_cont 237.5
S 1789152925.219 copy_cont 238.2
S 1789152925.223 copy_cont 237.7
S 1789152925.228 copy_cont 237.5
S 1789152925.232 copy_cont 237.6
S 1789152925.237 copy_cont 238.3
S 1789152925.241 copy_cont 237.9
S 1789152925.246 copy_cont 237.6
S 1789152925.250 copy_cont 238.2
S 1789152925.255 copy_cont 238.0
S 1789152925.259 copy_cont 237.2
S 1789152925.264 copy_cont 237.5
S 1789152925.268 copy_cont 238.4
S 1789152925.273 copy_cont 234.5
S 1789152925.278 copy_cont 221.1
S 1789152925.282 copy_cont 238.2
S 1789152925.287 copy_cont 237.9
S 1789152925.291 copy_cont 237.5
S 1789152925.296 copy_cont 237.9
S 1789152925.300 copy_cont 237.8
S 1789152925.305 copy_cont 238.0
S 1789152925.309 copy_cont 238.1
S 1789152925.314 copy_cont 238.3
S 1789152925.319 copy_cont 237.8
S 1789152925.323 copy_cont 237.5
S 1789152925.328 copy_cont 237.7
S 1789152925.332 copy_cont 238.4
S 1789152925.337 copy_cont 237.6
S 1789152925.341 copy_cont 237.7
S 1789152925.346 copy_cont 238.3
S 1789152925.350 copy_cont 238.2
S 1789152925.355 copy_cont 237.3
S 1789152925.359 copy_cont 237.5
S 1789152925.364 copy_cont 238.1
S 1789152925.368 copy_cont 238.1
S 1789152925.373 copy_cont 237.6
S 1789152925.377 copy_cont 237.8
S 1789152925.382 copy_cont 238.2
S 1789152925.386 copy_cont 237.7
S 1789152925.391 copy_cont 237.8
S 1789152925.395 copy_cont 237.9
S 1789152925.400 copy_cont 237.9
S 1789152925.405 copy_cont 238.0
S 1789152925.409 copy_cont 238.4
S 1789152925.414 copy_cont 238.4
S 1789152925.418 copy_cont 237.3
S 1789152925.423 copy_cont 237.8
S 1789152925.427 copy_cont 237.9
S 1789152925.432 copy_cont 237.7
S 1789152925.436 copy_cont 237.5
S 1789152925.441 copy_cont 238.1
S 1789152925.445 copy_cont 238.3
S 1789152925.450 copy_cont 237.6
S 1789152925.454 copy_cont 237.8
S 1789152925.459 copy_cont 237.8
S 1789152925.463 copy_cont 238.2
S 1789152925.468 copy_cont 237.5
S 1789152925.472 copy_cont 238.0
S 1789152925.477 copy_cont 238.3
S 1789152925.481 copy_cont 237.6
S 1789152925.486 copy_cont 237.9
S 1789152925.491 copy_cont 237.8
S 1789152925.495 copy_cont 237.5
S 1789152925.500 copy_cont 237.6
S 1789152925.504 copy_cont 238.2
S 1789152925.509 copy_cont 238.3
S 1789152925.513 copy_cont 238.2
S 1789152925.518 copy_cont 238.2
S 1789152925.522 copy_cont 237.9
S 1789152925.527 copy_cont 238.3
S 1789152925.531 copy_cont 238.0
S 1789152925.536 copy_cont 238.1
S 1789152925.540 copy_cont 238.0
S 1789152925.545 copy_cont 238.2
S 1789152925.549 copy_cont 237.8
S 1789152925.554 copy_cont 235.7
S 1789152925.559 copy_cont 199.7
S 1789152925.564 copy_cont 232.3
S 1789152925.568 copy_cont 238.4
S 1789152925.573 copy_cont 238.2
S 1789152925.577 copy_cont 238.0
S 1789152925.582 copy_cont 237.9
S 1789152925.586 copy_cont 238.3
S 1789152925.591 copy_cont 238.1
S 1789152925.596 copy_cont 237.6
S 1789152925.600 copy_cont 237.9
S 1789152925.605 copy_cont 237.8
S 1789152925.609 copy_cont 237.6
S 1789152925.614 copy_cont 237.8
S 1789152925.618 copy_cont 238.4
S 1789152925.623 copy_cont 238.2
S 1789152925.627 copy_cont 237.3
S 1789152925.632 copy_cont 238.0
S 1789152925.636 copy_cont 238.3
S 1789152925.641 copy_cont 237.7
S 1789152925.645 copy_cont 237.4
S 1789152925.650 copy_cont 238.3
S 1789152925.654 copy_cont 238.4
S 1789152925.659 copy_cont 238.1
S 1789152925.663 copy_cont 237.6
S 1789152925.668 copy_cont 237.9
S 1789152925.672 copy_cont 237.9
S 1789152925.677 copy_cont 238.2
S 1789152925.682 copy_cont 238.2
S 1789152925.686 copy_cont 238.2
S 1789152925.691 copy_cont 237.6
S 1789152925.695 copy_cont 237.9
S 1789152925.700 copy_cont 237.9
S 1789152925.704 copy_cont 237.3
S 1789152925.709 copy_cont 238.0
S 1789152925.713 copy_cont 238.6
S 1789152925.718 copy_cont 238.5
S 1789152925.722 copy_cont 238.0
S 1789152925.727 copy_cont 238.0
S 1789152925.731 copy_cont 237.6
S 1789152925.736 copy_cont 237.9
S 1789152925.740 copy_cont 237.4
S 1789152925.745 copy_cont 237.5
S 1789152925.749 copy_cont 238.5
S 1789152925.754 copy_cont 237.9
S 1789152925.758 copy_cont 238.1
S 1789152925.763 copy_cont 237.9
S 1789152925.767 copy_cont 237.2
S 1789152925.772 copy_cont 237.7
S 1789152925.777 copy_cont 238.4
S 1789152925.781 copy_cont 238.3
S 1789152925.786 copy_cont 237.5
S 1789152925.790 copy_cont 238.0
S 1789152925.795 copy_cont 238.4
S 1789152925.799 copy_cont 237.4
S 1789152925.804 copy_cont 237.9
S 1789152925.808 copy_cont 237.7
S 1789152925.813 copy_cont 238.4
S 1789152925.817 copy_cont 238.2
S 1789152925.822 copy_cont 237.9
S 1789152925.826 copy_cont 238.0
S 1789152925.831 copy_cont 238.1
S 1789152925.835 copy_cont 237.8
S 1789152925.840 copy_cont 238.2
S 1789152925.844 copy_cont 237.7
S 1789152925.849 copy_cont 237.8
S 1789152925.853 copy_cont 238.1
S 1789152925.858 copy_cont 238.4
S 1789152925.862 copy_cont 237.7
S 1789152925.867 copy_cont 237.3
S 1789152925.872 copy_cont 238.3
S 1789152925.876 copy_cont 238.6
S 1789152925.881 copy_cont 237.7
S 1789152925.885 copy_cont 237.6
S 1789152925.890 copy_cont 238.5
S 1789152925.894 copy_cont 238.2
S 1789152925.899 copy_cont 237.6
S 1789152925.903 copy_cont 237.8
S 1789152925.908 copy_cont 238.0
S 1789152925.912 copy_cont 237.9
S 1789152925.917 copy_cont 238.4
S 1789152925.921 copy_cont 238.0
S 1789152925.926 copy_cont 237.6
S 1789152925.930 copy_cont 237.8
S 1789152925.935 copy_cont 238.3
S 1789152925.939 copy_cont 238.3
S 1789152925.944 copy_cont 237.3
S 1789152925.948 copy_cont 237.9
S 1789152925.953 copy_cont 238.2
S 1789152925.957 copy_cont 237.8
S 1789152925.962 copy_cont 237.7
S 1789152925.967 copy_cont 237.7
S 1789152925.971 copy_cont 238.0
S 1789152925.976 copy_cont 237.5
S 1789152925.980 copy_cont 238.2
S 1789152925.985 copy_cont 238.1
S 1789152925.989 copy_cont 238.3
S 1789152925.994 copy_cont 237.7
S 1789152925.998 copy_cont 238.0
S 1789152926.003 copy_cont 238.2
S 1789152926.007 copy_cont 237.4
S 1789152926.012 copy_cont 237.8
S 1789152926.016 copy_cont 238.2
S 1789152926.021 copy_cont 237.9
S 1789152926.025 copy_cont 238.2
S 1789152926.030 copy_cont 238.0
S 1789152926.034 copy_cont 238.7
S 1789152926.039 copy_cont 237.4
S 1789152926.043 copy_cont 238.1
S 1789152926.048 copy_cont 237.8
S 1789152926.053 copy_cont 238.1
S 1789152926.057 copy_cont 222.2
S 1789152926.062 copy_cont 210.8
S 1789152926.067 copy_cont 234.8
S 1789152926.072 copy_cont 236.5
S 1789152926.076 copy_cont 234.4
S 1789152926.081 copy_cont 234.6
S 1789152926.085 copy_cont 235.2
S 1789152926.090 copy_cont 235.7
S 1789152926.094 copy_cont 237.8
S 1789152926.099 copy_cont 238.0
S 1789152926.103 copy_cont 237.8
S 1789152926.108 copy_cont 238.0
S 1789152926.113 copy_cont 238.0
S 1789152926.117 copy_cont 238.1
S 1789152926.122 copy_cont 237.8
S 1789152926.126 copy_cont 238.0
S 1789152926.131 copy_cont 238.4
S 1789152926.135 copy_cont 238.2
S 1789152926.140 copy_cont 237.9
S 1789152926.144 copy_cont 237.8
S 1789152926.149 copy_cont 238.1
S 1789152926.153 copy_cont 237.9
S 1789152926.158 copy_cont 238.2
S 1789152926.162 copy_cont 237.9
S 1789152926.167 copy_cont 236.9
S 1789152926.171 copy_cont 236.9
S 1789152926.176 copy_cont 238.2
S 1789152926.180 copy_cont 238.1
S 1789152926.185 copy_cont 237.2
S 1789152926.189 copy_cont 237.9
S 1789152926.194 copy_cont 238.1
S 1789152926.199 copy_cont 237.8
S 1789152926.203 copy_cont 237.7
S 1789152926.208 copy_cont 237.8
S 1789152926.212 copy_cont 237.8
S 1789152926.217 copy_cont 237.4
S 1789152926.221 copy_cont 238.0
S 1789152926.226 copy_cont 237.9
S 1789152926.230 copy_cont 237.5
S 1789152926.235 copy_cont 237.9
S 1789152926.239 copy_cont 237.8
S 1789152926.244 copy_cont 238.3
S 1789152926.248 copy_cont 237.6
S 1789152926.253 copy_cont 238.1
S 1789152926.257 copy_cont 238.2
S 1789152926.262 copy_cont 237.8
S 1789152926.266 copy_cont 238.1
S 1789152926.271 copy_cont 238.7
S 1789152926.276 copy_cont 232.0
S 1789152926.280 copy_cont 237.9
S 1789152926.285 copy_cont 238.2
S 1789152926.289 copy_cont 238.1
S 1789152926.294 copy_cont 237.5
S 1789152926.298 copy_cont 237.9
S 1789152926.303 copy_cont 237.9
S 1789152926.307 copy_cont 237.7
S 1789152926.312 copy_cont 238.1
S 1789152926.316 copy_cont 237.3
S 1789152926.321 copy_cont 238.4
S 1789152926.325 copy_cont 238.1
S 1789152926.330 copy_cont 238.0
S 1789152926.334 copy_cont 238.5
S 1789152926.339 copy_cont 237.7
S 1789152926.343 copy_cont 237.7
S 1789152926.348 copy_cont 238.0
S 1789152926.352 copy_cont 238.3
S 1789152926.357 copy_cont 237.5
S 1789152926.362 copy_cont 237.5
S 1789152926.366 copy_cont 238.3
S 1789152926.371 copy_cont 237.9
S 1789152926.375 copy_cont 237.6
S 1789152926.380 copy_cont 238.3
S 1789152926.384 copy_cont 238.2
S 1789152926.389 copy_cont 237.7
S 1789152926.393 copy_cont 237.4
S 1789152926.398 copy_cont 238.0
S 1789152926.402 copy_cont 237.9
S 1789152926.407 copy_cont 237.4
S 1789152926.411 copy_cont 238.2
S 1789152926.416 copy_cont 238.0
S 1789152926.420 copy_cont 237.6
S 1789152926.425 copy_cont 237.9
S 1789152926.429 copy_cont 238.2
S 1789152926.434 copy_cont 238.2
S 1789152926.438 copy_cont 237.4
S 1789152926.443 copy_cont 238.1
S 1789152926.448 copy_cont 238.0
S 1789152926.452 copy_cont 237.8
S 1789152926.457 copy_cont 237.5
S 1789152926.461 copy_cont 238.1
S 1789152926.466 copy_cont 238.4
S 1789152926.470 copy_cont 237.7
S 1789152926.475 copy_cont 237.0
S 1789152926.479 copy_cont 238.3
S 1789152926.484 copy_cont 237.8
S 1789152926.488 copy_cont 237.9
S 1789152926.493 copy_cont 238.2
S 1789152926.497 copy_cont 238.5
S 1789152926.502 copy_cont 237.4
S 1789152926.506 copy_cont 238.1
S 1789152926.511 copy_cont 237.9
S 1789152926.515 copy_cont 236.8
S 1789152926.520 copy_cont 237.8
S 1789152926.524 copy_cont 237.9
S 1789152926.529 copy_cont 238.3
S 1789152926.534 copy_cont 237.7
S 1789152926.538 copy_cont 237.8
S 1789152926.543 copy_cont 237.9
S 1789152926.547 copy_cont 238.1
S 1789152926.552 copy_cont 238.1
S 1789152926.556 copy_cont 224.1
S 1789152926.562 copy_cont 208.4
S 1789152926.566 copy_cont 234.8
S 1789152926.571 copy_cont 237.9
S 1789152926.575 copy_cont 237.7
S 1789152926.580 copy_cont 238.1
S 1789152926.584 copy_cont 237.8
S 1789152926.589 copy_cont 237.9
S 1789152926.593 copy_cont 238.3
S 1789152926.598 copy_cont 237.7
S 1789152926.602 copy_cont 238.2
S 1789152926.607 copy_cont 237.6
S 1789152926.611 copy_cont 237.5
S 1789152926.616 copy_cont 237.9
S 1789152926.620 copy_cont 238.3
S 1789152926.625 copy_cont 237.7
S 1789152926.630 copy_cont 238.0
S 1789152926.634 copy_cont 238.0
S 1789152926.639 copy_cont 238.0
S 1789152926.643 copy_cont 237.4
S 1789152926.648 copy_cont 237.8
S 1789152926.652 copy_cont 238.3
S 1789152926.657 copy_cont 238.2
S 1789152926.661 copy_cont 237.8
S 1789152926.666 copy_cont 237.7
S 1789152926.670 copy_cont 238.2
S 1789152926.675 copy_cont 237.7
S 1789152926.679 copy_cont 237.9
S 1789152926.684 copy_cont 237.9
S 1789152926.688 copy_cont 237.9
S 1789152926.693 copy_cont 237.6
S 1789152926.697 copy_cont 237.9
S 1789152926.702 copy_cont 237.8
S 1789152926.706 copy_cont 237.5
S 1789152926.711 copy_cont 237.8
S 1789152926.716 copy_cont 238.6
S 1789152926.720 copy_cont 238.1
S 1789152926.725 copy_cont 238.0
S 1789152926.729 copy_cont 237.9
S 1789152926.734 copy_cont 238.3
S 1789152926.738 copy_cont 237.7
S 1789152926.743 copy_cont 237.8
S 1789152926.747 copy_cont 237.6
S 1789152926.752 copy_cont 238.1
S 1789152926.756 copy_cont 237.8
S 1789152926.761 copy_cont 237.9
S 1789152926.765 copy_cont 238.2
S 1789152926.770 copy_cont 238.1
S 1789152926.774 copy_cont 237.6
S 1789152926.779 copy_cont 238.1
S 1789152926.783 copy_cont 238.1
S 1789152926.788 copy_cont 237.6
S 1789152926.792 copy_cont 238.3
S 1789152926.797 copy_cont 238.2
S 1789152926.801 copy_cont 237.7
S 1789152926.806 copy_cont 237.5
S 1789152926.811 copy_cont 238.3
S 1789152926.815 copy_cont 237.6
S 1789152926.820 copy_cont 238.0
S 1789152926.824 copy_cont 238.0
S 1789152926.829 copy_cont 237.8
S 1789152926.833 copy_cont 237.8
S 1789152926.838 copy_cont 237.9
S 1789152926.842 copy_cont 238.0
S 1789152926.847 copy_cont 237.8
S 1789152926.851 copy_cont 237.3
S 1789152926.856 copy_cont 238.2
S 1789152926.860 copy_cont 238.0
S 1789152926.865 copy_cont 237.9
S 1789152926.869 copy_cont 238.1
S 1789152926.874 copy_cont 238.3
S 1789152926.878 copy_cont 238.4
S 1789152926.883 copy_cont 237.1
S 1789152926.887 copy_cont 237.7
S 1789152926.892 copy_cont 238.6
S 1789152926.897 copy_cont 238.2
S 1789152926.901 copy_cont 237.7
S 1789152926.906 copy_cont 238.0
S 1789152926.910 copy_cont 238.1
S 1789152926.915 copy_cont 237.6
S 1789152926.919 copy_cont 238.1
S 1789152926.924 copy_cont 237.9
S 1789152926.928 copy_cont 237.5
S 1789152926.933 copy_cont 238.2
S 1789152926.937 copy_cont 238.3
S 1789152926.942 copy_cont 238.3
S 1789152926.946 copy_cont 237.5
S 1789152926.951 copy_cont 237.4
S 1789152926.955 copy_cont 238.2
S 1789152926.960 copy_cont 238.1
S 1789152926.964 copy_cont 237.8
S 1789152926.969 copy_cont 238.1
S 1789152926.973 copy_cont 238.0
S 1789152926.978 copy_cont 237.7
S 1789152926.982 copy_cont 237.8
S 1789152926.987 copy_cont 237.7
S 1789152926.992 copy_cont 238.7
S 1789152926.996 copy_cont 237.9
S 1789152927.001 copy_cont 237.7
S 1789152927.005 copy_cont 238.1
S 1789152927.010 copy_cont 237.7
S 1789152927.014 copy_cont 238.0
S 1789152927.019 copy_cont 237.7
S 1789152927.023 copy_cont 237.5
S 1789152927.028 copy_cont 237.4
S 1789152927.032 copy_cont 238.0
S 1789152927.037 copy_cont 238.4
S 1789152927.041 copy_cont 237.8
S 1789152927.046 copy_cont 237.7
S 1789152927.050 copy_cont 238.4
S 1789152927.055 copy_cont 234.7
S 1789152927.060 copy_cont 212.6
S 1789152927.065 copy_cont 229.1
S 1789152927.069 copy_cont 235.6
S 1789152927.074 copy_cont 237.4
S 1789152927.078 copy_cont 238.1
S 1789152927.083 copy_cont 238.4
S 1789152927.087 copy_cont 237.9
S 1789152927.092 copy_cont 238.6
S 1789152927.097 copy_cont 238.1
S 1789152927.101 copy_cont 238.3
S 1789152927.106 copy_cont 237.3
S 1789152927.110 copy_cont 238.0
S 1789152927.115 copy_cont 238.6
S 1789152927.119 copy_cont 238.3
S 1789152927.124 copy_cont 237.9
S 1789152927.128 copy_cont 238.2
S 1789152927.133 copy_cont 238.5
S 1789152927.137 copy_cont 237.9
S 1789152927.142 copy_cont 237.4
S 1789152927.146 copy_cont 237.7
S 1789152927.151 copy_cont 237.9
S 1789152927.155 copy_cont 237.2
S 1789152927.160 copy_cont 238.3
S 1789152927.164 copy_cont 237.8
S 1789152927.169 copy_cont 237.9
S 1789152927.173 copy_cont 237.7
S 1789152927.178 copy_cont 238.0
S 1789152927.182 copy_cont 238.1
S 1789152927.187 copy_cont 237.7
S 1789152927.192 copy_cont 237.9
S 1789152927.196 copy_cont 238.4
S 1789152927.201 copy_cont 237.8
S 1789152927.205 copy_cont 238.0
S 1789152927.210 copy_cont 238.2
S 1789152927.214 copy_cont 238.4
S 1789152927.219 copy_cont 237.5
S 1789152927.223 copy_cont 237.8
S 1789152927.228 copy_cont 238.1
S 1789152927.232 copy_cont 238.1
S 1789152927.237 copy_cont 237.9
S 1789152927.241 copy_cont 237.9
S 1789152927.246 copy_cont 238.1
S 1789152927.250 copy_cont 238.2
S 1789152927.255 copy_cont 237.8
S 1789152927.259 copy_cont 238.2
S 1789152927.264 copy_cont 237.9
S 1789152927.268 copy_cont 237.6
S 1789152927.273 copy_cont 236.4
S 1789152927.278 copy_cont 233.6
S 1789152927.282 copy_cont 237.5
S 1789152927.287 copy_cont 238.2
S 1789152927.291 copy_cont 238.1
S 1789152927.296 copy_cont 237.5
S 1789152927.300 copy_cont 237.8
S 1789152927.305 copy_cont 238.1
S 1789152927.309 copy_cont 238.4
S 1789152927.314 copy_cont 237.9
S 1789152927.318 copy_cont 237.6
S 1789152927.323 copy_cont 237.6
S 1789152927.327 copy_cont 237.9
S 1789152927.332 copy_cont 238.1
S 1789152927.336 copy_cont 237.7
S 1789152927.341 copy_cont 238.6
S 1789152927.345 copy_cont 237.8
S 1789152927.350 copy_cont 237.9
S 1789152927.355 copy_cont 238.6
S 1789152927.359 copy_cont 237.2
S 1789152927.364 copy_cont 237.9
S 1789152927.368 copy_cont 238.1
S 1789152927.373 copy_cont 238.5
S 1789152927.377 copy_cont 237.5
S 1789152927.382 copy_cont 237.8
S 1789152927.386 copy_cont 238.5
S 1789152927.391 copy_cont 238.0
S 1789152927.395 copy_cont 237.6
S 1789152927.400 copy_cont 238.0
S 1789152927.404 copy_cont 238.4
S 1789152927.409 copy_cont 237.8
S 1789152927.413 copy_cont 238.2
S 1789152927.418 copy_cont 238.1
S 1789152927.422 copy_cont 237.8
S 1789152927.427 copy_cont 237.6
S 1789152927.431 copy_cont 237.9
S 1789152927.436 copy_cont 238.2
S 1789152927.440 copy_cont 237.5
S 1789152927.445 copy_cont 238.1
S 1789152927.450 copy_cont 238.1
S 1789152927.454 copy_cont 237.6
S 1789152927.459 copy_cont 237.2
S 1789152927.463 copy_cont 238.2
S 1789152927.468 copy_cont 238.0
S 1789152927.472 copy_cont 238.4
S 1789152927.477 copy_cont 238.0
S 1789152927.481 copy_cont 237.9
S 1789152927.486 copy_cont 238.1
S 1789152927.490 copy_cont 238.0
S 1789152927.495 copy_cont 238.2
S 1789152927.499 copy_cont 237.5
S 1789152927.504 copy_cont 237.6
S 1789152927.508 copy_cont 237.8
S 1789152927.513 copy_cont 238.3
S 1789152927.517 copy_cont 237.2
S 1789152927.522 copy_cont 237.7
S 1789152927.526 copy_cont 238.0
S 1789152927.531 copy_cont 238.1
S 1789152927.536 copy_cont 237.4
S 1789152927.540 copy_cont 237.8
S 1789152927.545 copy_cont 238.1
S 1789152927.549 copy_cont 238.0
S 1789152927.554 copy_cont 238.2
S 1789152927.559 copy_cont 220.3
S 1789152927.564 copy_cont 211.2
S 1789152927.568 copy_cont 235.8
S 1789152927.573 copy_cont 238.5
S 1789152927.577 copy_cont 238.5
S 1789152927.582 copy_cont 237.8
S 1789152927.586 copy_cont 237.4
S 1789152927.591 copy_cont 238.2
S 1789152927.595 copy_cont 238.0
S 1789152927.600 copy_cont 237.7
S 1789152927.604 copy_cont 237.9
S 1789152927.609 copy_cont 237.5
S 1789152927.613 copy_cont 238.3
S 1789152927.618 copy_cont 237.9
S 1789152927.622 copy_cont 238.1
S 1789152927.627 copy_cont 238.0
S 1789152927.632 copy_cont 237.7
S 1789152927.636 copy_cont 238.3
S 1789152927.641 copy_cont 238.2
S 1789152927.645 copy_cont 237.7
S 1789152927.650 copy_cont 237.9
S 1789152927.654 copy_cont 238.5
S 1789152927.659 copy_cont 238.1
S 1789152927.663 copy_cont 237.5
S 1789152927.668 copy_cont 237.7
S 1789152927.672 copy_cont 238.2
S 1789152927.677 copy_cont 238.5
S 1789152927.681 copy_cont 237.8
S 1789152927.686 copy_cont 238.1
S 1789152927.690 copy_cont 238.1
S 1789152927.695 copy_cont 237.3
S 1789152927.699 copy_cont 237.9
S 1789152927.704 copy_cont 238.5
S 1789152927.708 copy_cont 237.5
S 1789152927.713 copy_cont 238.0
S 1789152927.717 copy_cont 238.2
S 1789152927.722 copy_cont 237.8
S 1789152927.727 copy_cont 237.5
S 1789152927.731 copy_cont 237.8
S 1789152927.736 copy_cont 238.6
S 1789152927.740 copy_cont 237.8
S 1789152927.745 copy_cont 237.9
S 1789152927.749 copy_cont 238.1
S 1789152927.754 copy_cont 238.5
S 1789152927.758 copy_cont 237.6
S 1789152927.763 copy_cont 237.4
S 1789152927.767 copy_cont 237.7
S 1789152927.772 copy_cont 238.2
S 1789152927.776 copy_cont 237.6
S 1789152927.781 copy_cont 237.8
S 1789152927.785 copy_cont 237.8
S 1789152927.790 copy_cont 238.2
S 1789152927.794 copy_cont 237.9
S 1789152927.799 copy_cont 237.7
S 1789152927.803 copy_cont 238.2
S 1789152927.808 copy_cont 237.6
S 1789152927.813 copy_cont 238.2
S 1789152927.817 copy_cont 238.5
S 1789152927.822 copy_cont 237.9
S 1789152927.826 copy_cont 237.6
S 1789152927.831 copy_cont 238.3
S 1789152927.835 copy_cont 238.1
S 1789152927.840 copy_cont 238.0
S 1789152927.844 copy_cont 238.3
S 1789152927.849 copy_cont 238.0
S 1789152927.853 copy_cont 238.0
S 1789152927.858 copy_cont 237.9
S 1789152927.862 copy_cont 238.0
S 1789152927.867 copy_cont 237.7
S 1789152927.871 copy_cont 238.0
S 1789152927.876 copy_cont 238.3
S 1789152927.880 copy_cont 238.2
S 1789152927.885 copy_cont 238.1
S 1789152927.889 copy_cont 237.8
S 1789152927.894 copy_cont 238.3
S 1789152927.898 copy_cont 238.3
S 1789152927.903 copy_cont 237.1
S 1789152927.908 copy_cont 237.6
S 1789152927.912 copy_cont 238.1
S 1789152927.917 copy_cont 237.8
S 1789152927.921 copy_cont 237.9
S 1789152927.926 copy_cont 237.9
S 1789152927.930 copy_cont 238.3
S 1789152927.935 copy_cont 237.6
S 1789152927.939 copy_cont 238.3
S 1789152927.944 copy_cont 238.3
S 1789152927.948 copy_cont 237.6
S 1789152927.953 copy_cont 238.0
S 1789152927.957 copy_cont 238.6
S 1789152927.962 copy_cont 238.3
S 1789152927.966 copy_cont 237.4
S 1789152927.971 copy_cont 238.2
S 1789152927.975 copy_cont 238.8
S 1789152927.980 copy_cont 237.8
S 1789152927.984 copy_cont 237.9
S 1789152927.989 copy_cont 237.8
S 1789152927.993 copy_cont 238.6
S 1789152927.998 copy_cont 237.9
S 1789152928.002 copy_cont 237.8
S 1789152928.007 copy_cont 238.1
S 1789152928.012 copy_cont 238.0
S 1789152928.016 copy_cont 237.9
S 1789152928.021 copy_cont 238.1
S 1789152928.025 copy_cont 238.0
S 1789152928.030 copy_cont 237.3
S 1789152928.034 copy_cont 237.8
S 1789152928.039 copy_cont 238.3
S 1789152928.043 copy_cont 238.2
S 1789152928.048 copy_cont 238.2
S 1789152928.052 copy_cont 238.3
S 1789152928.057 copy_cont 234.1
S 1789152928.062 copy_cont 202.0
S 1789152928.067 copy_cont 232.4
S 1789152928.071 copy_cont 236.4
S 1789152928.076 copy_cont 234.4
S 1789152928.081 copy_cont 234.6
S 1789152928.085 copy_cont 235.4
S 1789152928.090 copy_cont 236.7
S 1789152928.094 copy_cont 237.3
S 1789152928.099 copy_cont 237.6
S 1789152928.103 copy_cont 237.6
S 1789152928.108 copy_cont 237.7
S 1789152928.112 copy_cont 237.9
S 1789152928.117 copy_cont 238.7
S 1789152928.121 copy_cont 238.3
S 1789152928.126 copy_cont 237.4
S 1789152928.130 copy_cont 237.2
S 1789152928.135 copy_cont 236.9
S 1789152928.140 copy_cont 235.8
S 1789152928.144 copy_cont 235.9
S 1789152928.149 copy_cont 236.0
S 1789152928.153 copy_cont 236.9
S 1789152928.158 copy_cont 236.9
S 1789152928.162 copy_cont 236.5
S 1789152928.167 copy_cont 237.0
S 1789152928.171 copy_cont 237.6
S 1789152928.176 copy_cont 237.3
S 1789152928.180 copy_cont 237.0
S 1789152928.185 copy_cont 237.5
S 1789152928.190 copy_cont 236.8
S 1789152928.194 copy_cont 234.3
S 1789152928.199 copy_cont 234.3
S 1789152928.203 copy_cont 236.7
S 1789152928.208 copy_cont 236.8
S 1789152928.212 copy_cont 236.7
S 1789152928.217 copy_cont 235.5
S 1789152928.222 copy_cont 234.4
S 1789152928.226 copy_cont 233.4
S 1789152928.231 copy_cont 232.1
S 1789152928.235 copy_cont 233.8
S 1789152928.240 copy_cont 235.4
S 1789152928.245 copy_cont 234.3
S 1789152928.249 copy_cont 232.1
S 1789152928.254 copy_cont 231.4
S 1789152928.258 copy_cont 232.7
S 1789152928.263 copy_cont 229.7
S 1789152928.268 copy_cont 229.5
S 1789152928.272 copy_cont 235.0
S 1789152928.277 copy_cont 231.2
S 1789152928.282 copy_cont 235.4
S 1789152928.286 copy_cont 233.6
S 1789152928.291 copy_cont 233.9
S 1789152928.295 copy_cont 236.6
S 1789152928.300 copy_cont 234.8
S 1789152928.305 copy_cont 233.3
S 1789152928.309 copy_cont 233.8
S 1789152928.314 copy_cont 236.3
S 1789152928.318 copy_cont 236.2
S 1789152928.323 copy_cont 234.2
S 1789152928.328 copy_cont 233.3
S 1789152928.332 copy_cont 233.5
S 1789152928.337 copy_cont 232.9
S 1789152928.341 copy_cont 234.1
S 1789152928.346 copy_cont 234.7
S 1789152928.351 copy_cont 234.6
S 1789152928.355 copy_cont 234.1
S 1789152928.360 copy_cont 234.0
S 1789152928.364 copy_cont 234.3
S 1789152928.369 copy_cont 233.6
S 1789152928.374 copy_cont 236.3
S 1789152928.378 copy_cont 235.3
S 1789152928.383 copy_cont 235.1
S 1789152928.387 copy_cont 236.6
S 1789152928.392 copy_cont 236.2
S 1789152928.396 copy_cont 234.0
S 1789152928.401 copy_cont 234.5
S 1789152928.406 copy_cont 236.7
S 1789152928.410 copy_cont 237.0
S 1789152928.415 copy_cont 237.1
S 1789152928.419 copy_cont 236.3
S 1789152928.424 copy_cont 237.5
S 1789152928.428 copy_cont 234.9
S 1789152928.433 copy_cont 233.7
S 1789152928.437 copy_cont 233.8
S 1789152928.442 copy_cont 236.7
S 1789152928.447 copy_cont 237.2
S 1789152928.451 copy_cont 236.9
S 1789152928.456 copy_cont 236.7
S 1789152928.460 copy_cont 237.0
S 1789152928.465 copy_cont 234.7
S 1789152928.469 copy_cont 234.9
S 1789152928.474 copy_cont 235.5
S 1789152928.478 copy_cont 236.7
S 1789152928.483 copy_cont 238.0
S 1789152928.488 copy_cont 238.6
S 1789152928.492 copy_cont 238.0
S 1789152928.497 copy_cont 237.6
S 1789152928.501 copy_cont 236.4
S 1789152928.506 copy_cont 236.5
S 1789152928.510 copy_cont 236.0
S 1789152928.515 copy_cont 236.9
S 1789152928.519 copy_cont 236.7
S 1789152928.524 copy_cont 236.7
S 1789152928.528 copy_cont 236.8
S 1789152928.533 copy_cont 235.6
S 1789152928.538 copy_cont 236.0
S 1789152928.542 copy_cont 236.4
S 1789152928.547 copy_cont 236.9
S 1789152928.551 copy_cont 237.3
S 1789152928.556 copy_cont 235.3
S 1789152928.561 copy_cont 199.3
S 1789152928.566 copy_cont 232.3
S 1789152928.570 copy_cont 233.5
S 1789152928.575 copy_cont 234.7
S 1789152928.580 copy_cont 236.3
S 1789152928.584 copy_cont 235.2
S 1789152928.589 copy_cont 235.4
S 1789152928.593 copy_cont 236.8
S 1789152928.598 copy_cont 236.6
S 1789152928.602 copy_cont 234.8
S 1789152928.607 copy_cont 235.4
S 1789152928.612 copy_cont 234.7
S 1789152928.616 copy_cont 235.5
S 1789152928.621 copy_cont 236.1
S 1789152928.625 copy_cont 236.4
S 1789152928.630 copy_cont 236.0
S 1789152928.634 copy_cont 235.6
S 1789152928.639 copy_cont 235.7
S 1789152928.644 copy_cont 236.7
S 1789152928.648 copy_cont 236.7
S 1789152928.653 copy_cont 236.3
S 1789152928.657 copy_cont 238.3
S 1789152928.662 copy_cont 238.5
S 1789152928.666 copy_cont 234.5
S 1789152928.671 copy_cont 236.8
S 1789152928.675 copy_cont 236.4
S 1789152928.680 copy_cont 236.9
S 1789152928.684 copy_cont 235.8
S 1789152928.689 copy_cont 235.9
S 1789152928.694 copy_cont 236.9
S 1789152928.698 copy_cont 235.3
S 1789152928.703 copy_cont 236.7
S 1789152928.707 copy_cont 236.9
S 1789152928.712 copy_cont 237.4
S 1789152928.716 copy_cont 237.1
S 1789152928.721 copy_cont 235.3
S 1789152928.725 copy_cont 236.1
S 1789152928.730 copy_cont 234.7
S 1789152928.735 copy_cont 235.5
S 1789152928.739 copy_cont 236.0
S 1789152928.744 copy_cont 236.1
S 1789152928.748 copy_cont 237.1
S 1789152928.753 copy_cont 237.4
S 1789152928.757 copy_cont 238.0
S 1789152928.762 copy_cont 237.3
S 1789152928.766 copy_cont 237.3
S 1789152928.771 copy_cont 238.1
S 1789152928.775 copy_cont 238.1
S 1789152928.780 copy_cont 237.8
S 1789152928.784 copy_cont 238.5
S 1789152928.789 copy_cont 237.6
S 1789152928.794 copy_cont 237.4
S 1789152928.798 copy_cont 237.8
S 1789152928.803 copy_cont 238.1
S 1789152928.807 copy_cont 237.7
S 1789152928.812 copy_cont 237.7
S 1789152928.816 copy_cont 238.4
S 1789152928.821 copy_cont 237.8
S 1789152928.825 copy_cont 238.1
S 1789152928.830 copy_cont 237.3
S 1789152928.834 copy_cont 238.2
S 1789152928.839 copy_cont 238.1
S 1789152928.843 copy_cont 237.5
S 1789152928.848 copy_cont 237.8
S 1789152928.852 copy_cont 238.3
S 1789152928.857 copy_cont 237.3
S 1789152928.861 copy_cont 237.8
S 1789152928.866 copy_cont 238.4
S 1789152928.870 copy_cont 237.7
S 1789152928.875 copy_cont 237.9
S 1789152928.880 copy_cont 238.2
S 1789152928.884 copy_cont 238.3
S 1789152928.889 copy_cont 237.2
S 1789152928.893 copy_cont 237.9
S 1789152928.898 copy_cont 238.2
S 1789152928.902 copy_cont 237.9
S 1789152928.907 copy_cont 237.5
S 1789152928.911 copy_cont 238.5
S 1789152928.916 copy_cont 238.2
S 1789152928.920 copy_cont 237.8
S 1789152928.925 copy_cont 237.2
S 1789152928.929 copy_cont 237.8
S 1789152928.934 copy_cont 238.1
S 1789152928.938 copy_cont 237.8
S 1789152928.943 copy_cont 238.1
S 1789152928.947 copy_cont 238.2
S 1789152928.952 copy_cont 237.9
S 1789152928.956 copy_cont 237.8
S 1789152928.961 copy_cont 237.7
S 1789152928.966 copy_cont 238.0
S 1789152928.970 copy_cont 237.4
S 1789152928.975 copy_cont 237.7
S 1789152928.979 copy_cont 238.3
S 1789152928.984 copy_cont 237.2
S 1789152928.988 copy_cont 236.7
S 1789152928.993 copy_cont 237.8
S 1789152928.997 copy_cont 238.5
S 1789152929.002 copy_cont 237.6
S 1789152929.006 copy_cont 237.7
S 1789152929.011 copy_cont 238.5
S 1789152929.015 copy_cont 237.5
S 1789152929.020 copy_cont 237.3
S 1789152929.024 copy_cont 238.5
S 1789152929.029 copy_cont 237.4
S 1789152929.033 copy_cont 237.6
S 1789152929.038 copy_cont 237.7
S 1789152929.042 copy_cont 238.2
S 1789152929.047 copy_cont 237.6
S 1789152929.052 copy_cont 237.8
S 1789152929.056 copy_cont 236.5
S 1789152929.061 copy_cont 220.6
S 1789152929.066 copy_cont 208.5
S 1789152929.071 copy_cont 234.3
S 1789152929.075 copy_cont 235.5
S 1789152929.080 copy_cont 236.5
S 1789152929.084 copy_cont 236.8
S 1789152929.089 copy_cont 236.8
S 1789152929.093 copy_cont 236.9
S 1789152929.098 copy_cont 238.0
S 1789152929.103 copy_cont 238.0
S 1789152929.107 copy_cont 238.5
S 1789152929.112 copy_cont 237.8
S 1789152929.116 copy_cont 238.2
S 1789152929.121 copy_cont 238.3
S 1789152929.125 copy_cont 238.0
S 1789152929.130 copy_cont 237.6
S 1789152929.134 copy_cont 238.0
S 1789152929.139 copy_cont 238.6
S 1789152929.143 copy_cont 237.5
S 1789152929.148 copy_cont 237.1
S 1789152929.152 copy_cont 237.8
S 1789152929.157 copy_cont 237.9
S 1789152929.161 copy_cont 236.7
S 1789152929.166 copy_cont 237.5
S 1789152929.170 copy_cont 238.4
S 1789152929.175 copy_cont 238.0
S 1789152929.179 copy_cont 238.0
S 1789152929.184 copy_cont 238.1
S 1789152929.189 copy_cont 238.0
S 1789152929.193 copy_cont 237.3
S 1789152929.198 copy_cont 238.0
S 1789152929.202 copy_cont 238.1
S 1789152929.207 copy_cont 238.1
S 1789152929.211 copy_cont 237.6
S 1789152929.216 copy_cont 238.0
S 1789152929.220 copy_cont 238.4
S 1789152929.225 copy_cont 237.5
S 1789152929.229 copy_cont 237.4
S 1789152929.234 copy_cont 237.9
S 1789152929.238 copy_cont 237.9
S 1789152929.243 copy_cont 237.7
S 1789152929.247 copy_cont 238.0
S 1789152929.252 copy_cont 238.3
S 1789152929.256 copy_cont 237.7
S 1789152929.261 copy_cont 237.9
S 1789152929.265 copy_cont 238.1
S 1789152929.270 copy_cont 237.8
S 1789152929.275 copy_cont 232.8
S 1789152929.279 copy_cont 237.7
S 1789152929.284 copy_cont 238.1
S 1789152929.288 copy_cont 237.5
S 1789152929.293 copy_cont 238.0
S 1789152929.297 copy_cont 237.8
S 1789152929.302 copy_cont 237.9
S 1789152929.306 copy_cont 237.8
S 1789152929.311 copy_cont 238.5
S 1789152929.315 copy_cont 238.7
S 1789152929.320 copy_cont 237.5
S 1789152929.324 copy_cont 238.0
S 1789152929.329 copy_cont 238.6
S 1789152929.333 copy_cont 237.2
S 1789152929.338 copy_cont 237.7
S 1789152929.342 copy_cont 238.0
S 1789152929.347 copy_cont 238.0
S 1789152929.352 copy_cont 237.9
S 1789152929.356 copy_cont 237.5
S 1789152929.361 copy_cont 238.5
S 1789152929.365 copy_cont 237.1
S 1789152929.370 copy_cont 238.0
S 1789152929.374 copy_cont 238.0
S 1789152929.379 copy_cont 237.9
S 1789152929.383 copy_cont 237.8
S 1789152929.388 copy_cont 237.7
S 1789152929.392 copy_cont 238.0
S 1789152929.397 copy_cont 237.3
S 1789152929.401 copy_cont 237.4
S 1789152929.406 copy_cont 238.4
S 1789152929.410 copy_cont 238.4
S 1789152929.415 copy_cont 237.4
S 1789152929.419 copy_cont 237.5
S 1789152929.424 copy_cont 238.1
S 1789152929.428 copy_cont 238.3
S 1789152929.433 copy_cont 237.6
S 1789152929.438 copy_cont 237.7
S 1789152929.442 copy_cont 238.0
S 1789152929.447 copy_cont 237.6
S 1789152929.451 copy_cont 237.9
S 1789152929.456 copy_cont 237.9
S 1789152929.460 copy_cont 238.2
S 1789152929.465 copy_cont 237.7
S 1789152929.469 copy_cont 237.8
S 1789152929.474 copy_cont 238.3
S 1789152929.478 copy_cont 237.4
S 1789152929.483 copy_cont 237.8
S 1789152929.487 copy_cont 238.1
S 1789152929.492 copy_cont 238.4
S 1789152929.496 copy_cont 238.0
S 1789152929.501 copy_cont 237.9
S 1789152929.505 copy_cont 237.9
S 1789152929.510 copy_cont 238.0
S 1789152929.514 copy_cont 237.8
S 1789152929.519 copy_cont 238.2
S 1789152929.524 copy_cont 237.9
S 1789152929.528 copy_cont 237.7
S 1789152929.533 copy_cont 238.2
S 1789152929.537 copy_cont 237.6
S 1789152929.542 copy_cont 237.5
S 1789152929.546 copy_cont 238.3
S 1789152929.551 copy_cont 238.6
S 1789152929.555 copy_cont 238.2
S 1789152929.560 copy_cont 219.8
S 1789152929.565 copy_cont 209.9
S 1789152929.570 copy_cont 237.5
S 1789152929.574 copy_cont 237.7
S 1789152929.579 copy_cont 238.1
S 1789152929.583 copy_cont 238.4
S 1789152929.588 copy_cont 237.7
S 1789152929.592 copy_cont 237.6
S 1789152929.597 copy_cont 238.2
S 1789152929.601 copy_cont 238.1
S 1789152929.606 copy_cont 237.6
S 1789152929.610 copy_cont 237.7
S 1789152929.615 copy_cont 238.5
S 1789152929.620 copy_cont 238.0
S 1789152929.624 copy_cont 238.4
S 1789152929.629 copy_cont 238.0
S 1789152929.633 copy_cont 238.6
S 1789152929.638 copy_cont 237.8
S 1789152929.642 copy_cont 238.0
S 1789152929.647 copy_cont 237.9
S 1789152929.651 copy_cont 237.9
S 1789152929.656 copy_cont 237.9
S 1789152929.660 copy_cont 238.2
S 1789152929.665 copy_cont 238.4
S 1789152929.669 copy_cont 237.3
S 1789152929.674 copy_cont 237.7
S 1789152929.678 copy_cont 238.1
S 1789152929.683 copy_cont 237.7
S 1789152929.687 copy_cont 237.5
S 1789152929.692 copy_cont 238.3
S 1789152929.696 copy_cont 238.3
S 1789152929.701 copy_cont 237.6
S 1789152929.705 copy_cont 237.8
S 1789152929.710 copy_cont 238.1
S 1789152929.715 copy_cont 237.9
S 1789152929.719 copy_cont 238.2
S 1789152929.724 copy_cont 238.2
S 1789152929.728 copy_cont 237.9
S 1789152929.733 copy_cont 237.6
S 1789152929.737 copy_cont 238.0
S 1789152929.742 copy_cont 237.8
S 1789152929.746 copy_cont 238.3
S 1789152929.751 copy_cont 238.5
S 1789152929.755 copy_cont 238.3
S 1789152929.760 copy_cont 238.3
S 1789152929.764 copy_cont 237.4
S 1789152929.769 copy_cont 237.7
S 1789152929.773 copy_cont 237.9
S 1789152929.778 copy_cont 238.3
S 1789152929.782 copy_cont 237.6
S 1789152929.787 copy_cont 237.6
S 1789152929.791 copy_cont 238.2
S 1789152929.796 copy_cont 238.0
S 1789152929.800 copy_cont 238.0
S 1789152929.805 copy_cont 237.9
S 1789152929.810 copy_cont 237.8
S 1789152929.814 copy_cont 237.7
S 1789152929.819 copy_cont 237.9
S 1789152929.823 copy_cont 238.1
S 1789152929.828 copy_cont 237.3
S 1789152929.832 copy_cont 237.7
S 1789152929.837 copy_cont 238.6
S 1789152929.841 copy_cont 238.3
S 1789152929.846 copy_cont 237.5
S 1789152929.850 copy_cont 237.4
S 1789152929.855 copy_cont 238.1
S 1789152929.859 copy_cont 237.8
S 1789152929.864 copy_cont 237.4
S 1789152929.868 copy_cont 238.1
S 1789152929.873 copy_cont 238.2
S 1789152929.877 copy_cont 236.9
S 1789152929.882 copy_cont 238.3
S 1789152929.886 copy_cont 238.1
S 1789152929.891 copy_cont 237.6
S 1789152929.896 copy_cont 237.9
S 1789152929.900 copy_cont 237.8
S 1789152929.905 copy_cont 238.4
S 1789152929.909 copy_cont 237.3
S 1789152929.914 copy_cont 238.1
S 1789152929.918 copy_cont 238.3
S 1789152929.923 copy_cont 237.3
S 1789152929.927 copy_cont 237.6
S 1789152929.932 copy_cont 238.0
S 1789152929.936 copy_cont 238.7
S 1789152929.941 copy_cont 238.0
S 1789152929.945 copy_cont 237.9
S 1789152929.950 copy_cont 237.6
S 1789152929.954 copy_cont 237.8
S 1789152929.959 copy_cont 237.8
S 1789152929.963 copy_cont 238.2
S 1789152929.968 copy_cont 237.9
S 1789152929.972 copy_cont 237.7
S 1789152929.977 copy_cont 237.6
S 1789152929.981 copy_cont 238.0
S 1789152929.986 copy_cont 238.0
S 1789152929.991 copy_cont 237.2
S 1789152929.995 copy_cont 238.5
S 1789152930.000 copy_cont 238.3
S 1789152930.004 copy_cont 237.7
S 1789152930.009 copy_cont 237.5
S 1789152930.013 copy_cont 238.1
S 1789152930.018 copy_cont 238.2
S 1789152930.022 copy_cont 238.0
S 1789152930.027 copy_cont 238.1
S 1789152930.031 copy_cont 238.6
S 1789152930.036 copy_cont 237.9
S 1789152930.040 copy_cont 237.9
S 1789152930.045 copy_cont 238.6
S 1789152930.049 copy_cont 237.5
S 1789152930.054 copy_cont 237.9
S 1789152930.059 copy_cont 222.9
S 1789152930.064 copy_cont 209.5
S 1789152930.068 copy_cont 233.2
S 1789152930.073 copy_cont 238.5
S 1789152930.077 copy_cont 237.9
S 1789152930.082 copy_cont 235.6
S 1789152930.087 copy_cont 233.2
S 1789152930.091 copy_cont 234.7
S 1789152930.096 copy_cont 235.4
S 1789152930.100 copy_cont 236.0
S 1789152930.105 copy_cont 237.6
S 1789152930.109 copy_cont 237.8
S 1789152930.114 copy_cont 238.4
S 1789152930.119 copy_cont 238.1
S 1789152930.123 copy_cont 238.4
S 1789152930.128 copy_cont 237.8
S 1789152930.132 copy_cont 237.9
S 1789152930.137 copy_cont 238.4
S 1789152930.141 copy_cont 238.1
S 1789152930.146 copy_cont 237.9
S 1789152930.150 copy_cont 237.8
S 1789152930.155 copy_cont 238.3
S 1789152930.159 copy_cont 237.4
S 1789152930.164 copy_cont 237.8
S 1789152930.168 copy_cont 237.5
S 1789152930.173 copy_cont 238.2
S 1789152930.177 copy_cont 237.9
S 1789152930.182 copy_cont 237.0
S 1789152930.186 copy_cont 238.2
S 1789152930.191 copy_cont 238.0
S 1789152930.195 copy_cont 237.8
S 1789152930.200 copy_cont 237.9
S 1789152930.204 copy_cont 238.4
S 1789152930.209 copy_cont 237.6
S 1789152930.214 copy_cont 237.6
S 1789152930.218 copy_cont 238.0
S 1789152930.223 copy_cont 238.2
S 1789152930.227 copy_cont 237.8
S 1789152930.232 copy_cont 237.9
S 1789152930.236 copy_cont 238.2
S 1789152930.241 copy_cont 237.3
S 1789152930.245 copy_cont 237.9
S 1789152930.250 copy_cont 237.5
S 1789152930.254 copy_cont 238.7
S 1789152930.259 copy_cont 237.8
S 1789152930.263 copy_cont 237.9
S 1789152930.268 copy_cont 238.3
S 1789152930.272 copy_cont 237.8
S 1789152930.277 copy_cont 232.0
S 1789152930.282 copy_cont 237.7
S 1789152930.286 copy_cont 238.2
S 1789152930.291 copy_cont 237.4
S 1789152930.295 copy_cont 237.7
S 1789152930.300 copy_cont 238.3
S 1789152930.304 copy_cont 238.0
S 1789152930.309 copy_cont 238.1
S 1789152930.313 copy_cont 238.4
S 1789152930.318 copy_cont 238.0
S 1789152930.322 copy_cont 237.5
S 1789152930.327 copy_cont 238.2
S 1789152930.331 copy_cont 238.4
S 1789152930.336 copy_cont 237.8
S 1789152930.340 copy_cont 237.5
S 1789152930.345 copy_cont 237.9
S 1789152930.349 copy_cont 238.1
S 1789152930.354 copy_cont 237.4
S 1789152930.358 copy_cont 236.1
S 1789152930.363 copy_cont 235.6
S 1789152930.368 copy_cont 233.6
S 1789152930.372 copy_cont 232.8
S 1789152930.377 copy_cont 233.4
S 1789152930.381 copy_cont 234.0
S 1789152930.386 copy_cont 232.5
S 1789152930.391 copy_cont 235.5
S 1789152930.395 copy_cont 238.7
S 1789152930.400 copy_cont 237.5
S 1789152930.404 copy_cont 235.7
S 1789152930.409 copy_cont 236.4
S 1789152930.413 copy_cont 233.1
S 1789152930.418 copy_cont 229.6
S 1789152930.423 copy_cont 230.1
S 1789152930.427 copy_cont 237.4
S 1789152930.432 copy_cont 237.9
S 1789152930.436 copy_cont 237.7
S 1789152930.441 copy_cont 238.1
S 1789152930.445 copy_cont 238.0
S 1789152930.450 copy_cont 237.2
S 1789152930.455 copy_cont 237.1
S 1789152930.459 copy_cont 238.0
S 1789152930.464 copy_cont 237.8
S 1789152930.468 copy_cont 238.2
S 1789152930.473 copy_cont 237.7
S 1789152930.477 copy_cont 237.6
S 1789152930.482 copy_cont 236.3
S 1789152930.486 copy_cont 236.5
S 1789152930.491 copy_cont 237.8
S 1789152930.495 copy_cont 237.7
S 1789152930.500 copy_cont 237.0
S 1789152930.504 copy_cont 238.1
S 1789152930.509 copy_cont 238.0
S 1789152930.513 copy_cont 237.6
S 1789152930.518 copy_cont 237.3
S 1789152930.523 copy_cont 237.2
S 1789152930.527 copy_cont 238.1
S 1789152930.532 copy_cont 237.8
S 1789152930.536 copy_cont 237.6
S 1789152930.541 copy_cont 237.6
S 1789152930.545 copy_cont 237.6
S 1789152930.550 copy_cont 237.8
S 1789152930.554 copy_cont 237.3
S 1789152930.559 copy_cont 222.1
S 1789152930.564 copy_cont 209.2
S 1789152930.569 copy_cont 233.9
S 1789152930.573 copy_cont 238.3
S 1789152930.578 copy_cont 237.6
S 1789152930.582 copy_cont 237.9
S 1789152930.587 copy_cont 237.5
S 1789152930.591 copy_cont 237.6
S 1789152930.596 copy_cont 237.8
S 1789152930.601 copy_cont 237.7
S 1789152930.605 copy_cont 237.9
S 1789152930.610 copy_cont 237.3
S 1789152930.614 copy_cont 238.1
S 1789152930.619 copy_cont 238.2
S 1789152930.623 copy_cont 236.8
S 1789152930.628 copy_cont 237.1
S 1789152930.632 copy_cont 237.7
S 1789152930.637 copy_cont 238.0
S 1789152930.641 copy_cont 237.8
S 1789152930.646 copy_cont 238.5
S 1789152930.650 copy_cont 237.5
S 1789152930.655 copy_cont 237.8
S 1789152930.659 copy_cont 236.9
S 1789152930.664 copy_cont 238.0
S 1789152930.668 copy_cont 238.0
S 1789152930.673 copy_cont 237.5
S 1789152930.678 copy_cont 238.1
S 1789152930.682 copy_cont 237.8
S 1789152930.687 copy_cont 237.9
S 1789152930.691 copy_cont 237.3
S 1789152930.696 copy_cont 238.4
S 1789152930.700 copy_cont 238.0
S 1789152930.705 copy_cont 237.8
S 1789152930.709 copy_cont 238.1
S 1789152930.714 copy_cont 238.0
S 1789152930.718 copy_cont 237.6
S 1789152930.723 copy_cont 237.2
S 1789152930.727 copy_cont 237.4
S 1789152930.732 copy_cont 238.2
S 1789152930.736 copy_cont 237.6
S 1789152930.741 copy_cont 237.6
S 1789152930.745 copy_cont 238.2
S 1789152930.750 copy_cont 237.8
S 1789152930.754 copy_cont 238.0
S 1789152930.759 copy_cont 237.5
S 1789152930.764 copy_cont 238.2
S 1789152930.768 copy_cont 237.6
S 1789152930.773 copy_cont 238.1
S 1789152930.777 copy_cont 238.7
S 1789152930.782 copy_cont 237.5
S 1789152930.786 copy_cont 238.1
S 1789152930.791 copy_cont 238.0
S 1789152930.795 copy_cont 237.3
S 1789152930.800 copy_cont 237.5
S 1789152930.804 copy_cont 237.7
S 1789152930.809 copy_cont 238.0
S 1789152930.813 copy_cont 238.0
S 1789152930.818 copy_cont 238.0
S 1789152930.822 copy_cont 238.1
S 1789152930.827 copy_cont 237.7
S 1789152930.831 copy_cont 237.5
S 1789152930.836 copy_cont 238.0
S 1789152930.840 copy_cont 238.1
S 1789152930.845 copy_cont 237.7
S 1789152930.850 copy_cont 237.6
S 1789152930.854 copy_cont 238.2
S 1789152930.859 copy_cont 238.3
S 1789152930.863 copy_cont 236.9
S 1789152930.868 copy_cont 237.4
S 1789152930.872 copy_cont 238.1
S 1789152930.877 copy_cont 238.0
S 1789152930.881 copy_cont 237.6
S 1789152930.886 copy_cont 238.0
S 1789152930.890 copy_cont 237.7
S 1789152930.895 copy_cont 237.4
S 1789152930.899 copy_cont 237.6
S 1789152930.904 copy_cont 238.1
S 1789152930.908 copy_cont 237.7
S 1789152930.913 copy_cont 238.0
S 1789152930.917 copy_cont 238.2
S 1789152930.922 copy_cont 238.2
S 1789152930.927 copy_cont 237.7
S 1789152930.931 copy_cont 237.2
S 1789152930.936 copy_cont 238.1
S 1789152930.940 copy_cont 238.1
S 1789152930.945 copy_cont 237.4
S 1789152930.949 copy_cont 238.2
S 1789152930.954 copy_cont 238.1
S 1789152930.958 copy_cont 237.9
S 1789152930.963 copy_cont 237.5
S 1789152930.967 copy_cont 238.3
S 1789152930.972 copy_cont 237.7
S 1789152930.976 copy_cont 237.4
S 1789152930.981 copy_cont 238.1
S 1789152930.985 copy_cont 237.2
S 1789152930.990 copy_cont 237.0
S 1789152930.994 copy_cont 237.7
S 1789152930.999 copy_cont 238.0
S 1789152931.003 copy_cont 237.9
S 1789152931.008 copy_cont 237.0
S 1789152931.013 copy_cont 238.3
S 1789152931.017 copy_cont 238.0
S 1789152931.022 copy_cont 237.8
S 1789152931.026 copy_cont 237.9
S 1789152931.031 copy_cont 237.5
S 1789152931.035 copy_cont 238.3
S 1789152931.040 copy_cont 237.3
S 1789152931.044 copy_cont 237.8
S 1789152931.049 copy_cont 237.6
S 1789152931.053 copy_cont 237.8
S 1789152931.058 copy_cont 235.8
S 1789152931.063 copy_cont 218.7
S 1789152931.068 copy_cont 207.8
S 1789152931.073 copy_cont 229.9
S 1789152931.077 copy_cont 235.0
S 1789152931.082 copy_cont 236.6
S 1789152931.086 copy_cont 237.3
S 1789152931.091 copy_cont 238.2
S 1789152931.095 copy_cont 238.4
S 1789152931.100 copy_cont 238.2
S 1789152931.104 copy_cont 238.0
S 1789152931.109 copy_cont 238.4
S 1789152931.113 copy_cont 238.3
S 1789152931.118 copy_cont 237.7
S 1789152931.122 copy_cont 238.1
S 1789152931.127 copy_cont 238.4
S 1789152931.132 copy_cont 237.8
S 1789152931.136 copy_cont 236.6
S 1789152931.141 copy_cont 238.0
S 1789152931.145 copy_cont 237.9
S 1789152931.150 copy_cont 237.6
S 1789152931.154 copy_cont 237.7
S 1789152931.159 copy_cont 238.0
S 1789152931.163 copy_cont 237.2
S 1789152931.168 copy_cont 237.6
S 1789152931.172 copy_cont 237.7
S 1789152931.177 copy_cont 238.2
S 1789152931.181 copy_cont 237.3
S 1789152931.186 copy_cont 238.1
S 1789152931.190 copy_cont 238.1
S 1789152931.195 copy_cont 237.7
S 1789152931.199 copy_cont 237.7
S 1789152931.204 copy_cont 238.4
S 1789152931.209 copy_cont 238.1
S 1789152931.213 copy_cont 237.3
S 1789152931.218 copy_cont 237.8
S 1789152931.222 copy_cont 238.0
S 1789152931.227 copy_cont 238.5
S 1789152931.231 copy_cont 237.7
S 1789152931.236 copy_cont 238.1
S 1789152931.240 copy_cont 238.2
S 1789152931.245 copy_cont 237.4
S 1789152931.249 copy_cont 238.1
S 1789152931.254 copy_cont 238.0
S 1789152931.258 copy_cont 238.3
S 1789152931.263 copy_cont 237.2
S 1789152931.267 copy_cont 237.9
S 1789152931.272 copy_cont 238.2
S 1789152931.277 copy_cont 231.9
S 1789152931.281 copy_cont 238.0
S 1789152931.286 copy_cont 238.4
S 1789152931.290 copy_cont 238.3
S 1789152931.295 copy_cont 237.7
S 1789152931.299 copy_cont 237.8
S 1789152931.304 copy_cont 238.1
S 1789152931.308 copy_cont 238.0
S 1789152931.313 copy_cont 237.7
S 1789152931.317 copy_cont 237.4
S 1789152931.322 copy_cont 238.1
S 1789152931.326 copy_cont 237.9
S 1789152931.331 copy_cont 238.1
S 1789152931.335 copy_cont 238.0
S 1789152931.340 copy_cont 237.5
S 1789152931.344 copy_cont 237.7
S 1789152931.349 copy_cont 238.1
S 1789152931.353 copy_cont 237.9
S 1789152931.358 copy_cont 237.2
S 1789152931.362 copy_cont 238.1
S 1789152931.367 copy_cont 238.1
S 1789152931.372 copy_cont 237.6
S 1789152931.376 copy_cont 237.8
S 1789152931.381 copy_cont 237.7
S 1789152931.385 copy_cont 238.3
S 1789152931.390 copy_cont 237.5
S 1789152931.394 copy_cont 238.1
S 1789152931.399 copy_cont 238.1
S 1789152931.403 copy_cont 237.2
S 1789152931.408 copy_cont 237.8
S 1789152931.412 copy_cont 237.8
S 1789152931.417 copy_cont 237.8
S 1789152931.421 copy_cont 237.6
S 1789152931.426 copy_cont 237.6
S 1789152931.430 copy_cont 238.4
S 1789152931.435 copy_cont 237.7
S 1789152931.439 copy_cont 237.8
S 1789152931.444 copy_cont 238.0
S 1789152931.449 copy_cont 238.1
S 1789152931.453 copy_cont 237.8
S 1789152931.458 copy_cont 237.7
S 1789152931.462 copy_cont 237.8
S 1789152931.467 copy_cont 238.2
S 1789152931.471 copy_cont 237.7
S 1789152931.476 copy_cont 237.9
S 1789152931.480 copy_cont 237.9
S 1789152931.485 copy_cont 236.9
S 1789152931.489 copy_cont 238.0
S 1789152931.494 copy_cont 238.0
S 1789152931.498 copy_cont 237.6
S 1789152931.503 copy_cont 237.5
S 1789152931.507 copy_cont 238.2
S 1789152931.512 copy_cont 238.2
S 1789152931.516 copy_cont 237.1
S 1789152931.521 copy_cont 237.8
S 1789152931.525 copy_cont 238.2
S 1789152931.530 copy_cont 237.9
S 1789152931.535 copy_cont 237.2
S 1789152931.539 copy_cont 237.5
S 1789152931.544 copy_cont 238.3
S 1789152931.548 copy_cont 238.0
S 1789152931.553 copy_cont 237.8
S 1789152931.557 copy_cont 237.5
S 1789152931.562 copy_cont 219.1
S 1789152931.567 copy_cont 209.0
S 1789152931.572 copy_cont 237.6
S 1789152931.576 copy_cont 237.9
S 1789152931.581 copy_cont 238.1
S 1789152931.585 copy_cont 237.9
S 1789152931.590 copy_cont 238.1
S 1789152931.594 copy_cont 237.4
S 1789152931.599 copy_cont 238.1
S 1789152931.603 copy_cont 237.9
S 1789152931.608 copy_cont 237.9
S 1789152931.613 copy_cont 237.8
S 1789152931.617 copy_cont 238.1
S 1789152931.622 copy_cont 238.4
S 1789152931.626 copy_cont 237.8
S 1789152931.631 copy_cont 237.8
S 1789152931.635 copy_cont 238.4
S 1789152931.640 copy_cont 238.0
S 1789152931.644 copy_cont 237.7
S 1789152931.649 copy_cont 237.7
S 1789152931.653 copy_cont 238.4
S 1789152931.658 copy_cont 237.6
S 1789152931.662 copy_cont 237.9
S 1789152931.667 copy_cont 238.1
S 1789152931.671 copy_cont 237.9
S 1789152931.676 copy_cont 236.9
S 1789152931.680 copy_cont 237.6
S 1789152931.685 copy_cont 238.2
S 1789152931.689 copy_cont 237.2
S 1789152931.694 copy_cont 238.0
S 1789152931.698 copy_cont 238.2
S 1789152931.703 copy_cont 238.3
BLOCK r1 copy_cont GB/s   n=2202 min= 198.0 p10= 235.5 p50= 237.8 max= 238.8
END 1789152931.703
