timestamp, clocks.current.sm [MHz], power.draw [W], utilization.gpu [%], temperature.gpu, clocks_event_reasons.active
2026/09/12 05:16:06.541, 2177 MHz, 9.89 W, 0 %, 50, 0x0000000000000000
2026/09/12 05:16:06.747, 2177 MHz, 9.89 W, 0 %, 50, 0x0000000000000000
2026/09/12 05:16:06.948, 2177 MHz, 9.85 W, 0 %, 50, 0x0000000000000000
2026/09/12 05:16:07.148, 2177 MHz, 9.85 W, 0 %, 50, 0x0000000000000000
2026/09/12 05:16:07.348, 2177 MHz, 9.85 W, 0 %, 50, 0x0000000000000000
2026/09/12 05:16:07.548, 2177 MHz, 10.01 W, 14 %, 50, 0x0000000000000000
2026/09/12 05:16:07.749, 2177 MHz, 10.01 W, 14 %, 50, 0x0000000000000000
2026/09/12 05:16:07.949, 2177 MHz, 13.42 W, 14 %, 50, 0x0000000000000000
2026/09/12 05:16:08.149, 2177 MHz, 13.42 W, 14 %, 50, 0x0000000000000000
2026/09/12 05:16:08.349, 2177 MHz, 13.42 W, 14 %, 50, 0x0000000000000000
2026/09/12 05:16:08.550, 2177 MHz, 17.31 W, 47 %, 51, 0x0000000000000000
2026/09/12 05:16:08.750, 2177 MHz, 17.31 W, 47 %, 51, 0x0000000000000000
2026/09/12 05:16:08.950, 2177 MHz, 17.80 W, 47 %, 53, 0x0000000000000000
2026/09/12 05:16:09.151, 2177 MHz, 17.80 W, 47 %, 53, 0x0000000000000000
2026/09/12 05:16:09.351, 2177 MHz, 17.80 W, 47 %, 53, 0x0000000000000000
2026/09/12 05:16:09.552, 2177 MHz, 17.18 W, 55 %, 51, 0x0000000000000000
2026/09/12 05:16:09.752, 2177 MHz, 17.18 W, 55 %, 51, 0x0000000000000000
2026/09/12 05:16:09.952, 2177 MHz, 16.83 W, 55 %, 51, 0x0000000000000000
2026/09/12 05:16:10.152, 2177 MHz, 16.83 W, 55 %, 51, 0x0000000000000000
2026/09/12 05:16:10.353, 2177 MHz, 16.83 W, 55 %, 51, 0x0000000000000000
2026/09/12 05:16:10.553, 2177 MHz, 17.04 W, 51 %, 52, 0x0000000000000000
2026/09/12 05:16:10.753, 2177 MHz, 17.04 W, 51 %, 52, 0x0000000000000000
2026/09/12 05:16:10.953, 2177 MHz, 17.05 W, 51 %, 51, 0x0000000000000000
2026/09/12 05:16:11.154, 2177 MHz, 17.05 W, 51 %, 51, 0x0000000000000000
2026/09/12 05:16:11.354, 2177 MHz, 17.05 W, 51 %, 51, 0x0000000000000000
2026/09/12 05:16:11.554, 2177 MHz, 17.23 W, 51 %, 51, 0x0000000000000000
2026/09/12 05:16:11.754, 2177 MHz, 17.23 W, 51 %, 51, 0x0000000000000000
2026/09/12 05:16:11.954, 2177 MHz, 17.27 W, 51 %, 51, 0x0000000000000000
2026/09/12 05:16:12.155, 2177 MHz, 17.27 W, 51 %, 51, 0x0000000000000000
2026/09/12 05:16:12.355, 2177 MHz, 17.27 W, 51 %, 51, 0x0000000000000000
2026/09/12 05:16:12.556, 2177 MHz, 16.37 W, 10 %, 51, 0x0000000000000000
2026/09/12 05:16:12.756, 2177 MHz, 16.37 W, 10 %, 51, 0x0000000000000000
2026/09/12 05:16:12.956, 2177 MHz, 16.34 W, 10 %, 51, 0x0000000000000000
2026/09/12 05:16:13.157, 2177 MHz, 16.34 W, 10 %, 51, 0x0000000000000000
2026/09/12 05:16:13.357, 2177 MHz, 16.34 W, 10 %, 51, 0x0000000000000000
2026/09/12 05:16:13.557, 2177 MHz, 16.63 W, 48 %, 51, 0x0000000000000000
2026/09/12 05:16:13.757, 2177 MHz, 16.63 W, 48 %, 51, 0x0000000000000000
2026/09/12 05:16:13.958, 2177 MHz, 14.88 W, 48 %, 51, 0x0000000000000000
2026/09/12 05:16:14.158, 2177 MHz, 14.88 W, 48 %, 51, 0x0000000000000000
2026/09/12 05:16:14.358, 2177 MHz, 14.88 W, 48 %, 51, 0x0000000000000000
2026/09/12 05:16:14.558, 2177 MHz, 12.68 W, 18 %, 51, 0x0000000000000000
2026/09/12 05:16:14.758, 2177 MHz, 12.68 W, 18 %, 51, 0x0000000000000000
2026/09/12 05:16:14.959, 2177 MHz, 13.01 W, 18 %, 51, 0x0000000000000000
2026/09/12 05:16:15.159, 2177 MHz, 13.01 W, 18 %, 51, 0x0000000000000000
2026/09/12 05:16:15.359, 2177 MHz, 13.01 W, 18 %, 51, 0x0000000000000000
2026/09/12 05:16:15.559, 2177 MHz, 13.30 W, 24 %, 51, 0x0000000000000000
2026/09/12 05:16:15.760, 2177 MHz, 13.30 W, 24 %, 51, 0x0000000000000000
2026/09/12 05:16:15.960, 2177 MHz, 13.17 W, 24 %, 51, 0x0000000000000000
2026/09/12 05:16:16.160, 2177 MHz, 13.17 W, 24 %, 51, 0x0000000000000000
2026/09/12 05:16:16.360, 2177 MHz, 13.17 W, 24 %, 51, 0x0000000000000000
2026/09/12 05:16:16.560, 2177 MHz, 13.31 W, 16 %, 51, 0x0000000000000000
2026/09/12 05:16:16.761, 2177 MHz, 13.31 W, 16 %, 51, 0x0000000000000000
2026/09/12 05:16:16.961, 2177 MHz, 13.78 W, 16 %, 51, 0x0000000000000000
2026/09/12 05:16:17.161, 2177 MHz, 13.78 W, 16 %, 51, 0x0000000000000000
2026/09/12 05:16:17.361, 2177 MHz, 13.78 W, 16 %, 51, 0x0000000000000000
2026/09/12 05:16:17.562, 2177 MHz, 14.19 W, 30 %, 51, 0x0000000000000000
2026/09/12 05:16:17.762, 2177 MHz, 14.19 W, 30 %, 51, 0x0000000000000000
2026/09/12 05:16:17.962, 2177 MHz, 14.34 W, 30 %, 51, 0x0000000000000000
2026/09/12 05:16:18.162, 2177 MHz, 14.34 W, 30 %, 51, 0x0000000000000000
2026/09/12 05:16:18.363, 2177 MHz, 14.34 W, 30 %, 51, 0x0000000000000000
2026/09/12 05:16:18.563, 2177 MHz, 13.99 W, 17 %, 51, 0x0000000000000000
2026/09/12 05:16:18.763, 2177 MHz, 13.99 W, 17 %, 51, 0x0000000000000000
2026/09/12 05:16:18.963, 2177 MHz, 14.36 W, 17 %, 51, 0x0000000000000000
2026/09/12 05:16:19.164, 2177 MHz, 14.36 W, 17 %, 51, 0x0000000000000000
2026/09/12 05:16:19.364, 2177 MHz, 14.36 W, 17 %, 51, 0x0000000000000000
2026/09/12 05:16:19.564, 2177 MHz, 15.04 W, 24 %, 51, 0x0000000000000000
2026/09/12 05:16:19.764, 2177 MHz, 15.04 W, 24 %, 51, 0x0000000000000000
2026/09/12 05:16:19.964, 2177 MHz, 14.96 W, 24 %, 51, 0x0000000000000000
2026/09/12 05:16:20.165, 2177 MHz, 14.96 W, 24 %, 51, 0x0000000000000000
2026/09/12 05:16:20.365, 2177 MHz, 14.96 W, 24 %, 51, 0x0000000000000000
2026/09/12 05:16:20.565, 2177 MHz, 14.91 W, 29 %, 51, 0x0000000000000000
2026/09/12 05:16:20.765, 2177 MHz, 14.91 W, 29 %, 51, 0x0000000000000000
2026/09/12 05:16:20.966, 2177 MHz, 14.24 W, 29 %, 52, 0x0000000000000000
2026/09/12 05:16:21.166, 2177 MHz, 14.24 W, 29 %, 52, 0x0000000000000000
2026/09/12 05:16:21.366, 2177 MHz, 14.24 W, 29 %, 52, 0x0000000000000000
2026/09/12 05:16:21.566, 2177 MHz, 13.54 W, 15 %, 52, 0x0000000000000000
2026/09/12 05:16:21.766, 2177 MHz, 13.54 W, 15 %, 52, 0x0000000000000000
2026/09/12 05:16:21.967, 2177 MHz, 13.36 W, 15 %, 51, 0x0000000000000000
2026/09/12 05:16:22.167, 2177 MHz, 13.36 W, 15 %, 51, 0x0000000000000000
2026/09/12 05:16:22.367, 2177 MHz, 13.36 W, 15 %, 51, 0x0000000000000000
2026/09/12 05:16:22.567, 2177 MHz, 12.89 W, 12 %, 51, 0x0000000000000000
2026/09/12 05:16:22.767, 2177 MHz, 12.89 W, 12 %, 51, 0x0000000000000000
2026/09/12 05:16:22.967, 2177 MHz, 12.67 W, 12 %, 51, 0x0000000000000000
2026/09/12 05:16:23.168, 2177 MHz, 12.67 W, 12 %, 51, 0x0000000000000000
2026/09/12 05:16:23.368, 2177 MHz, 12.67 W, 12 %, 51, 0x0000000000000000
2026/09/12 05:16:23.568, 2177 MHz, 13.22 W, 25 %, 51, 0x0000000000000000
2026/09/12 05:16:23.768, 2177 MHz, 13.22 W, 25 %, 51, 0x0000000000000000
2026/09/12 05:16:23.969, 2177 MHz, 13.93 W, 25 %, 51, 0x0000000000000000
2026/09/12 05:16:24.169, 2177 MHz, 13.93 W, 25 %, 51, 0x0000000000000000
2026/09/12 05:16:24.369, 2177 MHz, 13.93 W, 25 %, 51, 0x0000000000000000
2026/09/12 05:16:24.569, 2177 MHz, 14.20 W, 25 %, 52, 0x0000000000000000
2026/09/12 05:16:24.770, 2177 MHz, 14.20 W, 25 %, 52, 0x0000000000000000
2026/09/12 05:16:24.970, 2177 MHz, 14.59 W, 25 %, 52, 0x0000000000000000
2026/09/12 05:16:25.170, 2177 MHz, 14.59 W, 25 %, 52, 0x0000000000000000
2026/09/12 05:16:25.370, 2177 MHz, 14.59 W, 25 %, 52, 0x0000000000000000
2026/09/12 05:16:25.570, 2177 MHz, 15.33 W, 34 %, 52, 0x0000000000000000
2026/09/12 05:16:25.771, 2177 MHz, 15.33 W, 34 %, 52, 0x0000000000000000
2026/09/12 05:16:25.971, 2177 MHz, 16.07 W, 34 %, 52, 0x0000000000000000
2026/09/12 05:16:26.171, 2177 MHz, 16.07 W, 34 %, 52, 0x0000000000000000
2026/09/12 05:16:26.371, 2177 MHz, 16.07 W, 34 %, 52, 0x0000000000000000
2026/09/12 05:16:26.572, 2177 MHz, 16.76 W, 33 %, 53, 0x0000000000000000
2026/09/12 05:16:26.772, 2177 MHz, 16.76 W, 33 %, 53, 0x0000000000000000
2026/09/12 05:16:26.972, 2177 MHz, 16.89 W, 33 %, 52, 0x0000000000000000
2026/09/12 05:16:27.172, 2177 MHz, 16.89 W, 33 %, 52, 0x0000000000000000
2026/09/12 05:16:27.373, 2177 MHz, 16.89 W, 33 %, 52, 0x0000000000000000
2026/09/12 05:16:27.573, 2177 MHz, 16.41 W, 34 %, 52, 0x0000000000000000
2026/09/12 05:16:27.774, 2177 MHz, 16.41 W, 34 %, 52, 0x0000000000000000
2026/09/12 05:16:27.974, 2177 MHz, 16.48 W, 34 %, 52, 0x0000000000000000
2026/09/12 05:16:28.174, 2177 MHz, 16.48 W, 34 %, 52, 0x0000000000000000
2026/09/12 05:16:28.374, 2177 MHz, 16.48 W, 34 %, 52, 0x0000000000000000
2026/09/12 05:16:28.575, 2177 MHz, 17.34 W, 45 %, 53, 0x0000000000000000
2026/09/12 05:16:28.775, 2177 MHz, 17.34 W, 45 %, 53, 0x0000000000000000
2026/09/12 05:16:28.975, 2177 MHz, 18.33 W, 45 %, 53, 0x0000000000000000
2026/09/12 05:16:29.176, 2177 MHz, 18.33 W, 45 %, 53, 0x0000000000000000
2026/09/12 05:16:29.376, 2177 MHz, 18.33 W, 45 %, 53, 0x0000000000000000
2026/09/12 05:16:29.577, 2177 MHz, 18.95 W, 53 %, 53, 0x0000000000000000
2026/09/12 05:16:29.777, 2177 MHz, 18.95 W, 53 %, 53, 0x0000000000000000
2026/09/12 05:16:29.977, 2177 MHz, 18.89 W, 53 %, 53, 0x0000000000000000
2026/09/12 05:16:30.178, 2177 MHz, 18.89 W, 53 %, 53, 0x0000000000000000
2026/09/12 05:16:30.378, 2177 MHz, 18.89 W, 53 %, 53, 0x0000000000000000
2026/09/12 05:16:30.578, 2177 MHz, 18.76 W, 48 %, 53, 0x0000000000000000
2026/09/12 05:16:30.778, 2177 MHz, 18.76 W, 48 %, 53, 0x0000000000000000
2026/09/12 05:16:30.979, 2184 MHz, 18.95 W, 48 %, 53, 0x0000000000000000
2026/09/12 05:16:31.179, 2184 MHz, 18.95 W, 48 %, 53, 0x0000000000000000
2026/09/12 05:16:31.380, 2184 MHz, 18.95 W, 48 %, 53, 0x0000000000000000
2026/09/12 05:16:31.580, 2184 MHz, 19.08 W, 45 %, 53, 0x0000000000000000
2026/09/12 05:16:31.781, 2184 MHz, 19.08 W, 45 %, 53, 0x0000000000000000
2026/09/12 05:16:31.981, 2177 MHz, 19.15 W, 45 %, 53, 0x0000000000000000
2026/09/12 05:16:32.181, 2177 MHz, 19.15 W, 45 %, 53, 0x0000000000000000
2026/09/12 05:16:32.382, 2177 MHz, 19.15 W, 45 %, 53, 0x0000000000000000
2026/09/12 05:16:32.582, 2184 MHz, 19.52 W, 42 %, 53, 0x0000000000000000
2026/09/12 05:16:32.782, 2184 MHz, 19.52 W, 42 %, 53, 0x0000000000000000
2026/09/12 05:16:32.983, 2177 MHz, 19.46 W, 42 %, 53, 0x0000000000000000
2026/09/12 05:16:33.183, 2177 MHz, 19.46 W, 42 %, 53, 0x0000000000000000
2026/09/12 05:16:33.383, 2177 MHz, 19.46 W, 42 %, 53, 0x0000000000000000
2026/09/12 05:16:33.583, 2177 MHz, 18.02 W, 35 %, 53, 0x0000000000000000
2026/09/12 05:16:33.783, 2177 MHz, 18.02 W, 35 %, 53, 0x0000000000000000
2026/09/12 05:16:33.984, 2177 MHz, 16.15 W, 35 %, 53, 0x0000000000000000
2026/09/12 05:16:34.184, 2177 MHz, 16.15 W, 35 %, 53, 0x0000000000000000
2026/09/12 05:16:34.384, 2177 MHz, 16.15 W, 35 %, 53, 0x0000000000000000
2026/09/12 05:16:34.584, 2177 MHz, 14.59 W, 17 %, 52, 0x0000000000000000
2026/09/12 05:16:34.785, 2177 MHz, 14.59 W, 17 %, 52, 0x0000000000000000
2026/09/12 05:16:34.985, 2177 MHz, 14.53 W, 17 %, 52, 0x0000000000000000
2026/09/12 05:16:35.185, 2177 MHz, 14.53 W, 17 %, 52, 0x0000000000000000
2026/09/12 05:16:35.385, 2177 MHz, 14.53 W, 17 %, 52, 0x0000000000000000
2026/09/12 05:16:35.585, 2177 MHz, 15.36 W, 35 %, 53, 0x0000000000000000
2026/09/12 05:16:35.786, 2177 MHz, 15.36 W, 35 %, 53, 0x0000000000000000
2026/09/12 05:16:35.986, 2177 MHz, 16.09 W, 35 %, 53, 0x0000000000000000
2026/09/12 05:16:36.187, 2177 MHz, 16.09 W, 35 %, 53, 0x0000000000000000
2026/09/12 05:16:36.387, 2177 MHz, 16.09 W, 35 %, 53, 0x0000000000000000
2026/09/12 05:16:36.587, 2177 MHz, 16.66 W, 42 %, 53, 0x0000000000000000
2026/09/12 05:16:36.788, 2177 MHz, 16.66 W, 42 %, 53, 0x0000000000000000
2026/09/12 05:16:36.988, 2177 MHz, 17.22 W, 42 %, 53, 0x0000000000000000
2026/09/12 05:16:37.189, 2177 MHz, 17.22 W, 42 %, 53, 0x0000000000000000
2026/09/12 05:16:37.389, 2177 MHz, 17.22 W, 42 %, 53, 0x0000000000000000
2026/09/12 05:16:37.589, 2177 MHz, 17.60 W, 51 %, 53, 0x0000000000000000
2026/09/12 05:16:37.790, 2177 MHz, 17.60 W, 51 %, 53, 0x0000000000000000
2026/09/12 05:16:37.990, 2177 MHz, 17.88 W, 51 %, 53, 0x0000000000000000
2026/09/12 05:16:38.191, 2177 MHz, 17.88 W, 51 %, 53, 0x0000000000000000
2026/09/12 05:16:38.391, 2177 MHz, 17.88 W, 51 %, 53, 0x0000000000000000
2026/09/12 05:16:38.592, 2177 MHz, 18.15 W, 45 %, 54, 0x0000000000000000
2026/09/12 05:16:38.792, 2177 MHz, 18.15 W, 45 %, 54, 0x0000000000000000
2026/09/12 05:16:38.992, 2184 MHz, 18.16 W, 45 %, 53, 0x0000000000000000
2026/09/12 05:16:39.192, 2184 MHz, 18.16 W, 45 %, 53, 0x0000000000000000
2026/09/12 05:16:39.392, 2184 MHz, 18.16 W, 45 %, 53, 0x0000000000000000
2026/09/12 05:16:39.593, 2177 MHz, 18.20 W, 50 %, 53, 0x0000000000000000
2026/09/12 05:16:39.793, 2177 MHz, 18.20 W, 50 %, 53, 0x0000000000000000
2026/09/12 05:16:39.994, 2177 MHz, 18.03 W, 50 %, 53, 0x0000000000000000
2026/09/12 05:16:40.194, 2177 MHz, 18.03 W, 50 %, 53, 0x0000000000000000
2026/09/12 05:16:40.395, 2177 MHz, 18.03 W, 50 %, 53, 0x0000000000000000
2026/09/12 05:16:40.595, 2177 MHz, 18.66 W, 54 %, 54, 0x0000000000000000
2026/09/12 05:16:40.796, 2177 MHz, 18.66 W, 54 %, 54, 0x0000000000000000
2026/09/12 05:16:40.996, 2184 MHz, 19.73 W, 54 %, 54, 0x0000000000000000
2026/09/12 05:16:41.196, 2184 MHz, 19.73 W, 54 %, 54, 0x0000000000000000
2026/09/12 05:16:41.396, 2184 MHz, 19.73 W, 54 %, 54, 0x0000000000000000
2026/09/12 05:16:41.597, 2184 MHz, 20.04 W, 49 %, 54, 0x0000000000000000
2026/09/12 05:16:41.797, 2184 MHz, 20.04 W, 49 %, 54, 0x0000000000000000
2026/09/12 05:16:41.997, 2184 MHz, 19.95 W, 49 %, 54, 0x0000000000000000
2026/09/12 05:16:42.197, 2184 MHz, 19.95 W, 49 %, 54, 0x0000000000000000
2026/09/12 05:16:42.397, 2184 MHz, 19.95 W, 49 %, 54, 0x0000000000000000
2026/09/12 05:16:42.598, 2184 MHz, 18.96 W, 47 %, 54, 0x0000000000000000
2026/09/12 05:16:42.798, 2184 MHz, 18.96 W, 47 %, 54, 0x0000000000000000
2026/09/12 05:16:42.998, 2184 MHz, 18.62 W, 47 %, 54, 0x0000000000000000
2026/09/12 05:16:43.198, 2184 MHz, 18.62 W, 47 %, 54, 0x0000000000000000
2026/09/12 05:16:43.399, 2184 MHz, 18.62 W, 47 %, 54, 0x0000000000000000
2026/09/12 05:16:43.599, 2184 MHz, 19.11 W, 59 %, 54, 0x0000000000000000
2026/09/12 05:16:43.799, 2184 MHz, 19.11 W, 59 %, 54, 0x0000000000000000
2026/09/12 05:16:44.000, 2184 MHz, 19.75 W, 59 %, 54, 0x0000000000000000
2026/09/12 05:16:44.200, 2184 MHz, 19.75 W, 59 %, 54, 0x0000000000000000
2026/09/12 05:16:44.400, 2184 MHz, 19.75 W, 59 %, 54, 0x0000000000000000
2026/09/12 05:16:44.600, 2184 MHz, 20.04 W, 40 %, 54, 0x0000000000000000
2026/09/12 05:16:44.800, 2184 MHz, 20.04 W, 40 %, 54, 0x0000000000000000
2026/09/12 05:16:45.001, 2184 MHz, 19.81 W, 40 %, 54, 0x0000000000000000
2026/09/12 05:16:45.201, 2184 MHz, 19.81 W, 40 %, 54, 0x0000000000000000
2026/09/12 05:16:45.401, 2184 MHz, 19.81 W, 40 %, 54, 0x0000000000000000
2026/09/12 05:16:45.602, 2184 MHz, 19.86 W, 52 %, 54, 0x0000000000000000
2026/09/12 05:16:45.802, 2184 MHz, 19.86 W, 52 %, 54, 0x0000000000000000
2026/09/12 05:16:46.002, 2184 MHz, 19.02 W, 52 %, 54, 0x0000000000000000
2026/09/12 05:16:46.202, 2184 MHz, 19.02 W, 52 %, 54, 0x0000000000000000
2026/09/12 05:16:46.403, 2184 MHz, 19.02 W, 52 %, 54, 0x0000000000000000
2026/09/12 05:16:46.603, 2177 MHz, 16.54 W, 22 %, 54, 0x0000000000000000
2026/09/12 05:16:46.803, 2177 MHz, 16.54 W, 22 %, 54, 0x0000000000000000
2026/09/12 05:16:47.003, 2177 MHz, 14.52 W, 22 %, 53, 0x0000000000000000
2026/09/12 05:16:47.203, 2177 MHz, 14.52 W, 22 %, 53, 0x0000000000000000
2026/09/12 05:16:47.404, 2177 MHz, 14.52 W, 22 %, 53, 0x0000000000000000
2026/09/12 05:16:47.604, 2177 MHz, 14.15 W, 16 %, 53, 0x0000000000000000
2026/09/12 05:16:47.804, 2177 MHz, 14.15 W, 16 %, 53, 0x0000000000000000
2026/09/12 05:16:48.004, 2177 MHz, 14.04 W, 16 %, 53, 0x0000000000000000
2026/09/12 05:16:48.204, 2177 MHz, 14.04 W, 16 %, 53, 0x0000000000000000
2026/09/12 05:16:48.405, 2177 MHz, 14.04 W, 16 %, 53, 0x0000000000000000
2026/09/12 05:16:48.605, 2184 MHz, 14.96 W, 44 %, 54, 0x0000000000000000
2026/09/12 05:16:48.805, 2184 MHz, 14.96 W, 44 %, 54, 0x0000000000000000
2026/09/12 05:16:49.005, 2184 MHz, 15.85 W, 44 %, 54, 0x0000000000000000
2026/09/12 05:16:49.206, 2184 MHz, 15.85 W, 44 %, 54, 0x0000000000000000
2026/09/12 05:16:49.406, 2184 MHz, 15.85 W, 44 %, 54, 0x0000000000000000
2026/09/12 05:16:49.606, 2184 MHz, 16.32 W, 29 %, 54, 0x0000000000000000
2026/09/12 05:16:49.806, 2184 MHz, 16.32 W, 29 %, 54, 0x0000000000000000
2026/09/12 05:16:50.007, 2184 MHz, 16.97 W, 29 %, 54, 0x0000000000000000
2026/09/12 05:16:50.207, 2184 MHz, 16.97 W, 29 %, 54, 0x0000000000000000
2026/09/12 05:16:50.407, 2184 MHz, 16.97 W, 29 %, 54, 0x0000000000000000
2026/09/12 05:16:50.608, 2184 MHz, 16.84 W, 32 %, 53, 0x0000000000000000
2026/09/12 05:16:50.808, 2184 MHz, 16.84 W, 32 %, 53, 0x0000000000000000
2026/09/12 05:16:51.008, 2184 MHz, 16.94 W, 32 %, 53, 0x0000000000000000
2026/09/12 05:16:51.208, 2184 MHz, 16.94 W, 32 %, 53, 0x0000000000000000
2026/09/12 05:16:51.408, 2184 MHz, 16.94 W, 32 %, 53, 0x0000000000000000
2026/09/12 05:16:51.608, 2184 MHz, 17.35 W, 38 %, 54, 0x0000000000000000
2026/09/12 05:16:51.809, 2184 MHz, 17.35 W, 38 %, 54, 0x0000000000000000
2026/09/12 05:16:52.009, 2184 MHz, 17.60 W, 38 %, 54, 0x0000000000000000
2026/09/12 05:16:52.209, 2184 MHz, 17.60 W, 38 %, 54, 0x0000000000000000
2026/09/12 05:16:52.410, 2184 MHz, 17.60 W, 38 %, 54, 0x0000000000000000
2026/09/12 05:16:52.610, 2184 MHz, 17.75 W, 40 %, 54, 0x0000000000000000
2026/09/12 05:16:52.810, 2184 MHz, 17.75 W, 40 %, 54, 0x0000000000000000
2026/09/12 05:16:53.011, 2184 MHz, 17.87 W, 40 %, 54, 0x0000000000000000
2026/09/12 05:16:53.211, 2184 MHz, 17.87 W, 40 %, 54, 0x0000000000000000
2026/09/12 05:16:53.412, 2184 MHz, 17.87 W, 40 %, 54, 0x0000000000000000
2026/09/12 05:16:53.612, 2184 MHz, 15.61 W, 0 %, 53, 0x0000000000000000
2026/09/12 05:16:53.812, 2184 MHz, 15.61 W, 0 %, 53, 0x0000000000000000
2026/09/12 05:16:54.013, 2177 MHz, 11.90 W, 0 %, 53, 0x0000000000000000
2026/09/12 05:16:54.213, 2177 MHz, 11.90 W, 0 %, 53, 0x0000000000000000
2026/09/12 05:16:54.414, 2177 MHz, 11.90 W, 0 %, 53, 0x0000000000000000
2026/09/12 05:16:54.614, 2177 MHz, 10.14 W, 3 %, 53, 0x0000000000000000
2026/09/12 05:16:54.814, 2177 MHz, 10.14 W, 3 %, 53, 0x0000000000000000
2026/09/12 05:16:55.015, 2177 MHz, 10.76 W, 3 %, 53, 0x0000000000000000
2026/09/12 05:16:55.215, 2177 MHz, 10.76 W, 3 %, 53, 0x0000000000000000
2026/09/12 05:16:55.415, 2177 MHz, 10.76 W, 3 %, 53, 0x0000000000000000
2026/09/12 05:16:55.615, 2177 MHz, 11.34 W, 5 %, 53, 0x0000000000000000
2026/09/12 05:16:55.815, 2177 MHz, 11.34 W, 5 %, 53, 0x0000000000000000
2026/09/12 05:16:56.016, 2177 MHz, 11.30 W, 5 %, 53, 0x0000000000000000
2026/09/12 05:16:56.216, 2177 MHz, 11.30 W, 5 %, 53, 0x0000000000000000
2026/09/12 05:16:56.416, 2177 MHz, 11.30 W, 5 %, 53, 0x0000000000000000
2026/09/12 05:16:56.616, 2177 MHz, 11.28 W, 4 %, 53, 0x0000000000000000
2026/09/12 05:16:56.817, 2177 MHz, 11.28 W, 4 %, 53, 0x0000000000000000
2026/09/12 05:16:57.017, 2177 MHz, 11.20 W, 4 %, 52, 0x0000000000000000
2026/09/12 05:16:57.217, 2177 MHz, 11.20 W, 4 %, 52, 0x0000000000000000
2026/09/12 05:16:57.417, 2177 MHz, 11.20 W, 4 %, 52, 0x0000000000000000
2026/09/12 05:16:57.617, 2177 MHz, 11.39 W, 11 %, 52, 0x0000000000000000
2026/09/12 05:16:57.817, 2177 MHz, 11.39 W, 11 %, 52, 0x0000000000000000
2026/09/12 05:16:58.018, 2177 MHz, 11.39 W, 11 %, 52, 0x0000000000000000
2026/09/12 05:16:58.218, 2177 MHz, 11.39 W, 11 %, 52, 0x0000000000000000
2026/09/12 05:16:58.418, 2177 MHz, 11.39 W, 11 %, 52, 0x0000000000000000
2026/09/12 05:16:58.618, 2177 MHz, 11.54 W, 15 %, 53, 0x0000000000000000
2026/09/12 05:16:58.819, 2177 MHz, 11.54 W, 15 %, 53, 0x0000000000000000
2026/09/12 05:16:59.019, 2177 MHz, 12.19 W, 15 %, 53, 0x0000000000000000
2026/09/12 05:16:59.219, 2177 MHz, 12.19 W, 15 %, 53, 0x0000000000000000
2026/09/12 05:16:59.419, 2177 MHz, 12.19 W, 15 %, 53, 0x0000000000000000
2026/09/12 05:16:59.619, 2177 MHz, 12.65 W, 17 %, 53, 0x0000000000000000
2026/09/12 05:16:59.820, 2177 MHz, 12.65 W, 17 %, 53, 0x0000000000000000
2026/09/12 05:17:00.020, 2177 MHz, 12.87 W, 17 %, 53, 0x0000000000000000
2026/09/12 05:17:00.220, 2177 MHz, 12.87 W, 17 %, 53, 0x0000000000000000
2026/09/12 05:17:00.421, 2177 MHz, 12.87 W, 17 %, 53, 0x0000000000000000
2026/09/12 05:17:00.621, 2177 MHz, 12.98 W, 14 %, 53, 0x0000000000000000
2026/09/12 05:17:00.821, 2177 MHz, 12.98 W, 14 %, 53, 0x0000000000000000
2026/09/12 05:17:01.021, 2177 MHz, 12.95 W, 14 %, 53, 0x0000000000000000
2026/09/12 05:17:01.221, 2177 MHz, 12.95 W, 14 %, 53, 0x0000000000000000
2026/09/12 05:17:01.421, 2177 MHz, 12.95 W, 14 %, 53, 0x0000000000000000
2026/09/12 05:17:01.622, 2177 MHz, 13.29 W, 17 %, 53, 0x0000000000000000
2026/09/12 05:17:01.822, 2177 MHz, 13.29 W, 17 %, 53, 0x0000000000000000
2026/09/12 05:17:02.022, 2177 MHz, 14.03 W, 17 %, 53, 0x0000000000000000
2026/09/12 05:17:02.222, 2177 MHz, 14.03 W, 17 %, 53, 0x0000000000000000
2026/09/12 05:17:02.422, 2177 MHz, 14.03 W, 17 %, 53, 0x0000000000000000
2026/09/12 05:17:02.623, 2177 MHz, 14.45 W, 25 %, 53, 0x0000000000000000
2026/09/12 05:17:02.823, 2177 MHz, 14.45 W, 25 %, 53, 0x0000000000000000
2026/09/12 05:17:03.023, 2184 MHz, 14.74 W, 25 %, 53, 0x0000000000000000
2026/09/12 05:17:03.223, 2184 MHz, 14.74 W, 25 %, 53, 0x0000000000000000
2026/09/12 05:17:03.424, 2184 MHz, 14.74 W, 25 %, 53, 0x0000000000000000
2026/09/12 05:17:03.624, 2184 MHz, 14.71 W, 22 %, 53, 0x0000000000000000
2026/09/12 05:17:03.824, 2184 MHz, 14.71 W, 22 %, 53, 0x0000000000000000
2026/09/12 05:17:04.024, 2184 MHz, 14.83 W, 22 %, 53, 0x0000000000000000
2026/09/12 05:17:04.225, 2184 MHz, 14.83 W, 22 %, 53, 0x0000000000000000
2026/09/12 05:17:04.425, 2184 MHz, 14.83 W, 22 %, 53, 0x0000000000000000
2026/09/12 05:17:04.625, 2184 MHz, 15.51 W, 26 %, 53, 0x0000000000000000
2026/09/12 05:17:04.825, 2184 MHz, 15.51 W, 26 %, 53, 0x0000000000000000
2026/09/12 05:17:05.026, 2184 MHz, 15.43 W, 26 %, 54, 0x0000000000000000
2026/09/12 05:17:05.226, 2184 MHz, 15.43 W, 26 %, 54, 0x0000000000000000
2026/09/12 05:17:05.427, 2184 MHz, 15.43 W, 26 %, 54, 0x0000000000000000
2026/09/12 05:17:05.627, 2184 MHz, 15.33 W, 17 %, 53, 0x0000000000000000
2026/09/12 05:17:05.827, 2184 MHz, 15.33 W, 17 %, 53, 0x0000000000000000
2026/09/12 05:17:06.028, 2184 MHz, 14.38 W, 17 %, 53, 0x0000000000000000
2026/09/12 05:17:06.228, 2184 MHz, 14.38 W, 17 %, 53, 0x0000000000000000
2026/09/12 05:17:06.428, 2184 MHz, 14.38 W, 17 %, 53, 0x0000000000000000
2026/09/12 05:17:06.629, 2184 MHz, 13.61 W, 17 %, 53, 0x0000000000000000
2026/09/12 05:17:06.829, 2184 MHz, 13.61 W, 17 %, 53, 0x0000000000000000
2026/09/12 05:17:07.029, 2184 MHz, 13.53 W, 17 %, 53, 0x0000000000000000
2026/09/12 05:17:07.230, 2184 MHz, 13.53 W, 17 %, 53, 0x0000000000000000
2026/09/12 05:17:07.430, 2184 MHz, 13.53 W, 17 %, 53, 0x0000000000000000
2026/09/12 05:17:07.630, 2177 MHz, 13.02 W, 8 %, 53, 0x0000000000000000
2026/09/12 05:17:07.831, 2177 MHz, 13.02 W, 8 %, 53, 0x0000000000000000
2026/09/12 05:17:08.031, 2177 MHz, 12.99 W, 8 %, 54, 0x0000000000000000
2026/09/12 05:17:08.232, 2177 MHz, 12.99 W, 8 %, 54, 0x0000000000000000
2026/09/12 05:17:08.432, 2177 MHz, 12.99 W, 8 %, 54, 0x0000000000000000
2026/09/12 05:17:08.633, 2177 MHz, 13.40 W, 18 %, 53, 0x0000000000000000
2026/09/12 05:17:08.833, 2177 MHz, 13.40 W, 18 %, 53, 0x0000000000000000
2026/09/12 05:17:09.034, 2177 MHz, 14.12 W, 18 %, 53, 0x0000000000000000
2026/09/12 05:17:09.234, 2177 MHz, 14.12 W, 18 %, 53, 0x0000000000000000
2026/09/12 05:17:09.434, 2177 MHz, 14.12 W, 18 %, 53, 0x0000000000000000
2026/09/12 05:17:09.634, 2177 MHz, 14.51 W, 23 %, 53, 0x0000000000000000
2026/09/12 05:17:09.834, 2177 MHz, 14.51 W, 23 %, 53, 0x0000000000000000
2026/09/12 05:17:10.035, 2177 MHz, 14.79 W, 23 %, 53, 0x0000000000000000
2026/09/12 05:17:10.235, 2177 MHz, 14.79 W, 23 %, 53, 0x0000000000000000
2026/09/12 05:17:10.435, 2177 MHz, 14.79 W, 23 %, 53, 0x0000000000000000
2026/09/12 05:17:10.635, 2184 MHz, 15.94 W, 42 %, 53, 0x0000000000000000
2026/09/12 05:17:10.835, 2184 MHz, 15.94 W, 42 %, 53, 0x0000000000000000
2026/09/12 05:17:11.035, 2184 MHz, 16.59 W, 42 %, 54, 0x0000000000000000
2026/09/12 05:17:11.236, 2184 MHz, 16.59 W, 42 %, 54, 0x0000000000000000
2026/09/12 05:17:11.436, 2184 MHz, 16.59 W, 42 %, 54, 0x0000000000000000
2026/09/12 05:17:11.636, 2184 MHz, 16.99 W, 45 %, 54, 0x0000000000000000
2026/09/12 05:17:11.836, 2184 MHz, 16.99 W, 45 %, 54, 0x0000000000000000
2026/09/12 05:17:12.036, 2184 MHz, 17.18 W, 45 %, 54, 0x0000000000000000
2026/09/12 05:17:12.237, 2184 MHz, 17.18 W, 45 %, 54, 0x0000000000000000
2026/09/12 05:17:12.437, 2184 MHz, 17.18 W, 45 %, 54, 0x0000000000000000
2026/09/12 05:17:12.637, 2184 MHz, 16.66 W, 32 %, 54, 0x0000000000000000
2026/09/12 05:17:12.838, 2184 MHz, 16.66 W, 32 %, 54, 0x0000000000000000
2026/09/12 05:17:13.038, 2184 MHz, 17.27 W, 32 %, 54, 0x0000000000000000
2026/09/12 05:17:13.238, 2184 MHz, 17.27 W, 32 %, 54, 0x0000000000000000
2026/09/12 05:17:13.438, 2184 MHz, 17.27 W, 32 %, 54, 0x0000000000000000
2026/09/12 05:17:13.638, 2184 MHz, 18.53 W, 56 %, 54, 0x0000000000000000
2026/09/12 05:17:13.839, 2184 MHz, 18.53 W, 56 %, 54, 0x0000000000000000
2026/09/12 05:17:14.039, 2184 MHz, 19.66 W, 56 %, 54, 0x0000000000000000
2026/09/12 05:17:14.239, 2184 MHz, 19.66 W, 56 %, 54, 0x0000000000000000
2026/09/12 05:17:14.440, 2184 MHz, 19.66 W, 56 %, 54, 0x0000000000000000
2026/09/12 05:17:14.640, 2184 MHz, 20.04 W, 48 %, 54, 0x0000000000000000
2026/09/12 05:17:14.840, 2184 MHz, 20.04 W, 48 %, 54, 0x0000000000000000
2026/09/12 05:17:15.041, 2184 MHz, 19.63 W, 48 %, 54, 0x0000000000000000
2026/09/12 05:17:15.241, 2184 MHz, 19.63 W, 48 %, 54, 0x0000000000000000
2026/09/12 05:17:15.441, 2184 MHz, 19.63 W, 48 %, 54, 0x0000000000000000
2026/09/12 05:17:15.641, 2184 MHz, 19.64 W, 52 %, 55, 0x0000000000000000
2026/09/12 05:17:15.842, 2184 MHz, 19.64 W, 52 %, 55, 0x0000000000000000
2026/09/12 05:17:16.042, 2184 MHz, 19.60 W, 52 %, 54, 0x0000000000000000
2026/09/12 05:17:16.242, 2184 MHz, 19.60 W, 52 %, 54, 0x0000000000000000
2026/09/12 05:17:16.442, 2184 MHz, 19.60 W, 52 %, 54, 0x0000000000000000
2026/09/12 05:17:16.642, 2184 MHz, 19.80 W, 53 %, 55, 0x0000000000000000
2026/09/12 05:17:16.843, 2184 MHz, 19.80 W, 53 %, 55, 0x0000000000000000
2026/09/12 05:17:17.043, 2184 MHz, 20.26 W, 53 %, 55, 0x0000000000000000
2026/09/12 05:17:17.243, 2184 MHz, 20.26 W, 53 %, 55, 0x0000000000000000
2026/09/12 05:17:17.444, 2184 MHz, 20.26 W, 53 %, 55, 0x0000000000000000
2026/09/12 05:17:17.644, 2184 MHz, 19.80 W, 61 %, 54, 0x0000000000000000
2026/09/12 05:17:17.844, 2184 MHz, 19.80 W, 61 %, 54, 0x0000000000000000
2026/09/12 05:17:18.044, 2184 MHz, 18.79 W, 61 %, 54, 0x0000000000000000
2026/09/12 05:17:18.244, 2184 MHz, 18.79 W, 61 %, 54, 0x0000000000000000
2026/09/12 05:17:18.444, 2184 MHz, 18.79 W, 61 %, 54, 0x0000000000000000
2026/09/12 05:17:18.644, 2184 MHz, 17.15 W, 21 %, 54, 0x0000000000000000
2026/09/12 05:17:18.845, 2184 MHz, 17.15 W, 21 %, 54, 0x0000000000000000
2026/09/12 05:17:19.045, 2184 MHz, 15.18 W, 21 %, 54, 0x0000000000000000
2026/09/12 05:17:19.245, 2184 MHz, 15.18 W, 21 %, 54, 0x0000000000000000
2026/09/12 05:17:19.445, 2184 MHz, 15.18 W, 21 %, 54, 0x0000000000000000
2026/09/12 05:17:19.645, 2184 MHz, 14.86 W, 27 %, 54, 0x0000000000000000
2026/09/12 05:17:19.846, 2184 MHz, 14.86 W, 27 %, 54, 0x0000000000000000
2026/09/12 05:17:20.046, 2184 MHz, 15.69 W, 27 %, 54, 0x0000000000000000
2026/09/12 05:17:20.246, 2184 MHz, 15.69 W, 27 %, 54, 0x0000000000000000
2026/09/12 05:17:20.446, 2184 MHz, 15.69 W, 27 %, 54, 0x0000000000000000
2026/09/12 05:17:20.646, 2184 MHz, 16.70 W, 39 %, 54, 0x0000000000000000
2026/09/12 05:17:20.847, 2184 MHz, 16.70 W, 39 %, 54, 0x0000000000000000
2026/09/12 05:17:21.047, 2184 MHz, 17.28 W, 39 %, 55, 0x0000000000000000
2026/09/12 05:17:21.247, 2184 MHz, 17.28 W, 39 %, 55, 0x0000000000000000
2026/09/12 05:17:21.448, 2197 MHz, 17.28 W, 39 %, 55, 0x0000000000000000
2026/09/12 05:17:21.650, 2184 MHz, 17.63 W, 44 %, 54, 0x0000000000000000
2026/09/12 05:17:21.850, 2184 MHz, 17.63 W, 44 %, 54, 0x0000000000000000
2026/09/12 05:17:22.050, 2184 MHz, 18.15 W, 44 %, 54, 0x0000000000000000
2026/09/12 05:17:22.251, 2184 MHz, 18.15 W, 44 %, 54, 0x0000000000000000
2026/09/12 05:17:22.451, 2184 MHz, 18.45 W, 40 %, 55, 0x0000000000000000
2026/09/12 05:17:22.651, 2184 MHz, 18.45 W, 40 %, 55, 0x0000000000000000
2026/09/12 05:17:22.851, 2184 MHz, 18.45 W, 40 %, 55, 0x0000000000000000
2026/09/12 05:17:23.052, 2184 MHz, 18.77 W, 40 %, 55, 0x0000000000000000
2026/09/12 05:17:23.252, 2184 MHz, 18.77 W, 40 %, 55, 0x0000000000000000
2026/09/12 05:17:23.452, 2184 MHz, 18.76 W, 44 %, 55, 0x0000000000000000
2026/09/12 05:17:23.652, 2184 MHz, 18.76 W, 44 %, 55, 0x0000000000000000
2026/09/12 05:17:23.853, 2184 MHz, 18.76 W, 44 %, 55, 0x0000000000000000
2026/09/12 05:17:24.053, 2184 MHz, 18.63 W, 44 %, 54, 0x0000000000000000
2026/09/12 05:17:24.253, 2184 MHz, 18.63 W, 44 %, 54, 0x0000000000000000
2026/09/12 05:17:24.453, 2184 MHz, 18.96 W, 53 %, 55, 0x0000000000000000
2026/09/12 05:17:24.654, 2184 MHz, 18.96 W, 53 %, 55, 0x0000000000000000
2026/09/12 05:17:24.854, 2184 MHz, 18.96 W, 53 %, 55, 0x0000000000000000
2026/09/12 05:17:25.054, 2184 MHz, 19.62 W, 53 %, 55, 0x0000000000000000
2026/09/12 05:17:25.255, 2184 MHz, 19.62 W, 53 %, 55, 0x0000000000000000
2026/09/12 05:17:25.455, 2184 MHz, 20.12 W, 61 %, 56, 0x0000000000000000
2026/09/12 05:17:25.655, 2184 MHz, 20.12 W, 61 %, 56, 0x0000000000000000
2026/09/12 05:17:25.856, 2184 MHz, 20.12 W, 61 %, 56, 0x0000000000000000
2026/09/12 05:17:26.056, 2184 MHz, 19.76 W, 61 %, 55, 0x0000000000000000
2026/09/12 05:17:26.256, 2184 MHz, 19.76 W, 61 %, 55, 0x0000000000000000
2026/09/12 05:17:26.456, 2184 MHz, 18.94 W, 30 %, 54, 0x0000000000000000
2026/09/12 05:17:26.656, 2184 MHz, 18.94 W, 30 %, 54, 0x0000000000000000
2026/09/12 05:17:26.857, 2184 MHz, 18.94 W, 30 %, 54, 0x0000000000000000
2026/09/12 05:17:27.057, 2184 MHz, 18.75 W, 30 %, 55, 0x0000000000000000
2026/09/12 05:17:27.257, 2184 MHz, 18.75 W, 30 %, 55, 0x0000000000000000
2026/09/12 05:17:27.457, 2184 MHz, 18.81 W, 45 %, 55, 0x0000000000000000
2026/09/12 05:17:27.657, 2184 MHz, 18.81 W, 45 %, 55, 0x0000000000000000
2026/09/12 05:17:27.858, 2184 MHz, 18.81 W, 45 %, 55, 0x0000000000000000
2026/09/12 05:17:28.058, 2184 MHz, 20.17 W, 45 %, 55, 0x0000000000000000
2026/09/12 05:17:28.258, 2184 MHz, 20.17 W, 45 %, 55, 0x0000000000000000
2026/09/12 05:17:28.458, 2184 MHz, 20.20 W, 55 %, 55, 0x0000000000000000
2026/09/12 05:17:28.659, 2184 MHz, 20.20 W, 55 %, 55, 0x0000000000000000
2026/09/12 05:17:28.859, 2184 MHz, 20.20 W, 55 %, 55, 0x0000000000000000
2026/09/12 05:17:29.059, 2184 MHz, 19.27 W, 55 %, 55, 0x0000000000000000
2026/09/12 05:17:29.260, 2184 MHz, 19.27 W, 55 %, 55, 0x0000000000000000
2026/09/12 05:17:29.460, 2184 MHz, 19.95 W, 56 %, 55, 0x0000000000000000
2026/09/12 05:17:29.660, 2184 MHz, 19.95 W, 56 %, 55, 0x0000000000000000
2026/09/12 05:17:29.860, 2184 MHz, 19.95 W, 56 %, 55, 0x0000000000000000
2026/09/12 05:17:30.061, 2184 MHz, 20.28 W, 56 %, 55, 0x0000000000000000
2026/09/12 05:17:30.261, 2184 MHz, 20.28 W, 56 %, 55, 0x0000000000000000
2026/09/12 05:17:30.461, 2184 MHz, 17.99 W, 30 %, 54, 0x0000000000000000
2026/09/12 05:17:30.661, 2184 MHz, 17.99 W, 30 %, 54, 0x0000000000000000
2026/09/12 05:17:30.861, 2184 MHz, 17.99 W, 30 %, 54, 0x0000000000000000
2026/09/12 05:17:31.062, 2184 MHz, 15.33 W, 30 %, 54, 0x0000000000000000
2026/09/12 05:17:31.262, 2184 MHz, 15.33 W, 30 %, 54, 0x0000000000000000
2026/09/12 05:17:31.462, 2184 MHz, 14.46 W, 15 %, 55, 0x0000000000000000
2026/09/12 05:17:31.663, 2184 MHz, 14.46 W, 15 %, 55, 0x0000000000000000
2026/09/12 05:17:31.863, 2184 MHz, 14.46 W, 15 %, 55, 0x0000000000000000
2026/09/12 05:17:32.063, 2184 MHz, 14.57 W, 15 %, 54, 0x0000000000000000
2026/09/12 05:17:32.263, 2184 MHz, 14.57 W, 15 %, 54, 0x0000000000000000
2026/09/12 05:17:32.464, 2184 MHz, 15.24 W, 33 %, 55, 0x0000000000000000
2026/09/12 05:17:32.664, 2184 MHz, 15.24 W, 33 %, 55, 0x0000000000000000
2026/09/12 05:17:32.864, 2184 MHz, 15.24 W, 33 %, 55, 0x0000000000000000
2026/09/12 05:17:33.064, 2184 MHz, 16.13 W, 33 %, 55, 0x0000000000000000
2026/09/12 05:17:33.265, 2184 MHz, 16.13 W, 33 %, 55, 0x0000000000000000
2026/09/12 05:17:33.465, 2184 MHz, 16.49 W, 33 %, 55, 0x0000000000000000
2026/09/12 05:17:33.665, 2184 MHz, 16.49 W, 33 %, 55, 0x0000000000000000
2026/09/12 05:17:33.866, 2184 MHz, 16.49 W, 33 %, 55, 0x0000000000000000
2026/09/12 05:17:34.066, 2184 MHz, 16.62 W, 33 %, 55, 0x0000000000000000
2026/09/12 05:17:34.266, 2184 MHz, 16.62 W, 33 %, 55, 0x0000000000000000
2026/09/12 05:17:34.466, 2184 MHz, 16.80 W, 35 %, 54, 0x0000000000000000
2026/09/12 05:17:34.667, 2184 MHz, 16.80 W, 35 %, 54, 0x0000000000000000
2026/09/12 05:17:34.867, 2184 MHz, 16.80 W, 35 %, 54, 0x0000000000000000
2026/09/12 05:17:35.068, 2184 MHz, 16.96 W, 35 %, 55, 0x0000000000000000
2026/09/12 05:17:35.268, 2184 MHz, 16.96 W, 35 %, 55, 0x0000000000000000
2026/09/12 05:17:35.468, 2184 MHz, 17.24 W, 35 %, 55, 0x0000000000000000
2026/09/12 05:17:35.668, 2184 MHz, 17.24 W, 35 %, 55, 0x0000000000000000
2026/09/12 05:17:35.869, 2184 MHz, 17.24 W, 35 %, 55, 0x0000000000000000
2026/09/12 05:17:36.069, 2184 MHz, 17.40 W, 35 %, 55, 0x0000000000000000
2026/09/12 05:17:36.269, 2184 MHz, 17.40 W, 35 %, 55, 0x0000000000000000
2026/09/12 05:17:36.470, 2184 MHz, 17.69 W, 38 %, 55, 0x0000000000000000
2026/09/12 05:17:36.670, 2184 MHz, 17.69 W, 38 %, 55, 0x0000000000000000
2026/09/12 05:17:36.870, 2184 MHz, 17.69 W, 38 %, 55, 0x0000000000000000
2026/09/12 05:17:37.070, 2184 MHz, 18.11 W, 38 %, 55, 0x0000000000000000
2026/09/12 05:17:37.271, 2184 MHz, 18.11 W, 38 %, 55, 0x0000000000000000
2026/09/12 05:17:37.471, 2184 MHz, 16.74 W, 3 %, 54, 0x0000000000000000
2026/09/12 05:17:37.671, 2184 MHz, 16.74 W, 3 %, 54, 0x0000000000000000
2026/09/12 05:17:37.871, 2184 MHz, 16.74 W, 3 %, 54, 0x0000000000000000
2026/09/12 05:17:38.072, 2184 MHz, 12.93 W, 3 %, 54, 0x0000000000000000
2026/09/12 05:17:38.272, 2184 MHz, 12.93 W, 3 %, 54, 0x0000000000000000
2026/09/12 05:17:38.472, 2184 MHz, 10.92 W, 6 %, 54, 0x0000000000000000
2026/09/12 05:17:38.672, 2184 MHz, 10.92 W, 6 %, 54, 0x0000000000000000
2026/09/12 05:17:38.873, 2184 MHz, 10.92 W, 6 %, 54, 0x0000000000000000
2026/09/12 05:17:39.073, 2184 MHz, 11.40 W, 6 %, 54, 0x0000000000000000
2026/09/12 05:17:39.273, 2184 MHz, 11.40 W, 6 %, 54, 0x0000000000000000
2026/09/12 05:17:39.473, 2184 MHz, 11.53 W, 6 %, 54, 0x0000000000000000
2026/09/12 05:17:39.674, 2184 MHz, 11.53 W, 6 %, 54, 0x0000000000000000
2026/09/12 05:17:39.874, 2184 MHz, 11.53 W, 6 %, 54, 0x0000000000000000
2026/09/12 05:17:40.074, 2184 MHz, 11.54 W, 6 %, 54, 0x0000000000000000
2026/09/12 05:17:40.274, 2184 MHz, 11.54 W, 6 %, 54, 0x0000000000000000
2026/09/12 05:17:40.475, 2184 MHz, 11.46 W, 4 %, 54, 0x0000000000000000
2026/09/12 05:17:40.675, 2184 MHz, 11.46 W, 4 %, 54, 0x0000000000000000
2026/09/12 05:17:40.875, 2184 MHz, 11.46 W, 4 %, 54, 0x0000000000000000
2026/09/12 05:17:41.076, 2184 MHz, 11.35 W, 4 %, 53, 0x0000000000000000
2026/09/12 05:17:41.276, 2184 MHz, 11.35 W, 4 %, 53, 0x0000000000000000
2026/09/12 05:17:41.476, 2184 MHz, 11.44 W, 5 %, 53, 0x0000000000000000
2026/09/12 05:17:41.676, 2184 MHz, 11.44 W, 5 %, 53, 0x0000000000000000
2026/09/12 05:17:41.877, 2184 MHz, 11.44 W, 5 %, 53, 0x0000000000000000
2026/09/12 05:17:42.077, 2184 MHz, 11.73 W, 5 %, 54, 0x0000000000000000
2026/09/12 05:17:42.277, 2184 MHz, 11.73 W, 5 %, 54, 0x0000000000000000
2026/09/12 05:17:42.477, 2184 MHz, 12.47 W, 17 %, 54, 0x0000000000000000
2026/09/12 05:17:42.677, 2184 MHz, 12.47 W, 17 %, 54, 0x0000000000000000
2026/09/12 05:17:42.877, 2184 MHz, 12.47 W, 17 %, 54, 0x0000000000000000
2026/09/12 05:17:43.078, 2184 MHz, 13.13 W, 17 %, 54, 0x0000000000000000
2026/09/12 05:17:43.278, 2184 MHz, 13.13 W, 17 %, 54, 0x0000000000000000
2026/09/12 05:17:43.478, 2184 MHz, 13.48 W, 20 %, 54, 0x0000000000000000
2026/09/12 05:17:43.678, 2184 MHz, 13.48 W, 20 %, 54, 0x0000000000000000
2026/09/12 05:17:43.878, 2184 MHz, 13.48 W, 20 %, 54, 0x0000000000000000
2026/09/12 05:17:44.079, 2184 MHz, 13.71 W, 20 %, 54, 0x0000000000000000
2026/09/12 05:17:44.279, 2184 MHz, 13.71 W, 20 %, 54, 0x0000000000000000
2026/09/12 05:17:44.479, 2184 MHz, 13.66 W, 12 %, 54, 0x0000000000000000
2026/09/12 05:17:44.679, 2184 MHz, 13.66 W, 12 %, 54, 0x0000000000000000
2026/09/12 05:17:44.879, 2184 MHz, 13.66 W, 12 %, 54, 0x0000000000000000
2026/09/12 05:17:45.079, 2184 MHz, 13.78 W, 12 %, 54, 0x0000000000000000
2026/09/12 05:17:45.280, 2184 MHz, 13.78 W, 12 %, 54, 0x0000000000000000
2026/09/12 05:17:45.480, 2184 MHz, 14.19 W, 17 %, 54, 0x0000000000000000
2026/09/12 05:17:45.680, 2184 MHz, 14.19 W, 17 %, 54, 0x0000000000000000
2026/09/12 05:17:45.880, 2184 MHz, 14.19 W, 17 %, 54, 0x0000000000000000
2026/09/12 05:17:46.080, 2184 MHz, 14.72 W, 17 %, 54, 0x0000000000000000
2026/09/12 05:17:46.281, 2184 MHz, 14.72 W, 17 %, 54, 0x0000000000000000
2026/09/12 05:17:46.481, 2184 MHz, 14.91 W, 23 %, 54, 0x0000000000000000
2026/09/12 05:17:46.681, 2184 MHz, 14.91 W, 23 %, 54, 0x0000000000000000
2026/09/12 05:17:46.881, 2184 MHz, 14.91 W, 23 %, 54, 0x0000000000000000
2026/09/12 05:17:47.082, 2184 MHz, 14.58 W, 23 %, 54, 0x0000000000000000
2026/09/12 05:17:47.282, 2184 MHz, 14.58 W, 23 %, 54, 0x0000000000000000
2026/09/12 05:17:47.482, 2184 MHz, 14.90 W, 27 %, 54, 0x0000000000000000
2026/09/12 05:17:47.682, 2184 MHz, 14.90 W, 27 %, 54, 0x0000000000000000
2026/09/12 05:17:47.883, 2184 MHz, 14.90 W, 27 %, 54, 0x0000000000000000
2026/09/12 05:17:48.083, 2184 MHz, 15.56 W, 27 %, 54, 0x0000000000000000
2026/09/12 05:17:48.283, 2184 MHz, 15.56 W, 27 %, 54, 0x0000000000000000
2026/09/12 05:17:48.484, 2184 MHz, 15.33 W, 23 %, 54, 0x0000000000000000
2026/09/12 05:17:48.684, 2184 MHz, 15.33 W, 23 %, 54, 0x0000000000000000
2026/09/12 05:17:48.884, 2184 MHz, 15.33 W, 23 %, 54, 0x0000000000000000
2026/09/12 05:17:49.084, 2184 MHz, 15.07 W, 23 %, 55, 0x0000000000000000
2026/09/12 05:17:49.285, 2184 MHz, 15.07 W, 23 %, 55, 0x0000000000000000
2026/09/12 05:17:49.485, 2184 MHz, 14.71 W, 21 %, 54, 0x0000000000000000
2026/09/12 05:17:49.685, 2184 MHz, 14.71 W, 21 %, 54, 0x0000000000000000
2026/09/12 05:17:49.885, 2184 MHz, 14.71 W, 21 %, 54, 0x0000000000000000
2026/09/12 05:17:50.085, 2184 MHz, 14.00 W, 21 %, 54, 0x0000000000000000
2026/09/12 05:17:50.286, 2184 MHz, 14.00 W, 21 %, 54, 0x0000000000000000
2026/09/12 05:17:50.486, 2184 MHz, 13.52 W, 14 %, 54, 0x0000000000000000
2026/09/12 05:17:50.686, 2184 MHz, 13.52 W, 14 %, 54, 0x0000000000000000
2026/09/12 05:17:50.887, 2184 MHz, 13.52 W, 14 %, 54, 0x0000000000000000
2026/09/12 05:17:51.087, 2184 MHz, 12.97 W, 14 %, 54, 0x0000000000000000
2026/09/12 05:17:51.287, 2184 MHz, 12.97 W, 14 %, 54, 0x0000000000000000
2026/09/12 05:17:51.487, 2184 MHz, 13.45 W, 21 %, 54, 0x0000000000000000
2026/09/12 05:17:51.687, 2184 MHz, 13.45 W, 21 %, 54, 0x0000000000000000
2026/09/12 05:17:51.888, 2184 MHz, 13.45 W, 21 %, 54, 0x0000000000000000
2026/09/12 05:17:52.088, 2184 MHz, 14.10 W, 21 %, 54, 0x0000000000000000
2026/09/12 05:17:52.288, 2184 MHz, 14.10 W, 21 %, 54, 0x0000000000000000
2026/09/12 05:17:52.488, 2184 MHz, 14.38 W, 20 %, 54, 0x0000000000000000
2026/09/12 05:17:52.688, 2184 MHz, 14.38 W, 20 %, 54, 0x0000000000000000
2026/09/12 05:17:52.889, 2184 MHz, 14.38 W, 20 %, 54, 0x0000000000000000
2026/09/12 05:17:53.089, 2184 MHz, 14.86 W, 20 %, 54, 0x0000000000000000
2026/09/12 05:17:53.289, 2184 MHz, 14.86 W, 20 %, 54, 0x0000000000000000
2026/09/12 05:17:53.489, 2184 MHz, 15.48 W, 41 %, 55, 0x0000000000000000
2026/09/12 05:17:53.689, 2184 MHz, 15.48 W, 41 %, 55, 0x0000000000000000
2026/09/12 05:17:53.890, 2184 MHz, 15.48 W, 41 %, 55, 0x0000000000000000
2026/09/12 05:17:54.090, 2184 MHz, 16.45 W, 41 %, 54, 0x0000000000000000
2026/09/12 05:17:54.290, 2184 MHz, 16.45 W, 41 %, 54, 0x0000000000000000
2026/09/12 05:17:54.490, 2184 MHz, 17.18 W, 52 %, 55, 0x0000000000000000
2026/09/12 05:17:54.690, 2184 MHz, 17.18 W, 52 %, 55, 0x0000000000000000
2026/09/12 05:17:54.891, 2184 MHz, 17.18 W, 52 %, 55, 0x0000000000000000
2026/09/12 05:17:55.091, 2184 MHz, 17.35 W, 52 %, 54, 0x0000000000000000
2026/09/12 05:17:55.291, 2184 MHz, 17.35 W, 52 %, 54, 0x0000000000000000
2026/09/12 05:17:55.491, 2184 MHz, 16.97 W, 33 %, 55, 0x0000000000000000
2026/09/12 05:17:55.691, 2184 MHz, 16.97 W, 33 %, 55, 0x0000000000000000
2026/09/12 05:17:55.892, 2184 MHz, 16.97 W, 33 %, 55, 0x0000000000000000
2026/09/12 05:17:56.092, 2184 MHz, 17.08 W, 33 %, 55, 0x0000000000000000
2026/09/12 05:17:56.292, 2184 MHz, 17.08 W, 33 %, 55, 0x0000000000000000
2026/09/12 05:17:56.492, 2184 MHz, 18.16 W, 42 %, 55, 0x0000000000000000
2026/09/12 05:17:56.692, 2184 MHz, 18.16 W, 42 %, 55, 0x0000000000000000
2026/09/12 05:17:56.892, 2184 MHz, 18.16 W, 42 %, 55, 0x0000000000000000
2026/09/12 05:17:57.093, 2184 MHz, 19.53 W, 42 %, 55, 0x0000000000000000
2026/09/12 05:17:57.293, 2184 MHz, 19.53 W, 42 %, 55, 0x0000000000000000
2026/09/12 05:17:57.493, 2184 MHz, 20.04 W, 49 %, 56, 0x0000000000000000
2026/09/12 05:17:57.693, 2184 MHz, 20.04 W, 49 %, 56, 0x0000000000000000
2026/09/12 05:17:57.893, 2184 MHz, 20.04 W, 49 %, 56, 0x0000000000000000
2026/09/12 05:17:58.094, 2184 MHz, 19.84 W, 49 %, 55, 0x0000000000000000
2026/09/12 05:17:58.294, 2184 MHz, 19.84 W, 49 %, 55, 0x0000000000000000
2026/09/12 05:17:58.494, 2184 MHz, 19.73 W, 60 %, 56, 0x0000000000000000
2026/09/12 05:17:58.694, 2184 MHz, 19.73 W, 60 %, 56, 0x0000000000000000
2026/09/12 05:17:58.895, 2184 MHz, 19.73 W, 60 %, 56, 0x0000000000000000
2026/09/12 05:17:59.095, 2184 MHz, 19.63 W, 60 %, 55, 0x0000000000000000
2026/09/12 05:17:59.295, 2184 MHz, 19.63 W, 60 %, 55, 0x0000000000000000
2026/09/12 05:17:59.495, 2184 MHz, 20.05 W, 59 %, 56, 0x0000000000000000
2026/09/12 05:17:59.695, 2184 MHz, 20.05 W, 59 %, 56, 0x0000000000000000
2026/09/12 05:17:59.895, 2184 MHz, 20.05 W, 59 %, 56, 0x0000000000000000
2026/09/12 05:18:00.095, 2184 MHz, 20.40 W, 59 %, 56, 0x0000000000000000
2026/09/12 05:18:00.295, 2184 MHz, 20.40 W, 59 %, 56, 0x0000000000000000
2026/09/12 05:18:00.496, 2184 MHz, 20.22 W, 48 %, 55, 0x0000000000000000
2026/09/12 05:18:00.696, 2184 MHz, 20.22 W, 48 %, 55, 0x0000000000000000
2026/09/12 05:18:00.896, 2184 MHz, 20.22 W, 48 %, 55, 0x0000000000000000
2026/09/12 05:18:01.096, 2184 MHz, 19.72 W, 48 %, 56, 0x0000000000000000
2026/09/12 05:18:01.296, 2184 MHz, 19.72 W, 48 %, 56, 0x0000000000000000
2026/09/12 05:18:01.497, 2184 MHz, 18.28 W, 32 %, 55, 0x0000000000000000
2026/09/12 05:18:01.697, 2184 MHz, 18.28 W, 32 %, 55, 0x0000000000000000
2026/09/12 05:18:01.897, 2184 MHz, 18.28 W, 32 %, 55, 0x0000000000000000
2026/09/12 05:18:02.097, 2184 MHz, 15.98 W, 32 %, 54, 0x0000000000000000
2026/09/12 05:18:02.298, 2184 MHz, 15.98 W, 32 %, 54, 0x0000000000000000
2026/09/12 05:18:02.498, 2184 MHz, 15.03 W, 25 %, 55, 0x0000000000000000
2026/09/12 05:18:02.698, 2184 MHz, 15.03 W, 25 %, 55, 0x0000000000000000
2026/09/12 05:18:02.898, 2184 MHz, 15.03 W, 25 %, 55, 0x0000000000000000
2026/09/12 05:18:03.098, 2184 MHz, 15.41 W, 25 %, 55, 0x0000000000000000
2026/09/12 05:18:03.299, 2184 MHz, 15.41 W, 25 %, 55, 0x0000000000000000
2026/09/12 05:18:03.499, 2184 MHz, 16.34 W, 42 %, 56, 0x0000000000000000
2026/09/12 05:18:03.699, 2184 MHz, 16.34 W, 42 %, 56, 0x0000000000000000
2026/09/12 05:18:03.899, 2184 MHz, 16.34 W, 42 %, 56, 0x0000000000000000
2026/09/12 05:18:04.099, 2184 MHz, 17.29 W, 42 %, 55, 0x0000000000000000
2026/09/12 05:18:04.299, 2184 MHz, 17.29 W, 42 %, 55, 0x0000000000000000
2026/09/12 05:18:04.500, 2184 MHz, 17.73 W, 40 %, 56, 0x0000000000000000
2026/09/12 05:18:04.700, 2184 MHz, 17.73 W, 40 %, 56, 0x0000000000000000
2026/09/12 05:18:04.900, 2184 MHz, 17.73 W, 40 %, 56, 0x0000000000000000
2026/09/12 05:18:05.100, 2184 MHz, 17.80 W, 40 %, 55, 0x0000000000000000
2026/09/12 05:18:05.300, 2184 MHz, 17.80 W, 40 %, 55, 0x0000000000000000
2026/09/12 05:18:05.501, 2184 MHz, 18.55 W, 47 %, 56, 0x0000000000000000
2026/09/12 05:18:05.701, 2184 MHz, 18.55 W, 47 %, 56, 0x0000000000000000
2026/09/12 05:18:05.901, 2184 MHz, 18.55 W, 47 %, 56, 0x0000000000000000
2026/09/12 05:18:06.101, 2184 MHz, 18.93 W, 47 %, 55, 0x0000000000000000
2026/09/12 05:18:06.301, 2184 MHz, 18.93 W, 47 %, 55, 0x0000000000000000
2026/09/12 05:18:06.502, 2184 MHz, 18.87 W, 46 %, 56, 0x0000000000000000
2026/09/12 05:18:06.702, 2184 MHz, 18.87 W, 46 %, 56, 0x0000000000000000
2026/09/12 05:18:06.902, 2184 MHz, 18.87 W, 46 %, 56, 0x0000000000000000
2026/09/12 05:18:07.102, 2184 MHz, 18.83 W, 46 %, 56, 0x0000000000000000
2026/09/12 05:18:07.303, 2184 MHz, 18.83 W, 46 %, 56, 0x0000000000000000
2026/09/12 05:18:07.503, 2184 MHz, 18.54 W, 56 %, 55, 0x0000000000000000
2026/09/12 05:18:07.703, 2184 MHz, 18.54 W, 56 %, 55, 0x0000000000000000
2026/09/12 05:18:07.903, 2184 MHz, 18.54 W, 56 %, 55, 0x0000000000000000
2026/09/12 05:18:08.103, 2184 MHz, 19.26 W, 56 %, 56, 0x0000000000000000
2026/09/12 05:18:08.304, 2184 MHz, 19.26 W, 56 %, 56, 0x0000000000000000
2026/09/12 05:18:08.504, 2184 MHz, 20.14 W, 60 %, 56, 0x0000000000000000
2026/09/12 05:18:08.704, 2184 MHz, 20.14 W, 60 %, 56, 0x0000000000000000
2026/09/12 05:18:08.904, 2184 MHz, 20.14 W, 60 %, 56, 0x0000000000000000
2026/09/12 05:18:09.104, 2184 MHz, 20.46 W, 60 %, 56, 0x0000000000000000
2026/09/12 05:18:09.305, 2184 MHz, 20.46 W, 60 %, 56, 0x0000000000000000
2026/09/12 05:18:09.505, 2184 MHz, 20.14 W, 53 %, 56, 0x0000000000000000
2026/09/12 05:18:09.705, 2184 MHz, 20.14 W, 53 %, 56, 0x0000000000000000
2026/09/12 05:18:09.905, 2184 MHz, 20.14 W, 53 %, 56, 0x0000000000000000
2026/09/12 05:18:10.105, 2184 MHz, 19.23 W, 53 %, 56, 0x0000000000000000
2026/09/12 05:18:10.306, 2184 MHz, 19.23 W, 53 %, 56, 0x0000000000000000
2026/09/12 05:18:10.506, 2184 MHz, 18.90 W, 52 %, 56, 0x0000000000000000
2026/09/12 05:18:10.706, 2184 MHz, 18.90 W, 52 %, 56, 0x0000000000000000
2026/09/12 05:18:10.906, 2184 MHz, 18.90 W, 52 %, 56, 0x0000000000000000
2026/09/12 05:18:11.107, 2184 MHz, 19.55 W, 52 %, 56, 0x0000000000000000
2026/09/12 05:18:11.307, 2184 MHz, 19.55 W, 52 %, 56, 0x0000000000000000
2026/09/12 05:18:11.507, 2184 MHz, 20.36 W, 57 %, 57, 0x0000000000000000
2026/09/12 05:18:11.707, 2184 MHz, 20.36 W, 57 %, 57, 0x0000000000000000
2026/09/12 05:18:11.907, 2184 MHz, 20.36 W, 57 %, 57, 0x0000000000000000
2026/09/12 05:18:12.108, 2184 MHz, 20.07 W, 57 %, 56, 0x0000000000000000
2026/09/12 05:18:12.308, 2184 MHz, 20.07 W, 57 %, 56, 0x0000000000000000
2026/09/12 05:18:12.508, 2184 MHz, 19.70 W, 49 %, 56, 0x0000000000000000
2026/09/12 05:18:12.708, 2184 MHz, 19.70 W, 49 %, 56, 0x0000000000000000
2026/09/12 05:18:12.909, 2184 MHz, 19.70 W, 49 %, 56, 0x0000000000000000
2026/09/12 05:18:13.109, 2184 MHz, 20.12 W, 49 %, 56, 0x0000000000000000
2026/09/12 05:18:13.309, 2184 MHz, 20.12 W, 49 %, 56, 0x0000000000000000
2026/09/12 05:18:13.509, 2184 MHz, 19.34 W, 29 %, 56, 0x0000000000000000
2026/09/12 05:18:13.709, 2184 MHz, 19.34 W, 29 %, 56, 0x0000000000000000
2026/09/12 05:18:13.909, 2184 MHz, 19.34 W, 29 %, 56, 0x0000000000000000
2026/09/12 05:18:14.109, 2184 MHz, 16.94 W, 29 %, 55, 0x0000000000000000
2026/09/12 05:18:14.310, 2184 MHz, 16.94 W, 29 %, 55, 0x0000000000000000
2026/09/12 05:18:14.510, 2184 MHz, 14.95 W, 19 %, 56, 0x0000000000000000
2026/09/12 05:18:14.710, 2184 MHz, 14.95 W, 19 %, 56, 0x0000000000000000
2026/09/12 05:18:14.910, 2184 MHz, 14.95 W, 19 %, 56, 0x0000000000000000
2026/09/12 05:18:15.110, 2184 MHz, 14.44 W, 19 %, 55, 0x0000000000000000
2026/09/12 05:18:15.310, 2184 MHz, 14.44 W, 19 %, 55, 0x0000000000000000
2026/09/12 05:18:15.510, 2184 MHz, 15.05 W, 30 %, 56, 0x0000000000000000
2026/09/12 05:18:15.710, 2184 MHz, 15.05 W, 30 %, 56, 0x0000000000000000
2026/09/12 05:18:15.911, 2184 MHz, 15.05 W, 30 %, 56, 0x0000000000000000
2026/09/12 05:18:16.111, 2184 MHz, 16.50 W, 30 %, 55, 0x0000000000000000
2026/09/12 05:18:16.311, 2184 MHz, 16.50 W, 30 %, 55, 0x0000000000000000
2026/09/12 05:18:16.511, 2184 MHz, 16.81 W, 32 %, 56, 0x0000000000000000
2026/09/12 05:18:16.711, 2184 MHz, 16.81 W, 32 %, 56, 0x0000000000000000
2026/09/12 05:18:16.911, 2184 MHz, 16.81 W, 32 %, 56, 0x0000000000000000
2026/09/12 05:18:17.111, 2184 MHz, 16.58 W, 32 %, 55, 0x0000000000000000
2026/09/12 05:18:17.312, 2184 MHz, 16.58 W, 32 %, 55, 0x0000000000000000
2026/09/12 05:18:17.512, 2184 MHz, 17.18 W, 32 %, 56, 0x0000000000000000
2026/09/12 05:18:17.712, 2184 MHz, 17.18 W, 32 %, 56, 0x0000000000000000
2026/09/12 05:18:17.912, 2184 MHz, 17.18 W, 32 %, 56, 0x0000000000000000
2026/09/12 05:18:18.112, 2184 MHz, 17.41 W, 32 %, 56, 0x0000000000000000
2026/09/12 05:18:18.312, 2184 MHz, 17.41 W, 32 %, 56, 0x0000000000000000
2026/09/12 05:18:18.513, 2184 MHz, 17.44 W, 37 %, 56, 0x0000000000000000
2026/09/12 05:18:18.713, 2184 MHz, 17.44 W, 37 %, 56, 0x0000000000000000
2026/09/12 05:18:18.913, 2184 MHz, 17.44 W, 37 %, 56, 0x0000000000000000
2026/09/12 05:18:19.113, 2184 MHz, 18.00 W, 37 %, 56, 0x0000000000000000
2026/09/12 05:18:19.313, 2184 MHz, 18.00 W, 37 %, 56, 0x0000000000000000
2026/09/12 05:18:19.514, 2184 MHz, 18.32 W, 50 %, 56, 0x0000000000000000
2026/09/12 05:18:19.714, 2184 MHz, 18.32 W, 50 %, 56, 0x0000000000000000
2026/09/12 05:18:19.914, 2184 MHz, 18.32 W, 50 %, 56, 0x0000000000000000
2026/09/12 05:18:20.115, 2184 MHz, 18.56 W, 50 %, 56, 0x0000000000000000
2026/09/12 05:18:20.315, 2184 MHz, 18.56 W, 50 %, 56, 0x0000000000000000
2026/09/12 05:18:20.515, 2184 MHz, 16.70 W, 0 %, 55, 0x0000000000000000
2026/09/12 05:18:20.716, 2184 MHz, 16.70 W, 0 %, 55, 0x0000000000000000
2026/09/12 05:18:20.917, 2184 MHz, 16.70 W, 0 %, 55, 0x0000000000000000
2026/09/12 05:18:21.117, 2184 MHz, 12.69 W, 0 %, 55, 0x0000000000000000
2026/09/12 05:18:21.317, 2184 MHz, 12.69 W, 0 %, 55, 0x0000000000000000
2026/09/12 05:18:21.517, 2184 MHz, 10.94 W, 4 %, 55, 0x0000000000000000
2026/09/12 05:18:21.718, 2184 MHz, 10.94 W, 4 %, 55, 0x0000000000000000
2026/09/12 05:18:21.918, 2184 MHz, 10.94 W, 4 %, 55, 0x0000000000000000
2026/09/12 05:18:22.118, 2184 MHz, 11.54 W, 4 %, 55, 0x0000000000000000
2026/09/12 05:18:22.318, 2184 MHz, 11.54 W, 4 %, 55, 0x0000000000000000
2026/09/12 05:18:22.519, 2184 MHz, 11.69 W, 0 %, 54, 0x0000000000000000
2026/09/12 05:18:22.719, 2184 MHz, 11.69 W, 0 %, 54, 0x0000000000000000
2026/09/12 05:18:22.919, 2184 MHz, 11.69 W, 0 %, 54, 0x0000000000000000
2026/09/12 05:18:23.120, 2184 MHz, 11.72 W, 0 %, 54, 0x0000000000000000
2026/09/12 05:18:23.320, 2184 MHz, 11.72 W, 0 %, 54, 0x0000000000000000
2026/09/12 05:18:23.520, 2184 MHz, 11.60 W, 5 %, 54, 0x0000000000000000
2026/09/12 05:18:23.720, 2184 MHz, 11.60 W, 5 %, 54, 0x0000000000000000
2026/09/12 05:18:23.920, 2184 MHz, 11.60 W, 5 %, 54, 0x0000000000000000
2026/09/12 05:18:24.121, 2184 MHz, 11.60 W, 5 %, 54, 0x0000000000000000
2026/09/12 05:18:24.321, 2184 MHz, 11.60 W, 5 %, 54, 0x0000000000000000
2026/09/12 05:18:24.521, 2184 MHz, 11.60 W, 6 %, 54, 0x0000000000000000
2026/09/12 05:18:24.722, 2184 MHz, 11.60 W, 6 %, 54, 0x0000000000000000
2026/09/12 05:18:24.922, 2184 MHz, 11.60 W, 6 %, 54, 0x0000000000000000
2026/09/12 05:18:25.122, 2184 MHz, 11.93 W, 6 %, 54, 0x0000000000000000
2026/09/12 05:18:25.322, 2184 MHz, 11.93 W, 6 %, 54, 0x0000000000000000
2026/09/12 05:18:25.522, 2184 MHz, 12.56 W, 9 %, 55, 0x0000000000000000
2026/09/12 05:18:25.723, 2184 MHz, 12.56 W, 9 %, 55, 0x0000000000000000
2026/09/12 05:18:25.923, 2184 MHz, 12.56 W, 9 %, 55, 0x0000000000000000
2026/09/12 05:18:26.123, 2184 MHz, 13.13 W, 9 %, 55, 0x0000000000000000
2026/09/12 05:18:26.323, 2184 MHz, 13.13 W, 9 %, 55, 0x0000000000000000
2026/09/12 05:18:26.524, 2184 MHz, 13.58 W, 20 %, 55, 0x0000000000000000
2026/09/12 05:18:26.724, 2184 MHz, 13.58 W, 20 %, 55, 0x0000000000000000
2026/09/12 05:18:26.924, 2184 MHz, 13.58 W, 20 %, 55, 0x0000000000000000
2026/09/12 05:18:27.124, 2184 MHz, 13.86 W, 20 %, 55, 0x0000000000000000
2026/09/12 05:18:27.325, 2184 MHz, 13.86 W, 20 %, 55, 0x0000000000000000
2026/09/12 05:18:27.525, 2184 MHz, 13.87 W, 18 %, 55, 0x0000000000000000
2026/09/12 05:18:27.725, 2184 MHz, 13.87 W, 18 %, 55, 0x0000000000000000
2026/09/12 05:18:27.925, 2184 MHz, 13.87 W, 18 %, 55, 0x0000000000000000
2026/09/12 05:18:28.125, 2184 MHz, 14.14 W, 18 %, 55, 0x0000000000000000
2026/09/12 05:18:28.326, 2184 MHz, 14.14 W, 18 %, 55, 0x0000000000000000
2026/09/12 05:18:28.526, 2184 MHz, 14.91 W, 29 %, 55, 0x0000000000000000
2026/09/12 05:18:28.726, 2184 MHz, 14.91 W, 29 %, 55, 0x0000000000000000
2026/09/12 05:18:28.926, 2184 MHz, 14.91 W, 29 %, 55, 0x0000000000000000
2026/09/12 05:18:29.127, 2184 MHz, 15.25 W, 29 %, 55, 0x0000000000000000
2026/09/12 05:18:29.327, 2184 MHz, 15.25 W, 29 %, 55, 0x0000000000000000
2026/09/12 05:18:29.527, 2184 MHz, 15.25 W, 24 %, 55, 0x0000000000000000
2026/09/12 05:18:29.727, 2184 MHz, 15.25 W, 24 %, 55, 0x0000000000000000
2026/09/12 05:18:29.928, 2184 MHz, 15.25 W, 24 %, 55, 0x0000000000000000
2026/09/12 05:18:30.128, 2184 MHz, 15.18 W, 24 %, 55, 0x0000000000000000
2026/09/12 05:18:30.328, 2184 MHz, 15.18 W, 24 %, 55, 0x0000000000000000
2026/09/12 05:18:30.528, 2184 MHz, 15.75 W, 31 %, 55, 0x0000000000000000
2026/09/12 05:18:30.729, 2184 MHz, 15.75 W, 31 %, 55, 0x0000000000000000
2026/09/12 05:18:30.929, 2184 MHz, 15.75 W, 31 %, 55, 0x0000000000000000
2026/09/12 05:18:31.129, 2184 MHz, 16.17 W, 31 %, 55, 0x0000000000000000
2026/09/12 05:18:31.329, 2184 MHz, 16.17 W, 31 %, 55, 0x0000000000000000
2026/09/12 05:18:31.529, 2184 MHz, 15.92 W, 28 %, 56, 0x0000000000000000
2026/09/12 05:18:31.729, 2184 MHz, 15.92 W, 28 %, 56, 0x0000000000000000
2026/09/12 05:18:31.930, 2184 MHz, 15.92 W, 28 %, 56, 0x0000000000000000
2026/09/12 05:18:32.130, 2184 MHz, 15.22 W, 28 %, 55, 0x0000000000000000
2026/09/12 05:18:32.330, 2184 MHz, 15.22 W, 28 %, 55, 0x0000000000000000
2026/09/12 05:18:32.530, 2184 MHz, 14.57 W, 21 %, 55, 0x0000000000000000
2026/09/12 05:18:32.730, 2184 MHz, 14.57 W, 21 %, 55, 0x0000000000000000
2026/09/12 05:18:32.930, 2184 MHz, 14.57 W, 21 %, 55, 0x0000000000000000
2026/09/12 05:18:33.131, 2184 MHz, 14.21 W, 21 %, 55, 0x0000000000000000
2026/09/12 05:18:33.331, 2184 MHz, 14.21 W, 21 %, 55, 0x0000000000000000
2026/09/12 05:18:33.531, 2184 MHz, 13.52 W, 13 %, 55, 0x0000000000000000
2026/09/12 05:18:33.732, 2184 MHz, 13.52 W, 13 %, 55, 0x0000000000000000
2026/09/12 05:18:33.932, 2184 MHz, 13.52 W, 13 %, 55, 0x0000000000000000
2026/09/12 05:18:34.132, 2184 MHz, 13.44 W, 13 %, 55, 0x0000000000000000
2026/09/12 05:18:34.333, 2184 MHz, 13.44 W, 13 %, 55, 0x0000000000000000
2026/09/12 05:18:34.533, 2184 MHz, 13.98 W, 24 %, 55, 0x0000000000000000
2026/09/12 05:18:34.733, 2184 MHz, 13.98 W, 24 %, 55, 0x0000000000000000
2026/09/12 05:18:34.933, 2184 MHz, 13.98 W, 24 %, 55, 0x0000000000000000
2026/09/12 05:18:35.134, 2184 MHz, 14.69 W, 24 %, 55, 0x0000000000000000
2026/09/12 05:18:35.334, 2184 MHz, 14.69 W, 24 %, 55, 0x0000000000000000
2026/09/12 05:18:35.534, 2184 MHz, 15.09 W, 27 %, 55, 0x0000000000000000
2026/09/12 05:18:35.734, 2184 MHz, 15.09 W, 27 %, 55, 0x0000000000000000
2026/09/12 05:18:35.935, 2184 MHz, 15.09 W, 27 %, 55, 0x0000000000000000
2026/09/12 05:18:36.135, 2184 MHz, 15.31 W, 27 %, 55, 0x0000000000000000
2026/09/12 05:18:36.335, 2184 MHz, 15.31 W, 27 %, 55, 0x0000000000000000
2026/09/12 05:18:36.535, 2184 MHz, 16.60 W, 48 %, 56, 0x0000000000000000
2026/09/12 05:18:36.736, 2184 MHz, 16.60 W, 48 %, 56, 0x0000000000000000
2026/09/12 05:18:36.936, 2184 MHz, 16.60 W, 48 %, 56, 0x0000000000000000
2026/09/12 05:18:37.136, 2184 MHz, 17.36 W, 48 %, 56, 0x0000000000000000
2026/09/12 05:18:37.337, 2184 MHz, 17.36 W, 48 %, 56, 0x0000000000000000
2026/09/12 05:18:37.537, 2184 MHz, 17.40 W, 36 %, 56, 0x0000000000000000
2026/09/12 05:18:37.737, 2184 MHz, 17.40 W, 36 %, 56, 0x0000000000000000
2026/09/12 05:18:37.937, 2184 MHz, 17.40 W, 36 %, 56, 0x0000000000000000
2026/09/12 05:18:38.137, 2184 MHz, 17.52 W, 36 %, 56, 0x0000000000000000
2026/09/12 05:18:38.338, 2184 MHz, 17.52 W, 36 %, 56, 0x0000000000000000
2026/09/12 05:18:38.538, 2184 MHz, 17.40 W, 48 %, 56, 0x0000000000000000
2026/09/12 05:18:38.738, 2184 MHz, 17.40 W, 48 %, 56, 0x0000000000000000
2026/09/12 05:18:38.938, 2184 MHz, 17.40 W, 48 %, 56, 0x0000000000000000
2026/09/12 05:18:39.138, 2184 MHz, 18.40 W, 48 %, 56, 0x0000000000000000
2026/09/12 05:18:39.339, 2184 MHz, 18.40 W, 48 %, 56, 0x0000000000000000
2026/09/12 05:18:39.539, 2184 MHz, 19.75 W, 55 %, 56, 0x0000000000000000
2026/09/12 05:18:39.739, 2184 MHz, 19.75 W, 55 %, 56, 0x0000000000000000
2026/09/12 05:18:39.939, 2184 MHz, 19.75 W, 55 %, 56, 0x0000000000000000
2026/09/12 05:18:40.140, 2184 MHz, 20.24 W, 55 %, 56, 0x0000000000000000
2026/09/12 05:18:40.340, 2184 MHz, 20.24 W, 55 %, 56, 0x0000000000000000
2026/09/12 05:18:40.540, 2184 MHz, 20.57 W, 65 %, 57, 0x0000000000000000
2026/09/12 05:18:40.740, 2184 MHz, 20.57 W, 65 %, 57, 0x0000000000000000
2026/09/12 05:18:40.940, 2184 MHz, 20.57 W, 65 %, 57, 0x0000000000000000
2026/09/12 05:18:41.141, 2184 MHz, 20.39 W, 65 %, 56, 0x0000000000000000
2026/09/12 05:18:41.341, 2184 MHz, 20.39 W, 65 %, 56, 0x0000000000000000
2026/09/12 05:18:41.541, 2184 MHz, 20.22 W, 49 %, 56, 0x0000000000000000
2026/09/12 05:18:41.741, 2184 MHz, 20.22 W, 49 %, 56, 0x0000000000000000
2026/09/12 05:18:41.942, 2184 MHz, 20.22 W, 49 %, 56, 0x0000000000000000
2026/09/12 05:18:42.142, 2184 MHz, 20.80 W, 49 %, 57, 0x0000000000000000
2026/09/12 05:18:42.342, 2184 MHz, 20.80 W, 49 %, 57, 0x0000000000000000
2026/09/12 05:18:42.543, 2184 MHz, 21.19 W, 54 %, 57, 0x0000000000000000
2026/09/12 05:18:42.743, 2184 MHz, 21.19 W, 54 %, 57, 0x0000000000000000
2026/09/12 05:18:42.943, 2184 MHz, 21.19 W, 54 %, 57, 0x0000000000000000
2026/09/12 05:18:43.143, 2184 MHz, 21.00 W, 54 %, 57, 0x0000000000000000
2026/09/12 05:18:43.344, 2184 MHz, 21.00 W, 54 %, 57, 0x0000000000000000
2026/09/12 05:18:43.544, 2184 MHz, 20.41 W, 42 %, 56, 0x0000000000000000
2026/09/12 05:18:43.744, 2184 MHz, 20.41 W, 42 %, 56, 0x0000000000000000
2026/09/12 05:18:43.944, 2184 MHz, 20.41 W, 42 %, 56, 0x0000000000000000
2026/09/12 05:18:44.144, 2184 MHz, 18.59 W, 42 %, 55, 0x0000000000000000
2026/09/12 05:18:44.345, 2184 MHz, 18.59 W, 42 %, 55, 0x0000000000000000
2026/09/12 05:18:44.545, 2184 MHz, 15.94 W, 18 %, 56, 0x0000000000000000
2026/09/12 05:18:44.745, 2184 MHz, 15.94 W, 18 %, 56, 0x0000000000000000
2026/09/12 05:18:44.945, 2184 MHz, 15.94 W, 18 %, 56, 0x0000000000000000
2026/09/12 05:18:45.145, 2184 MHz, 15.28 W, 18 %, 56, 0x0000000000000000
2026/09/12 05:18:45.346, 2184 MHz, 15.28 W, 18 %, 56, 0x0000000000000000
2026/09/12 05:18:45.546, 2184 MHz, 16.07 W, 42 %, 56, 0x0000000000000000
2026/09/12 05:18:45.746, 2184 MHz, 16.07 W, 42 %, 56, 0x0000000000000000
2026/09/12 05:18:45.946, 2184 MHz, 16.07 W, 42 %, 56, 0x0000000000000000
2026/09/12 05:18:46.146, 2184 MHz, 16.90 W, 42 %, 56, 0x0000000000000000
2026/09/12 05:18:46.347, 2184 MHz, 16.90 W, 42 %, 56, 0x0000000000000000
2026/09/12 05:18:46.547, 2184 MHz, 17.55 W, 47 %, 56, 0x0000000000000000
2026/09/12 05:18:46.747, 2184 MHz, 17.55 W, 47 %, 56, 0x0000000000000000
2026/09/12 05:18:46.947, 2184 MHz, 17.55 W, 47 %, 56, 0x0000000000000000
2026/09/12 05:18:47.147, 2184 MHz, 18.11 W, 47 %, 56, 0x0000000000000000
2026/09/12 05:18:47.348, 2184 MHz, 18.11 W, 47 %, 56, 0x0000000000000000
2026/09/12 05:18:47.548, 2184 MHz, 18.58 W, 58 %, 57, 0x0000000000000000
2026/09/12 05:18:47.748, 2184 MHz, 18.58 W, 58 %, 57, 0x0000000000000000
2026/09/12 05:18:47.948, 2184 MHz, 18.58 W, 58 %, 57, 0x0000000000000000
2026/09/12 05:18:48.149, 2184 MHz, 19.16 W, 58 %, 56, 0x0000000000000000
2026/09/12 05:18:48.349, 2184 MHz, 19.16 W, 58 %, 56, 0x0000000000000000
2026/09/12 05:18:48.549, 2184 MHz, 19.53 W, 37 %, 57, 0x0000000000000000
2026/09/12 05:18:48.749, 2184 MHz, 19.53 W, 37 %, 57, 0x0000000000000000
2026/09/12 05:18:48.949, 2184 MHz, 19.53 W, 37 %, 57, 0x0000000000000000
2026/09/12 05:18:49.149, 2184 MHz, 19.22 W, 37 %, 57, 0x0000000000000000
2026/09/12 05:18:49.350, 2184 MHz, 19.22 W, 37 %, 57, 0x0000000000000000
2026/09/12 05:18:49.550, 2184 MHz, 19.21 W, 44 %, 56, 0x0000000000000000
2026/09/12 05:18:49.750, 2184 MHz, 19.21 W, 44 %, 56, 0x0000000000000000
2026/09/12 05:18:49.950, 2184 MHz, 19.21 W, 44 %, 56, 0x0000000000000000
2026/09/12 05:18:50.150, 2184 MHz, 19.67 W, 44 %, 57, 0x0000000000000000
2026/09/12 05:18:50.350, 2184 MHz, 19.67 W, 44 %, 57, 0x0000000000000000
2026/09/12 05:18:50.551, 2184 MHz, 20.34 W, 60 %, 57, 0x0000000000000000
2026/09/12 05:18:50.751, 2184 MHz, 20.34 W, 60 %, 57, 0x0000000000000000
2026/09/12 05:18:50.951, 2184 MHz, 20.34 W, 60 %, 57, 0x0000000000000000
2026/09/12 05:18:51.151, 2184 MHz, 21.19 W, 60 %, 57, 0x0000000000000000
2026/09/12 05:18:51.352, 2184 MHz, 21.19 W, 60 %, 57, 0x0000000000000000
2026/09/12 05:18:51.552, 2184 MHz, 20.72 W, 54 %, 57, 0x0000000000000000
2026/09/12 05:18:51.752, 2184 MHz, 20.72 W, 54 %, 57, 0x0000000000000000
2026/09/12 05:18:51.952, 2184 MHz, 20.72 W, 54 %, 57, 0x0000000000000000
2026/09/12 05:18:52.152, 2184 MHz, 19.67 W, 54 %, 57, 0x0000000000000000
2026/09/12 05:18:52.353, 2184 MHz, 19.67 W, 54 %, 57, 0x0000000000000000
2026/09/12 05:18:52.553, 2184 MHz, 19.68 W, 55 %, 57, 0x0000000000000000
2026/09/12 05:18:52.753, 2184 MHz, 19.68 W, 55 %, 57, 0x0000000000000000
2026/09/12 05:18:52.953, 2184 MHz, 19.68 W, 55 %, 57, 0x0000000000000000
2026/09/12 05:18:53.153, 2184 MHz, 19.95 W, 55 %, 57, 0x0000000000000000
2026/09/12 05:18:53.354, 2184 MHz, 19.95 W, 55 %, 57, 0x0000000000000000
2026/09/12 05:18:53.554, 2184 MHz, 20.66 W, 52 %, 57, 0x0000000000000000
2026/09/12 05:18:53.754, 2184 MHz, 20.66 W, 52 %, 57, 0x0000000000000000
2026/09/12 05:18:53.954, 2184 MHz, 20.66 W, 52 %, 57, 0x0000000000000000
2026/09/12 05:18:54.154, 2184 MHz, 20.97 W, 52 %, 57, 0x0000000000000000
2026/09/12 05:18:54.355, 2184 MHz, 20.97 W, 52 %, 57, 0x0000000000000000
2026/09/12 05:18:54.555, 2184 MHz, 20.61 W, 50 %, 57, 0x0000000000000000
2026/09/12 05:18:54.755, 2184 MHz, 20.61 W, 50 %, 57, 0x0000000000000000
2026/09/12 05:18:54.955, 2184 MHz, 20.61 W, 50 %, 57, 0x0000000000000000
2026/09/12 05:18:55.156, 2184 MHz, 20.77 W, 50 %, 57, 0x0000000000000000
2026/09/12 05:18:55.356, 2184 MHz, 20.77 W, 50 %, 57, 0x0000000000000000
2026/09/12 05:18:55.556, 2184 MHz, 19.85 W, 31 %, 57, 0x0000000000000000
2026/09/12 05:18:55.756, 2184 MHz, 19.85 W, 31 %, 57, 0x0000000000000000
2026/09/12 05:18:55.957, 2184 MHz, 19.85 W, 31 %, 57, 0x0000000000000000
2026/09/12 05:18:56.157, 2184 MHz, 17.04 W, 31 %, 56, 0x0000000000000000
2026/09/12 05:18:56.357, 2184 MHz, 17.04 W, 31 %, 56, 0x0000000000000000
2026/09/12 05:18:56.557, 2184 MHz, 15.01 W, 18 %, 56, 0x0000000000000000
2026/09/12 05:18:56.757, 2184 MHz, 15.01 W, 18 %, 56, 0x0000000000000000
2026/09/12 05:18:56.957, 2184 MHz, 15.01 W, 18 %, 56, 0x0000000000000000
2026/09/12 05:18:57.157, 2184 MHz, 14.79 W, 18 %, 56, 0x0000000000000000
2026/09/12 05:18:57.358, 2184 MHz, 14.79 W, 18 %, 56, 0x0000000000000000
2026/09/12 05:18:57.558, 2184 MHz, 15.41 W, 29 %, 56, 0x0000000000000000
2026/09/12 05:18:57.758, 2184 MHz, 15.41 W, 29 %, 56, 0x0000000000000000
2026/09/12 05:18:57.958, 2184 MHz, 15.41 W, 29 %, 56, 0x0000000000000000
2026/09/12 05:18:58.158, 2184 MHz, 16.75 W, 29 %, 56, 0x0000000000000000
2026/09/12 05:18:58.359, 2184 MHz, 16.75 W, 29 %, 56, 0x0000000000000000
2026/09/12 05:18:58.559, 2184 MHz, 17.14 W, 36 %, 56, 0x0000000000000000
2026/09/12 05:18:58.759, 2184 MHz, 17.14 W, 36 %, 56, 0x0000000000000000
2026/09/12 05:18:58.959, 2184 MHz, 17.14 W, 36 %, 56, 0x0000000000000000
2026/09/12 05:18:59.159, 2184 MHz, 17.16 W, 36 %, 57, 0x0000000000000000
2026/09/12 05:18:59.359, 2184 MHz, 17.16 W, 36 %, 57, 0x0000000000000000
2026/09/12 05:18:59.560, 2184 MHz, 17.59 W, 40 %, 56, 0x0000000000000000
2026/09/12 05:18:59.760, 2184 MHz, 17.59 W, 40 %, 56, 0x0000000000000000
2026/09/12 05:18:59.960, 2184 MHz, 17.59 W, 40 %, 56, 0x0000000000000000
2026/09/12 05:19:00.160, 2184 MHz, 18.04 W, 40 %, 57, 0x0000000000000000
2026/09/12 05:19:00.360, 2184 MHz, 18.04 W, 40 %, 57, 0x0000000000000000
2026/09/12 05:19:00.561, 2184 MHz, 18.30 W, 41 %, 57, 0x0000000000000000
2026/09/12 05:19:00.761, 2184 MHz, 18.30 W, 41 %, 57, 0x0000000000000000
2026/09/12 05:19:00.961, 2184 MHz, 18.30 W, 41 %, 57, 0x0000000000000000
2026/09/12 05:19:01.161, 2184 MHz, 18.74 W, 41 %, 57, 0x0000000000000000
2026/09/12 05:19:01.361, 2184 MHz, 18.74 W, 41 %, 57, 0x0000000000000000
2026/09/12 05:19:01.562, 2184 MHz, 19.05 W, 48 %, 57, 0x0000000000000000
2026/09/12 05:19:01.762, 2184 MHz, 19.05 W, 48 %, 57, 0x0000000000000000
2026/09/12 05:19:01.962, 2184 MHz, 19.05 W, 48 %, 57, 0x0000000000000000
2026/09/12 05:19:02.162, 2184 MHz, 18.74 W, 48 %, 56, 0x0000000000000000
2026/09/12 05:19:02.362, 2184 MHz, 18.74 W, 48 %, 56, 0x0000000000000000
2026/09/12 05:19:02.562, 2184 MHz, 15.45 W, 0 %, 56, 0x0000000000000000
2026/09/12 05:19:02.763, 2184 MHz, 15.45 W, 0 %, 56, 0x0000000000000000
2026/09/12 05:19:02.963, 2184 MHz, 15.45 W, 0 %, 56, 0x0000000000000000
2026/09/12 05:19:03.163, 2184 MHz, 11.64 W, 0 %, 55, 0x0000000000000000
2026/09/12 05:19:03.363, 2184 MHz, 11.64 W, 0 %, 55, 0x0000000000000000
2026/09/12 05:19:03.563, 2184 MHz, 11.28 W, 5 %, 55, 0x0000000000000000
2026/09/12 05:19:03.763, 2184 MHz, 11.28 W, 5 %, 55, 0x0000000000000000
2026/09/12 05:19:03.963, 2184 MHz, 11.28 W, 5 %, 55, 0x0000000000000000
2026/09/12 05:19:04.164, 2184 MHz, 11.91 W, 5 %, 56, 0x0000000000000000
2026/09/12 05:19:04.364, 2184 MHz, 11.91 W, 5 %, 56, 0x0000000000000000
2026/09/12 05:19:04.564, 2184 MHz, 11.89 W, 9 %, 55, 0x0000000000000000
2026/09/12 05:19:04.764, 2184 MHz, 11.89 W, 9 %, 55, 0x0000000000000000
2026/09/12 05:19:04.964, 2184 MHz, 11.89 W, 9 %, 55, 0x0000000000000000
2026/09/12 05:19:05.165, 2184 MHz, 11.83 W, 9 %, 55, 0x0000000000000000
2026/09/12 05:19:05.365, 2184 MHz, 11.83 W, 9 %, 55, 0x0000000000000000
2026/09/12 05:19:05.565, 2184 MHz, 12.03 W, 11 %, 56, 0x0000000000000000
2026/09/12 05:19:05.766, 2184 MHz, 12.03 W, 11 %, 56, 0x0000000000000000
2026/09/12 05:19:05.966, 2184 MHz, 11.92 W, 11 %, 56, 0x0000000000000000
2026/09/12 05:19:06.166, 2184 MHz, 11.92 W, 11 %, 55, 0x0000000000000000
2026/09/12 05:19:06.367, 2184 MHz, 11.92 W, 11 %, 55, 0x0000000000000000
2026/09/12 05:19:06.567, 2184 MHz, 11.64 W, 5 %, 55, 0x0000000000000000
2026/09/12 05:19:06.768, 2184 MHz, 11.64 W, 5 %, 55, 0x0000000000000000
2026/09/12 05:19:06.968, 2184 MHz, 12.41 W, 5 %, 55, 0x0000000000000000
2026/09/12 05:19:07.168, 2184 MHz, 12.41 W, 5 %, 55, 0x0000000000000000
2026/09/12 05:19:07.368, 2184 MHz, 12.41 W, 5 %, 55, 0x0000000000000000
2026/09/12 05:19:07.569, 2184 MHz, 13.31 W, 40 %, 55, 0x0000000000000000
2026/09/12 05:19:07.769, 2184 MHz, 13.31 W, 40 %, 55, 0x0000000000000000
2026/09/12 05:19:07.969, 2184 MHz, 13.84 W, 40 %, 56, 0x0000000000000000
2026/09/12 05:19:08.169, 2184 MHz, 13.84 W, 40 %, 56, 0x0000000000000000
2026/09/12 05:19:08.369, 2184 MHz, 13.84 W, 40 %, 56, 0x0000000000000000
2026/09/12 05:19:08.570, 2184 MHz, 14.35 W, 23 %, 55, 0x0000000000000000
2026/09/12 05:19:08.770, 2184 MHz, 14.35 W, 23 %, 55, 0x0000000000000000
2026/09/12 05:19:08.970, 2184 MHz, 14.25 W, 23 %, 56, 0x0000000000000000
2026/09/12 05:19:09.170, 2184 MHz, 14.25 W, 23 %, 56, 0x0000000000000000
2026/09/12 05:19:09.370, 2184 MHz, 14.25 W, 23 %, 56, 0x0000000000000000
2026/09/12 05:19:09.571, 2184 MHz, 14.30 W, 17 %, 56, 0x0000000000000000
2026/09/12 05:19:09.771, 2184 MHz, 14.30 W, 17 %, 56, 0x0000000000000000
2026/09/12 05:19:09.971, 2184 MHz, 14.86 W, 17 %, 56, 0x0000000000000000
2026/09/12 05:19:10.171, 2184 MHz, 14.86 W, 17 %, 56, 0x0000000000000000
2026/09/12 05:19:10.372, 2184 MHz, 14.86 W, 17 %, 56, 0x0000000000000000
2026/09/12 05:19:10.572, 2184 MHz, 15.25 W, 23 %, 56, 0x0000000000000000
2026/09/12 05:19:10.772, 2184 MHz, 15.25 W, 23 %, 56, 0x0000000000000000
2026/09/12 05:19:10.972, 2184 MHz, 15.42 W, 23 %, 56, 0x0000000000000000
2026/09/12 05:19:11.172, 2184 MHz, 15.42 W, 23 %, 56, 0x0000000000000000
2026/09/12 05:19:11.373, 2184 MHz, 15.42 W, 23 %, 56, 0x0000000000000000
2026/09/12 05:19:11.573, 2184 MHz, 15.29 W, 26 %, 56, 0x0000000000000000
2026/09/12 05:19:11.773, 2184 MHz, 15.29 W, 26 %, 56, 0x0000000000000000
2026/09/12 05:19:11.973, 2184 MHz, 15.83 W, 26 %, 56, 0x0000000000000000
2026/09/12 05:19:12.173, 2184 MHz, 15.83 W, 26 %, 56, 0x0000000000000000
2026/09/12 05:19:12.373, 2184 MHz, 15.83 W, 26 %, 56, 0x0000000000000000
2026/09/12 05:19:12.574, 2184 MHz, 16.31 W, 21 %, 56, 0x0000000000000000
2026/09/12 05:19:12.774, 2184 MHz, 16.31 W, 21 %, 56, 0x0000000000000000
2026/09/12 05:19:12.974, 2184 MHz, 16.10 W, 21 %, 56, 0x0000000000000000
2026/09/12 05:19:13.174, 2184 MHz, 16.10 W, 21 %, 56, 0x0000000000000000
2026/09/12 05:19:13.374, 2184 MHz, 16.10 W, 21 %, 56, 0x0000000000000000
2026/09/12 05:19:13.575, 2184 MHz, 15.40 W, 25 %, 56, 0x0000000000000000
2026/09/12 05:19:13.775, 2184 MHz, 15.40 W, 25 %, 56, 0x0000000000000000
2026/09/12 05:19:13.975, 2184 MHz, 14.52 W, 25 %, 56, 0x0000000000000000
2026/09/12 05:19:14.175, 2184 MHz, 14.52 W, 25 %, 56, 0x0000000000000000
2026/09/12 05:19:14.375, 2184 MHz, 14.52 W, 25 %, 56, 0x0000000000000000
2026/09/12 05:19:14.575, 2184 MHz, 14.13 W, 13 %, 56, 0x0000000000000000
2026/09/12 05:19:14.776, 2184 MHz, 14.13 W, 13 %, 56, 0x0000000000000000
2026/09/12 05:19:14.976, 2184 MHz, 13.53 W, 13 %, 55, 0x0000000000000000
2026/09/12 05:19:15.176, 2184 MHz, 13.53 W, 13 %, 55, 0x0000000000000000
2026/09/12 05:19:15.376, 2184 MHz, 13.53 W, 13 %, 55, 0x0000000000000000
2026/09/12 05:19:15.576, 2184 MHz, 13.81 W, 26 %, 56, 0x0000000000000000
2026/09/12 05:19:15.776, 2184 MHz, 13.81 W, 26 %, 56, 0x0000000000000000
2026/09/12 05:19:15.977, 2184 MHz, 14.46 W, 26 %, 56, 0x0000000000000000
2026/09/12 05:19:16.177, 2184 MHz, 14.46 W, 26 %, 56, 0x0000000000000000
2026/09/12 05:19:16.377, 2184 MHz, 14.46 W, 26 %, 56, 0x0000000000000000
2026/09/12 05:19:16.577, 2184 MHz, 14.93 W, 24 %, 56, 0x0000000000000000
2026/09/12 05:19:16.777, 2184 MHz, 14.93 W, 24 %, 56, 0x0000000000000000
2026/09/12 05:19:16.978, 2184 MHz, 15.62 W, 24 %, 56, 0x0000000000000000
2026/09/12 05:19:17.178, 2184 MHz, 15.62 W, 24 %, 56, 0x0000000000000000
2026/09/12 05:19:17.378, 2184 MHz, 15.62 W, 24 %, 56, 0x0000000000000000
2026/09/12 05:19:17.578, 2184 MHz, 16.72 W, 51 %, 57, 0x0000000000000000
2026/09/12 05:19:17.778, 2184 MHz, 16.72 W, 51 %, 57, 0x0000000000000000
2026/09/12 05:19:17.978, 2184 MHz, 17.58 W, 51 %, 56, 0x0000000000000000
2026/09/12 05:19:18.179, 2184 MHz, 17.58 W, 51 %, 56, 0x0000000000000000
2026/09/12 05:19:18.379, 2184 MHz, 17.58 W, 51 %, 56, 0x0000000000000000
2026/09/12 05:19:18.579, 2184 MHz, 18.09 W, 43 %, 56, 0x0000000000000000
2026/09/12 05:19:18.779, 2184 MHz, 18.09 W, 43 %, 56, 0x0000000000000000
2026/09/12 05:19:18.979, 2184 MHz, 18.01 W, 43 %, 56, 0x0000000000000000
2026/09/12 05:19:19.179, 2184 MHz, 18.01 W, 43 %, 56, 0x0000000000000000
2026/09/12 05:19:19.379, 2184 MHz, 18.01 W, 43 %, 56, 0x0000000000000000
2026/09/12 05:19:19.580, 2184 MHz, 17.85 W, 46 %, 57, 0x0000000000000000
2026/09/12 05:19:19.780, 2184 MHz, 17.85 W, 46 %, 57, 0x0000000000000000
2026/09/12 05:19:19.980, 2184 MHz, 18.90 W, 46 %, 57, 0x0000000000000000
2026/09/12 05:19:20.180, 2184 MHz, 18.90 W, 46 %, 57, 0x0000000000000000
2026/09/12 05:19:20.380, 2184 MHz, 18.90 W, 46 %, 57, 0x0000000000000000
2026/09/12 05:19:20.580, 2184 MHz, 20.47 W, 51 %, 57, 0x0000000000000000
2026/09/12 05:19:20.781, 2184 MHz, 20.47 W, 51 %, 57, 0x0000000000000000
2026/09/12 05:19:20.981, 2184 MHz, 20.98 W, 51 %, 57, 0x0000000000000000
2026/09/12 05:19:21.181, 2184 MHz, 20.98 W, 51 %, 57, 0x0000000000000000
2026/09/12 05:19:21.381, 2184 MHz, 20.98 W, 51 %, 57, 0x0000000000000000
2026/09/12 05:19:21.581, 2184 MHz, 20.89 W, 46 %, 57, 0x0000000000000000
2026/09/12 05:19:21.782, 2184 MHz, 20.89 W, 46 %, 57, 0x0000000000000000
2026/09/12 05:19:21.982, 2184 MHz, 20.99 W, 46 %, 57, 0x0000000000000000
2026/09/12 05:19:22.182, 2184 MHz, 20.99 W, 46 %, 57, 0x0000000000000000
2026/09/12 05:19:22.382, 2184 MHz, 20.99 W, 46 %, 57, 0x0000000000000000
2026/09/12 05:19:22.582, 2184 MHz, 20.80 W, 51 %, 57, 0x0000000000000000
2026/09/12 05:19:22.782, 2184 MHz, 20.80 W, 51 %, 57, 0x0000000000000000
2026/09/12 05:19:22.982, 2184 MHz, 20.86 W, 51 %, 57, 0x0000000000000000
2026/09/12 05:19:23.183, 2184 MHz, 20.86 W, 51 %, 57, 0x0000000000000000
2026/09/12 05:19:23.383, 2184 MHz, 20.86 W, 51 %, 57, 0x0000000000000000
2026/09/12 05:19:23.583, 2184 MHz, 21.36 W, 50 %, 57, 0x0000000000000000
2026/09/12 05:19:23.783, 2184 MHz, 21.36 W, 50 %, 57, 0x0000000000000000
2026/09/12 05:19:23.983, 2184 MHz, 20.99 W, 50 %, 57, 0x0000000000000000
2026/09/12 05:19:24.184, 2184 MHz, 20.99 W, 50 %, 57, 0x0000000000000000
2026/09/12 05:19:24.384, 2184 MHz, 20.99 W, 50 %, 57, 0x0000000000000000
2026/09/12 05:19:24.584, 2184 MHz, 19.37 W, 36 %, 57, 0x0000000000000000
2026/09/12 05:19:24.784, 2184 MHz, 19.37 W, 36 %, 57, 0x0000000000000000
2026/09/12 05:19:24.984, 2184 MHz, 17.06 W, 36 %, 56, 0x0000000000000000
2026/09/12 05:19:25.184, 2184 MHz, 17.06 W, 36 %, 56, 0x0000000000000000
2026/09/12 05:19:25.384, 2184 MHz, 17.06 W, 36 %, 56, 0x0000000000000000
2026/09/12 05:19:25.585, 2184 MHz, 15.79 W, 40 %, 57, 0x0000000000000000
2026/09/12 05:19:25.785, 2184 MHz, 15.79 W, 40 %, 57, 0x0000000000000000
2026/09/12 05:19:25.985, 2184 MHz, 15.98 W, 40 %, 57, 0x0000000000000000
2026/09/12 05:19:26.185, 2184 MHz, 15.98 W, 40 %, 57, 0x0000000000000000
2026/09/12 05:19:26.386, 2184 MHz, 15.98 W, 40 %, 57, 0x0000000000000000
2026/09/12 05:19:26.586, 2184 MHz, 17.35 W, 51 %, 57, 0x0000000000000000
2026/09/12 05:19:26.786, 2184 MHz, 17.35 W, 51 %, 57, 0x0000000000000000
2026/09/12 05:19:26.986, 2184 MHz, 18.37 W, 51 %, 57, 0x0000000000000000
2026/09/12 05:19:27.186, 2184 MHz, 18.37 W, 51 %, 57, 0x0000000000000000
2026/09/12 05:19:27.386, 2184 MHz, 18.37 W, 51 %, 57, 0x0000000000000000
2026/09/12 05:19:27.587, 2184 MHz, 19.10 W, 54 %, 57, 0x0000000000000000
2026/09/12 05:19:27.787, 2184 MHz, 19.10 W, 54 %, 57, 0x0000000000000000
2026/09/12 05:19:27.987, 2184 MHz, 19.71 W, 54 %, 58, 0x0000000000000000
2026/09/12 05:19:28.187, 2184 MHz, 19.71 W, 54 %, 58, 0x0000000000000000
2026/09/12 05:19:28.387, 2184 MHz, 19.71 W, 54 %, 58, 0x0000000000000000
2026/09/12 05:19:28.587, 2184 MHz, 20.00 W, 56 %, 57, 0x0000000000000000
2026/09/12 05:19:28.788, 2184 MHz, 20.00 W, 56 %, 57, 0x0000000000000000
2026/09/12 05:19:28.988, 2184 MHz, 20.12 W, 56 %, 57, 0x0000000000000000
2026/09/12 05:19:29.188, 2184 MHz, 20.12 W, 56 %, 57, 0x0000000000000000
2026/09/12 05:19:29.388, 2184 MHz, 20.12 W, 56 %, 57, 0x0000000000000000
2026/09/12 05:19:29.589, 2184 MHz, 19.81 W, 55 %, 58, 0x0000000000000000
2026/09/12 05:19:29.789, 2184 MHz, 19.81 W, 55 %, 58, 0x0000000000000000
2026/09/12 05:19:29.989, 2184 MHz, 19.73 W, 55 %, 57, 0x0000000000000000
2026/09/12 05:19:30.189, 2184 MHz, 19.73 W, 55 %, 57, 0x0000000000000000
2026/09/12 05:19:30.389, 2184 MHz, 19.73 W, 55 %, 57, 0x0000000000000000
2026/09/12 05:19:30.589, 2184 MHz, 20.78 W, 69 %, 58, 0x0000000000000000
2026/09/12 05:19:30.790, 2184 MHz, 20.78 W, 69 %, 58, 0x0000000000000000
2026/09/12 05:19:30.990, 2184 MHz, 21.47 W, 69 %, 58, 0x0000000000000000
2026/09/12 05:19:31.190, 2184 MHz, 21.47 W, 69 %, 58, 0x0000000000000000
2026/09/12 05:19:31.390, 2184 MHz, 21.47 W, 69 %, 58, 0x0000000000000000
2026/09/12 05:19:31.590, 2184 MHz, 21.21 W, 57 %, 58, 0x0000000000000000
2026/09/12 05:19:31.791, 2184 MHz, 21.21 W, 57 %, 58, 0x0000000000000000
2026/09/12 05:19:31.991, 2184 MHz, 20.76 W, 57 %, 57, 0x0000000000000000
2026/09/12 05:19:32.191, 2184 MHz, 20.76 W, 57 %, 57, 0x0000000000000000
2026/09/12 05:19:32.391, 2184 MHz, 20.76 W, 57 %, 57, 0x0000000000000000
2026/09/12 05:19:32.591, 2184 MHz, 20.55 W, 55 %, 58, 0x0000000000000000
2026/09/12 05:19:32.792, 2184 MHz, 20.55 W, 55 %, 58, 0x0000000000000000
2026/09/12 05:19:32.992, 2184 MHz, 20.79 W, 55 %, 58, 0x0000000000000000
2026/09/12 05:19:33.192, 2184 MHz, 20.79 W, 55 %, 58, 0x0000000000000000
2026/09/12 05:19:33.393, 2184 MHz, 20.79 W, 55 %, 58, 0x0000000000000000
2026/09/12 05:19:33.593, 2184 MHz, 21.26 W, 44 %, 58, 0x0000000000000000
2026/09/12 05:19:33.793, 2184 MHz, 21.26 W, 44 %, 58, 0x0000000000000000
2026/09/12 05:19:33.994, 2184 MHz, 21.48 W, 44 %, 58, 0x0000000000000000
2026/09/12 05:19:34.194, 2184 MHz, 21.48 W, 44 %, 58, 0x0000000000000000
2026/09/12 05:19:34.394, 2184 MHz, 21.48 W, 44 %, 58, 0x0000000000000000
2026/09/12 05:19:34.595, 2184 MHz, 21.34 W, 55 %, 58, 0x0000000000000000
2026/09/12 05:19:34.795, 2184 MHz, 21.34 W, 55 %, 58, 0x0000000000000000
2026/09/12 05:19:34.996, 2184 MHz, 21.53 W, 55 %, 58, 0x0000000000000000
2026/09/12 05:19:35.196, 2184 MHz, 21.53 W, 55 %, 58, 0x0000000000000000
2026/09/12 05:19:35.396, 2184 MHz, 21.53 W, 55 %, 58, 0x0000000000000000
2026/09/12 05:19:35.596, 2184 MHz, 19.63 W, 20 %, 57, 0x0000000000000000
2026/09/12 05:19:35.797, 2184 MHz, 19.63 W, 20 %, 57, 0x0000000000000000
2026/09/12 05:19:35.997, 2184 MHz, 16.69 W, 20 %, 57, 0x0000000000000000
2026/09/12 05:19:36.197, 2184 MHz, 16.69 W, 20 %, 57, 0x0000000000000000
2026/09/12 05:19:36.397, 2184 MHz, 16.69 W, 20 %, 57, 0x0000000000000000
2026/09/12 05:19:36.597, 2184 MHz, 14.99 W, 16 %, 57, 0x0000000000000000
2026/09/12 05:19:36.798, 2184 MHz, 14.99 W, 16 %, 57, 0x0000000000000000
2026/09/12 05:19:36.998, 2184 MHz, 14.90 W, 16 %, 57, 0x0000000000000000
2026/09/12 05:19:37.198, 2184 MHz, 14.90 W, 16 %, 57, 0x0000000000000000
2026/09/12 05:19:37.398, 2184 MHz, 14.90 W, 16 %, 57, 0x0000000000000000
2026/09/12 05:19:37.599, 2184 MHz, 15.82 W, 33 %, 57, 0x0000000000000000
2026/09/12 05:19:37.799, 2184 MHz, 15.82 W, 33 %, 57, 0x0000000000000000
2026/09/12 05:19:37.999, 2184 MHz, 16.93 W, 33 %, 57, 0x0000000000000000
2026/09/12 05:19:38.199, 2184 MHz, 16.93 W, 33 %, 57, 0x0000000000000000
2026/09/12 05:19:38.400, 2184 MHz, 16.93 W, 33 %, 57, 0x0000000000000000
2026/09/12 05:19:38.600, 2184 MHz, 17.52 W, 33 %, 57, 0x0000000000000000
2026/09/12 05:19:38.800, 2184 MHz, 17.52 W, 33 %, 57, 0x0000000000000000
2026/09/12 05:19:39.000, 2184 MHz, 17.99 W, 33 %, 57, 0x0000000000000000
2026/09/12 05:19:39.200, 2184 MHz, 17.99 W, 33 %, 57, 0x0000000000000000
2026/09/12 05:19:39.400, 2184 MHz, 17.99 W, 33 %, 57, 0x0000000000000000
2026/09/12 05:19:39.601, 2184 MHz, 18.19 W, 47 %, 58, 0x0000000000000000
2026/09/12 05:19:39.801, 2184 MHz, 18.19 W, 47 %, 58, 0x0000000000000000
2026/09/12 05:19:40.002, 2184 MHz, 18.35 W, 47 %, 57, 0x0000000000000000
2026/09/12 05:19:40.202, 2184 MHz, 18.35 W, 47 %, 57, 0x0000000000000000
2026/09/12 05:19:40.402, 2184 MHz, 18.35 W, 47 %, 57, 0x0000000000000000
2026/09/12 05:19:40.602, 2184 MHz, 18.69 W, 39 %, 57, 0x0000000000000000
2026/09/12 05:19:40.803, 2184 MHz, 18.69 W, 39 %, 57, 0x0000000000000000
2026/09/12 05:19:41.003, 2184 MHz, 18.80 W, 39 %, 58, 0x0000000000000000
2026/09/12 05:19:41.203, 2184 MHz, 18.80 W, 39 %, 58, 0x0000000000000000
2026/09/12 05:19:41.403, 2184 MHz, 18.80 W, 39 %, 58, 0x0000000000000000
2026/09/12 05:19:41.604, 2184 MHz, 18.94 W, 37 %, 57, 0x0000000000000000
2026/09/12 05:19:41.804, 2184 MHz, 18.94 W, 37 %, 57, 0x0000000000000000
2026/09/12 05:19:42.004, 2184 MHz, 16.95 W, 37 %, 56, 0x0000000000000000
2026/09/12 05:19:42.204, 2184 MHz, 16.95 W, 37 %, 56, 0x0000000000000000
2026/09/12 05:19:42.405, 2184 MHz, 16.95 W, 37 %, 56, 0x0000000000000000
2026/09/12 05:19:42.605, 2184 MHz, 12.80 W, 0 %, 56, 0x0000000000000000
2026/09/12 05:19:42.805, 2184 MHz, 12.80 W, 0 %, 56, 0x0000000000000000
2026/09/12 05:19:43.006, 2184 MHz, 11.02 W, 0 %, 56, 0x0000000000000000
2026/09/12 05:19:43.206, 2184 MHz, 11.02 W, 0 %, 56, 0x0000000000000000
2026/09/12 05:19:43.406, 2184 MHz, 11.02 W, 0 %, 56, 0x0000000000000000
2026/09/12 05:19:43.607, 2184 MHz, 11.54 W, 4 %, 56, 0x0000000000000000
2026/09/12 05:19:43.807, 2184 MHz, 11.54 W, 4 %, 56, 0x0000000000000000
2026/09/12 05:19:44.008, 2184 MHz, 11.82 W, 4 %, 57, 0x0000000000000000
2026/09/12 05:19:44.208, 2184 MHz, 11.82 W, 4 %, 57, 0x0000000000000000
2026/09/12 05:19:44.408, 2184 MHz, 11.82 W, 4 %, 57, 0x0000000000000000
2026/09/12 05:19:44.608, 2184 MHz, 11.90 W, 0 %, 56, 0x0000000000000000
2026/09/12 05:19:44.809, 2184 MHz, 11.90 W, 0 %, 56, 0x0000000000000000
2026/09/12 05:19:45.009, 2184 MHz, 11.85 W, 0 %, 56, 0x0000000000000000
2026/09/12 05:19:45.209, 2184 MHz, 11.85 W, 0 %, 56, 0x0000000000000000
2026/09/12 05:19:45.410, 2184 MHz, 11.85 W, 0 %, 56, 0x0000000000000000
2026/09/12 05:19:45.610, 2184 MHz, 11.79 W, 5 %, 56, 0x0000000000000000
2026/09/12 05:19:45.811, 2184 MHz, 11.79 W, 5 %, 56, 0x0000000000000000
2026/09/12 05:19:46.012, 2184 MHz, 11.86 W, 5 %, 56, 0x0000000000000000
2026/09/12 05:19:46.212, 2184 MHz, 11.86 W, 5 %, 56, 0x0000000000000000
2026/09/12 05:19:46.412, 2184 MHz, 11.86 W, 5 %, 56, 0x0000000000000000
2026/09/12 05:19:46.613, 2184 MHz, 11.98 W, 13 %, 56, 0x0000000000000000
2026/09/12 05:19:46.813, 2184 MHz, 11.98 W, 13 %, 56, 0x0000000000000000
2026/09/12 05:19:47.013, 2184 MHz, 12.85 W, 13 %, 56, 0x0000000000000000
2026/09/12 05:19:47.213, 2184 MHz, 12.85 W, 13 %, 56, 0x0000000000000000
2026/09/12 05:19:47.413, 2184 MHz, 12.85 W, 13 %, 56, 0x0000000000000000
2026/09/12 05:19:47.614, 2184 MHz, 13.65 W, 22 %, 57, 0x0000000000000000
2026/09/12 05:19:47.814, 2184 MHz, 13.65 W, 22 %, 57, 0x0000000000000000
2026/09/12 05:19:48.014, 2184 MHz, 13.77 W, 22 %, 56, 0x0000000000000000
2026/09/12 05:19:48.214, 2184 MHz, 13.77 W, 22 %, 56, 0x0000000000000000
2026/09/12 05:19:48.415, 2184 MHz, 13.77 W, 22 %, 56, 0x0000000000000000
2026/09/12 05:19:48.615, 2184 MHz, 13.82 W, 13 %, 56, 0x0000000000000000
2026/09/12 05:19:48.815, 2184 MHz, 13.82 W, 13 %, 56, 0x0000000000000000
2026/09/12 05:19:49.015, 2184 MHz, 13.72 W, 13 %, 56, 0x0000000000000000
2026/09/12 05:19:49.215, 2184 MHz, 13.72 W, 13 %, 56, 0x0000000000000000
2026/09/12 05:19:49.416, 2184 MHz, 13.72 W, 13 %, 56, 0x0000000000000000
2026/09/12 05:19:49.616, 2184 MHz, 14.20 W, 27 %, 56, 0x0000000000000000
2026/09/12 05:19:49.816, 2184 MHz, 14.20 W, 27 %, 56, 0x0000000000000000
2026/09/12 05:19:50.016, 2184 MHz, 15.08 W, 27 %, 57, 0x0000000000000000
2026/09/12 05:19:50.217, 2184 MHz, 15.08 W, 27 %, 57, 0x0000000000000000
2026/09/12 05:19:50.417, 2184 MHz, 15.08 W, 27 %, 57, 0x0000000000000000
2026/09/12 05:19:50.617, 2184 MHz, 15.51 W, 26 %, 56, 0x0000000000000000
2026/09/12 05:19:50.818, 2184 MHz, 15.51 W, 26 %, 56, 0x0000000000000000
2026/09/12 05:19:51.018, 2184 MHz, 15.45 W, 26 %, 56, 0x0000000000000000
2026/09/12 05:19:51.218, 2184 MHz, 15.45 W, 26 %, 56, 0x0000000000000000
2026/09/12 05:19:51.418, 2184 MHz, 15.45 W, 26 %, 56, 0x0000000000000000
2026/09/12 05:19:51.619, 2184 MHz, 15.51 W, 33 %, 57, 0x0000000000000000
2026/09/12 05:19:51.819, 2184 MHz, 15.51 W, 33 %, 57, 0x0000000000000000
2026/09/12 05:19:52.019, 2184 MHz, 16.00 W, 33 %, 57, 0x0000000000000000
2026/09/12 05:19:52.219, 2184 MHz, 16.00 W, 33 %, 57, 0x0000000000000000
2026/09/12 05:19:52.420, 2184 MHz, 16.00 W, 33 %, 57, 0x0000000000000000
2026/09/12 05:19:52.620, 2184 MHz, 16.17 W, 27 %, 56, 0x0000000000000000
2026/09/12 05:19:52.820, 2184 MHz, 16.17 W, 27 %, 56, 0x0000000000000000
2026/09/12 05:19:53.020, 2184 MHz, 15.85 W, 27 %, 56, 0x0000000000000000
2026/09/12 05:19:53.220, 2184 MHz, 15.85 W, 27 %, 56, 0x0000000000000000
2026/09/12 05:19:53.421, 2184 MHz, 15.85 W, 27 %, 56, 0x0000000000000000
2026/09/12 05:19:53.621, 2184 MHz, 15.15 W, 29 %, 56, 0x0000000000000000
2026/09/12 05:19:53.822, 2184 MHz, 15.15 W, 29 %, 56, 0x0000000000000000
2026/09/12 05:19:54.022, 2184 MHz, 14.48 W, 29 %, 56, 0x0000000000000000
2026/09/12 05:19:54.222, 2184 MHz, 14.48 W, 29 %, 56, 0x0000000000000000
2026/09/12 05:19:54.423, 2184 MHz, 14.48 W, 29 %, 56, 0x0000000000000000
2026/09/12 05:19:54.623, 2184 MHz, 14.01 W, 15 %, 57, 0x0000000000000000
2026/09/12 05:19:54.823, 2184 MHz, 14.01 W, 15 %, 57, 0x0000000000000000
2026/09/12 05:19:55.024, 2184 MHz, 13.41 W, 15 %, 56, 0x0000000000000000
2026/09/12 05:19:55.224, 2184 MHz, 13.41 W, 15 %, 56, 0x0000000000000000
2026/09/12 05:19:55.424, 2184 MHz, 13.41 W, 15 %, 56, 0x0000000000000000
2026/09/12 05:19:55.625, 2184 MHz, 13.74 W, 33 %, 57, 0x0000000000000000
2026/09/12 05:19:55.825, 2184 MHz, 13.74 W, 33 %, 57, 0x0000000000000000
2026/09/12 05:19:56.025, 2184 MHz, 14.37 W, 33 %, 56, 0x0000000000000000
2026/09/12 05:19:56.226, 2184 MHz, 14.37 W, 33 %, 56, 0x0000000000000000
2026/09/12 05:19:56.426, 2184 MHz, 14.37 W, 33 %, 56, 0x0000000000000000
2026/09/12 05:19:56.626, 2184 MHz, 14.75 W, 25 %, 56, 0x0000000000000000
2026/09/12 05:19:56.827, 2184 MHz, 14.75 W, 25 %, 56, 0x0000000000000000
2026/09/12 05:19:57.027, 2184 MHz, 15.34 W, 25 %, 56, 0x0000000000000000
2026/09/12 05:19:57.227, 2184 MHz, 15.34 W, 25 %, 56, 0x0000000000000000
2026/09/12 05:19:57.428, 2184 MHz, 15.34 W, 25 %, 56, 0x0000000000000000
2026/09/12 05:19:57.628, 2184 MHz, 16.06 W, 34 %, 57, 0x0000000000000000
2026/09/12 05:19:57.828, 2184 MHz, 16.06 W, 34 %, 57, 0x0000000000000000
2026/09/12 05:19:58.028, 2184 MHz, 17.04 W, 34 %, 57, 0x0000000000000000
2026/09/12 05:19:58.228, 2184 MHz, 17.04 W, 34 %, 57, 0x0000000000000000
2026/09/12 05:19:58.429, 2184 MHz, 17.04 W, 34 %, 57, 0x0000000000000000
2026/09/12 05:19:58.629, 2184 MHz, 17.83 W, 37 %, 57, 0x0000000000000000
2026/09/12 05:19:58.830, 2184 MHz, 17.83 W, 37 %, 57, 0x0000000000000000
2026/09/12 05:19:59.030, 2184 MHz, 17.86 W, 37 %, 57, 0x0000000000000000
2026/09/12 05:19:59.230, 2184 MHz, 17.86 W, 37 %, 57, 0x0000000000000000
2026/09/12 05:19:59.430, 2184 MHz, 17.86 W, 37 %, 57, 0x0000000000000000
2026/09/12 05:19:59.631, 2184 MHz, 17.45 W, 38 %, 57, 0x0000000000000000
2026/09/12 05:19:59.831, 2184 MHz, 17.45 W, 38 %, 57, 0x0000000000000000
2026/09/12 05:20:00.031, 2184 MHz, 18.21 W, 38 %, 58, 0x0000000000000000
2026/09/12 05:20:00.231, 2184 MHz, 18.21 W, 38 %, 58, 0x0000000000000000
2026/09/12 05:20:00.432, 2184 MHz, 18.21 W, 38 %, 58, 0x0000000000000000
2026/09/12 05:20:00.632, 2184 MHz, 19.68 W, 55 %, 58, 0x0000000000000000
2026/09/12 05:20:00.832, 2184 MHz, 19.68 W, 55 %, 58, 0x0000000000000000
2026/09/12 05:20:01.033, 2184 MHz, 20.68 W, 55 %, 58, 0x0000000000000000
2026/09/12 05:20:01.233, 2184 MHz, 20.68 W, 55 %, 58, 0x0000000000000000
2026/09/12 05:20:01.434, 2184 MHz, 20.68 W, 55 %, 58, 0x0000000000000000
2026/09/12 05:20:01.634, 2184 MHz, 21.20 W, 52 %, 58, 0x0000000000000000
2026/09/12 05:20:01.834, 2184 MHz, 21.20 W, 52 %, 58, 0x0000000000000000
2026/09/12 05:20:02.034, 2184 MHz, 20.91 W, 52 %, 58, 0x0000000000000000
2026/09/12 05:20:02.235, 2184 MHz, 20.91 W, 52 %, 58, 0x0000000000000000
2026/09/12 05:20:02.435, 2184 MHz, 20.91 W, 52 %, 58, 0x0000000000000000
2026/09/12 05:20:02.636, 2184 MHz, 20.78 W, 60 %, 58, 0x0000000000000000
2026/09/12 05:20:02.836, 2184 MHz, 20.78 W, 60 %, 58, 0x0000000000000000
2026/09/12 05:20:03.036, 2184 MHz, 20.92 W, 60 %, 58, 0x0000000000000000
2026/09/12 05:20:03.237, 2184 MHz, 20.92 W, 60 %, 58, 0x0000000000000000
2026/09/12 05:20:03.437, 2184 MHz, 20.92 W, 60 %, 58, 0x0000000000000000
2026/09/12 05:20:03.637, 2184 MHz, 21.36 W, 57 %, 58, 0x0000000000000000
2026/09/12 05:20:03.837, 2184 MHz, 21.36 W, 57 %, 58, 0x0000000000000000
2026/09/12 05:20:04.038, 2184 MHz, 21.46 W, 57 %, 58, 0x0000000000000000
2026/09/12 05:20:04.239, 2184 MHz, 21.46 W, 57 %, 58, 0x0000000000000000
2026/09/12 05:20:04.439, 2184 MHz, 21.46 W, 57 %, 58, 0x0000000000000000
2026/09/12 05:20:04.640, 2184 MHz, 20.48 W, 36 %, 58, 0x0000000000000000
2026/09/12 05:20:04.840, 2184 MHz, 20.48 W, 36 %, 58, 0x0000000000000000
2026/09/12 05:20:05.040, 2184 MHz, 18.60 W, 36 %, 57, 0x0000000000000000
2026/09/12 05:20:05.241, 2184 MHz, 18.60 W, 36 %, 57, 0x0000000000000000
2026/09/12 05:20:05.441, 2184 MHz, 18.60 W, 36 %, 57, 0x0000000000000000
2026/09/12 05:20:05.642, 2184 MHz, 16.14 W, 20 %, 57, 0x0000000000000000
2026/09/12 05:20:05.842, 2184 MHz, 16.14 W, 20 %, 57, 0x0000000000000000
2026/09/12 05:20:06.042, 2184 MHz, 15.67 W, 20 %, 57, 0x0000000000000000
2026/09/12 05:20:06.242, 2184 MHz, 15.67 W, 20 %, 57, 0x0000000000000000
2026/09/12 05:20:06.443, 2184 MHz, 15.67 W, 20 %, 57, 0x0000000000000000
2026/09/12 05:20:06.643, 2184 MHz, 16.86 W, 38 %, 57, 0x0000000000000000
2026/09/12 05:20:06.843, 2184 MHz, 16.86 W, 38 %, 57, 0x0000000000000000
2026/09/12 05:20:07.043, 2184 MHz, 17.94 W, 38 %, 58, 0x0000000000000000
2026/09/12 05:20:07.244, 2184 MHz, 17.94 W, 38 %, 58, 0x0000000000000000
2026/09/12 05:20:07.444, 2184 MHz, 17.94 W, 38 %, 58, 0x0000000000000000
2026/09/12 05:20:07.644, 2184 MHz, 18.57 W, 51 %, 58, 0x0000000000000000
2026/09/12 05:20:07.845, 2184 MHz, 18.57 W, 51 %, 58, 0x0000000000000000
2026/09/12 05:20:08.045, 2184 MHz, 18.87 W, 51 %, 57, 0x0000000000000000
2026/09/12 05:20:08.246, 2184 MHz, 18.87 W, 51 %, 57, 0x0000000000000000
2026/09/12 05:20:08.446, 2184 MHz, 18.87 W, 51 %, 57, 0x0000000000000000
2026/09/12 05:20:08.647, 2184 MHz, 19.51 W, 54 %, 58, 0x0000000000000000
2026/09/12 05:20:08.847, 2184 MHz, 19.51 W, 54 %, 58, 0x0000000000000000
2026/09/12 05:20:09.047, 2184 MHz, 19.96 W, 54 %, 58, 0x0000000000000000
2026/09/12 05:20:09.248, 2184 MHz, 19.96 W, 54 %, 58, 0x0000000000000000
2026/09/12 05:20:09.448, 2184 MHz, 19.96 W, 54 %, 58, 0x0000000000000000
2026/09/12 05:20:09.648, 2184 MHz, 19.86 W, 51 %, 58, 0x0000000000000000
2026/09/12 05:20:09.849, 2184 MHz, 19.86 W, 51 %, 58, 0x0000000000000000
2026/09/12 05:20:10.049, 2184 MHz, 19.75 W, 51 %, 59, 0x0000000000000000
2026/09/12 05:20:10.250, 2184 MHz, 19.75 W, 51 %, 59, 0x0000000000000000
2026/09/12 05:20:10.450, 2184 MHz, 19.75 W, 51 %, 59, 0x0000000000000000
2026/09/12 05:20:10.650, 2184 MHz, 19.82 W, 53 %, 58, 0x0000000000000000
2026/09/12 05:20:10.851, 2184 MHz, 19.82 W, 53 %, 58, 0x0000000000000000
2026/09/12 05:20:11.051, 2184 MHz, 20.76 W, 53 %, 58, 0x0000000000000000
2026/09/12 05:20:11.251, 2184 MHz, 20.76 W, 53 %, 58, 0x0000000000000000
2026/09/12 05:20:11.451, 2184 MHz, 20.76 W, 53 %, 58, 0x0000000000000000
2026/09/12 05:20:11.652, 2184 MHz, 21.38 W, 68 %, 58, 0x0000000000000000
2026/09/12 05:20:11.852, 2184 MHz, 21.38 W, 68 %, 58, 0x0000000000000000
2026/09/12 05:20:12.052, 2184 MHz, 21.17 W, 68 %, 58, 0x0000000000000000
2026/09/12 05:20:12.252, 2184 MHz, 21.17 W, 68 %, 58, 0x0000000000000000
2026/09/12 05:20:12.452, 2184 MHz, 21.17 W, 68 %, 58, 0x0000000000000000
2026/09/12 05:20:12.653, 2184 MHz, 20.66 W, 46 %, 58, 0x0000000000000000
2026/09/12 05:20:12.853, 2184 MHz, 20.66 W, 46 %, 58, 0x0000000000000000
2026/09/12 05:20:13.053, 2184 MHz, 20.42 W, 46 %, 58, 0x0000000000000000
2026/09/12 05:20:13.253, 2184 MHz, 20.42 W, 46 %, 58, 0x0000000000000000
2026/09/12 05:20:13.454, 2184 MHz, 20.42 W, 46 %, 58, 0x0000000000000000
2026/09/12 05:20:13.654, 2184 MHz, 20.47 W, 62 %, 59, 0x0000000000000000
2026/09/12 05:20:13.855, 2184 MHz, 20.47 W, 62 %, 59, 0x0000000000000000
2026/09/12 05:20:14.055, 2184 MHz, 21.09 W, 62 %, 58, 0x0000000000000000
2026/09/12 05:20:14.255, 2184 MHz, 21.09 W, 62 %, 58, 0x0000000000000000
2026/09/12 05:20:14.455, 2184 MHz, 21.09 W, 62 %, 58, 0x0000000000000000
2026/09/12 05:20:14.656, 2184 MHz, 21.21 W, 60 %, 59, 0x0000000000000000
2026/09/12 05:20:14.856, 2184 MHz, 21.21 W, 60 %, 59, 0x0000000000000000
2026/09/12 05:20:15.056, 2184 MHz, 20.71 W, 60 %, 58, 0x0000000000000000
2026/09/12 05:20:15.257, 2184 MHz, 20.71 W, 60 %, 58, 0x0000000000000000
2026/09/12 05:20:15.457, 2184 MHz, 20.71 W, 60 %, 58, 0x0000000000000000
2026/09/12 05:20:15.657, 2184 MHz, 21.04 W, 64 %, 59, 0x0000000000000000
2026/09/12 05:20:15.858, 2184 MHz, 21.04 W, 64 %, 59, 0x0000000000000000
2026/09/12 05:20:16.058, 2184 MHz, 20.45 W, 64 %, 58, 0x0000000000000000
2026/09/12 05:20:16.258, 2184 MHz, 20.45 W, 64 %, 58, 0x0000000000000000
2026/09/12 05:20:16.459, 2184 MHz, 20.45 W, 64 %, 58, 0x0000000000000000
2026/09/12 05:20:16.659, 2184 MHz, 17.47 W, 26 %, 58, 0x0000000000000000
2026/09/12 05:20:16.859, 2184 MHz, 17.47 W, 26 %, 58, 0x0000000000000000
2026/09/12 05:20:17.059, 2184 MHz, 15.25 W, 26 %, 57, 0x0000000000000000
2026/09/12 05:20:17.259, 2184 MHz, 15.25 W, 26 %, 57, 0x0000000000000000
2026/09/12 05:20:17.460, 2184 MHz, 15.25 W, 26 %, 57, 0x0000000000000000
2026/09/12 05:20:17.660, 2184 MHz, 14.97 W, 24 %, 58, 0x0000000000000000
2026/09/12 05:20:17.860, 2184 MHz, 14.97 W, 24 %, 58, 0x0000000000000000
2026/09/12 05:20:18.061, 2184 MHz, 15.40 W, 24 %, 57, 0x0000000000000000
2026/09/12 05:20:18.261, 2184 MHz, 15.40 W, 24 %, 57, 0x0000000000000000
2026/09/12 05:20:18.461, 2184 MHz, 15.40 W, 24 %, 57, 0x0000000000000000
2026/09/12 05:20:18.662, 2184 MHz, 16.74 W, 24 %, 57, 0x0000000000000000
2026/09/12 05:20:18.862, 2184 MHz, 16.74 W, 24 %, 57, 0x0000000000000000
2026/09/12 05:20:19.063, 2184 MHz, 17.20 W, 24 %, 58, 0x0000000000000000
2026/09/12 05:20:19.263, 2184 MHz, 17.20 W, 24 %, 58, 0x0000000000000000
2026/09/12 05:20:19.463, 2184 MHz, 17.20 W, 24 %, 58, 0x0000000000000000
2026/09/12 05:20:19.663, 2184 MHz, 17.18 W, 36 %, 58, 0x0000000000000000
2026/09/12 05:20:19.863, 2184 MHz, 17.18 W, 36 %, 58, 0x0000000000000000
2026/09/12 05:20:20.064, 2184 MHz, 17.45 W, 36 %, 58, 0x0000000000000000
2026/09/12 05:20:20.264, 2184 MHz, 17.45 W, 36 %, 58, 0x0000000000000000
2026/09/12 05:20:20.465, 2184 MHz, 17.45 W, 36 %, 58, 0x0000000000000000
2026/09/12 05:20:20.665, 2184 MHz, 17.77 W, 38 %, 58, 0x0000000000000000
2026/09/12 05:20:20.865, 2184 MHz, 17.77 W, 38 %, 58, 0x0000000000000000
2026/09/12 05:20:21.066, 2184 MHz, 18.08 W, 38 %, 58, 0x0000000000000000
2026/09/12 05:20:21.266, 2184 MHz, 18.08 W, 38 %, 58, 0x0000000000000000
2026/09/12 05:20:21.466, 2184 MHz, 18.08 W, 38 %, 58, 0x0000000000000000
2026/09/12 05:20:21.666, 2184 MHz, 18.52 W, 45 %, 58, 0x0000000000000000
2026/09/12 05:20:21.867, 2184 MHz, 18.52 W, 45 %, 58, 0x0000000000000000
2026/09/12 05:20:22.067, 2184 MHz, 19.15 W, 45 %, 58, 0x0000000000000000
2026/09/12 05:20:22.267, 2184 MHz, 19.15 W, 45 %, 58, 0x0000000000000000
2026/09/12 05:20:22.467, 2184 MHz, 19.15 W, 45 %, 58, 0x0000000000000000
2026/09/12 05:20:22.668, 2184 MHz, 18.83 W, 30 %, 58, 0x0000000000000000
2026/09/12 05:20:22.868, 2184 MHz, 18.83 W, 30 %, 58, 0x0000000000000000
2026/09/12 05:20:23.068, 2184 MHz, 15.28 W, 30 %, 57, 0x0000000000000000
2026/09/12 05:20:23.269, 2184 MHz, 15.28 W, 30 %, 57, 0x0000000000000000
2026/09/12 05:20:23.469, 2184 MHz, 15.28 W, 30 %, 57, 0x0000000000000000
2026/09/12 05:20:23.669, 2184 MHz, 11.58 W, 3 %, 57, 0x0000000000000000
2026/09/12 05:20:23.870, 2184 MHz, 11.58 W, 3 %, 57, 0x0000000000000000
2026/09/12 05:20:24.070, 2184 MHz, 11.43 W, 3 %, 57, 0x0000000000000000
2026/09/12 05:20:24.271, 2184 MHz, 11.43 W, 3 %, 57, 0x0000000000000000
2026/09/12 05:20:24.471, 2184 MHz, 11.43 W, 3 %, 57, 0x0000000000000000
2026/09/12 05:20:24.671, 2184 MHz, 11.86 W, 6 %, 57, 0x0000000000000000
2026/09/12 05:20:24.872, 2184 MHz, 11.86 W, 6 %, 57, 0x0000000000000000
2026/09/12 05:20:25.072, 2184 MHz, 11.93 W, 6 %, 56, 0x0000000000000000
2026/09/12 05:20:25.273, 2184 MHz, 11.93 W, 6 %, 56, 0x0000000000000000
2026/09/12 05:20:25.473, 2184 MHz, 11.93 W, 6 %, 56, 0x0000000000000000
2026/09/12 05:20:25.674, 2184 MHz, 11.94 W, 4 %, 56, 0x0000000000000000
2026/09/12 05:20:25.874, 2184 MHz, 11.94 W, 4 %, 56, 0x0000000000000000
2026/09/12 05:20:26.074, 2184 MHz, 11.77 W, 4 %, 56, 0x0000000000000000
2026/09/12 05:20:26.275, 2184 MHz, 11.77 W, 4 %, 56, 0x0000000000000000
2026/09/12 05:20:26.475, 2184 MHz, 11.77 W, 4 %, 56, 0x0000000000000000
2026/09/12 05:20:26.675, 2184 MHz, 11.86 W, 5 %, 56, 0x0000000000000000
2026/09/12 05:20:26.876, 2184 MHz, 11.86 W, 5 %, 56, 0x0000000000000000
2026/09/12 05:20:27.076, 2184 MHz, 11.87 W, 5 %, 56, 0x0000000000000000
2026/09/12 05:20:27.276, 2184 MHz, 11.87 W, 5 %, 56, 0x0000000000000000
2026/09/12 05:20:27.476, 2184 MHz, 11.87 W, 5 %, 56, 0x0000000000000000
2026/09/12 05:20:27.677, 2184 MHz, 12.52 W, 15 %, 57, 0x0000000000000000
2026/09/12 05:20:27.877, 2184 MHz, 12.52 W, 15 %, 57, 0x0000000000000000
2026/09/12 05:20:28.077, 2184 MHz, 13.50 W, 15 %, 57, 0x0000000000000000
2026/09/12 05:20:28.277, 2184 MHz, 13.50 W, 15 %, 57, 0x0000000000000000
2026/09/12 05:20:28.478, 2184 MHz, 13.50 W, 15 %, 57, 0x0000000000000000
2026/09/12 05:20:28.678, 2184 MHz, 13.95 W, 27 %, 57, 0x0000000000000000
2026/09/12 05:20:28.878, 2184 MHz, 13.95 W, 27 %, 57, 0x0000000000000000
2026/09/12 05:20:29.078, 2184 MHz, 14.20 W, 27 %, 57, 0x0000000000000000
2026/09/12 05:20:29.278, 2184 MHz, 14.20 W, 27 %, 57, 0x0000000000000000
2026/09/12 05:20:29.478, 2184 MHz, 14.20 W, 27 %, 57, 0x0000000000000000
2026/09/12 05:20:29.679, 2184 MHz, 14.12 W, 27 %, 57, 0x0000000000000000
2026/09/12 05:20:29.879, 2184 MHz, 14.12 W, 27 %, 57, 0x0000000000000000
2026/09/12 05:20:30.079, 2184 MHz, 14.12 W, 27 %, 57, 0x0000000000000000
2026/09/12 05:20:30.279, 2184 MHz, 14.12 W, 27 %, 57, 0x0000000000000000
2026/09/12 05:20:30.479, 2184 MHz, 14.12 W, 27 %, 57, 0x0000000000000000
2026/09/12 05:20:30.680, 2184 MHz, 14.58 W, 20 %, 57, 0x0000000000000000
2026/09/12 05:20:30.880, 2184 MHz, 14.58 W, 20 %, 57, 0x0000000000000000
2026/09/12 05:20:31.080, 2184 MHz, 15.11 W, 20 %, 57, 0x0000000000000000
2026/09/12 05:20:31.280, 2184 MHz, 15.11 W, 20 %, 57, 0x0000000000000000
2026/09/12 05:20:31.481, 2184 MHz, 15.11 W, 20 %, 57, 0x0000000000000000
2026/09/12 05:20:31.681, 2184 MHz, 15.30 W, 23 %, 57, 0x0000000000000000
2026/09/12 05:20:31.881, 2184 MHz, 15.30 W, 23 %, 57, 0x0000000000000000
2026/09/12 05:20:32.081, 2184 MHz, 15.19 W, 23 %, 57, 0x0000000000000000
2026/09/12 05:20:32.281, 2184 MHz, 15.19 W, 23 %, 57, 0x0000000000000000
2026/09/12 05:20:32.482, 2184 MHz, 15.74 W, 29 %, 57, 0x0000000000000000
2026/09/12 05:20:32.682, 2184 MHz, 15.74 W, 29 %, 57, 0x0000000000000000
2026/09/12 05:20:32.882, 2184 MHz, 15.74 W, 29 %, 57, 0x0000000000000000
2026/09/12 05:20:33.082, 2184 MHz, 16.49 W, 29 %, 57, 0x0000000000000000
2026/09/12 05:20:33.283, 2184 MHz, 16.49 W, 29 %, 57, 0x0000000000000000
2026/09/12 05:20:33.483, 2184 MHz, 16.28 W, 30 %, 57, 0x0000000000000000
2026/09/12 05:20:33.683, 2184 MHz, 16.28 W, 30 %, 57, 0x0000000000000000
2026/09/12 05:20:33.883, 2184 MHz, 16.28 W, 30 %, 57, 0x0000000000000000
2026/09/12 05:20:34.083, 2184 MHz, 15.27 W, 30 %, 57, 0x0000000000000000
2026/09/12 05:20:34.283, 2184 MHz, 15.27 W, 30 %, 57, 0x0000000000000000
2026/09/12 05:20:34.484, 2184 MHz, 14.69 W, 22 %, 57, 0x0000000000000000
2026/09/12 05:20:34.684, 2184 MHz, 14.69 W, 22 %, 57, 0x0000000000000000
2026/09/12 05:20:34.884, 2184 MHz, 14.69 W, 22 %, 57, 0x0000000000000000
2026/09/12 05:20:35.084, 2184 MHz, 14.44 W, 22 %, 56, 0x0000000000000000
2026/09/12 05:20:35.284, 2184 MHz, 14.44 W, 22 %, 56, 0x0000000000000000
2026/09/12 05:20:35.485, 2184 MHz, 13.66 W, 11 %, 57, 0x0000000000000000
2026/09/12 05:20:35.685, 2184 MHz, 13.66 W, 11 %, 57, 0x0000000000000000
2026/09/12 05:20:35.885, 2184 MHz, 13.66 W, 11 %, 57, 0x0000000000000000
2026/09/12 05:20:36.085, 2184 MHz, 13.54 W, 11 %, 57, 0x0000000000000000
2026/09/12 05:20:36.286, 2184 MHz, 13.54 W, 11 %, 57, 0x0000000000000000
2026/09/12 05:20:36.486, 2184 MHz, 14.11 W, 26 %, 57, 0x0000000000000000
2026/09/12 05:20:36.687, 2184 MHz, 14.11 W, 26 %, 57, 0x0000000000000000
2026/09/12 05:20:36.887, 2184 MHz, 14.11 W, 26 %, 57, 0x0000000000000000
2026/09/12 05:20:37.087, 2184 MHz, 14.92 W, 26 %, 57, 0x0000000000000000
2026/09/12 05:20:37.287, 2184 MHz, 14.92 W, 26 %, 57, 0x0000000000000000
2026/09/12 05:20:37.488, 2184 MHz, 15.29 W, 29 %, 57, 0x0000000000000000
2026/09/12 05:20:37.688, 2184 MHz, 15.29 W, 29 %, 57, 0x0000000000000000
2026/09/12 05:20:37.888, 2184 MHz, 15.29 W, 29 %, 57, 0x0000000000000000
2026/09/12 05:20:38.088, 2184 MHz, 15.88 W, 29 %, 57, 0x0000000000000000
2026/09/12 05:20:38.288, 2184 MHz, 15.88 W, 29 %, 57, 0x0000000000000000
2026/09/12 05:20:38.489, 2184 MHz, 17.01 W, 48 %, 57, 0x0000000000000000
2026/09/12 05:20:38.689, 2184 MHz, 17.01 W, 48 %, 57, 0x0000000000000000
2026/09/12 05:20:38.890, 2184 MHz, 17.01 W, 48 %, 57, 0x0000000000000000
2026/09/12 05:20:39.090, 2184 MHz, 17.89 W, 48 %, 58, 0x0000000000000000
2026/09/12 05:20:39.290, 2184 MHz, 17.89 W, 48 %, 58, 0x0000000000000000
2026/09/12 05:20:39.490, 2184 MHz, 17.88 W, 46 %, 57, 0x0000000000000000
2026/09/12 05:20:39.690, 2184 MHz, 17.88 W, 46 %, 57, 0x0000000000000000
2026/09/12 05:20:39.891, 2184 MHz, 17.88 W, 46 %, 57, 0x0000000000000000
2026/09/12 05:20:40.091, 2184 MHz, 17.76 W, 46 %, 57, 0x0000000000000000
2026/09/12 05:20:40.291, 2184 MHz, 17.76 W, 46 %, 57, 0x0000000000000000
2026/09/12 05:20:40.491, 2184 MHz, 18.07 W, 56 %, 58, 0x0000000000000000
2026/09/12 05:20:40.691, 2184 MHz, 18.07 W, 56 %, 58, 0x0000000000000000
2026/09/12 05:20:40.892, 2184 MHz, 18.07 W, 56 %, 58, 0x0000000000000000
2026/09/12 05:20:41.092, 2184 MHz, 18.91 W, 56 %, 58, 0x0000000000000000
2026/09/12 05:20:41.292, 2184 MHz, 18.91 W, 56 %, 58, 0x0000000000000000
2026/09/12 05:20:41.492, 2184 MHz, 20.05 W, 51 %, 58, 0x0000000000000000
2026/09/12 05:20:41.692, 2184 MHz, 20.05 W, 51 %, 58, 0x0000000000000000
2026/09/12 05:20:41.892, 2184 MHz, 20.05 W, 51 %, 58, 0x0000000000000000
2026/09/12 05:20:42.093, 2184 MHz, 20.77 W, 51 %, 58, 0x0000000000000000
2026/09/12 05:20:42.293, 2184 MHz, 20.77 W, 51 %, 58, 0x0000000000000000
2026/09/12 05:20:42.493, 2184 MHz, 20.50 W, 49 %, 58, 0x0000000000000000
2026/09/12 05:20:42.693, 2184 MHz, 20.50 W, 49 %, 58, 0x0000000000000000
2026/09/12 05:20:42.894, 2184 MHz, 20.50 W, 49 %, 58, 0x0000000000000000
2026/09/12 05:20:43.094, 2184 MHz, 20.53 W, 49 %, 58, 0x0000000000000000
2026/09/12 05:20:43.294, 2184 MHz, 20.53 W, 49 %, 58, 0x0000000000000000
2026/09/12 05:20:43.494, 2184 MHz, 20.95 W, 54 %, 59, 0x0000000000000000
2026/09/12 05:20:43.695, 2184 MHz, 20.95 W, 54 %, 59, 0x0000000000000000
2026/09/12 05:20:43.895, 2184 MHz, 20.95 W, 54 %, 59, 0x0000000000000000
2026/09/12 05:20:44.095, 2184 MHz, 21.48 W, 54 %, 59, 0x0000000000000000
2026/09/12 05:20:44.295, 2184 MHz, 21.48 W, 54 %, 59, 0x0000000000000000
2026/09/12 05:20:44.496, 2184 MHz, 21.63 W, 52 %, 58, 0x0000000000000000
2026/09/12 05:20:44.696, 2184 MHz, 21.63 W, 52 %, 58, 0x0000000000000000
2026/09/12 05:20:44.897, 2184 MHz, 21.63 W, 52 %, 58, 0x0000000000000000
2026/09/12 05:20:45.097, 2184 MHz, 20.95 W, 52 %, 58, 0x0000000000000000
2026/09/12 05:20:45.297, 2184 MHz, 20.95 W, 52 %, 58, 0x0000000000000000
2026/09/12 05:20:45.497, 2184 MHz, 19.25 W, 34 %, 58, 0x0000000000000000
2026/09/12 05:20:45.698, 2184 MHz, 19.25 W, 34 %, 58, 0x0000000000000000
2026/09/12 05:20:45.899, 2184 MHz, 19.25 W, 34 %, 58, 0x0000000000000000
2026/09/12 05:20:46.099, 2184 MHz, 16.84 W, 34 %, 58, 0x0000000000000000
2026/09/12 05:20:46.299, 2184 MHz, 16.84 W, 34 %, 58, 0x0000000000000000
2026/09/12 05:20:46.500, 2184 MHz, 15.69 W, 42 %, 57, 0x0000000000000000
2026/09/12 05:20:46.700, 2184 MHz, 15.69 W, 42 %, 57, 0x0000000000000000
2026/09/12 05:20:46.900, 2184 MHz, 15.69 W, 42 %, 57, 0x0000000000000000
2026/09/12 05:20:47.100, 2184 MHz, 15.80 W, 42 %, 57, 0x0000000000000000
2026/09/12 05:20:47.301, 2184 MHz, 15.80 W, 42 %, 57, 0x0000000000000000
2026/09/12 05:20:47.501, 2184 MHz, 16.97 W, 45 %, 57, 0x0000000000000000
2026/09/12 05:20:47.702, 2184 MHz, 16.97 W, 45 %, 57, 0x0000000000000000
2026/09/12 05:20:47.902, 2184 MHz, 16.97 W, 45 %, 57, 0x0000000000000000
2026/09/12 05:20:48.102, 2184 MHz, 18.21 W, 45 %, 58, 0x0000000000000000
2026/09/12 05:20:48.303, 2184 MHz, 18.21 W, 45 %, 58, 0x0000000000000000
2026/09/12 05:20:48.503, 2184 MHz, 18.79 W, 52 %, 58, 0x0000000000000000
2026/09/12 05:20:48.704, 2184 MHz, 18.79 W, 52 %, 58, 0x0000000000000000
2026/09/12 05:20:48.904, 2184 MHz, 18.79 W, 52 %, 58, 0x0000000000000000
2026/09/12 05:20:49.104, 2184 MHz, 18.72 W, 52 %, 58, 0x0000000000000000
2026/09/12 05:20:49.304, 2184 MHz, 18.72 W, 52 %, 58, 0x0000000000000000
2026/09/12 05:20:49.505, 2184 MHz, 19.35 W, 52 %, 58, 0x0000000000000000
2026/09/12 05:20:49.705, 2184 MHz, 19.35 W, 52 %, 58, 0x0000000000000000
2026/09/12 05:20:49.905, 2184 MHz, 19.35 W, 52 %, 58, 0x0000000000000000
2026/09/12 05:20:50.105, 2184 MHz, 19.78 W, 52 %, 58, 0x0000000000000000
2026/09/12 05:20:50.306, 2184 MHz, 19.78 W, 52 %, 58, 0x0000000000000000
2026/09/12 05:20:50.506, 2184 MHz, 19.31 W, 47 %, 58, 0x0000000000000000
2026/09/12 05:20:50.706, 2184 MHz, 19.31 W, 47 %, 58, 0x0000000000000000
2026/09/12 05:20:50.906, 2184 MHz, 19.31 W, 47 %, 58, 0x0000000000000000
2026/09/12 05:20:51.106, 2184 MHz, 19.26 W, 47 %, 58, 0x0000000000000000
2026/09/12 05:20:51.307, 2184 MHz, 19.26 W, 47 %, 58, 0x0000000000000000
2026/09/12 05:20:51.507, 2184 MHz, 19.41 W, 55 %, 58, 0x0000000000000000
2026/09/12 05:20:51.707, 2184 MHz, 19.41 W, 55 %, 58, 0x0000000000000000
2026/09/12 05:20:51.907, 2184 MHz, 19.41 W, 55 %, 58, 0x0000000000000000
2026/09/12 05:20:52.108, 2184 MHz, 20.12 W, 55 %, 58, 0x0000000000000000
2026/09/12 05:20:52.308, 2184 MHz, 20.12 W, 55 %, 58, 0x0000000000000000
2026/09/12 05:20:52.508, 2184 MHz, 20.76 W, 55 %, 58, 0x0000000000000000
2026/09/12 05:20:52.708, 2184 MHz, 20.76 W, 55 %, 58, 0x0000000000000000
2026/09/12 05:20:52.908, 2184 MHz, 20.76 W, 55 %, 58, 0x0000000000000000
2026/09/12 05:20:53.108, 2184 MHz, 20.73 W, 55 %, 58, 0x0000000000000000
2026/09/12 05:20:53.309, 2184 MHz, 20.73 W, 55 %, 58, 0x0000000000000000
2026/09/12 05:20:53.509, 2184 MHz, 20.58 W, 57 %, 58, 0x0000000000000000
2026/09/12 05:20:53.710, 2184 MHz, 20.58 W, 57 %, 58, 0x0000000000000000
2026/09/12 05:20:53.910, 2184 MHz, 20.58 W, 57 %, 58, 0x0000000000000000
2026/09/12 05:20:54.110, 2184 MHz, 19.90 W, 57 %, 58, 0x0000000000000000
2026/09/12 05:20:54.310, 2184 MHz, 19.90 W, 57 %, 58, 0x0000000000000000
2026/09/12 05:20:54.510, 2184 MHz, 19.68 W, 45 %, 58, 0x0000000000000000
2026/09/12 05:20:54.711, 2184 MHz, 19.68 W, 45 %, 58, 0x0000000000000000
2026/09/12 05:20:54.911, 2184 MHz, 19.68 W, 45 %, 58, 0x0000000000000000
2026/09/12 05:20:55.111, 2184 MHz, 20.98 W, 45 %, 59, 0x0000000000000000
2026/09/12 05:20:55.311, 2184 MHz, 20.98 W, 45 %, 59, 0x0000000000000000
2026/09/12 05:20:55.512, 2184 MHz, 21.15 W, 60 %, 59, 0x0000000000000000
2026/09/12 05:20:55.712, 2184 MHz, 21.15 W, 60 %, 59, 0x0000000000000000
2026/09/12 05:20:55.912, 2184 MHz, 21.15 W, 60 %, 59, 0x0000000000000000
2026/09/12 05:20:56.112, 2184 MHz, 20.48 W, 60 %, 59, 0x0000000000000000
2026/09/12 05:20:56.313, 2184 MHz, 20.48 W, 60 %, 59, 0x0000000000000000
2026/09/12 05:20:56.514, 2184 MHz, 20.82 W, 50 %, 59, 0x0000000000000000
2026/09/12 05:20:56.714, 2184 MHz, 20.82 W, 50 %, 59, 0x0000000000000000
2026/09/12 05:20:56.914, 2184 MHz, 20.82 W, 50 %, 59, 0x0000000000000000
2026/09/12 05:20:57.115, 2184 MHz, 20.87 W, 50 %, 58, 0x0000000000000000
2026/09/12 05:20:57.315, 2184 MHz, 20.87 W, 50 %, 58, 0x0000000000000000
2026/09/12 05:20:57.516, 2184 MHz, 18.23 W, 16 %, 59, 0x0000000000000000
2026/09/12 05:20:57.716, 2184 MHz, 18.23 W, 16 %, 59, 0x0000000000000000
2026/09/12 05:20:57.916, 2184 MHz, 18.23 W, 16 %, 59, 0x0000000000000000
2026/09/12 05:20:58.116, 2184 MHz, 15.42 W, 16 %, 59, 0x0000000000000000
2026/09/12 05:20:58.316, 2184 MHz, 15.42 W, 16 %, 59, 0x0000000000000000
2026/09/12 05:20:58.517, 2184 MHz, 14.99 W, 17 %, 58, 0x0000000000000000
2026/09/12 05:20:58.717, 2184 MHz, 14.99 W, 17 %, 58, 0x0000000000000000
2026/09/12 05:20:58.917, 2184 MHz, 14.99 W, 17 %, 58, 0x0000000000000000
2026/09/12 05:20:59.117, 2184 MHz, 15.20 W, 17 %, 57, 0x0000000000000000
2026/09/12 05:20:59.317, 2184 MHz, 15.20 W, 17 %, 57, 0x0000000000000000
2026/09/12 05:20:59.518, 2184 MHz, 16.36 W, 38 %, 58, 0x0000000000000000
2026/09/12 05:20:59.718, 2184 MHz, 16.36 W, 38 %, 58, 0x0000000000000000
2026/09/12 05:20:59.918, 2184 MHz, 16.36 W, 38 %, 58, 0x0000000000000000
2026/09/12 05:21:00.118, 2184 MHz, 16.71 W, 38 %, 58, 0x0000000000000000
2026/09/12 05:21:00.318, 2184 MHz, 16.71 W, 38 %, 58, 0x0000000000000000
2026/09/12 05:21:00.519, 2184 MHz, 16.81 W, 30 %, 58, 0x0000000000000000
2026/09/12 05:21:00.719, 2184 MHz, 16.81 W, 30 %, 58, 0x0000000000000000
2026/09/12 05:21:00.919, 2184 MHz, 16.81 W, 30 %, 58, 0x0000000000000000
2026/09/12 05:21:01.120, 2184 MHz, 17.62 W, 30 %, 58, 0x0000000000000000
2026/09/12 05:21:01.320, 2184 MHz, 17.62 W, 30 %, 58, 0x0000000000000000
2026/09/12 05:21:01.520, 2184 MHz, 17.66 W, 39 %, 58, 0x0000000000000000
2026/09/12 05:21:01.721, 2184 MHz, 17.66 W, 39 %, 58, 0x0000000000000000
2026/09/12 05:21:01.921, 2184 MHz, 17.66 W, 39 %, 58, 0x0000000000000000
2026/09/12 05:21:02.121, 2184 MHz, 17.57 W, 39 %, 58, 0x0000000000000000
2026/09/12 05:21:02.321, 2184 MHz, 17.57 W, 39 %, 58, 0x0000000000000000
2026/09/12 05:21:02.521, 2184 MHz, 18.24 W, 46 %, 58, 0x0000000000000000
2026/09/12 05:21:02.722, 2184 MHz, 18.24 W, 46 %, 58, 0x0000000000000000
2026/09/12 05:21:02.922, 2184 MHz, 18.24 W, 46 %, 58, 0x0000000000000000
2026/09/12 05:21:03.122, 2184 MHz, 18.58 W, 46 %, 58, 0x0000000000000000
2026/09/12 05:21:03.322, 2184 MHz, 18.58 W, 46 %, 58, 0x0000000000000000
2026/09/12 05:21:03.522, 2184 MHz, 18.99 W, 45 %, 58, 0x0000000000000000
2026/09/12 05:21:03.723, 2184 MHz, 18.99 W, 45 %, 58, 0x0000000000000000
2026/09/12 05:21:03.923, 2184 MHz, 18.99 W, 45 %, 58, 0x0000000000000000
2026/09/12 05:21:04.123, 2184 MHz, 18.12 W, 45 %, 58, 0x0000000000000000
2026/09/12 05:21:04.324, 2184 MHz, 18.12 W, 45 %, 58, 0x0000000000000000
2026/09/12 05:21:04.524, 2184 MHz, 13.91 W, 0 %, 57, 0x0000000000000000
2026/09/12 05:21:04.724, 2184 MHz, 13.91 W, 0 %, 57, 0x0000000000000000
2026/09/12 05:21:04.925, 2184 MHz, 13.91 W, 0 %, 57, 0x0000000000000000
2026/09/12 05:21:05.125, 2184 MHz, 11.01 W, 0 %, 57, 0x0000000000000000
2026/09/12 05:21:05.325, 2184 MHz, 11.01 W, 0 %, 57, 0x0000000000000000
2026/09/12 05:21:05.526, 2184 MHz, 11.71 W, 13 %, 57, 0x0000000000000000
2026/09/12 05:21:05.726, 2184 MHz, 11.71 W, 13 %, 57, 0x0000000000000000
2026/09/12 05:21:05.926, 2184 MHz, 11.71 W, 13 %, 57, 0x0000000000000000
2026/09/12 05:21:06.126, 2184 MHz, 12.02 W, 13 %, 57, 0x0000000000000000
2026/09/12 05:21:06.327, 2184 MHz, 12.02 W, 13 %, 57, 0x0000000000000000
2026/09/12 05:21:06.527, 2184 MHz, 11.92 W, 3 %, 57, 0x0000000000000000
2026/09/12 05:21:06.727, 2184 MHz, 11.92 W, 3 %, 57, 0x0000000000000000
2026/09/12 05:21:06.928, 2184 MHz, 11.92 W, 3 %, 57, 0x0000000000000000
2026/09/12 05:21:07.128, 2184 MHz, 11.79 W, 3 %, 57, 0x0000000000000000
2026/09/12 05:21:07.328, 2184 MHz, 11.79 W, 3 %, 57, 0x0000000000000000
2026/09/12 05:21:07.529, 2184 MHz, 11.92 W, 4 %, 57, 0x0000000000000000
2026/09/12 05:21:07.729, 2184 MHz, 11.92 W, 4 %, 57, 0x0000000000000000
2026/09/12 05:21:07.930, 2184 MHz, 11.92 W, 4 %, 57, 0x0000000000000000
2026/09/12 05:21:08.130, 2184 MHz, 11.79 W, 4 %, 56, 0x0000000000000000
2026/09/12 05:21:08.330, 2184 MHz, 11.79 W, 4 %, 56, 0x0000000000000000
2026/09/12 05:21:08.530, 2184 MHz, 11.86 W, 4 %, 56, 0x0000000000000000
2026/09/12 05:21:08.731, 2184 MHz, 11.86 W, 4 %, 56, 0x0000000000000000
2026/09/12 05:21:08.931, 2184 MHz, 11.86 W, 4 %, 56, 0x0000000000000000
2026/09/12 05:21:09.131, 2184 MHz, 12.70 W, 4 %, 57, 0x0000000000000000
2026/09/12 05:21:09.331, 2184 MHz, 12.70 W, 4 %, 57, 0x0000000000000000
2026/09/12 05:21:09.532, 2184 MHz, 13.73 W, 26 %, 57, 0x0000000000000000
2026/09/12 05:21:09.732, 2184 MHz, 13.73 W, 26 %, 57, 0x0000000000000000
2026/09/12 05:21:09.932, 2184 MHz, 13.73 W, 26 %, 57, 0x0000000000000000
2026/09/12 05:21:10.133, 2184 MHz, 13.90 W, 26 %, 57, 0x0000000000000000
2026/09/12 05:21:10.333, 2184 MHz, 13.90 W, 26 %, 57, 0x0000000000000000
2026/09/12 05:21:10.533, 2184 MHz, 14.04 W, 21 %, 57, 0x0000000000000000
2026/09/12 05:21:10.734, 2184 MHz, 14.04 W, 21 %, 57, 0x0000000000000000
2026/09/12 05:21:10.934, 2184 MHz, 14.04 W, 21 %, 57, 0x0000000000000000
2026/09/12 05:21:11.134, 2184 MHz, 13.97 W, 21 %, 57, 0x0000000000000000
2026/09/12 05:21:11.334, 2184 MHz, 13.97 W, 21 %, 57, 0x0000000000000000
2026/09/12 05:21:11.535, 2184 MHz, 14.15 W, 15 %, 57, 0x0000000000000000
2026/09/12 05:21:11.735, 2184 MHz, 14.15 W, 15 %, 57, 0x0000000000000000
2026/09/12 05:21:11.935, 2184 MHz, 14.15 W, 15 %, 57, 0x0000000000000000
2026/09/12 05:21:12.135, 2184 MHz, 14.73 W, 15 %, 57, 0x0000000000000000
2026/09/12 05:21:12.336, 2184 MHz, 14.73 W, 15 %, 57, 0x0000000000000000
2026/09/12 05:21:12.536, 2184 MHz, 15.20 W, 29 %, 57, 0x0000000000000000
2026/09/12 05:21:12.736, 2184 MHz, 15.20 W, 29 %, 57, 0x0000000000000000
2026/09/12 05:21:12.936, 2184 MHz, 15.20 W, 29 %, 57, 0x0000000000000000
2026/09/12 05:21:13.136, 2184 MHz, 15.28 W, 29 %, 57, 0x0000000000000000
2026/09/12 05:21:13.336, 2184 MHz, 15.28 W, 29 %, 57, 0x0000000000000000
2026/09/12 05:21:13.537, 2184 MHz, 15.05 W, 28 %, 57, 0x0000000000000000
2026/09/12 05:21:13.737, 2184 MHz, 15.05 W, 28 %, 57, 0x0000000000000000
2026/09/12 05:21:13.937, 2184 MHz, 15.05 W, 28 %, 57, 0x0000000000000000
2026/09/12 05:21:14.138, 2184 MHz, 15.61 W, 28 %, 57, 0x0000000000000000
2026/09/12 05:21:14.338, 2184 MHz, 15.61 W, 28 %, 57, 0x0000000000000000
2026/09/12 05:21:14.538, 2184 MHz, 16.23 W, 31 %, 57, 0x0000000000000000
2026/09/12 05:21:14.738, 2184 MHz, 16.23 W, 31 %, 57, 0x0000000000000000
2026/09/12 05:21:14.939, 2184 MHz, 16.23 W, 31 %, 57, 0x0000000000000000
2026/09/12 05:21:15.139, 2184 MHz, 15.78 W, 31 %, 57, 0x0000000000000000
2026/09/12 05:21:15.339, 2184 MHz, 15.78 W, 31 %, 57, 0x0000000000000000
2026/09/12 05:21:15.540, 2184 MHz, 15.07 W, 15 %, 57, 0x0000000000000000
2026/09/12 05:21:15.740, 2184 MHz, 15.07 W, 15 %, 57, 0x0000000000000000
2026/09/12 05:21:15.940, 2184 MHz, 15.07 W, 15 %, 57, 0x0000000000000000
2026/09/12 05:21:16.140, 2184 MHz, 14.69 W, 15 %, 57, 0x0000000000000000
2026/09/12 05:21:16.340, 2184 MHz, 14.69 W, 15 %, 57, 0x0000000000000000
2026/09/12 05:21:16.541, 2184 MHz, 14.31 W, 11 %, 57, 0x0000000000000000
2026/09/12 05:21:16.741, 2184 MHz, 14.31 W, 11 %, 57, 0x0000000000000000
2026/09/12 05:21:16.941, 2184 MHz, 14.31 W, 11 %, 57, 0x0000000000000000
2026/09/12 05:21:17.141, 2184 MHz, 13.57 W, 11 %, 57, 0x0000000000000000
2026/09/12 05:21:17.341, 2184 MHz, 13.57 W, 11 %, 57, 0x0000000000000000
2026/09/12 05:21:17.542, 2184 MHz, 13.22 W, 13 %, 58, 0x0000000000000000
2026/09/12 05:21:17.742, 2184 MHz, 13.22 W, 13 %, 58, 0x0000000000000000
2026/09/12 05:21:17.942, 2184 MHz, 13.22 W, 13 %, 58, 0x0000000000000000
2026/09/12 05:21:18.142, 2184 MHz, 13.74 W, 13 %, 57, 0x0000000000000000
2026/09/12 05:21:18.343, 2184 MHz, 13.74 W, 13 %, 57, 0x0000000000000000
2026/09/12 05:21:18.543, 2184 MHz, 14.54 W, 26 %, 57, 0x0000000000000000
2026/09/12 05:21:18.743, 2184 MHz, 14.54 W, 26 %, 57, 0x0000000000000000
2026/09/12 05:21:18.944, 2184 MHz, 14.54 W, 26 %, 57, 0x0000000000000000
2026/09/12 05:21:19.144, 2184 MHz, 15.09 W, 26 %, 57, 0x0000000000000000
2026/09/12 05:21:19.344, 2184 MHz, 15.09 W, 26 %, 57, 0x0000000000000000
2026/09/12 05:21:19.544, 2184 MHz, 15.53 W, 28 %, 57, 0x0000000000000000
2026/09/12 05:21:19.745, 2184 MHz, 15.53 W, 28 %, 57, 0x0000000000000000
2026/09/12 05:21:19.945, 2184 MHz, 15.53 W, 28 %, 57, 0x0000000000000000
2026/09/12 05:21:20.145, 2184 MHz, 16.54 W, 28 %, 57, 0x0000000000000000
2026/09/12 05:21:20.345, 2184 MHz, 16.54 W, 28 %, 57, 0x0000000000000000
2026/09/12 05:21:20.545, 2184 MHz, 17.48 W, 41 %, 57, 0x0000000000000000
2026/09/12 05:21:20.746, 2184 MHz, 17.48 W, 41 %, 57, 0x0000000000000000
2026/09/12 05:21:20.946, 2184 MHz, 17.48 W, 41 %, 57, 0x0000000000000000
2026/09/12 05:21:21.146, 2184 MHz, 17.81 W, 41 %, 58, 0x0000000000000000
2026/09/12 05:21:21.346, 2184 MHz, 17.81 W, 41 %, 58, 0x0000000000000000
2026/09/12 05:21:21.547, 2184 MHz, 17.81 W, 41 %, 57, 0x0000000000000000
2026/09/12 05:21:21.747, 2184 MHz, 17.81 W, 41 %, 57, 0x0000000000000000
2026/09/12 05:21:21.947, 2184 MHz, 17.81 W, 41 %, 57, 0x0000000000000000
2026/09/12 05:21:22.147, 2184 MHz, 17.57 W, 41 %, 58, 0x0000000000000000
2026/09/12 05:21:22.348, 2184 MHz, 17.57 W, 41 %, 58, 0x0000000000000000
2026/09/12 05:21:22.548, 2184 MHz, 18.55 W, 44 %, 57, 0x0000000000000000
2026/09/12 05:21:22.748, 2184 MHz, 18.55 W, 44 %, 57, 0x0000000000000000
2026/09/12 05:21:22.949, 2184 MHz, 18.55 W, 44 %, 57, 0x0000000000000000
2026/09/12 05:21:23.149, 2184 MHz, 20.04 W, 44 %, 58, 0x0000000000000000
2026/09/12 05:21:23.349, 2184 MHz, 20.04 W, 44 %, 58, 0x0000000000000000
2026/09/12 05:21:23.549, 2184 MHz, 20.34 W, 44 %, 58, 0x0000000000000000
2026/09/12 05:21:23.750, 2184 MHz, 20.34 W, 44 %, 58, 0x0000000000000000
2026/09/12 05:21:23.950, 2184 MHz, 20.34 W, 44 %, 58, 0x0000000000000000
2026/09/12 05:21:24.150, 2184 MHz, 20.50 W, 44 %, 58, 0x0000000000000000
2026/09/12 05:21:24.351, 2184 MHz, 20.50 W, 44 %, 58, 0x0000000000000000
2026/09/12 05:21:24.551, 2184 MHz, 20.41 W, 61 %, 59, 0x0000000000000000
2026/09/12 05:21:24.751, 2184 MHz, 20.41 W, 61 %, 59, 0x0000000000000000
2026/09/12 05:21:24.951, 2184 MHz, 20.41 W, 61 %, 59, 0x0000000000000000
2026/09/12 05:21:25.152, 2184 MHz, 20.41 W, 61 %, 58, 0x0000000000000000
2026/09/12 05:21:25.352, 2184 MHz, 20.41 W, 61 %, 58, 0x0000000000000000
2026/09/12 05:21:25.552, 2184 MHz, 20.86 W, 62 %, 59, 0x0000000000000000
2026/09/12 05:21:25.752, 2184 MHz, 20.86 W, 62 %, 59, 0x0000000000000000
2026/09/12 05:21:25.953, 2184 MHz, 20.86 W, 62 %, 59, 0x0000000000000000
2026/09/12 05:21:26.153, 2184 MHz, 20.89 W, 62 %, 58, 0x0000000000000000
2026/09/12 05:21:26.353, 2184 MHz, 20.89 W, 62 %, 58, 0x0000000000000000
2026/09/12 05:21:26.554, 2184 MHz, 20.36 W, 52 %, 58, 0x0000000000000000
2026/09/12 05:21:26.754, 2184 MHz, 20.36 W, 52 %, 58, 0x0000000000000000
2026/09/12 05:21:26.954, 2184 MHz, 20.36 W, 52 %, 58, 0x0000000000000000
2026/09/12 05:21:27.154, 2184 MHz, 19.87 W, 52 %, 58, 0x0000000000000000
2026/09/12 05:21:27.354, 2184 MHz, 19.87 W, 52 %, 58, 0x0000000000000000
2026/09/12 05:21:27.555, 2184 MHz, 18.26 W, 28 %, 57, 0x0000000000000000
2026/09/12 05:21:27.755, 2184 MHz, 18.26 W, 28 %, 57, 0x0000000000000000
2026/09/12 05:21:27.955, 2184 MHz, 18.26 W, 28 %, 57, 0x0000000000000000
2026/09/12 05:21:28.156, 2184 MHz, 15.98 W, 28 %, 57, 0x0000000000000000
2026/09/12 05:21:28.356, 2184 MHz, 15.98 W, 28 %, 57, 0x0000000000000000
2026/09/12 05:21:28.556, 2184 MHz, 15.26 W, 30 %, 58, 0x0000000000000000
2026/09/12 05:21:28.756, 2184 MHz, 15.26 W, 30 %, 58, 0x0000000000000000
2026/09/12 05:21:28.957, 2184 MHz, 15.26 W, 30 %, 58, 0x0000000000000000
2026/09/12 05:21:29.157, 2184 MHz, 15.86 W, 30 %, 58, 0x0000000000000000
2026/09/12 05:21:29.358, 2184 MHz, 15.86 W, 30 %, 58, 0x0000000000000000
2026/09/12 05:21:29.558, 2184 MHz, 16.88 W, 46 %, 58, 0x0000000000000000
2026/09/12 05:21:29.758, 2184 MHz, 16.88 W, 46 %, 58, 0x0000000000000000
2026/09/12 05:21:29.958, 2184 MHz, 16.88 W, 46 %, 58, 0x0000000000000000
2026/09/12 05:21:30.159, 2184 MHz, 17.50 W, 46 %, 58, 0x0000000000000000
2026/09/12 05:21:30.359, 2184 MHz, 17.50 W, 46 %, 58, 0x0000000000000000
2026/09/12 05:21:30.559, 2184 MHz, 17.96 W, 45 %, 58, 0x0000000000000000
2026/09/12 05:21:30.760, 2184 MHz, 17.96 W, 45 %, 58, 0x0000000000000000
2026/09/12 05:21:30.960, 2184 MHz, 17.96 W, 45 %, 58, 0x0000000000000000
2026/09/12 05:21:31.160, 2184 MHz, 18.51 W, 45 %, 58, 0x0000000000000000
2026/09/12 05:21:31.360, 2184 MHz, 18.51 W, 45 %, 58, 0x0000000000000000
2026/09/12 05:21:31.561, 2184 MHz, 18.90 W, 47 %, 58, 0x0000000000000000
2026/09/12 05:21:31.761, 2184 MHz, 18.90 W, 47 %, 58, 0x0000000000000000
2026/09/12 05:21:31.961, 2184 MHz, 18.90 W, 47 %, 58, 0x0000000000000000
2026/09/12 05:21:32.162, 2184 MHz, 19.10 W, 47 %, 58, 0x0000000000000000
2026/09/12 05:21:32.362, 2184 MHz, 19.10 W, 47 %, 58, 0x0000000000000000
2026/09/12 05:21:32.562, 2184 MHz, 18.81 W, 37 %, 58, 0x0000000000000000
2026/09/12 05:21:32.763, 2184 MHz, 18.81 W, 37 %, 58, 0x0000000000000000
2026/09/12 05:21:32.963, 2184 MHz, 18.81 W, 37 %, 58, 0x0000000000000000
2026/09/12 05:21:33.163, 2184 MHz, 18.80 W, 37 %, 59, 0x0000000000000000
2026/09/12 05:21:33.364, 2184 MHz, 18.80 W, 37 %, 59, 0x0000000000000000
2026/09/12 05:21:33.564, 2184 MHz, 19.04 W, 52 %, 58, 0x0000000000000000
2026/09/12 05:21:33.765, 2184 MHz, 19.04 W, 52 %, 58, 0x0000000000000000
2026/09/12 05:21:33.965, 2184 MHz, 19.04 W, 52 %, 58, 0x0000000000000000
2026/09/12 05:21:34.165, 2184 MHz, 19.78 W, 52 %, 58, 0x0000000000000000
2026/09/12 05:21:34.366, 2184 MHz, 19.78 W, 52 %, 58, 0x0000000000000000
2026/09/12 05:21:34.566, 2184 MHz, 20.23 W, 50 %, 58, 0x0000000000000000
2026/09/12 05:21:34.767, 2184 MHz, 20.23 W, 50 %, 58, 0x0000000000000000
2026/09/12 05:21:34.967, 2184 MHz, 20.23 W, 50 %, 58, 0x0000000000000000
2026/09/12 05:21:35.167, 2184 MHz, 20.28 W, 50 %, 58, 0x0000000000000000
2026/09/12 05:21:35.367, 2184 MHz, 20.28 W, 50 %, 58, 0x0000000000000000
2026/09/12 05:21:35.567, 2184 MHz, 20.11 W, 47 %, 58, 0x0000000000000000
2026/09/12 05:21:35.767, 2184 MHz, 20.11 W, 47 %, 58, 0x0000000000000000
2026/09/12 05:21:35.968, 2184 MHz, 20.11 W, 47 %, 58, 0x0000000000000000
2026/09/12 05:21:36.168, 2184 MHz, 19.37 W, 47 %, 59, 0x0000000000000000
2026/09/12 05:21:36.368, 2184 MHz, 19.37 W, 47 %, 59, 0x0000000000000000
2026/09/12 05:21:36.569, 2184 MHz, 19.09 W, 42 %, 58, 0x0000000000000000
2026/09/12 05:21:36.769, 2184 MHz, 19.09 W, 42 %, 58, 0x0000000000000000
2026/09/12 05:21:36.969, 2184 MHz, 19.09 W, 42 %, 58, 0x0000000000000000
2026/09/12 05:21:37.170, 2184 MHz, 19.78 W, 42 %, 59, 0x0000000000000000
2026/09/12 05:21:37.370, 2184 MHz, 19.78 W, 42 %, 59, 0x0000000000000000
2026/09/12 05:21:37.571, 2184 MHz, 20.43 W, 53 %, 59, 0x0000000000000000
2026/09/12 05:21:37.771, 2184 MHz, 20.43 W, 53 %, 59, 0x0000000000000000
2026/09/12 05:21:37.972, 2184 MHz, 20.43 W, 53 %, 59, 0x0000000000000000
2026/09/12 05:21:38.172, 2184 MHz, 20.23 W, 53 %, 58, 0x0000000000000000
2026/09/12 05:21:38.372, 2184 MHz, 20.23 W, 53 %, 58, 0x0000000000000000
2026/09/12 05:21:38.573, 2184 MHz, 20.56 W, 54 %, 58, 0x0000000000000000
2026/09/12 05:21:38.773, 2184 MHz, 20.56 W, 54 %, 58, 0x0000000000000000
2026/09/12 05:21:38.973, 2184 MHz, 20.56 W, 54 %, 58, 0x0000000000000000
2026/09/12 05:21:39.174, 2184 MHz, 20.89 W, 54 %, 59, 0x0000000000000000
2026/09/12 05:21:39.374, 2184 MHz, 20.89 W, 54 %, 59, 0x0000000000000000
2026/09/12 05:21:39.575, 2184 MHz, 19.27 W, 21 %, 58, 0x0000000000000000
2026/09/12 05:21:39.775, 2184 MHz, 19.27 W, 21 %, 58, 0x0000000000000000
2026/09/12 05:21:39.975, 2184 MHz, 19.27 W, 21 %, 58, 0x0000000000000000
2026/09/12 05:21:40.175, 2184 MHz, 16.57 W, 21 %, 59, 0x0000000000000000
2026/09/12 05:21:40.376, 2184 MHz, 16.57 W, 21 %, 59, 0x0000000000000000
2026/09/12 05:21:40.576, 2184 MHz, 14.76 W, 19 %, 57, 0x0000000000000000
2026/09/12 05:21:40.776, 2184 MHz, 14.76 W, 19 %, 57, 0x0000000000000000
2026/09/12 05:21:40.976, 2184 MHz, 14.76 W, 19 %, 57, 0x0000000000000000
2026/09/12 05:21:41.177, 2184 MHz, 14.63 W, 19 %, 58, 0x0000000000000000
2026/09/12 05:21:41.377, 2184 MHz, 14.63 W, 19 %, 58, 0x0000000000000000
2026/09/12 05:21:41.577, 2184 MHz, 15.05 W, 29 %, 57, 0x0000000000000000
2026/09/12 05:21:41.777, 2184 MHz, 15.05 W, 29 %, 57, 0x0000000000000000
2026/09/12 05:21:41.977, 2184 MHz, 15.05 W, 29 %, 57, 0x0000000000000000
2026/09/12 05:21:42.178, 2184 MHz, 16.52 W, 29 %, 58, 0x0000000000000000
2026/09/12 05:21:42.378, 2184 MHz, 16.52 W, 29 %, 58, 0x0000000000000000
2026/09/12 05:21:42.578, 2184 MHz, 17.19 W, 32 %, 58, 0x0000000000000000
2026/09/12 05:21:42.778, 2184 MHz, 17.19 W, 32 %, 58, 0x0000000000000000
2026/09/12 05:21:42.978, 2184 MHz, 17.19 W, 32 %, 58, 0x0000000000000000
2026/09/12 05:21:43.178, 2184 MHz, 17.04 W, 32 %, 58, 0x0000000000000000
2026/09/12 05:21:43.379, 2184 MHz, 17.04 W, 32 %, 58, 0x0000000000000000
2026/09/12 05:21:43.579, 2184 MHz, 17.47 W, 39 %, 58, 0x0000000000000000
2026/09/12 05:21:43.779, 2184 MHz, 17.47 W, 39 %, 58, 0x0000000000000000
2026/09/12 05:21:43.979, 2184 MHz, 17.47 W, 39 %, 58, 0x0000000000000000
2026/09/12 05:21:44.179, 2184 MHz, 17.98 W, 39 %, 58, 0x0000000000000000
2026/09/12 05:21:44.379, 2184 MHz, 17.98 W, 39 %, 58, 0x0000000000000000
2026/09/12 05:21:44.579, 2184 MHz, 18.10 W, 41 %, 58, 0x0000000000000000
2026/09/12 05:21:44.780, 2184 MHz, 18.10 W, 41 %, 58, 0x0000000000000000
2026/09/12 05:21:44.980, 2184 MHz, 18.10 W, 41 %, 58, 0x0000000000000000
2026/09/12 05:21:45.180, 2184 MHz, 18.28 W, 41 %, 59, 0x0000000000000000
2026/09/12 05:21:45.380, 2184 MHz, 18.28 W, 41 %, 59, 0x0000000000000000
2026/09/12 05:21:45.580, 2184 MHz, 18.62 W, 49 %, 59, 0x0000000000000000
2026/09/12 05:21:45.780, 2184 MHz, 18.62 W, 49 %, 59, 0x0000000000000000
2026/09/12 05:21:45.981, 2184 MHz, 18.62 W, 49 %, 59, 0x0000000000000000
2026/09/12 05:21:46.181, 2184 MHz, 18.59 W, 49 %, 58, 0x0000000000000000
2026/09/12 05:21:46.381, 2184 MHz, 18.59 W, 49 %, 58, 0x0000000000000000
2026/09/12 05:21:46.581, 2184 MHz, 15.91 W, 0 %, 57, 0x0000000000000000
2026/09/12 05:21:46.782, 2184 MHz, 15.91 W, 0 %, 57, 0x0000000000000000
2026/09/12 05:21:46.982, 2184 MHz, 15.91 W, 0 %, 57, 0x0000000000000000
2026/09/12 05:21:47.182, 2184 MHz, 12.09 W, 0 %, 57, 0x0000000000000000
2026/09/12 05:21:47.382, 2184 MHz, 12.09 W, 0 %, 57, 0x0000000000000000
2026/09/12 05:21:47.582, 2184 MHz, 11.12 W, 7 %, 57, 0x0000000000000000
2026/09/12 05:21:47.782, 2184 MHz, 11.12 W, 7 %, 57, 0x0000000000000000
2026/09/12 05:21:47.983, 2184 MHz, 11.12 W, 7 %, 57, 0x0000000000000000
2026/09/12 05:21:48.183, 2184 MHz, 11.76 W, 7 %, 57, 0x0000000000000000
2026/09/12 05:21:48.383, 2184 MHz, 11.76 W, 7 %, 57, 0x0000000000000000
2026/09/12 05:21:48.583, 2184 MHz, 11.85 W, 6 %, 57, 0x0000000000000000
2026/09/12 05:21:48.783, 2184 MHz, 11.85 W, 6 %, 57, 0x0000000000000000
2026/09/12 05:21:48.984, 2184 MHz, 11.85 W, 6 %, 57, 0x0000000000000000
2026/09/12 05:21:49.184, 2184 MHz, 11.93 W, 6 %, 57, 0x0000000000000000
2026/09/12 05:21:49.384, 2184 MHz, 11.93 W, 6 %, 57, 0x0000000000000000
2026/09/12 05:21:49.585, 2184 MHz, 11.82 W, 5 %, 57, 0x0000000000000000
2026/09/12 05:21:49.785, 2184 MHz, 11.82 W, 5 %, 57, 0x0000000000000000
2026/09/12 05:21:49.985, 2184 MHz, 11.82 W, 5 %, 57, 0x0000000000000000
2026/09/12 05:21:50.185, 2184 MHz, 11.79 W, 5 %, 57, 0x0000000000000000
2026/09/12 05:21:50.385, 2184 MHz, 11.79 W, 5 %, 57, 0x0000000000000000
2026/09/12 05:21:50.586, 2184 MHz, 11.78 W, 5 %, 57, 0x0000000000000000
2026/09/12 05:21:50.786, 2184 MHz, 11.78 W, 5 %, 57, 0x0000000000000000
2026/09/12 05:21:50.986, 2184 MHz, 11.78 W, 5 %, 57, 0x0000000000000000
2026/09/12 05:21:51.186, 2184 MHz, 11.93 W, 5 %, 57, 0x0000000000000000
2026/09/12 05:21:51.386, 2184 MHz, 11.93 W, 5 %, 57, 0x0000000000000000
2026/09/12 05:21:51.587, 2184 MHz, 12.60 W, 12 %, 57, 0x0000000000000000
2026/09/12 05:21:51.787, 2184 MHz, 12.60 W, 12 %, 57, 0x0000000000000000
2026/09/12 05:21:51.987, 2184 MHz, 12.60 W, 12 %, 57, 0x0000000000000000
2026/09/12 05:21:52.188, 2184 MHz, 13.13 W, 12 %, 57, 0x0000000000000000
2026/09/12 05:21:52.388, 2184 MHz, 13.13 W, 12 %, 57, 0x0000000000000000
2026/09/12 05:21:52.588, 2184 MHz, 13.37 W, 20 %, 57, 0x0000000000000000
2026/09/12 05:21:52.789, 2184 MHz, 13.37 W, 20 %, 57, 0x0000000000000000
2026/09/12 05:21:52.989, 2184 MHz, 13.37 W, 20 %, 57, 0x0000000000000000
2026/09/12 05:21:53.189, 2184 MHz, 13.66 W, 20 %, 57, 0x0000000000000000
2026/09/12 05:21:53.389, 2184 MHz, 13.66 W, 20 %, 57, 0x0000000000000000
2026/09/12 05:21:53.589, 2184 MHz, 13.64 W, 13 %, 57, 0x0000000000000000
2026/09/12 05:21:53.789, 2184 MHz, 13.64 W, 13 %, 57, 0x0000000000000000
2026/09/12 05:21:53.989, 2184 MHz, 13.64 W, 13 %, 57, 0x0000000000000000
2026/09/12 05:21:54.189, 2184 MHz, 13.66 W, 13 %, 57, 0x0000000000000000
2026/09/12 05:21:54.390, 2184 MHz, 13.66 W, 13 %, 57, 0x0000000000000000
2026/09/12 05:21:54.590, 2184 MHz, 13.91 W, 15 %, 57, 0x0000000000000000
2026/09/12 05:21:54.790, 2184 MHz, 13.91 W, 15 %, 57, 0x0000000000000000
2026/09/12 05:21:54.990, 2184 MHz, 13.91 W, 15 %, 57, 0x0000000000000000
2026/09/12 05:21:55.191, 2184 MHz, 14.23 W, 15 %, 57, 0x0000000000000000
2026/09/12 05:21:55.391, 2184 MHz, 14.23 W, 15 %, 57, 0x0000000000000000
2026/09/12 05:21:55.591, 2184 MHz, 14.81 W, 25 %, 57, 0x0000000000000000
2026/09/12 05:21:55.791, 2184 MHz, 14.81 W, 25 %, 57, 0x0000000000000000
2026/09/12 05:21:55.991, 2184 MHz, 14.81 W, 25 %, 57, 0x0000000000000000
2026/09/12 05:21:56.191, 2184 MHz, 15.09 W, 25 %, 57, 0x0000000000000000
2026/09/12 05:21:56.392, 2184 MHz, 15.09 W, 25 %, 57, 0x0000000000000000
2026/09/12 05:21:56.592, 2184 MHz, 14.95 W, 21 %, 58, 0x0000000000000000
2026/09/12 05:21:56.792, 2184 MHz, 14.95 W, 21 %, 58, 0x0000000000000000
2026/09/12 05:21:56.993, 2184 MHz, 14.95 W, 21 %, 58, 0x0000000000000000
2026/09/12 05:21:57.193, 2184 MHz, 15.54 W, 21 %, 58, 0x0000000000000000
2026/09/12 05:21:57.393, 2184 MHz, 15.54 W, 21 %, 58, 0x0000000000000000
2026/09/12 05:21:57.593, 2184 MHz, 16.08 W, 30 %, 57, 0x0000000000000000
2026/09/12 05:21:57.794, 2184 MHz, 16.08 W, 30 %, 57, 0x0000000000000000
2026/09/12 05:21:57.994, 2184 MHz, 15.76 W, 30 %, 57, 0x0000000000000000
2026/09/12 05:21:58.194, 2184 MHz, 15.76 W, 30 %, 57, 0x0000000000000000
2026/09/12 05:21:58.394, 2184 MHz, 15.76 W, 30 %, 57, 0x0000000000000000
2026/09/12 05:21:58.594, 2184 MHz, 15.02 W, 14 %, 57, 0x0000000000000000
2026/09/12 05:21:58.795, 2184 MHz, 15.02 W, 14 %, 57, 0x0000000000000000
2026/09/12 05:21:58.995, 2184 MHz, 14.53 W, 14 %, 57, 0x0000000000000000
2026/09/12 05:21:59.195, 2184 MHz, 14.53 W, 14 %, 57, 0x0000000000000000
2026/09/12 05:21:59.395, 2184 MHz, 14.53 W, 14 %, 57, 0x0000000000000000
2026/09/12 05:21:59.596, 2184 MHz, 14.27 W, 13 %, 57, 0x0000000000000000
2026/09/12 05:21:59.796, 2184 MHz, 14.27 W, 13 %, 57, 0x0000000000000000
2026/09/12 05:21:59.996, 2184 MHz, 13.62 W, 13 %, 58, 0x0000000000000000
2026/09/12 05:22:00.196, 2184 MHz, 13.62 W, 13 %, 58, 0x0000000000000000
2026/09/12 05:22:00.397, 2184 MHz, 13.62 W, 13 %, 58, 0x0000000000000000
2026/09/12 05:22:00.597, 2184 MHz, 13.19 W, 9 %, 57, 0x0000000000000000
2026/09/12 05:22:00.797, 2184 MHz, 13.19 W, 9 %, 57, 0x0000000000000000
2026/09/12 05:22:00.997, 2184 MHz, 13.70 W, 9 %, 57, 0x0000000000000000
2026/09/12 05:22:01.198, 2184 MHz, 13.70 W, 9 %, 57, 0x0000000000000000
2026/09/12 05:22:01.398, 2184 MHz, 13.70 W, 9 %, 57, 0x0000000000000000
2026/09/12 05:22:01.598, 2184 MHz, 14.48 W, 20 %, 57, 0x0000000000000000
2026/09/12 05:22:01.798, 2184 MHz, 14.48 W, 20 %, 57, 0x0000000000000000
2026/09/12 05:22:01.999, 2184 MHz, 14.90 W, 20 %, 57, 0x0000000000000000
2026/09/12 05:22:02.199, 2184 MHz, 14.90 W, 20 %, 57, 0x0000000000000000
2026/09/12 05:22:02.399, 2184 MHz, 14.90 W, 20 %, 57, 0x0000000000000000
2026/09/12 05:22:02.599, 2184 MHz, 15.37 W, 37 %, 57, 0x0000000000000000
2026/09/12 05:22:02.800, 2184 MHz, 15.37 W, 37 %, 57, 0x0000000000000000
2026/09/12 05:22:03.000, 2184 MHz, 16.18 W, 37 %, 57, 0x0000000000000000
2026/09/12 05:22:03.200, 2184 MHz, 16.18 W, 37 %, 57, 0x0000000000000000
2026/09/12 05:22:03.400, 2184 MHz, 16.18 W, 37 %, 57, 0x0000000000000000
2026/09/12 05:22:03.600, 2184 MHz, 16.78 W, 34 %, 58, 0x0000000000000000
2026/09/12 05:22:03.801, 2184 MHz, 16.78 W, 34 %, 58, 0x0000000000000000
2026/09/12 05:22:04.001, 2184 MHz, 17.16 W, 34 %, 57, 0x0000000000000000
2026/09/12 05:22:04.201, 2184 MHz, 17.16 W, 34 %, 57, 0x0000000000000000
2026/09/12 05:22:04.401, 2184 MHz, 17.16 W, 34 %, 57, 0x0000000000000000
2026/09/12 05:22:04.602, 2184 MHz, 17.43 W, 33 %, 57, 0x0000000000000000
2026/09/12 05:22:04.802, 2184 MHz, 17.43 W, 33 %, 57, 0x0000000000000000
2026/09/12 05:22:05.002, 2184 MHz, 17.14 W, 33 %, 58, 0x0000000000000000
2026/09/12 05:22:05.202, 2184 MHz, 17.14 W, 33 %, 58, 0x0000000000000000
2026/09/12 05:22:05.403, 2184 MHz, 17.14 W, 33 %, 58, 0x0000000000000000
2026/09/12 05:22:05.603, 2184 MHz, 17.39 W, 49 %, 58, 0x0000000000000000
2026/09/12 05:22:05.804, 2184 MHz, 17.39 W, 49 %, 58, 0x0000000000000000
2026/09/12 05:22:06.004, 2184 MHz, 18.38 W, 49 %, 58, 0x0000000000000000
2026/09/12 05:22:06.204, 2184 MHz, 18.38 W, 49 %, 58, 0x0000000000000000
2026/09/12 05:22:06.404, 2184 MHz, 18.38 W, 49 %, 58, 0x0000000000000000
2026/09/12 05:22:06.605, 2184 MHz, 19.38 W, 52 %, 58, 0x0000000000000000
2026/09/12 05:22:06.805, 2184 MHz, 19.38 W, 52 %, 58, 0x0000000000000000
2026/09/12 05:22:07.005, 2184 MHz, 19.90 W, 52 %, 58, 0x0000000000000000
2026/09/12 05:22:07.206, 2184 MHz, 19.90 W, 52 %, 58, 0x0000000000000000
2026/09/12 05:22:07.406, 2184 MHz, 19.90 W, 52 %, 58, 0x0000000000000000
2026/09/12 05:22:07.606, 2184 MHz, 19.77 W, 54 %, 58, 0x0000000000000000
2026/09/12 05:22:07.806, 2184 MHz, 19.77 W, 54 %, 58, 0x0000000000000000
2026/09/12 05:22:08.007, 2184 MHz, 19.70 W, 54 %, 58, 0x0000000000000000
2026/09/12 05:22:08.207, 2184 MHz, 19.70 W, 54 %, 58, 0x0000000000000000
2026/09/12 05:22:08.407, 2184 MHz, 19.70 W, 54 %, 58, 0x0000000000000000
2026/09/12 05:22:08.608, 2184 MHz, 19.57 W, 46 %, 58, 0x0000000000000000
2026/09/12 05:22:08.808, 2184 MHz, 19.57 W, 46 %, 58, 0x0000000000000000
2026/09/12 05:22:09.008, 2184 MHz, 19.89 W, 46 %, 58, 0x0000000000000000
2026/09/12 05:22:09.209, 2184 MHz, 19.89 W, 46 %, 58, 0x0000000000000000
2026/09/12 05:22:09.409, 2184 MHz, 19.89 W, 46 %, 58, 0x0000000000000000
2026/09/12 05:22:09.609, 2184 MHz, 20.10 W, 46 %, 58, 0x0000000000000000
2026/09/12 05:22:09.809, 2184 MHz, 20.10 W, 46 %, 58, 0x0000000000000000
2026/09/12 05:22:10.010, 2184 MHz, 20.04 W, 46 %, 58, 0x0000000000000000
2026/09/12 05:22:10.210, 2184 MHz, 20.04 W, 46 %, 58, 0x0000000000000000
2026/09/12 05:22:10.410, 2184 MHz, 20.04 W, 46 %, 58, 0x0000000000000000
2026/09/12 05:22:10.610, 2184 MHz, 19.91 W, 63 %, 59, 0x0000000000000000
2026/09/12 05:22:10.810, 2184 MHz, 19.91 W, 63 %, 59, 0x0000000000000000
2026/09/12 05:22:11.011, 2184 MHz, 18.76 W, 63 %, 58, 0x0000000000000000
2026/09/12 05:22:11.211, 2184 MHz, 18.76 W, 63 %, 58, 0x0000000000000000
2026/09/12 05:22:11.412, 2184 MHz, 18.76 W, 63 %, 58, 0x0000000000000000
2026/09/12 05:22:11.612, 2184 MHz, 16.72 W, 21 %, 58, 0x0000000000000000
2026/09/12 05:22:11.812, 2184 MHz, 16.72 W, 21 %, 58, 0x0000000000000000
2026/09/12 05:22:12.013, 2184 MHz, 15.42 W, 21 %, 58, 0x0000000000000000
2026/09/12 05:22:12.213, 2184 MHz, 15.42 W, 21 %, 58, 0x0000000000000000
2026/09/12 05:22:12.413, 2184 MHz, 15.42 W, 21 %, 58, 0x0000000000000000
2026/09/12 05:22:12.614, 2184 MHz, 15.35 W, 30 %, 58, 0x0000000000000000
2026/09/12 05:22:12.814, 2184 MHz, 15.35 W, 30 %, 58, 0x0000000000000000
2026/09/12 05:22:13.015, 2184 MHz, 16.48 W, 30 %, 58, 0x0000000000000000
2026/09/12 05:22:13.215, 2184 MHz, 16.48 W, 30 %, 58, 0x0000000000000000
2026/09/12 05:22:13.416, 2184 MHz, 16.48 W, 30 %, 58, 0x0000000000000000
2026/09/12 05:22:13.616, 2184 MHz, 17.60 W, 40 %, 58, 0x0000000000000000
2026/09/12 05:22:13.817, 2184 MHz, 17.60 W, 40 %, 58, 0x0000000000000000
2026/09/12 05:22:14.017, 2184 MHz, 17.96 W, 40 %, 58, 0x0000000000000000
2026/09/12 05:22:14.217, 2184 MHz, 17.96 W, 40 %, 58, 0x0000000000000000
2026/09/12 05:22:14.418, 2184 MHz, 17.96 W, 40 %, 58, 0x0000000000000000
2026/09/12 05:22:14.618, 2184 MHz, 18.07 W, 40 %, 58, 0x0000000000000000
2026/09/12 05:22:14.819, 2184 MHz, 18.07 W, 40 %, 58, 0x0000000000000000
2026/09/12 05:22:15.019, 2184 MHz, 18.58 W, 40 %, 59, 0x0000000000000000
2026/09/12 05:22:15.219, 2184 MHz, 18.58 W, 40 %, 59, 0x0000000000000000
2026/09/12 05:22:15.419, 2184 MHz, 18.58 W, 40 %, 59, 0x0000000000000000
2026/09/12 05:22:15.619, 2184 MHz, 18.94 W, 51 %, 58, 0x0000000000000000
2026/09/12 05:22:15.820, 2184 MHz, 18.94 W, 51 %, 58, 0x0000000000000000
2026/09/12 05:22:16.020, 2184 MHz, 19.04 W, 51 %, 59, 0x0000000000000000
2026/09/12 05:22:16.220, 2184 MHz, 19.04 W, 51 %, 59, 0x0000000000000000
2026/09/12 05:22:16.421, 2184 MHz, 19.04 W, 51 %, 59, 0x0000000000000000
2026/09/12 05:22:16.621, 2184 MHz, 18.72 W, 42 %, 59, 0x0000000000000000
2026/09/12 05:22:16.822, 2184 MHz, 18.72 W, 42 %, 59, 0x0000000000000000
2026/09/12 05:22:17.022, 2184 MHz, 18.36 W, 42 %, 58, 0x0000000000000000
2026/09/12 05:22:17.222, 2184 MHz, 18.36 W, 42 %, 58, 0x0000000000000000
2026/09/12 05:22:17.423, 2184 MHz, 18.36 W, 42 %, 58, 0x0000000000000000
2026/09/12 05:22:17.624, 2184 MHz, 19.10 W, 53 %, 59, 0x0000000000000000
2026/09/12 05:22:17.824, 2184 MHz, 19.10 W, 53 %, 59, 0x0000000000000000
2026/09/12 05:22:18.025, 2184 MHz, 20.00 W, 53 %, 58, 0x0000000000000000
2026/09/12 05:22:18.225, 2184 MHz, 20.00 W, 53 %, 58, 0x0000000000000000
2026/09/12 05:22:18.425, 2184 MHz, 20.00 W, 53 %, 58, 0x0000000000000000
2026/09/12 05:22:18.626, 2184 MHz, 20.69 W, 65 %, 59, 0x0000000000000000
2026/09/12 05:22:18.826, 2184 MHz, 20.69 W, 65 %, 59, 0x0000000000000000
2026/09/12 05:22:19.027, 2184 MHz, 20.28 W, 65 %, 59, 0x0000000000000000
2026/09/12 05:22:19.227, 2184 MHz, 20.28 W, 65 %, 59, 0x0000000000000000
2026/09/12 05:22:19.428, 2184 MHz, 20.28 W, 65 %, 59, 0x0000000000000000
2026/09/12 05:22:19.628, 2184 MHz, 19.50 W, 49 %, 58, 0x0000000000000000
2026/09/12 05:22:19.828, 2184 MHz, 19.50 W, 49 %, 58, 0x0000000000000000
2026/09/12 05:22:20.029, 2184 MHz, 19.19 W, 49 %, 58, 0x0000000000000000
2026/09/12 05:22:20.229, 2184 MHz, 19.19 W, 49 %, 58, 0x0000000000000000
2026/09/12 05:22:20.430, 2184 MHz, 19.19 W, 49 %, 58, 0x0000000000000000
2026/09/12 05:22:20.631, 2184 MHz, 19.14 W, 50 %, 58, 0x0000000000000000
2026/09/12 05:22:20.831, 2184 MHz, 19.14 W, 50 %, 58, 0x0000000000000000
2026/09/12 05:22:21.031, 2184 MHz, 20.42 W, 50 %, 60, 0x0000000000000000
2026/09/12 05:22:21.232, 2184 MHz, 20.42 W, 50 %, 60, 0x0000000000000000
2026/09/12 05:22:21.432, 2184 MHz, 20.42 W, 50 %, 60, 0x0000000000000000
2026/09/12 05:22:21.632, 2184 MHz, 20.49 W, 49 %, 59, 0x0000000000000000
2026/09/12 05:22:21.832, 2184 MHz, 20.49 W, 49 %, 59, 0x0000000000000000
2026/09/12 05:22:22.033, 2184 MHz, 19.50 W, 49 %, 58, 0x0000000000000000
2026/09/12 05:22:22.233, 2184 MHz, 19.50 W, 49 %, 58, 0x0000000000000000
2026/09/12 05:22:22.433, 2184 MHz, 19.50 W, 49 %, 58, 0x0000000000000000
2026/09/12 05:22:22.634, 2184 MHz, 20.41 W, 57 %, 59, 0x0000000000000000
2026/09/12 05:22:22.834, 2184 MHz, 20.41 W, 57 %, 59, 0x0000000000000000
2026/09/12 05:22:23.034, 2184 MHz, 20.03 W, 57 %, 59, 0x0000000000000000
2026/09/12 05:22:23.234, 2184 MHz, 20.03 W, 57 %, 59, 0x0000000000000000
2026/09/12 05:22:23.435, 2184 MHz, 20.03 W, 57 %, 59, 0x0000000000000000
2026/09/12 05:22:23.635, 2184 MHz, 18.59 W, 28 %, 58, 0x0000000000000000
2026/09/12 05:22:23.835, 2184 MHz, 18.59 W, 28 %, 58, 0x0000000000000000
2026/09/12 05:22:24.035, 2184 MHz, 16.53 W, 28 %, 58, 0x0000000000000000
2026/09/12 05:22:24.235, 2184 MHz, 16.53 W, 28 %, 58, 0x0000000000000000
2026/09/12 05:22:24.436, 2184 MHz, 16.53 W, 28 %, 58, 0x0000000000000000
2026/09/12 05:22:24.636, 2184 MHz, 14.88 W, 15 %, 58, 0x0000000000000000
2026/09/12 05:22:24.836, 2184 MHz, 14.88 W, 15 %, 58, 0x0000000000000000
2026/09/12 05:22:25.036, 2184 MHz, 14.60 W, 15 %, 58, 0x0000000000000000
2026/09/12 05:22:25.236, 2184 MHz, 14.60 W, 15 %, 58, 0x0000000000000000
2026/09/12 05:22:25.437, 2184 MHz, 14.60 W, 15 %, 58, 0x0000000000000000
2026/09/12 05:22:25.637, 2184 MHz, 15.19 W, 28 %, 58, 0x0000000000000000
2026/09/12 05:22:25.837, 2184 MHz, 15.19 W, 28 %, 58, 0x0000000000000000
2026/09/12 05:22:26.038, 2184 MHz, 16.51 W, 28 %, 58, 0x0000000000000000
2026/09/12 05:22:26.238, 2184 MHz, 16.51 W, 28 %, 58, 0x0000000000000000
2026/09/12 05:22:26.438, 2184 MHz, 16.51 W, 28 %, 58, 0x0000000000000000
2026/09/12 05:22:26.638, 2184 MHz, 16.95 W, 35 %, 58, 0x0000000000000000
2026/09/12 05:22:26.839, 2184 MHz, 16.95 W, 35 %, 58, 0x0000000000000000
2026/09/12 05:22:27.039, 2184 MHz, 16.98 W, 35 %, 58, 0x0000000000000000
2026/09/12 05:22:27.239, 2184 MHz, 16.98 W, 35 %, 58, 0x0000000000000000
2026/09/12 05:22:27.439, 2184 MHz, 16.98 W, 35 %, 58, 0x0000000000000000
2026/09/12 05:22:27.640, 2184 MHz, 17.46 W, 36 %, 58, 0x0000000000000000
2026/09/12 05:22:27.840, 2184 MHz, 17.46 W, 36 %, 58, 0x0000000000000000
2026/09/12 05:22:28.040, 2184 MHz, 17.35 W, 36 %, 59, 0x0000000000000000
2026/09/12 05:22:28.240, 2184 MHz, 17.35 W, 36 %, 59, 0x0000000000000000
2026/09/12 05:22:28.441, 2184 MHz, 17.35 W, 36 %, 59, 0x0000000000000000
2026/09/12 05:22:28.641, 2184 MHz, 17.52 W, 43 %, 58, 0x0000000000000000
2026/09/12 05:22:28.841, 2184 MHz, 17.52 W, 43 %, 58, 0x0000000000000000
2026/09/12 05:22:29.042, 2184 MHz, 17.94 W, 43 %, 58, 0x0000000000000000
2026/09/12 05:22:29.242, 2184 MHz, 17.94 W, 43 %, 58, 0x0000000000000000
2026/09/12 05:22:29.442, 2184 MHz, 17.94 W, 43 %, 58, 0x0000000000000000
2026/09/12 05:22:29.642, 2184 MHz, 18.26 W, 41 %, 59, 0x0000000000000000
2026/09/12 05:22:29.843, 2184 MHz, 18.26 W, 41 %, 59, 0x0000000000000000
2026/09/12 05:22:30.043, 2184 MHz, 18.31 W, 41 %, 59, 0x0000000000000000
2026/09/12 05:22:30.243, 2184 MHz, 18.31 W, 41 %, 59, 0x0000000000000000
