timestamp, clocks.current.sm [MHz], power.draw [W], utilization.gpu [%], temperature.gpu, clocks_event_reasons.active
2026/09/12 05:16:06.837, 2190 MHz, 9.53 W, 0 %, 50, 0x0000000000000000
2026/09/12 05:16:07.044, 2190 MHz, 9.53 W, 0 %, 50, 0x0000000000000000
2026/09/12 05:16:07.244, 2190 MHz, 9.53 W, 0 %, 50, 0x0000000000000000
2026/09/12 05:16:07.444, 2190 MHz, 9.60 W, 1 %, 50, 0x0000000000000000
2026/09/12 05:16:07.645, 2190 MHz, 9.60 W, 1 %, 50, 0x0000000000000000
2026/09/12 05:16:07.845, 2190 MHz, 12.83 W, 1 %, 52, 0x0000000000000000
2026/09/12 05:16:08.045, 2190 MHz, 12.83 W, 1 %, 52, 0x0000000000000000
2026/09/12 05:16:08.245, 2190 MHz, 12.83 W, 1 %, 52, 0x0000000000000000
2026/09/12 05:16:08.446, 2190 MHz, 16.09 W, 47 %, 51, 0x0000000000000000
2026/09/12 05:16:08.646, 2190 MHz, 16.09 W, 47 %, 51, 0x0000000000000000
2026/09/12 05:16:08.846, 2190 MHz, 16.94 W, 47 %, 53, 0x0000000000000000
2026/09/12 05:16:09.047, 2190 MHz, 16.94 W, 47 %, 53, 0x0000000000000000
2026/09/12 05:16:09.247, 2190 MHz, 16.94 W, 47 %, 53, 0x0000000000000000
2026/09/12 05:16:09.447, 2190 MHz, 16.86 W, 41 %, 51, 0x0000000000000000
2026/09/12 05:16:09.648, 2190 MHz, 16.86 W, 41 %, 51, 0x0000000000000000
2026/09/12 05:16:09.848, 2190 MHz, 16.83 W, 41 %, 52, 0x0000000000000000
2026/09/12 05:16:10.048, 2190 MHz, 16.83 W, 41 %, 52, 0x0000000000000000
2026/09/12 05:16:10.248, 2190 MHz, 16.83 W, 41 %, 52, 0x0000000000000000
2026/09/12 05:16:10.448, 2190 MHz, 16.92 W, 52 %, 51, 0x0000000000000000
2026/09/12 05:16:10.649, 2190 MHz, 16.92 W, 52 %, 51, 0x0000000000000000
2026/09/12 05:16:10.849, 2190 MHz, 17.04 W, 52 %, 51, 0x0000000000000000
2026/09/12 05:16:11.049, 2190 MHz, 17.04 W, 52 %, 51, 0x0000000000000000
2026/09/12 05:16:11.249, 2190 MHz, 17.04 W, 52 %, 51, 0x0000000000000000
2026/09/12 05:16:11.449, 2190 MHz, 17.00 W, 47 %, 52, 0x0000000000000000
2026/09/12 05:16:11.649, 2190 MHz, 17.00 W, 47 %, 52, 0x0000000000000000
2026/09/12 05:16:11.850, 2190 MHz, 16.61 W, 47 %, 51, 0x0000000000000000
2026/09/12 05:16:12.050, 2190 MHz, 16.61 W, 47 %, 51, 0x0000000000000000
2026/09/12 05:16:12.250, 2190 MHz, 16.61 W, 47 %, 51, 0x0000000000000000
2026/09/12 05:16:12.451, 2190 MHz, 17.12 W, 10 %, 51, 0x0000000000000000
2026/09/12 05:16:12.651, 2190 MHz, 17.12 W, 10 %, 51, 0x0000000000000000
2026/09/12 05:16:12.851, 2190 MHz, 17.04 W, 10 %, 53, 0x0000000000000000
2026/09/12 05:16:13.051, 2190 MHz, 17.04 W, 10 %, 53, 0x0000000000000000
2026/09/12 05:16:13.252, 2190 MHz, 17.04 W, 10 %, 53, 0x0000000000000000
2026/09/12 05:16:13.452, 2190 MHz, 16.03 W, 0 %, 51, 0x0000000000000000
2026/09/12 05:16:13.652, 2190 MHz, 16.03 W, 0 %, 51, 0x0000000000000000
2026/09/12 05:16:13.852, 2190 MHz, 14.38 W, 0 %, 51, 0x0000000000000000
2026/09/12 05:16:14.052, 2190 MHz, 14.38 W, 0 %, 51, 0x0000000000000000
2026/09/12 05:16:14.252, 2190 MHz, 14.38 W, 0 %, 51, 0x0000000000000000
2026/09/12 05:16:14.452, 2190 MHz, 13.02 W, 24 %, 51, 0x0000000000000000
2026/09/12 05:16:14.653, 2190 MHz, 13.02 W, 24 %, 51, 0x0000000000000000
2026/09/12 05:16:14.853, 2190 MHz, 12.66 W, 24 %, 51, 0x0000000000000000
2026/09/12 05:16:15.053, 2190 MHz, 12.66 W, 24 %, 51, 0x0000000000000000
2026/09/12 05:16:15.253, 2190 MHz, 12.66 W, 24 %, 51, 0x0000000000000000
2026/09/12 05:16:15.454, 2190 MHz, 13.24 W, 16 %, 51, 0x0000000000000000
2026/09/12 05:16:15.654, 2190 MHz, 13.24 W, 16 %, 51, 0x0000000000000000
2026/09/12 05:16:15.854, 2190 MHz, 13.17 W, 16 %, 52, 0x0000000000000000
2026/09/12 05:16:16.054, 2190 MHz, 13.17 W, 16 %, 52, 0x0000000000000000
2026/09/12 05:16:16.254, 2190 MHz, 13.17 W, 16 %, 52, 0x0000000000000000
2026/09/12 05:16:16.455, 2190 MHz, 13.27 W, 23 %, 52, 0x0000000000000000
2026/09/12 05:16:16.655, 2190 MHz, 13.27 W, 23 %, 52, 0x0000000000000000
2026/09/12 05:16:16.855, 2190 MHz, 13.69 W, 23 %, 52, 0x0000000000000000
2026/09/12 05:16:17.055, 2190 MHz, 13.69 W, 23 %, 52, 0x0000000000000000
2026/09/12 05:16:17.255, 2190 MHz, 13.69 W, 23 %, 52, 0x0000000000000000
2026/09/12 05:16:17.455, 2190 MHz, 13.92 W, 27 %, 52, 0x0000000000000000
2026/09/12 05:16:17.655, 2190 MHz, 13.92 W, 27 %, 52, 0x0000000000000000
2026/09/12 05:16:17.856, 2190 MHz, 14.24 W, 27 %, 52, 0x0000000000000000
2026/09/12 05:16:18.056, 2190 MHz, 14.24 W, 27 %, 52, 0x0000000000000000
2026/09/12 05:16:18.256, 2190 MHz, 14.24 W, 27 %, 52, 0x0000000000000000
2026/09/12 05:16:18.456, 2190 MHz, 14.10 W, 30 %, 52, 0x0000000000000000
2026/09/12 05:16:18.656, 2190 MHz, 14.10 W, 30 %, 52, 0x0000000000000000
2026/09/12 05:16:18.857, 2190 MHz, 14.08 W, 30 %, 52, 0x0000000000000000
2026/09/12 05:16:19.057, 2190 MHz, 14.08 W, 30 %, 52, 0x0000000000000000
2026/09/12 05:16:19.257, 2190 MHz, 14.08 W, 30 %, 52, 0x0000000000000000
2026/09/12 05:16:19.457, 2190 MHz, 14.79 W, 29 %, 52, 0x0000000000000000
2026/09/12 05:16:19.658, 2190 MHz, 14.79 W, 29 %, 52, 0x0000000000000000
2026/09/12 05:16:19.858, 2190 MHz, 14.87 W, 29 %, 52, 0x0000000000000000
2026/09/12 05:16:20.058, 2190 MHz, 14.87 W, 29 %, 52, 0x0000000000000000
2026/09/12 05:16:20.258, 2190 MHz, 14.87 W, 29 %, 52, 0x0000000000000000
2026/09/12 05:16:20.458, 2190 MHz, 14.82 W, 26 %, 52, 0x0000000000000000
2026/09/12 05:16:20.659, 2190 MHz, 14.82 W, 26 %, 52, 0x0000000000000000
2026/09/12 05:16:20.859, 2190 MHz, 14.19 W, 26 %, 52, 0x0000000000000000
2026/09/12 05:16:21.059, 2190 MHz, 14.19 W, 26 %, 52, 0x0000000000000000
2026/09/12 05:16:21.259, 2190 MHz, 14.19 W, 26 %, 52, 0x0000000000000000
2026/09/12 05:16:21.459, 2190 MHz, 13.50 W, 22 %, 52, 0x0000000000000000
2026/09/12 05:16:21.660, 2190 MHz, 13.50 W, 22 %, 52, 0x0000000000000000
2026/09/12 05:16:21.860, 2190 MHz, 13.43 W, 22 %, 52, 0x0000000000000000
2026/09/12 05:16:22.060, 2190 MHz, 13.43 W, 22 %, 52, 0x0000000000000000
2026/09/12 05:16:22.261, 2190 MHz, 13.43 W, 22 %, 52, 0x0000000000000000
2026/09/12 05:16:22.461, 2190 MHz, 12.91 W, 9 %, 51, 0x0000000000000000
2026/09/12 05:16:22.661, 2190 MHz, 12.91 W, 9 %, 51, 0x0000000000000000
2026/09/12 05:16:22.862, 2190 MHz, 12.54 W, 9 %, 52, 0x0000000000000000
2026/09/12 05:16:23.062, 2190 MHz, 12.54 W, 9 %, 52, 0x0000000000000000
2026/09/12 05:16:23.262, 2190 MHz, 12.54 W, 9 %, 52, 0x0000000000000000
2026/09/12 05:16:23.462, 2190 MHz, 12.70 W, 11 %, 52, 0x0000000000000000
2026/09/12 05:16:23.662, 2190 MHz, 12.70 W, 11 %, 52, 0x0000000000000000
2026/09/12 05:16:23.863, 2190 MHz, 13.15 W, 11 %, 52, 0x0000000000000000
2026/09/12 05:16:24.063, 2190 MHz, 13.15 W, 11 %, 52, 0x0000000000000000
2026/09/12 05:16:24.263, 2190 MHz, 13.15 W, 11 %, 52, 0x0000000000000000
2026/09/12 05:16:24.463, 2190 MHz, 13.62 W, 22 %, 52, 0x0000000000000000
2026/09/12 05:16:24.664, 2190 MHz, 13.62 W, 22 %, 52, 0x0000000000000000
2026/09/12 05:16:24.864, 2190 MHz, 14.30 W, 22 %, 52, 0x0000000000000000
2026/09/12 05:16:25.064, 2190 MHz, 14.30 W, 22 %, 52, 0x0000000000000000
2026/09/12 05:16:25.264, 2190 MHz, 14.30 W, 22 %, 52, 0x0000000000000000
2026/09/12 05:16:25.465, 2190 MHz, 14.86 W, 28 %, 52, 0x0000000000000000
2026/09/12 05:16:25.665, 2190 MHz, 14.86 W, 28 %, 52, 0x0000000000000000
2026/09/12 05:16:25.865, 2190 MHz, 15.82 W, 28 %, 52, 0x0000000000000000
2026/09/12 05:16:26.065, 2190 MHz, 15.82 W, 28 %, 52, 0x0000000000000000
2026/09/12 05:16:26.265, 2190 MHz, 15.82 W, 28 %, 52, 0x0000000000000000
2026/09/12 05:16:26.466, 2190 MHz, 16.55 W, 44 %, 52, 0x0000000000000000
2026/09/12 05:16:26.666, 2190 MHz, 16.55 W, 44 %, 52, 0x0000000000000000
2026/09/12 05:16:26.866, 2190 MHz, 16.64 W, 44 %, 52, 0x0000000000000000
2026/09/12 05:16:27.066, 2190 MHz, 16.64 W, 44 %, 52, 0x0000000000000000
2026/09/12 05:16:27.266, 2190 MHz, 16.64 W, 44 %, 52, 0x0000000000000000
2026/09/12 05:16:27.466, 2190 MHz, 16.32 W, 33 %, 52, 0x0000000000000000
2026/09/12 05:16:27.666, 2190 MHz, 16.32 W, 33 %, 52, 0x0000000000000000
2026/09/12 05:16:27.867, 2190 MHz, 16.49 W, 33 %, 53, 0x0000000000000000
2026/09/12 05:16:28.067, 2190 MHz, 16.49 W, 33 %, 53, 0x0000000000000000
2026/09/12 05:16:28.267, 2190 MHz, 16.49 W, 33 %, 53, 0x0000000000000000
2026/09/12 05:16:28.467, 2190 MHz, 17.28 W, 38 %, 52, 0x0000000000000000
2026/09/12 05:16:28.667, 2190 MHz, 17.28 W, 38 %, 52, 0x0000000000000000
2026/09/12 05:16:28.867, 2190 MHz, 18.29 W, 38 %, 53, 0x0000000000000000
2026/09/12 05:16:29.067, 2190 MHz, 18.29 W, 38 %, 53, 0x0000000000000000
2026/09/12 05:16:29.268, 2190 MHz, 18.29 W, 38 %, 53, 0x0000000000000000
2026/09/12 05:16:29.468, 2190 MHz, 18.79 W, 45 %, 53, 0x0000000000000000
2026/09/12 05:16:29.668, 2190 MHz, 18.79 W, 45 %, 53, 0x0000000000000000
2026/09/12 05:16:29.868, 2190 MHz, 18.84 W, 45 %, 53, 0x0000000000000000
2026/09/12 05:16:30.069, 2190 MHz, 18.84 W, 45 %, 53, 0x0000000000000000
2026/09/12 05:16:30.269, 2190 MHz, 18.84 W, 45 %, 53, 0x0000000000000000
2026/09/12 05:16:30.469, 2190 MHz, 18.67 W, 53 %, 53, 0x0000000000000000
2026/09/12 05:16:30.669, 2190 MHz, 18.67 W, 53 %, 53, 0x0000000000000000
2026/09/12 05:16:30.869, 2190 MHz, 18.72 W, 53 %, 54, 0x0000000000000000
2026/09/12 05:16:31.069, 2190 MHz, 18.72 W, 53 %, 54, 0x0000000000000000
2026/09/12 05:16:31.270, 2190 MHz, 18.72 W, 53 %, 54, 0x0000000000000000
2026/09/12 05:16:31.470, 2190 MHz, 18.89 W, 49 %, 53, 0x0000000000000000
2026/09/12 05:16:31.670, 2190 MHz, 18.89 W, 49 %, 53, 0x0000000000000000
2026/09/12 05:16:31.870, 2190 MHz, 18.89 W, 49 %, 53, 0x0000000000000000
2026/09/12 05:16:32.070, 2190 MHz, 18.89 W, 49 %, 53, 0x0000000000000000
2026/09/12 05:16:32.270, 2190 MHz, 18.89 W, 49 %, 53, 0x0000000000000000
2026/09/12 05:16:32.470, 2190 MHz, 19.52 W, 53 %, 54, 0x0000000000000000
2026/09/12 05:16:32.671, 2190 MHz, 19.52 W, 53 %, 54, 0x0000000000000000
2026/09/12 05:16:32.871, 2190 MHz, 19.21 W, 53 %, 53, 0x0000000000000000
2026/09/12 05:16:33.071, 2190 MHz, 19.21 W, 53 %, 53, 0x0000000000000000
2026/09/12 05:16:33.271, 2190 MHz, 19.21 W, 53 %, 53, 0x0000000000000000
2026/09/12 05:16:33.472, 2190 MHz, 17.86 W, 36 %, 53, 0x0000000000000000
2026/09/12 05:16:33.672, 2190 MHz, 17.86 W, 36 %, 53, 0x0000000000000000
2026/09/12 05:16:33.872, 2190 MHz, 16.17 W, 36 %, 53, 0x0000000000000000
2026/09/12 05:16:34.072, 2190 MHz, 16.17 W, 36 %, 53, 0x0000000000000000
2026/09/12 05:16:34.272, 2190 MHz, 16.17 W, 36 %, 53, 0x0000000000000000
2026/09/12 05:16:34.472, 2190 MHz, 14.66 W, 19 %, 52, 0x0000000000000000
2026/09/12 05:16:34.672, 2190 MHz, 14.66 W, 19 %, 52, 0x0000000000000000
2026/09/12 05:16:34.872, 2190 MHz, 14.35 W, 19 %, 53, 0x0000000000000000
2026/09/12 05:16:35.073, 2190 MHz, 14.35 W, 19 %, 53, 0x0000000000000000
2026/09/12 05:16:35.273, 2190 MHz, 14.35 W, 19 %, 53, 0x0000000000000000
2026/09/12 05:16:35.473, 2190 MHz, 15.14 W, 38 %, 53, 0x0000000000000000
2026/09/12 05:16:35.673, 2190 MHz, 15.14 W, 38 %, 53, 0x0000000000000000
2026/09/12 05:16:35.873, 2190 MHz, 15.87 W, 38 %, 53, 0x0000000000000000
2026/09/12 05:16:36.073, 2190 MHz, 15.87 W, 38 %, 53, 0x0000000000000000
2026/09/12 05:16:36.273, 2190 MHz, 15.87 W, 38 %, 53, 0x0000000000000000
2026/09/12 05:16:36.473, 2190 MHz, 16.53 W, 41 %, 53, 0x0000000000000000
2026/09/12 05:16:36.674, 2190 MHz, 16.53 W, 41 %, 53, 0x0000000000000000
2026/09/12 05:16:36.874, 2190 MHz, 16.90 W, 41 %, 53, 0x0000000000000000
2026/09/12 05:16:37.074, 2190 MHz, 16.90 W, 41 %, 53, 0x0000000000000000
2026/09/12 05:16:37.274, 2190 MHz, 16.90 W, 41 %, 53, 0x0000000000000000
2026/09/12 05:16:37.474, 2190 MHz, 17.21 W, 45 %, 53, 0x0000000000000000
2026/09/12 05:16:37.674, 2190 MHz, 17.21 W, 45 %, 53, 0x0000000000000000
2026/09/12 05:16:37.875, 2190 MHz, 17.67 W, 45 %, 54, 0x0000000000000000
2026/09/12 05:16:38.075, 2190 MHz, 17.67 W, 45 %, 54, 0x0000000000000000
2026/09/12 05:16:38.275, 2190 MHz, 17.67 W, 45 %, 54, 0x0000000000000000
2026/09/12 05:16:38.475, 2190 MHz, 17.93 W, 48 %, 53, 0x0000000000000000
2026/09/12 05:16:38.676, 2190 MHz, 17.93 W, 48 %, 53, 0x0000000000000000
2026/09/12 05:16:38.876, 2190 MHz, 17.79 W, 48 %, 53, 0x0000000000000000
2026/09/12 05:16:39.076, 2190 MHz, 17.79 W, 48 %, 53, 0x0000000000000000
2026/09/12 05:16:39.276, 2190 MHz, 17.79 W, 48 %, 53, 0x0000000000000000
2026/09/12 05:16:39.477, 2190 MHz, 17.54 W, 47 %, 54, 0x0000000000000000
2026/09/12 05:16:39.677, 2190 MHz, 17.54 W, 47 %, 54, 0x0000000000000000
2026/09/12 05:16:39.877, 2190 MHz, 17.57 W, 47 %, 53, 0x0000000000000000
2026/09/12 05:16:40.078, 2190 MHz, 17.57 W, 47 %, 53, 0x0000000000000000
2026/09/12 05:16:40.278, 2190 MHz, 17.57 W, 47 %, 53, 0x0000000000000000
2026/09/12 05:16:40.478, 2190 MHz, 18.43 W, 50 %, 53, 0x0000000000000000
2026/09/12 05:16:40.678, 2190 MHz, 18.43 W, 50 %, 53, 0x0000000000000000
2026/09/12 05:16:40.879, 2190 MHz, 19.23 W, 50 %, 53, 0x0000000000000000
2026/09/12 05:16:41.079, 2190 MHz, 19.23 W, 50 %, 53, 0x0000000000000000
2026/09/12 05:16:41.279, 2190 MHz, 19.23 W, 50 %, 53, 0x0000000000000000
2026/09/12 05:16:41.480, 2190 MHz, 19.81 W, 52 %, 54, 0x0000000000000000
2026/09/12 05:16:41.680, 2190 MHz, 19.81 W, 52 %, 54, 0x0000000000000000
2026/09/12 05:16:41.880, 2190 MHz, 19.61 W, 52 %, 53, 0x0000000000000000
2026/09/12 05:16:42.080, 2190 MHz, 19.61 W, 52 %, 53, 0x0000000000000000
2026/09/12 05:16:42.281, 2190 MHz, 19.61 W, 52 %, 53, 0x0000000000000000
2026/09/12 05:16:42.481, 2190 MHz, 18.48 W, 46 %, 54, 0x0000000000000000
2026/09/12 05:16:42.681, 2190 MHz, 18.48 W, 46 %, 54, 0x0000000000000000
2026/09/12 05:16:42.881, 2190 MHz, 18.26 W, 46 %, 54, 0x0000000000000000
2026/09/12 05:16:43.082, 2190 MHz, 18.26 W, 46 %, 54, 0x0000000000000000
2026/09/12 05:16:43.282, 2190 MHz, 18.26 W, 46 %, 54, 0x0000000000000000
2026/09/12 05:16:43.482, 2190 MHz, 18.38 W, 51 %, 54, 0x0000000000000000
2026/09/12 05:16:43.682, 2190 MHz, 18.38 W, 51 %, 54, 0x0000000000000000
2026/09/12 05:16:43.882, 2190 MHz, 19.54 W, 51 %, 54, 0x0000000000000000
2026/09/12 05:16:44.083, 2190 MHz, 19.54 W, 51 %, 54, 0x0000000000000000
2026/09/12 05:16:44.283, 2190 MHz, 19.54 W, 51 %, 54, 0x0000000000000000
2026/09/12 05:16:44.484, 2190 MHz, 20.02 W, 49 %, 54, 0x0000000000000000
2026/09/12 05:16:44.684, 2190 MHz, 20.02 W, 49 %, 54, 0x0000000000000000
2026/09/12 05:16:44.884, 2190 MHz, 19.30 W, 49 %, 54, 0x0000000000000000
2026/09/12 05:16:45.084, 2190 MHz, 19.30 W, 49 %, 54, 0x0000000000000000
2026/09/12 05:16:45.285, 2190 MHz, 19.30 W, 49 %, 54, 0x0000000000000000
2026/09/12 05:16:45.485, 2190 MHz, 19.28 W, 51 %, 54, 0x0000000000000000
2026/09/12 05:16:45.685, 2190 MHz, 19.28 W, 51 %, 54, 0x0000000000000000
2026/09/12 05:16:45.885, 2190 MHz, 18.99 W, 51 %, 54, 0x0000000000000000
2026/09/12 05:16:46.085, 2190 MHz, 18.99 W, 51 %, 54, 0x0000000000000000
2026/09/12 05:16:46.285, 2190 MHz, 18.99 W, 51 %, 54, 0x0000000000000000
2026/09/12 05:16:46.486, 2190 MHz, 16.59 W, 18 %, 53, 0x0000000000000000
2026/09/12 05:16:46.686, 2190 MHz, 16.59 W, 18 %, 53, 0x0000000000000000
2026/09/12 05:16:46.886, 2190 MHz, 14.37 W, 18 %, 53, 0x0000000000000000
2026/09/12 05:16:47.086, 2190 MHz, 14.37 W, 18 %, 53, 0x0000000000000000
2026/09/12 05:16:47.286, 2190 MHz, 14.37 W, 18 %, 53, 0x0000000000000000
2026/09/12 05:16:47.487, 2190 MHz, 13.92 W, 15 %, 53, 0x0000000000000000
2026/09/12 05:16:47.687, 2190 MHz, 13.92 W, 15 %, 53, 0x0000000000000000
2026/09/12 05:16:47.887, 2190 MHz, 14.15 W, 15 %, 53, 0x0000000000000000
2026/09/12 05:16:48.087, 2190 MHz, 14.15 W, 15 %, 53, 0x0000000000000000
2026/09/12 05:16:48.287, 2190 MHz, 14.15 W, 15 %, 53, 0x0000000000000000
2026/09/12 05:16:48.488, 2190 MHz, 14.78 W, 27 %, 53, 0x0000000000000000
2026/09/12 05:16:48.688, 2190 MHz, 14.78 W, 27 %, 53, 0x0000000000000000
2026/09/12 05:16:48.888, 2190 MHz, 15.58 W, 27 %, 53, 0x0000000000000000
2026/09/12 05:16:49.088, 2190 MHz, 15.58 W, 27 %, 53, 0x0000000000000000
2026/09/12 05:16:49.289, 2190 MHz, 15.58 W, 27 %, 53, 0x0000000000000000
2026/09/12 05:16:49.489, 2190 MHz, 16.13 W, 31 %, 54, 0x0000000000000000
2026/09/12 05:16:49.689, 2190 MHz, 16.13 W, 31 %, 54, 0x0000000000000000
2026/09/12 05:16:49.889, 2190 MHz, 16.27 W, 31 %, 54, 0x0000000000000000
2026/09/12 05:16:50.089, 2190 MHz, 16.27 W, 31 %, 54, 0x0000000000000000
2026/09/12 05:16:50.290, 2190 MHz, 16.27 W, 31 %, 54, 0x0000000000000000
2026/09/12 05:16:50.490, 2190 MHz, 16.33 W, 36 %, 53, 0x0000000000000000
2026/09/12 05:16:50.690, 2190 MHz, 16.33 W, 36 %, 53, 0x0000000000000000
2026/09/12 05:16:50.890, 2190 MHz, 16.63 W, 36 %, 54, 0x0000000000000000
2026/09/12 05:16:51.090, 2190 MHz, 16.63 W, 36 %, 54, 0x0000000000000000
2026/09/12 05:16:51.290, 2190 MHz, 16.63 W, 36 %, 54, 0x0000000000000000
2026/09/12 05:16:51.491, 2190 MHz, 16.93 W, 37 %, 54, 0x0000000000000000
2026/09/12 05:16:51.691, 2190 MHz, 16.93 W, 37 %, 54, 0x0000000000000000
2026/09/12 05:16:51.891, 2190 MHz, 17.08 W, 37 %, 54, 0x0000000000000000
2026/09/12 05:16:52.091, 2190 MHz, 17.08 W, 37 %, 54, 0x0000000000000000
2026/09/12 05:16:52.291, 2190 MHz, 17.08 W, 37 %, 54, 0x0000000000000000
2026/09/12 05:16:52.492, 2190 MHz, 17.42 W, 43 %, 54, 0x0000000000000000
2026/09/12 05:16:52.692, 2190 MHz, 17.42 W, 43 %, 54, 0x0000000000000000
2026/09/12 05:16:52.892, 2190 MHz, 17.39 W, 43 %, 53, 0x0000000000000000
2026/09/12 05:16:53.093, 2190 MHz, 17.39 W, 43 %, 53, 0x0000000000000000
2026/09/12 05:16:53.293, 2190 MHz, 17.39 W, 43 %, 53, 0x0000000000000000
2026/09/12 05:16:53.493, 2190 MHz, 15.86 W, 0 %, 53, 0x0000000000000000
2026/09/12 05:16:53.693, 2190 MHz, 15.86 W, 0 %, 53, 0x0000000000000000
2026/09/12 05:16:53.893, 2190 MHz, 12.10 W, 0 %, 53, 0x0000000000000000
2026/09/12 05:16:54.094, 2190 MHz, 12.10 W, 0 %, 53, 0x0000000000000000
2026/09/12 05:16:54.294, 2190 MHz, 12.10 W, 0 %, 53, 0x0000000000000000
2026/09/12 05:16:54.494, 2190 MHz, 9.92 W, 0 %, 53, 0x0000000000000000
2026/09/12 05:16:54.694, 2190 MHz, 9.92 W, 0 %, 53, 0x0000000000000000
2026/09/12 05:16:54.894, 2190 MHz, 10.44 W, 0 %, 53, 0x0000000000000000
2026/09/12 05:16:55.094, 2190 MHz, 10.44 W, 0 %, 53, 0x0000000000000000
2026/09/12 05:16:55.294, 2190 MHz, 10.44 W, 0 %, 53, 0x0000000000000000
2026/09/12 05:16:55.495, 2190 MHz, 11.06 W, 6 %, 53, 0x0000000000000000
2026/09/12 05:16:55.695, 2190 MHz, 11.06 W, 6 %, 53, 0x0000000000000000
2026/09/12 05:16:55.895, 2190 MHz, 11.13 W, 6 %, 53, 0x0000000000000000
2026/09/12 05:16:56.095, 2190 MHz, 11.13 W, 6 %, 53, 0x0000000000000000
2026/09/12 05:16:56.295, 2190 MHz, 11.13 W, 6 %, 53, 0x0000000000000000
2026/09/12 05:16:56.496, 2190 MHz, 11.18 W, 9 %, 53, 0x0000000000000000
2026/09/12 05:16:56.696, 2190 MHz, 11.18 W, 9 %, 53, 0x0000000000000000
2026/09/12 05:16:56.896, 2190 MHz, 11.26 W, 9 %, 53, 0x0000000000000000
2026/09/12 05:16:57.096, 2190 MHz, 11.26 W, 9 %, 53, 0x0000000000000000
2026/09/12 05:16:57.297, 2190 MHz, 11.26 W, 9 %, 53, 0x0000000000000000
2026/09/12 05:16:57.497, 2190 MHz, 11.14 W, 5 %, 53, 0x0000000000000000
2026/09/12 05:16:57.697, 2190 MHz, 11.14 W, 5 %, 53, 0x0000000000000000
2026/09/12 05:16:57.897, 2190 MHz, 11.01 W, 5 %, 53, 0x0000000000000000
2026/09/12 05:16:58.098, 2190 MHz, 11.01 W, 5 %, 53, 0x0000000000000000
2026/09/12 05:16:58.298, 2190 MHz, 11.01 W, 5 %, 53, 0x0000000000000000
2026/09/12 05:16:58.498, 2190 MHz, 11.41 W, 32 %, 53, 0x0000000000000000
2026/09/12 05:16:58.698, 2190 MHz, 11.41 W, 32 %, 53, 0x0000000000000000
2026/09/12 05:16:58.898, 2190 MHz, 12.34 W, 32 %, 53, 0x0000000000000000
2026/09/12 05:16:59.098, 2190 MHz, 12.34 W, 32 %, 53, 0x0000000000000000
2026/09/12 05:16:59.298, 2190 MHz, 12.34 W, 32 %, 53, 0x0000000000000000
2026/09/12 05:16:59.499, 2190 MHz, 12.90 W, 33 %, 53, 0x0000000000000000
2026/09/12 05:16:59.699, 2190 MHz, 12.90 W, 33 %, 53, 0x0000000000000000
2026/09/12 05:16:59.899, 2190 MHz, 13.13 W, 33 %, 53, 0x0000000000000000
2026/09/12 05:17:00.099, 2190 MHz, 13.13 W, 33 %, 53, 0x0000000000000000
2026/09/12 05:17:00.300, 2190 MHz, 13.13 W, 33 %, 53, 0x0000000000000000
2026/09/12 05:17:00.500, 2190 MHz, 13.32 W, 25 %, 53, 0x0000000000000000
2026/09/12 05:17:00.700, 2190 MHz, 13.32 W, 25 %, 53, 0x0000000000000000
2026/09/12 05:17:00.900, 2190 MHz, 13.33 W, 25 %, 53, 0x0000000000000000
2026/09/12 05:17:01.100, 2190 MHz, 13.33 W, 25 %, 53, 0x0000000000000000
2026/09/12 05:17:01.300, 2190 MHz, 13.33 W, 25 %, 53, 0x0000000000000000
2026/09/12 05:17:01.501, 2190 MHz, 13.45 W, 25 %, 53, 0x0000000000000000
2026/09/12 05:17:01.701, 2190 MHz, 13.45 W, 25 %, 53, 0x0000000000000000
2026/09/12 05:17:01.901, 2190 MHz, 13.83 W, 25 %, 54, 0x0000000000000000
2026/09/12 05:17:02.102, 2190 MHz, 13.83 W, 25 %, 54, 0x0000000000000000
2026/09/12 05:17:02.302, 2190 MHz, 13.83 W, 25 %, 54, 0x0000000000000000
2026/09/12 05:17:02.502, 2190 MHz, 14.10 W, 20 %, 53, 0x0000000000000000
2026/09/12 05:17:02.702, 2190 MHz, 14.10 W, 20 %, 53, 0x0000000000000000
2026/09/12 05:17:02.902, 2190 MHz, 14.20 W, 20 %, 53, 0x0000000000000000
2026/09/12 05:17:03.102, 2190 MHz, 14.20 W, 20 %, 53, 0x0000000000000000
2026/09/12 05:17:03.303, 2190 MHz, 14.20 W, 20 %, 53, 0x0000000000000000
2026/09/12 05:17:03.503, 2190 MHz, 14.30 W, 21 %, 53, 0x0000000000000000
2026/09/12 05:17:03.703, 2190 MHz, 14.30 W, 21 %, 53, 0x0000000000000000
2026/09/12 05:17:03.904, 2190 MHz, 14.43 W, 21 %, 53, 0x0000000000000000
2026/09/12 05:17:04.104, 2190 MHz, 14.43 W, 21 %, 53, 0x0000000000000000
2026/09/12 05:17:04.304, 2190 MHz, 14.43 W, 21 %, 53, 0x0000000000000000
2026/09/12 05:17:04.504, 2190 MHz, 14.93 W, 28 %, 53, 0x0000000000000000
2026/09/12 05:17:04.705, 2190 MHz, 14.93 W, 28 %, 53, 0x0000000000000000
2026/09/12 05:17:04.905, 2190 MHz, 14.96 W, 28 %, 53, 0x0000000000000000
2026/09/12 05:17:05.105, 2190 MHz, 14.96 W, 28 %, 53, 0x0000000000000000
2026/09/12 05:17:05.305, 2190 MHz, 14.96 W, 28 %, 53, 0x0000000000000000
2026/09/12 05:17:05.505, 2190 MHz, 14.91 W, 32 %, 54, 0x0000000000000000
2026/09/12 05:17:05.706, 2190 MHz, 14.91 W, 32 %, 54, 0x0000000000000000
2026/09/12 05:17:05.906, 2190 MHz, 14.32 W, 32 %, 53, 0x0000000000000000
2026/09/12 05:17:06.107, 2190 MHz, 14.32 W, 32 %, 53, 0x0000000000000000
2026/09/12 05:17:06.307, 2190 MHz, 14.32 W, 32 %, 53, 0x0000000000000000
2026/09/12 05:17:06.507, 2190 MHz, 13.60 W, 20 %, 53, 0x0000000000000000
2026/09/12 05:17:06.707, 2190 MHz, 13.60 W, 20 %, 53, 0x0000000000000000
2026/09/12 05:17:06.907, 2190 MHz, 13.45 W, 20 %, 53, 0x0000000000000000
2026/09/12 05:17:07.108, 2190 MHz, 13.45 W, 20 %, 53, 0x0000000000000000
2026/09/12 05:17:07.308, 2190 MHz, 13.45 W, 20 %, 53, 0x0000000000000000
2026/09/12 05:17:07.508, 2190 MHz, 13.01 W, 17 %, 53, 0x0000000000000000
2026/09/12 05:17:07.708, 2190 MHz, 13.01 W, 17 %, 53, 0x0000000000000000
2026/09/12 05:17:07.908, 2190 MHz, 12.70 W, 17 %, 53, 0x0000000000000000
2026/09/12 05:17:08.108, 2190 MHz, 12.70 W, 17 %, 53, 0x0000000000000000
2026/09/12 05:17:08.308, 2190 MHz, 12.70 W, 17 %, 53, 0x0000000000000000
2026/09/12 05:17:08.509, 2190 MHz, 13.17 W, 23 %, 53, 0x0000000000000000
2026/09/12 05:17:08.709, 2190 MHz, 13.17 W, 23 %, 53, 0x0000000000000000
2026/09/12 05:17:08.909, 2190 MHz, 13.94 W, 23 %, 53, 0x0000000000000000
2026/09/12 05:17:09.109, 2190 MHz, 13.94 W, 23 %, 53, 0x0000000000000000
2026/09/12 05:17:09.310, 2190 MHz, 13.94 W, 23 %, 53, 0x0000000000000000
2026/09/12 05:17:09.510, 2190 MHz, 14.27 W, 32 %, 53, 0x0000000000000000
2026/09/12 05:17:09.710, 2190 MHz, 14.27 W, 32 %, 53, 0x0000000000000000
2026/09/12 05:17:09.910, 2190 MHz, 14.55 W, 32 %, 53, 0x0000000000000000
2026/09/12 05:17:10.110, 2190 MHz, 14.55 W, 32 %, 53, 0x0000000000000000
2026/09/12 05:17:10.310, 2190 MHz, 14.55 W, 32 %, 53, 0x0000000000000000
2026/09/12 05:17:10.511, 2190 MHz, 15.39 W, 39 %, 53, 0x0000000000000000
2026/09/12 05:17:10.711, 2190 MHz, 15.39 W, 39 %, 53, 0x0000000000000000
2026/09/12 05:17:10.911, 2190 MHz, 16.18 W, 39 %, 53, 0x0000000000000000
2026/09/12 05:17:11.111, 2190 MHz, 16.18 W, 39 %, 53, 0x0000000000000000
2026/09/12 05:17:11.311, 2190 MHz, 16.18 W, 39 %, 53, 0x0000000000000000
2026/09/12 05:17:11.512, 2190 MHz, 16.69 W, 31 %, 54, 0x0000000000000000
2026/09/12 05:17:11.712, 2190 MHz, 16.69 W, 31 %, 54, 0x0000000000000000
2026/09/12 05:17:11.912, 2190 MHz, 16.81 W, 31 %, 53, 0x0000000000000000
2026/09/12 05:17:12.112, 2190 MHz, 16.81 W, 31 %, 53, 0x0000000000000000
2026/09/12 05:17:12.312, 2190 MHz, 16.81 W, 31 %, 53, 0x0000000000000000
2026/09/12 05:17:12.513, 2190 MHz, 16.21 W, 40 %, 53, 0x0000000000000000
2026/09/12 05:17:12.713, 2190 MHz, 16.21 W, 40 %, 53, 0x0000000000000000
2026/09/12 05:17:12.913, 2190 MHz, 16.82 W, 40 %, 54, 0x0000000000000000
2026/09/12 05:17:13.113, 2190 MHz, 16.82 W, 40 %, 54, 0x0000000000000000
2026/09/12 05:17:13.313, 2190 MHz, 16.82 W, 40 %, 54, 0x0000000000000000
2026/09/12 05:17:13.513, 2190 MHz, 17.95 W, 50 %, 54, 0x0000000000000000
2026/09/12 05:17:13.714, 2190 MHz, 17.95 W, 50 %, 54, 0x0000000000000000
2026/09/12 05:17:13.914, 2190 MHz, 19.20 W, 50 %, 55, 0x0000000000000000
2026/09/12 05:17:14.114, 2190 MHz, 19.20 W, 50 %, 55, 0x0000000000000000
2026/09/12 05:17:14.314, 2190 MHz, 19.20 W, 50 %, 55, 0x0000000000000000
2026/09/12 05:17:14.515, 2190 MHz, 20.01 W, 47 %, 55, 0x0000000000000000
2026/09/12 05:17:14.715, 2190 MHz, 20.01 W, 47 %, 55, 0x0000000000000000
2026/09/12 05:17:14.915, 2190 MHz, 19.35 W, 47 %, 54, 0x0000000000000000
2026/09/12 05:17:15.116, 2190 MHz, 19.35 W, 47 %, 54, 0x0000000000000000
2026/09/12 05:17:15.316, 2190 MHz, 19.35 W, 47 %, 54, 0x0000000000000000
2026/09/12 05:17:15.516, 2190 MHz, 19.35 W, 48 %, 54, 0x0000000000000000
2026/09/12 05:17:15.716, 2190 MHz, 19.35 W, 48 %, 54, 0x0000000000000000
2026/09/12 05:17:15.917, 2190 MHz, 19.35 W, 48 %, 55, 0x0000000000000000
2026/09/12 05:17:16.117, 2190 MHz, 19.35 W, 48 %, 55, 0x0000000000000000
2026/09/12 05:17:16.317, 2190 MHz, 19.35 W, 48 %, 55, 0x0000000000000000
2026/09/12 05:17:16.517, 2190 MHz, 19.39 W, 52 %, 55, 0x0000000000000000
2026/09/12 05:17:16.717, 2190 MHz, 19.39 W, 52 %, 55, 0x0000000000000000
2026/09/12 05:17:16.917, 2190 MHz, 19.81 W, 52 %, 54, 0x0000000000000000
2026/09/12 05:17:17.118, 2190 MHz, 19.81 W, 52 %, 54, 0x0000000000000000
2026/09/12 05:17:17.318, 2190 MHz, 19.81 W, 52 %, 54, 0x0000000000000000
2026/09/12 05:17:17.518, 2190 MHz, 19.38 W, 43 %, 54, 0x0000000000000000
2026/09/12 05:17:17.718, 2190 MHz, 19.38 W, 43 %, 54, 0x0000000000000000
2026/09/12 05:17:17.918, 2190 MHz, 18.51 W, 43 %, 55, 0x0000000000000000
2026/09/12 05:17:18.118, 2190 MHz, 18.51 W, 43 %, 55, 0x0000000000000000
2026/09/12 05:17:18.319, 2190 MHz, 18.51 W, 43 %, 55, 0x0000000000000000
2026/09/12 05:17:18.519, 2190 MHz, 17.22 W, 15 %, 54, 0x0000000000000000
2026/09/12 05:17:18.719, 2190 MHz, 17.22 W, 15 %, 54, 0x0000000000000000
2026/09/12 05:17:18.919, 2190 MHz, 15.26 W, 15 %, 54, 0x0000000000000000
2026/09/12 05:17:19.119, 2190 MHz, 15.26 W, 15 %, 54, 0x0000000000000000
2026/09/12 05:17:19.320, 2190 MHz, 15.26 W, 15 %, 54, 0x0000000000000000
2026/09/12 05:17:19.520, 2190 MHz, 14.67 W, 26 %, 54, 0x0000000000000000
2026/09/12 05:17:19.720, 2190 MHz, 14.67 W, 26 %, 54, 0x0000000000000000
2026/09/12 05:17:19.920, 2190 MHz, 15.35 W, 26 %, 54, 0x0000000000000000
2026/09/12 05:17:20.121, 2190 MHz, 15.35 W, 26 %, 54, 0x0000000000000000
2026/09/12 05:17:20.321, 2190 MHz, 15.35 W, 26 %, 54, 0x0000000000000000
2026/09/12 05:17:20.521, 2190 MHz, 16.31 W, 45 %, 54, 0x0000000000000000
2026/09/12 05:17:20.721, 2190 MHz, 16.31 W, 45 %, 54, 0x0000000000000000
2026/09/12 05:17:20.921, 2190 MHz, 16.88 W, 45 %, 54, 0x0000000000000000
2026/09/12 05:17:21.121, 2190 MHz, 16.88 W, 45 %, 54, 0x0000000000000000
2026/09/12 05:17:21.322, 2190 MHz, 16.88 W, 45 %, 54, 0x0000000000000000
2026/09/12 05:17:21.522, 2190 MHz, 17.38 W, 46 %, 54, 0x0000000000000000
2026/09/12 05:17:21.722, 2190 MHz, 17.38 W, 46 %, 54, 0x0000000000000000
2026/09/12 05:17:21.922, 2190 MHz, 17.93 W, 46 %, 55, 0x0000000000000000
2026/09/12 05:17:22.122, 2190 MHz, 17.93 W, 46 %, 55, 0x0000000000000000
2026/09/12 05:17:22.322, 2190 MHz, 17.93 W, 46 %, 55, 0x0000000000000000
2026/09/12 05:17:22.522, 2190 MHz, 18.33 W, 49 %, 55, 0x0000000000000000
2026/09/12 05:17:22.723, 2190 MHz, 18.33 W, 49 %, 55, 0x0000000000000000
2026/09/12 05:17:22.923, 2190 MHz, 18.59 W, 49 %, 55, 0x0000000000000000
2026/09/12 05:17:23.123, 2190 MHz, 18.59 W, 49 %, 55, 0x0000000000000000
2026/09/12 05:17:23.323, 2190 MHz, 18.59 W, 49 %, 55, 0x0000000000000000
2026/09/12 05:17:23.523, 2190 MHz, 18.56 W, 39 %, 55, 0x0000000000000000
2026/09/12 05:17:23.723, 2190 MHz, 18.56 W, 39 %, 55, 0x0000000000000000
2026/09/12 05:17:23.924, 2190 MHz, 18.44 W, 39 %, 55, 0x0000000000000000
2026/09/12 05:17:24.124, 2190 MHz, 18.44 W, 39 %, 55, 0x0000000000000000
2026/09/12 05:17:24.324, 2190 MHz, 18.44 W, 39 %, 55, 0x0000000000000000
2026/09/12 05:17:24.524, 2190 MHz, 18.52 W, 53 %, 55, 0x0000000000000000
2026/09/12 05:17:24.725, 2190 MHz, 18.52 W, 53 %, 55, 0x0000000000000000
2026/09/12 05:17:24.925, 2190 MHz, 19.05 W, 53 %, 55, 0x0000000000000000
2026/09/12 05:17:25.125, 2190 MHz, 19.05 W, 53 %, 55, 0x0000000000000000
2026/09/12 05:17:25.326, 2190 MHz, 19.05 W, 53 %, 55, 0x0000000000000000
2026/09/12 05:17:25.526, 2190 MHz, 19.66 W, 58 %, 55, 0x0000000000000000
2026/09/12 05:17:25.726, 2190 MHz, 19.66 W, 58 %, 55, 0x0000000000000000
2026/09/12 05:17:25.926, 2190 MHz, 19.65 W, 58 %, 55, 0x0000000000000000
2026/09/12 05:17:26.126, 2190 MHz, 19.65 W, 58 %, 55, 0x0000000000000000
2026/09/12 05:17:26.327, 2190 MHz, 19.65 W, 58 %, 55, 0x0000000000000000
2026/09/12 05:17:26.527, 2190 MHz, 19.32 W, 50 %, 56, 0x0000000000000000
2026/09/12 05:17:26.727, 2190 MHz, 19.32 W, 50 %, 56, 0x0000000000000000
2026/09/12 05:17:26.927, 2190 MHz, 18.74 W, 50 %, 55, 0x0000000000000000
2026/09/12 05:17:27.128, 2190 MHz, 18.74 W, 50 %, 55, 0x0000000000000000
2026/09/12 05:17:27.328, 2190 MHz, 18.74 W, 50 %, 55, 0x0000000000000000
2026/09/12 05:17:27.528, 2190 MHz, 18.59 W, 55 %, 55, 0x0000000000000000
2026/09/12 05:17:27.728, 2190 MHz, 18.59 W, 55 %, 55, 0x0000000000000000
2026/09/12 05:17:27.929, 2190 MHz, 19.86 W, 55 %, 55, 0x0000000000000000
2026/09/12 05:17:28.129, 2190 MHz, 19.86 W, 55 %, 55, 0x0000000000000000
2026/09/12 05:17:28.329, 2190 MHz, 19.86 W, 55 %, 55, 0x0000000000000000
2026/09/12 05:17:28.529, 2190 MHz, 19.85 W, 53 %, 55, 0x0000000000000000
2026/09/12 05:17:28.730, 2190 MHz, 19.85 W, 53 %, 55, 0x0000000000000000
2026/09/12 05:17:28.930, 2190 MHz, 19.38 W, 53 %, 55, 0x0000000000000000
2026/09/12 05:17:29.130, 2190 MHz, 19.38 W, 53 %, 55, 0x0000000000000000
2026/09/12 05:17:29.330, 2190 MHz, 19.38 W, 53 %, 55, 0x0000000000000000
2026/09/12 05:17:29.531, 2190 MHz, 19.89 W, 51 %, 55, 0x0000000000000000
2026/09/12 05:17:29.731, 2190 MHz, 19.89 W, 51 %, 55, 0x0000000000000000
2026/09/12 05:17:29.931, 2190 MHz, 19.87 W, 51 %, 55, 0x0000000000000000
2026/09/12 05:17:30.131, 2190 MHz, 19.87 W, 51 %, 55, 0x0000000000000000
2026/09/12 05:17:30.331, 2190 MHz, 19.87 W, 51 %, 55, 0x0000000000000000
2026/09/12 05:17:30.532, 2190 MHz, 18.26 W, 23 %, 55, 0x0000000000000000
2026/09/12 05:17:30.732, 2190 MHz, 18.26 W, 23 %, 55, 0x0000000000000000
2026/09/12 05:17:30.932, 2190 MHz, 15.54 W, 23 %, 55, 0x0000000000000000
2026/09/12 05:17:31.132, 2190 MHz, 15.54 W, 23 %, 55, 0x0000000000000000
2026/09/12 05:17:31.332, 2190 MHz, 15.54 W, 23 %, 55, 0x0000000000000000
2026/09/12 05:17:31.533, 2190 MHz, 14.36 W, 14 %, 54, 0x0000000000000000
2026/09/12 05:17:31.733, 2190 MHz, 14.36 W, 14 %, 54, 0x0000000000000000
2026/09/12 05:17:31.933, 2190 MHz, 14.27 W, 14 %, 55, 0x0000000000000000
2026/09/12 05:17:32.133, 2190 MHz, 14.27 W, 14 %, 55, 0x0000000000000000
2026/09/12 05:17:32.333, 2190 MHz, 14.27 W, 14 %, 55, 0x0000000000000000
2026/09/12 05:17:32.533, 2190 MHz, 14.79 W, 22 %, 55, 0x0000000000000000
2026/09/12 05:17:32.734, 2190 MHz, 14.79 W, 22 %, 55, 0x0000000000000000
2026/09/12 05:17:32.934, 2190 MHz, 15.82 W, 22 %, 55, 0x0000000000000000
2026/09/12 05:17:33.134, 2190 MHz, 15.82 W, 22 %, 55, 0x0000000000000000
2026/09/12 05:17:33.334, 2190 MHz, 15.82 W, 22 %, 55, 0x0000000000000000
2026/09/12 05:17:33.535, 2190 MHz, 16.05 W, 33 %, 55, 0x0000000000000000
2026/09/12 05:17:33.735, 2190 MHz, 16.05 W, 33 %, 55, 0x0000000000000000
2026/09/12 05:17:33.935, 2190 MHz, 15.91 W, 33 %, 55, 0x0000000000000000
2026/09/12 05:17:34.135, 2190 MHz, 15.91 W, 33 %, 55, 0x0000000000000000
2026/09/12 05:17:34.335, 2190 MHz, 15.91 W, 33 %, 55, 0x0000000000000000
2026/09/12 05:17:34.535, 2190 MHz, 16.62 W, 37 %, 56, 0x0000000000000000
2026/09/12 05:17:34.735, 2190 MHz, 16.62 W, 37 %, 56, 0x0000000000000000
2026/09/12 05:17:34.936, 2190 MHz, 16.81 W, 37 %, 55, 0x0000000000000000
2026/09/12 05:17:35.136, 2190 MHz, 16.81 W, 37 %, 55, 0x0000000000000000
2026/09/12 05:17:35.336, 2190 MHz, 16.81 W, 37 %, 55, 0x0000000000000000
2026/09/12 05:17:35.536, 2190 MHz, 16.83 W, 43 %, 55, 0x0000000000000000
2026/09/12 05:17:35.736, 2190 MHz, 16.83 W, 43 %, 55, 0x0000000000000000
2026/09/12 05:17:35.936, 2190 MHz, 17.14 W, 43 %, 55, 0x0000000000000000
2026/09/12 05:17:36.137, 2190 MHz, 17.14 W, 43 %, 55, 0x0000000000000000
2026/09/12 05:17:36.337, 2190 MHz, 17.14 W, 43 %, 55, 0x0000000000000000
2026/09/12 05:17:36.537, 2190 MHz, 17.31 W, 39 %, 55, 0x0000000000000000
2026/09/12 05:17:36.738, 2190 MHz, 17.31 W, 39 %, 55, 0x0000000000000000
2026/09/12 05:17:36.938, 2190 MHz, 17.77 W, 39 %, 55, 0x0000000000000000
2026/09/12 05:17:37.138, 2190 MHz, 17.77 W, 39 %, 55, 0x0000000000000000
2026/09/12 05:17:37.338, 2190 MHz, 17.77 W, 39 %, 55, 0x0000000000000000
2026/09/12 05:17:37.539, 2190 MHz, 17.34 W, 36 %, 55, 0x0000000000000000
2026/09/12 05:17:37.739, 2190 MHz, 17.34 W, 36 %, 55, 0x0000000000000000
2026/09/12 05:17:37.939, 2190 MHz, 13.42 W, 36 %, 54, 0x0000000000000000
2026/09/12 05:17:38.139, 2190 MHz, 13.42 W, 36 %, 54, 0x0000000000000000
2026/09/12 05:17:38.340, 2190 MHz, 13.42 W, 36 %, 54, 0x0000000000000000
2026/09/12 05:17:38.540, 2190 MHz, 10.43 W, 4 %, 54, 0x0000000000000000
2026/09/12 05:17:38.740, 2190 MHz, 10.43 W, 4 %, 54, 0x0000000000000000
2026/09/12 05:17:38.940, 2190 MHz, 10.95 W, 4 %, 54, 0x0000000000000000
2026/09/12 05:17:39.141, 2190 MHz, 10.95 W, 4 %, 54, 0x0000000000000000
2026/09/12 05:17:39.341, 2190 MHz, 10.95 W, 4 %, 54, 0x0000000000000000
2026/09/12 05:17:39.541, 2190 MHz, 11.28 W, 7 %, 54, 0x0000000000000000
2026/09/12 05:17:39.741, 2190 MHz, 11.28 W, 7 %, 54, 0x0000000000000000
2026/09/12 05:17:39.941, 2190 MHz, 11.46 W, 7 %, 54, 0x0000000000000000
2026/09/12 05:17:40.142, 2190 MHz, 11.46 W, 7 %, 54, 0x0000000000000000
2026/09/12 05:17:40.342, 2190 MHz, 11.46 W, 7 %, 54, 0x0000000000000000
2026/09/12 05:17:40.542, 2190 MHz, 11.31 W, 3 %, 54, 0x0000000000000000
2026/09/12 05:17:40.743, 2190 MHz, 11.31 W, 3 %, 54, 0x0000000000000000
2026/09/12 05:17:40.943, 2190 MHz, 11.51 W, 3 %, 54, 0x0000000000000000
2026/09/12 05:17:41.143, 2190 MHz, 11.51 W, 3 %, 54, 0x0000000000000000
2026/09/12 05:17:41.343, 2190 MHz, 11.51 W, 3 %, 54, 0x0000000000000000
2026/09/12 05:17:41.543, 2190 MHz, 11.28 W, 6 %, 54, 0x0000000000000000
2026/09/12 05:17:41.744, 2190 MHz, 11.28 W, 6 %, 54, 0x0000000000000000
2026/09/12 05:17:41.944, 2190 MHz, 11.31 W, 6 %, 54, 0x0000000000000000
2026/09/12 05:17:42.144, 2190 MHz, 11.31 W, 6 %, 54, 0x0000000000000000
2026/09/12 05:17:42.344, 2190 MHz, 11.31 W, 6 %, 54, 0x0000000000000000
2026/09/12 05:17:42.544, 2190 MHz, 12.10 W, 20 %, 54, 0x0000000000000000
2026/09/12 05:17:42.744, 2190 MHz, 12.10 W, 20 %, 54, 0x0000000000000000
2026/09/12 05:17:42.944, 2190 MHz, 12.79 W, 20 %, 54, 0x0000000000000000
2026/09/12 05:17:43.145, 2190 MHz, 12.79 W, 20 %, 54, 0x0000000000000000
2026/09/12 05:17:43.345, 2190 MHz, 12.79 W, 20 %, 54, 0x0000000000000000
2026/09/12 05:17:43.545, 2190 MHz, 12.99 W, 24 %, 54, 0x0000000000000000
2026/09/12 05:17:43.745, 2190 MHz, 12.99 W, 24 %, 54, 0x0000000000000000
2026/09/12 05:17:43.945, 2190 MHz, 13.51 W, 24 %, 54, 0x0000000000000000
2026/09/12 05:17:44.146, 2190 MHz, 13.51 W, 24 %, 54, 0x0000000000000000
2026/09/12 05:17:44.346, 2190 MHz, 13.51 W, 24 %, 54, 0x0000000000000000
2026/09/12 05:17:44.546, 2190 MHz, 13.57 W, 22 %, 55, 0x0000000000000000
2026/09/12 05:17:44.746, 2190 MHz, 13.57 W, 22 %, 55, 0x0000000000000000
2026/09/12 05:17:44.946, 2190 MHz, 13.59 W, 22 %, 55, 0x0000000000000000
2026/09/12 05:17:45.147, 2190 MHz, 13.59 W, 22 %, 55, 0x0000000000000000
2026/09/12 05:17:45.347, 2190 MHz, 13.59 W, 22 %, 55, 0x0000000000000000
2026/09/12 05:17:45.547, 2190 MHz, 14.14 W, 24 %, 55, 0x0000000000000000
2026/09/12 05:17:45.747, 2190 MHz, 14.14 W, 24 %, 55, 0x0000000000000000
2026/09/12 05:17:45.947, 2190 MHz, 14.50 W, 24 %, 54, 0x0000000000000000
2026/09/12 05:17:46.147, 2190 MHz, 14.50 W, 24 %, 54, 0x0000000000000000
2026/09/12 05:17:46.347, 2190 MHz, 14.50 W, 24 %, 54, 0x0000000000000000
2026/09/12 05:17:46.548, 2190 MHz, 14.58 W, 33 %, 54, 0x0000000000000000
2026/09/12 05:17:46.748, 2190 MHz, 14.58 W, 33 %, 54, 0x0000000000000000
2026/09/12 05:17:46.948, 2190 MHz, 14.34 W, 33 %, 54, 0x0000000000000000
2026/09/12 05:17:47.148, 2190 MHz, 14.34 W, 33 %, 54, 0x0000000000000000
2026/09/12 05:17:47.348, 2190 MHz, 14.34 W, 33 %, 54, 0x0000000000000000
2026/09/12 05:17:47.549, 2190 MHz, 14.65 W, 32 %, 55, 0x0000000000000000
2026/09/12 05:17:47.749, 2190 MHz, 14.65 W, 32 %, 55, 0x0000000000000000
2026/09/12 05:17:47.950, 2190 MHz, 15.28 W, 32 %, 54, 0x0000000000000000
2026/09/12 05:17:48.150, 2190 MHz, 15.28 W, 32 %, 54, 0x0000000000000000
2026/09/12 05:17:48.350, 2190 MHz, 15.28 W, 32 %, 54, 0x0000000000000000
2026/09/12 05:17:48.550, 2190 MHz, 15.25 W, 32 %, 55, 0x0000000000000000
2026/09/12 05:17:48.750, 2190 MHz, 15.25 W, 32 %, 55, 0x0000000000000000
2026/09/12 05:17:48.950, 2190 MHz, 15.03 W, 32 %, 55, 0x0000000000000000
2026/09/12 05:17:49.151, 2190 MHz, 15.03 W, 32 %, 55, 0x0000000000000000
2026/09/12 05:17:49.351, 2190 MHz, 15.03 W, 32 %, 55, 0x0000000000000000
2026/09/12 05:17:49.551, 2190 MHz, 14.40 W, 24 %, 54, 0x0000000000000000
2026/09/12 05:17:49.752, 2190 MHz, 14.40 W, 24 %, 54, 0x0000000000000000
2026/09/12 05:17:49.952, 2190 MHz, 13.81 W, 24 %, 55, 0x0000000000000000
2026/09/12 05:17:50.152, 2190 MHz, 13.81 W, 24 %, 55, 0x0000000000000000
2026/09/12 05:17:50.352, 2190 MHz, 13.81 W, 24 %, 55, 0x0000000000000000
2026/09/12 05:17:50.552, 2190 MHz, 13.48 W, 17 %, 54, 0x0000000000000000
2026/09/12 05:17:50.752, 2190 MHz, 13.48 W, 17 %, 54, 0x0000000000000000
2026/09/12 05:17:50.953, 2190 MHz, 13.11 W, 17 %, 54, 0x0000000000000000
2026/09/12 05:17:51.153, 2190 MHz, 13.11 W, 17 %, 54, 0x0000000000000000
2026/09/12 05:17:51.353, 2190 MHz, 13.11 W, 17 %, 54, 0x0000000000000000
2026/09/12 05:17:51.553, 2190 MHz, 13.26 W, 29 %, 54, 0x0000000000000000
2026/09/12 05:17:51.754, 2190 MHz, 13.26 W, 29 %, 54, 0x0000000000000000
2026/09/12 05:17:51.954, 2190 MHz, 13.77 W, 29 %, 55, 0x0000000000000000
2026/09/12 05:17:52.154, 2190 MHz, 13.77 W, 29 %, 55, 0x0000000000000000
2026/09/12 05:17:52.354, 2190 MHz, 13.77 W, 29 %, 55, 0x0000000000000000
2026/09/12 05:17:52.554, 2190 MHz, 14.26 W, 21 %, 55, 0x0000000000000000
2026/09/12 05:17:52.755, 2190 MHz, 14.26 W, 21 %, 55, 0x0000000000000000
2026/09/12 05:17:52.955, 2190 MHz, 14.55 W, 21 %, 54, 0x0000000000000000
2026/09/12 05:17:53.155, 2190 MHz, 14.55 W, 21 %, 54, 0x0000000000000000
2026/09/12 05:17:53.355, 2190 MHz, 14.55 W, 21 %, 54, 0x0000000000000000
2026/09/12 05:17:53.555, 2190 MHz, 14.96 W, 28 %, 55, 0x0000000000000000
2026/09/12 05:17:53.755, 2190 MHz, 14.96 W, 28 %, 55, 0x0000000000000000
2026/09/12 05:17:53.955, 2190 MHz, 16.09 W, 28 %, 55, 0x0000000000000000
2026/09/12 05:17:54.156, 2190 MHz, 16.09 W, 28 %, 55, 0x0000000000000000
2026/09/12 05:17:54.356, 2190 MHz, 16.59 W, 28 %, 55, 0x0000000000000000
2026/09/12 05:17:54.556, 2190 MHz, 16.59 W, 36 %, 55, 0x0000000000000000
2026/09/12 05:17:54.756, 2190 MHz, 16.59 W, 36 %, 55, 0x0000000000000000
2026/09/12 05:17:54.957, 2190 MHz, 16.74 W, 36 %, 55, 0x0000000000000000
2026/09/12 05:17:55.157, 2190 MHz, 16.74 W, 36 %, 55, 0x0000000000000000
2026/09/12 05:17:55.357, 2190 MHz, 16.80 W, 40 %, 55, 0x0000000000000000
2026/09/12 05:17:55.557, 2190 MHz, 16.80 W, 40 %, 55, 0x0000000000000000
2026/09/12 05:17:55.757, 2190 MHz, 16.80 W, 40 %, 55, 0x0000000000000000
2026/09/12 05:17:55.957, 2190 MHz, 16.53 W, 40 %, 55, 0x0000000000000000
2026/09/12 05:17:56.157, 2190 MHz, 16.53 W, 40 %, 55, 0x0000000000000000
2026/09/12 05:17:56.358, 2190 MHz, 17.54 W, 48 %, 55, 0x0000000000000000
2026/09/12 05:17:56.558, 2190 MHz, 17.54 W, 48 %, 55, 0x0000000000000000
2026/09/12 05:17:56.758, 2190 MHz, 17.54 W, 48 %, 55, 0x0000000000000000
2026/09/12 05:17:56.958, 2190 MHz, 19.05 W, 48 %, 55, 0x0000000000000000
2026/09/12 05:17:57.158, 2190 MHz, 19.05 W, 48 %, 55, 0x0000000000000000
2026/09/12 05:17:57.358, 2190 MHz, 19.53 W, 51 %, 56, 0x0000000000000000
2026/09/12 05:17:57.558, 2190 MHz, 19.53 W, 51 %, 56, 0x0000000000000000
2026/09/12 05:17:57.759, 2190 MHz, 19.53 W, 51 %, 56, 0x0000000000000000
2026/09/12 05:17:57.959, 2190 MHz, 19.72 W, 51 %, 56, 0x0000000000000000
2026/09/12 05:17:58.159, 2190 MHz, 19.72 W, 51 %, 56, 0x0000000000000000
2026/09/12 05:17:58.359, 2190 MHz, 19.44 W, 54 %, 56, 0x0000000000000000
2026/09/12 05:17:58.559, 2190 MHz, 19.44 W, 54 %, 56, 0x0000000000000000
2026/09/12 05:17:58.759, 2190 MHz, 19.44 W, 54 %, 56, 0x0000000000000000
2026/09/12 05:17:58.960, 2190 MHz, 19.56 W, 54 %, 56, 0x0000000000000000
2026/09/12 05:17:59.160, 2190 MHz, 19.56 W, 54 %, 56, 0x0000000000000000
2026/09/12 05:17:59.360, 2190 MHz, 20.00 W, 54 %, 56, 0x0000000000000000
2026/09/12 05:17:59.560, 2190 MHz, 20.00 W, 54 %, 56, 0x0000000000000000
2026/09/12 05:17:59.760, 2190 MHz, 20.00 W, 54 %, 56, 0x0000000000000000
2026/09/12 05:17:59.960, 2190 MHz, 20.13 W, 54 %, 56, 0x0000000000000000
2026/09/12 05:18:00.161, 2190 MHz, 20.13 W, 54 %, 56, 0x0000000000000000
2026/09/12 05:18:00.361, 2190 MHz, 20.16 W, 39 %, 56, 0x0000000000000000
2026/09/12 05:18:00.561, 2190 MHz, 20.16 W, 39 %, 56, 0x0000000000000000
2026/09/12 05:18:00.761, 2190 MHz, 20.16 W, 39 %, 56, 0x0000000000000000
2026/09/12 05:18:00.961, 2190 MHz, 19.70 W, 39 %, 56, 0x0000000000000000
2026/09/12 05:18:01.161, 2190 MHz, 19.70 W, 39 %, 56, 0x0000000000000000
2026/09/12 05:18:01.361, 2190 MHz, 18.47 W, 31 %, 56, 0x0000000000000000
2026/09/12 05:18:01.562, 2190 MHz, 18.47 W, 31 %, 56, 0x0000000000000000
2026/09/12 05:18:01.762, 2190 MHz, 18.47 W, 31 %, 56, 0x0000000000000000
2026/09/12 05:18:01.962, 2190 MHz, 15.78 W, 31 %, 55, 0x0000000000000000
2026/09/12 05:18:02.162, 2190 MHz, 15.78 W, 31 %, 55, 0x0000000000000000
2026/09/12 05:18:02.362, 2190 MHz, 14.50 W, 34 %, 55, 0x0000000000000000
2026/09/12 05:18:02.563, 2190 MHz, 14.50 W, 34 %, 55, 0x0000000000000000
2026/09/12 05:18:02.763, 2190 MHz, 14.50 W, 34 %, 55, 0x0000000000000000
2026/09/12 05:18:02.963, 2190 MHz, 14.92 W, 34 %, 55, 0x0000000000000000
2026/09/12 05:18:03.163, 2190 MHz, 14.92 W, 34 %, 55, 0x0000000000000000
2026/09/12 05:18:03.363, 2190 MHz, 15.85 W, 36 %, 56, 0x0000000000000000
2026/09/12 05:18:03.563, 2190 MHz, 15.85 W, 36 %, 56, 0x0000000000000000
2026/09/12 05:18:03.764, 2190 MHz, 15.85 W, 36 %, 56, 0x0000000000000000
2026/09/12 05:18:03.964, 2190 MHz, 17.09 W, 36 %, 55, 0x0000000000000000
2026/09/12 05:18:04.164, 2190 MHz, 17.09 W, 36 %, 55, 0x0000000000000000
2026/09/12 05:18:04.364, 2190 MHz, 17.56 W, 44 %, 55, 0x0000000000000000
2026/09/12 05:18:04.564, 2190 MHz, 17.56 W, 44 %, 55, 0x0000000000000000
2026/09/12 05:18:04.765, 2190 MHz, 17.56 W, 44 %, 55, 0x0000000000000000
2026/09/12 05:18:04.965, 2190 MHz, 17.71 W, 44 %, 55, 0x0000000000000000
2026/09/12 05:18:05.165, 2190 MHz, 17.71 W, 44 %, 55, 0x0000000000000000
2026/09/12 05:18:05.365, 2190 MHz, 18.34 W, 42 %, 56, 0x0000000000000000
2026/09/12 05:18:05.565, 2190 MHz, 18.34 W, 42 %, 56, 0x0000000000000000
2026/09/12 05:18:05.765, 2190 MHz, 18.34 W, 42 %, 56, 0x0000000000000000
2026/09/12 05:18:05.965, 2190 MHz, 18.82 W, 42 %, 56, 0x0000000000000000
2026/09/12 05:18:06.166, 2190 MHz, 18.82 W, 42 %, 56, 0x0000000000000000
2026/09/12 05:18:06.366, 2190 MHz, 18.57 W, 53 %, 56, 0x0000000000000000
2026/09/12 05:18:06.566, 2190 MHz, 18.57 W, 53 %, 56, 0x0000000000000000
2026/09/12 05:18:06.766, 2190 MHz, 18.57 W, 53 %, 56, 0x0000000000000000
2026/09/12 05:18:06.966, 2190 MHz, 18.33 W, 53 %, 56, 0x0000000000000000
2026/09/12 05:18:07.166, 2190 MHz, 18.33 W, 53 %, 56, 0x0000000000000000
2026/09/12 05:18:07.366, 2190 MHz, 18.26 W, 54 %, 56, 0x0000000000000000
2026/09/12 05:18:07.567, 2190 MHz, 18.26 W, 54 %, 56, 0x0000000000000000
2026/09/12 05:18:07.767, 2190 MHz, 18.26 W, 54 %, 56, 0x0000000000000000
2026/09/12 05:18:07.967, 2190 MHz, 18.96 W, 54 %, 56, 0x0000000000000000
2026/09/12 05:18:08.167, 2190 MHz, 18.96 W, 54 %, 56, 0x0000000000000000
2026/09/12 05:18:08.367, 2190 MHz, 19.76 W, 54 %, 56, 0x0000000000000000
2026/09/12 05:18:08.567, 2190 MHz, 19.76 W, 54 %, 56, 0x0000000000000000
2026/09/12 05:18:08.767, 2190 MHz, 19.76 W, 54 %, 56, 0x0000000000000000
2026/09/12 05:18:08.968, 2190 MHz, 20.37 W, 54 %, 56, 0x0000000000000000
2026/09/12 05:18:09.168, 2190 MHz, 20.37 W, 54 %, 56, 0x0000000000000000
2026/09/12 05:18:09.369, 2190 MHz, 20.00 W, 51 %, 56, 0x0000000000000000
2026/09/12 05:18:09.569, 2190 MHz, 20.00 W, 51 %, 56, 0x0000000000000000
2026/09/12 05:18:09.769, 2190 MHz, 20.00 W, 51 %, 56, 0x0000000000000000
2026/09/12 05:18:09.969, 2190 MHz, 18.87 W, 51 %, 57, 0x0000000000000000
2026/09/12 05:18:10.169, 2190 MHz, 18.87 W, 51 %, 57, 0x0000000000000000
2026/09/12 05:18:10.369, 2190 MHz, 18.66 W, 55 %, 56, 0x0000000000000000
2026/09/12 05:18:10.569, 2190 MHz, 18.66 W, 55 %, 56, 0x0000000000000000
2026/09/12 05:18:10.770, 2190 MHz, 18.66 W, 55 %, 56, 0x0000000000000000
2026/09/12 05:18:10.970, 2190 MHz, 19.00 W, 55 %, 56, 0x0000000000000000
2026/09/12 05:18:11.170, 2190 MHz, 19.00 W, 55 %, 56, 0x0000000000000000
2026/09/12 05:18:11.370, 2190 MHz, 20.06 W, 51 %, 56, 0x0000000000000000
2026/09/12 05:18:11.570, 2190 MHz, 20.06 W, 51 %, 56, 0x0000000000000000
2026/09/12 05:18:11.771, 2190 MHz, 20.06 W, 51 %, 56, 0x0000000000000000
2026/09/12 05:18:11.971, 2190 MHz, 20.25 W, 51 %, 57, 0x0000000000000000
2026/09/12 05:18:12.171, 2190 MHz, 20.25 W, 51 %, 57, 0x0000000000000000
2026/09/12 05:18:12.372, 2190 MHz, 19.75 W, 57 %, 56, 0x0000000000000000
2026/09/12 05:18:12.572, 2190 MHz, 19.75 W, 57 %, 56, 0x0000000000000000
2026/09/12 05:18:12.772, 2190 MHz, 19.75 W, 57 %, 56, 0x0000000000000000
2026/09/12 05:18:12.972, 2190 MHz, 19.73 W, 57 %, 57, 0x0000000000000000
2026/09/12 05:18:13.173, 2190 MHz, 19.73 W, 57 %, 57, 0x0000000000000000
2026/09/12 05:18:13.373, 2190 MHz, 19.42 W, 32 %, 56, 0x0000000000000000
2026/09/12 05:18:13.573, 2190 MHz, 19.42 W, 32 %, 56, 0x0000000000000000
2026/09/12 05:18:13.773, 2190 MHz, 19.42 W, 32 %, 56, 0x0000000000000000
2026/09/12 05:18:13.973, 2190 MHz, 17.06 W, 32 %, 55, 0x0000000000000000
2026/09/12 05:18:14.174, 2190 MHz, 17.06 W, 32 %, 55, 0x0000000000000000
2026/09/12 05:18:14.374, 2190 MHz, 14.75 W, 11 %, 55, 0x0000000000000000
2026/09/12 05:18:14.574, 2190 MHz, 14.75 W, 11 %, 55, 0x0000000000000000
2026/09/12 05:18:14.774, 2190 MHz, 14.75 W, 11 %, 55, 0x0000000000000000
2026/09/12 05:18:14.974, 2190 MHz, 14.19 W, 11 %, 55, 0x0000000000000000
2026/09/12 05:18:15.175, 2190 MHz, 14.19 W, 11 %, 55, 0x0000000000000000
2026/09/12 05:18:15.375, 2190 MHz, 14.63 W, 31 %, 56, 0x0000000000000000
2026/09/12 05:18:15.575, 2190 MHz, 14.63 W, 31 %, 56, 0x0000000000000000
2026/09/12 05:18:15.776, 2190 MHz, 14.63 W, 31 %, 56, 0x0000000000000000
2026/09/12 05:18:15.976, 2190 MHz, 16.13 W, 31 %, 56, 0x0000000000000000
2026/09/12 05:18:16.176, 2190 MHz, 16.13 W, 31 %, 56, 0x0000000000000000
2026/09/12 05:18:16.376, 2190 MHz, 16.28 W, 38 %, 56, 0x0000000000000000
2026/09/12 05:18:16.576, 2190 MHz, 16.28 W, 38 %, 56, 0x0000000000000000
2026/09/12 05:18:16.776, 2190 MHz, 16.28 W, 38 %, 56, 0x0000000000000000
2026/09/12 05:18:16.977, 2190 MHz, 15.92 W, 38 %, 55, 0x0000000000000000
2026/09/12 05:18:17.177, 2190 MHz, 15.92 W, 38 %, 55, 0x0000000000000000
2026/09/12 05:18:17.377, 2190 MHz, 16.76 W, 32 %, 56, 0x0000000000000000
2026/09/12 05:18:17.577, 2190 MHz, 16.76 W, 32 %, 56, 0x0000000000000000
2026/09/12 05:18:17.778, 2190 MHz, 16.76 W, 32 %, 56, 0x0000000000000000
2026/09/12 05:18:17.978, 2190 MHz, 17.05 W, 32 %, 56, 0x0000000000000000
2026/09/12 05:18:18.178, 2190 MHz, 17.05 W, 32 %, 56, 0x0000000000000000
2026/09/12 05:18:18.378, 2190 MHz, 17.17 W, 37 %, 56, 0x0000000000000000
2026/09/12 05:18:18.579, 2190 MHz, 17.17 W, 37 %, 56, 0x0000000000000000
2026/09/12 05:18:18.779, 2190 MHz, 17.17 W, 37 %, 56, 0x0000000000000000
2026/09/12 05:18:18.979, 2190 MHz, 17.75 W, 37 %, 56, 0x0000000000000000
2026/09/12 05:18:19.179, 2190 MHz, 17.75 W, 37 %, 56, 0x0000000000000000
2026/09/12 05:18:19.379, 2190 MHz, 17.84 W, 37 %, 56, 0x0000000000000000
2026/09/12 05:18:19.579, 2190 MHz, 17.84 W, 37 %, 56, 0x0000000000000000
2026/09/12 05:18:19.780, 2190 MHz, 17.84 W, 37 %, 56, 0x0000000000000000
2026/09/12 05:18:19.980, 2190 MHz, 18.24 W, 37 %, 56, 0x0000000000000000
2026/09/12 05:18:20.180, 2190 MHz, 18.24 W, 37 %, 56, 0x0000000000000000
2026/09/12 05:18:20.380, 2190 MHz, 17.23 W, 30 %, 56, 0x0000000000000000
2026/09/12 05:18:20.580, 2190 MHz, 17.23 W, 30 %, 56, 0x0000000000000000
2026/09/12 05:18:20.780, 2190 MHz, 17.23 W, 30 %, 56, 0x0000000000000000
2026/09/12 05:18:20.980, 2190 MHz, 13.12 W, 30 %, 55, 0x0000000000000000
2026/09/12 05:18:21.181, 2190 MHz, 13.12 W, 30 %, 55, 0x0000000000000000
2026/09/12 05:18:21.381, 2190 MHz, 10.60 W, 6 %, 55, 0x0000000000000000
2026/09/12 05:18:21.581, 2190 MHz, 10.60 W, 6 %, 55, 0x0000000000000000
2026/09/12 05:18:21.781, 2190 MHz, 10.60 W, 6 %, 55, 0x0000000000000000
2026/09/12 05:18:21.982, 2190 MHz, 11.15 W, 6 %, 55, 0x0000000000000000
2026/09/12 05:18:22.182, 2190 MHz, 11.15 W, 6 %, 55, 0x0000000000000000
2026/09/12 05:18:22.382, 2190 MHz, 11.49 W, 10 %, 55, 0x0000000000000000
2026/09/12 05:18:22.582, 2190 MHz, 11.49 W, 10 %, 55, 0x0000000000000000
2026/09/12 05:18:22.782, 2190 MHz, 11.49 W, 10 %, 55, 0x0000000000000000
2026/09/12 05:18:22.982, 2190 MHz, 11.44 W, 10 %, 55, 0x0000000000000000
2026/09/12 05:18:23.182, 2190 MHz, 11.44 W, 10 %, 55, 0x0000000000000000
2026/09/12 05:18:23.383, 2190 MHz, 11.27 W, 5 %, 55, 0x0000000000000000
2026/09/12 05:18:23.583, 2190 MHz, 11.27 W, 5 %, 55, 0x0000000000000000
2026/09/12 05:18:23.783, 2190 MHz, 11.27 W, 5 %, 55, 0x0000000000000000
2026/09/12 05:18:23.983, 2190 MHz, 11.31 W, 5 %, 55, 0x0000000000000000
2026/09/12 05:18:24.184, 2190 MHz, 11.31 W, 5 %, 55, 0x0000000000000000
2026/09/12 05:18:24.384, 2190 MHz, 11.26 W, 4 %, 55, 0x0000000000000000
2026/09/12 05:18:24.584, 2190 MHz, 11.26 W, 4 %, 55, 0x0000000000000000
2026/09/12 05:18:24.784, 2190 MHz, 11.26 W, 4 %, 55, 0x0000000000000000
2026/09/12 05:18:24.984, 2190 MHz, 11.58 W, 4 %, 55, 0x0000000000000000
2026/09/12 05:18:25.184, 2190 MHz, 11.58 W, 4 %, 55, 0x0000000000000000
2026/09/12 05:18:25.385, 2190 MHz, 12.54 W, 29 %, 55, 0x0000000000000000
2026/09/12 05:18:25.585, 2190 MHz, 12.54 W, 29 %, 55, 0x0000000000000000
2026/09/12 05:18:25.785, 2190 MHz, 12.54 W, 29 %, 55, 0x0000000000000000
2026/09/12 05:18:25.985, 2190 MHz, 13.36 W, 29 %, 55, 0x0000000000000000
2026/09/12 05:18:26.185, 2190 MHz, 13.36 W, 29 %, 55, 0x0000000000000000
2026/09/12 05:18:26.385, 2190 MHz, 13.70 W, 23 %, 56, 0x0000000000000000
2026/09/12 05:18:26.586, 2190 MHz, 13.70 W, 23 %, 56, 0x0000000000000000
2026/09/12 05:18:26.786, 2190 MHz, 13.70 W, 23 %, 56, 0x0000000000000000
2026/09/12 05:18:26.986, 2190 MHz, 13.70 W, 23 %, 55, 0x0000000000000000
2026/09/12 05:18:27.186, 2190 MHz, 13.70 W, 23 %, 55, 0x0000000000000000
2026/09/12 05:18:27.386, 2190 MHz, 13.62 W, 32 %, 56, 0x0000000000000000
2026/09/12 05:18:27.587, 2190 MHz, 13.62 W, 32 %, 56, 0x0000000000000000
2026/09/12 05:18:27.787, 2190 MHz, 13.62 W, 32 %, 56, 0x0000000000000000
2026/09/12 05:18:27.987, 2190 MHz, 13.73 W, 32 %, 55, 0x0000000000000000
2026/09/12 05:18:28.188, 2190 MHz, 13.73 W, 32 %, 55, 0x0000000000000000
2026/09/12 05:18:28.388, 2190 MHz, 14.14 W, 25 %, 56, 0x0000000000000000
2026/09/12 05:18:28.589, 2190 MHz, 14.14 W, 25 %, 56, 0x0000000000000000
2026/09/12 05:18:28.789, 2190 MHz, 14.14 W, 25 %, 56, 0x0000000000000000
2026/09/12 05:18:28.989, 2190 MHz, 14.48 W, 25 %, 55, 0x0000000000000000
2026/09/12 05:18:29.189, 2190 MHz, 14.48 W, 25 %, 55, 0x0000000000000000
2026/09/12 05:18:29.389, 2190 MHz, 14.60 W, 22 %, 55, 0x0000000000000000
2026/09/12 05:18:29.589, 2190 MHz, 14.60 W, 22 %, 55, 0x0000000000000000
2026/09/12 05:18:29.790, 2190 MHz, 14.60 W, 22 %, 55, 0x0000000000000000
2026/09/12 05:18:29.990, 2190 MHz, 14.45 W, 22 %, 55, 0x0000000000000000
2026/09/12 05:18:30.190, 2190 MHz, 14.45 W, 22 %, 55, 0x0000000000000000
2026/09/12 05:18:30.390, 2190 MHz, 15.05 W, 31 %, 56, 0x0000000000000000
2026/09/12 05:18:30.590, 2190 MHz, 15.05 W, 31 %, 56, 0x0000000000000000
2026/09/12 05:18:30.790, 2190 MHz, 15.05 W, 31 %, 56, 0x0000000000000000
2026/09/12 05:18:30.990, 2190 MHz, 15.57 W, 31 %, 55, 0x0000000000000000
2026/09/12 05:18:31.191, 2190 MHz, 15.57 W, 31 %, 55, 0x0000000000000000
2026/09/12 05:18:31.391, 2190 MHz, 15.27 W, 32 %, 56, 0x0000000000000000
2026/09/12 05:18:31.591, 2190 MHz, 15.27 W, 32 %, 56, 0x0000000000000000
2026/09/12 05:18:31.791, 2190 MHz, 15.27 W, 32 %, 56, 0x0000000000000000
2026/09/12 05:18:31.991, 2190 MHz, 14.60 W, 32 %, 56, 0x0000000000000000
2026/09/12 05:18:32.192, 2190 MHz, 14.60 W, 32 %, 56, 0x0000000000000000
2026/09/12 05:18:32.392, 2190 MHz, 14.16 W, 19 %, 55, 0x0000000000000000
2026/09/12 05:18:32.592, 2190 MHz, 14.16 W, 19 %, 55, 0x0000000000000000
2026/09/12 05:18:32.792, 2190 MHz, 14.16 W, 19 %, 55, 0x0000000000000000
2026/09/12 05:18:32.992, 2190 MHz, 13.84 W, 19 %, 55, 0x0000000000000000
2026/09/12 05:18:33.193, 2190 MHz, 13.84 W, 19 %, 55, 0x0000000000000000
2026/09/12 05:18:33.393, 2190 MHz, 13.14 W, 11 %, 55, 0x0000000000000000
2026/09/12 05:18:33.593, 2190 MHz, 13.14 W, 11 %, 55, 0x0000000000000000
2026/09/12 05:18:33.793, 2190 MHz, 13.14 W, 11 %, 55, 0x0000000000000000
2026/09/12 05:18:33.994, 2190 MHz, 12.91 W, 11 %, 56, 0x0000000000000000
2026/09/12 05:18:34.194, 2190 MHz, 12.91 W, 11 %, 56, 0x0000000000000000
2026/09/12 05:18:34.394, 2190 MHz, 13.38 W, 18 %, 55, 0x0000000000000000
2026/09/12 05:18:34.594, 2190 MHz, 13.38 W, 18 %, 55, 0x0000000000000000
2026/09/12 05:18:34.794, 2190 MHz, 13.38 W, 18 %, 55, 0x0000000000000000
2026/09/12 05:18:34.994, 2190 MHz, 14.15 W, 18 %, 55, 0x0000000000000000
2026/09/12 05:18:35.194, 2190 MHz, 14.15 W, 18 %, 55, 0x0000000000000000
2026/09/12 05:18:35.395, 2190 MHz, 14.49 W, 33 %, 56, 0x0000000000000000
2026/09/12 05:18:35.595, 2190 MHz, 14.49 W, 33 %, 56, 0x0000000000000000
2026/09/12 05:18:35.795, 2190 MHz, 14.49 W, 33 %, 56, 0x0000000000000000
2026/09/12 05:18:35.995, 2190 MHz, 14.73 W, 33 %, 55, 0x0000000000000000
2026/09/12 05:18:36.195, 2190 MHz, 14.73 W, 33 %, 55, 0x0000000000000000
2026/09/12 05:18:36.396, 2190 MHz, 15.78 W, 45 %, 55, 0x0000000000000000
2026/09/12 05:18:36.596, 2190 MHz, 15.78 W, 45 %, 55, 0x0000000000000000
2026/09/12 05:18:36.796, 2190 MHz, 15.78 W, 45 %, 55, 0x0000000000000000
2026/09/12 05:18:36.996, 2190 MHz, 16.41 W, 45 %, 56, 0x0000000000000000
2026/09/12 05:18:37.196, 2190 MHz, 16.41 W, 45 %, 56, 0x0000000000000000
2026/09/12 05:18:37.396, 2190 MHz, 16.86 W, 37 %, 55, 0x0000000000000000
2026/09/12 05:18:37.596, 2190 MHz, 16.86 W, 37 %, 55, 0x0000000000000000
2026/09/12 05:18:37.797, 2190 MHz, 16.86 W, 37 %, 55, 0x0000000000000000
2026/09/12 05:18:37.997, 2190 MHz, 16.98 W, 37 %, 56, 0x0000000000000000
2026/09/12 05:18:38.197, 2190 MHz, 16.98 W, 37 %, 56, 0x0000000000000000
2026/09/12 05:18:38.397, 2190 MHz, 16.56 W, 30 %, 55, 0x0000000000000000
2026/09/12 05:18:38.597, 2190 MHz, 16.56 W, 30 %, 55, 0x0000000000000000
2026/09/12 05:18:38.797, 2190 MHz, 16.56 W, 30 %, 55, 0x0000000000000000
2026/09/12 05:18:38.998, 2190 MHz, 17.61 W, 30 %, 56, 0x0000000000000000
2026/09/12 05:18:39.198, 2190 MHz, 17.61 W, 30 %, 56, 0x0000000000000000
2026/09/12 05:18:39.398, 2190 MHz, 18.90 W, 53 %, 56, 0x0000000000000000
2026/09/12 05:18:39.598, 2190 MHz, 18.90 W, 53 %, 56, 0x0000000000000000
2026/09/12 05:18:39.798, 2190 MHz, 18.90 W, 53 %, 56, 0x0000000000000000
2026/09/12 05:18:39.999, 2190 MHz, 19.56 W, 53 %, 56, 0x0000000000000000
2026/09/12 05:18:40.199, 2190 MHz, 19.56 W, 53 %, 56, 0x0000000000000000
2026/09/12 05:18:40.399, 2190 MHz, 20.05 W, 49 %, 57, 0x0000000000000000
2026/09/12 05:18:40.599, 2190 MHz, 20.05 W, 49 %, 57, 0x0000000000000000
2026/09/12 05:18:40.800, 2190 MHz, 20.05 W, 49 %, 57, 0x0000000000000000
2026/09/12 05:18:41.000, 2190 MHz, 19.73 W, 49 %, 57, 0x0000000000000000
2026/09/12 05:18:41.200, 2190 MHz, 19.73 W, 49 %, 57, 0x0000000000000000
2026/09/12 05:18:41.400, 2190 MHz, 19.81 W, 49 %, 57, 0x0000000000000000
2026/09/12 05:18:41.600, 2190 MHz, 19.81 W, 49 %, 57, 0x0000000000000000
2026/09/12 05:18:41.801, 2190 MHz, 19.81 W, 49 %, 57, 0x0000000000000000
2026/09/12 05:18:42.001, 2190 MHz, 20.08 W, 49 %, 56, 0x0000000000000000
2026/09/12 05:18:42.201, 2190 MHz, 20.08 W, 49 %, 56, 0x0000000000000000
2026/09/12 05:18:42.401, 2190 MHz, 20.51 W, 55 %, 57, 0x0000000000000000
2026/09/12 05:18:42.601, 2190 MHz, 20.51 W, 55 %, 57, 0x0000000000000000
2026/09/12 05:18:42.801, 2190 MHz, 20.51 W, 55 %, 57, 0x0000000000000000
2026/09/12 05:18:43.002, 2190 MHz, 20.75 W, 55 %, 56, 0x0000000000000000
2026/09/12 05:18:43.202, 2190 MHz, 20.75 W, 55 %, 56, 0x0000000000000000
2026/09/12 05:18:43.402, 2190 MHz, 20.09 W, 36 %, 56, 0x0000000000000000
2026/09/12 05:18:43.602, 2190 MHz, 20.09 W, 36 %, 56, 0x0000000000000000
2026/09/12 05:18:43.802, 2190 MHz, 20.09 W, 36 %, 56, 0x0000000000000000
2026/09/12 05:18:44.002, 2190 MHz, 18.56 W, 36 %, 56, 0x0000000000000000
2026/09/12 05:18:44.202, 2190 MHz, 18.56 W, 36 %, 56, 0x0000000000000000
2026/09/12 05:18:44.403, 2190 MHz, 16.25 W, 18 %, 56, 0x0000000000000000
2026/09/12 05:18:44.603, 2190 MHz, 16.25 W, 18 %, 56, 0x0000000000000000
2026/09/12 05:18:44.803, 2190 MHz, 16.25 W, 18 %, 56, 0x0000000000000000
2026/09/12 05:18:45.003, 2190 MHz, 15.21 W, 18 %, 56, 0x0000000000000000
2026/09/12 05:18:45.203, 2190 MHz, 15.21 W, 18 %, 56, 0x0000000000000000
2026/09/12 05:18:45.403, 2190 MHz, 15.77 W, 49 %, 56, 0x0000000000000000
2026/09/12 05:18:45.604, 2190 MHz, 15.77 W, 49 %, 56, 0x0000000000000000
2026/09/12 05:18:45.804, 2190 MHz, 15.77 W, 49 %, 56, 0x0000000000000000
2026/09/12 05:18:46.004, 2190 MHz, 16.46 W, 49 %, 56, 0x0000000000000000
2026/09/12 05:18:46.204, 2190 MHz, 16.46 W, 49 %, 56, 0x0000000000000000
2026/09/12 05:18:46.405, 2190 MHz, 17.05 W, 46 %, 56, 0x0000000000000000
2026/09/12 05:18:46.605, 2190 MHz, 17.05 W, 46 %, 56, 0x0000000000000000
2026/09/12 05:18:46.805, 2190 MHz, 17.05 W, 46 %, 56, 0x0000000000000000
2026/09/12 05:18:47.006, 2190 MHz, 17.48 W, 46 %, 56, 0x0000000000000000
2026/09/12 05:18:47.206, 2190 MHz, 17.48 W, 46 %, 56, 0x0000000000000000
2026/09/12 05:18:47.406, 2190 MHz, 17.72 W, 44 %, 56, 0x0000000000000000
2026/09/12 05:18:47.606, 2190 MHz, 17.72 W, 44 %, 56, 0x0000000000000000
2026/09/12 05:18:47.807, 2190 MHz, 17.72 W, 44 %, 56, 0x0000000000000000
2026/09/12 05:18:48.007, 2190 MHz, 18.65 W, 44 %, 56, 0x0000000000000000
2026/09/12 05:18:48.207, 2190 MHz, 18.65 W, 44 %, 56, 0x0000000000000000
2026/09/12 05:18:48.407, 2190 MHz, 19.28 W, 45 %, 57, 0x0000000000000000
2026/09/12 05:18:48.607, 2190 MHz, 19.28 W, 45 %, 57, 0x0000000000000000
2026/09/12 05:18:48.808, 2190 MHz, 19.28 W, 45 %, 57, 0x0000000000000000
2026/09/12 05:18:49.008, 2190 MHz, 18.84 W, 45 %, 56, 0x0000000000000000
2026/09/12 05:18:49.208, 2190 MHz, 18.84 W, 45 %, 56, 0x0000000000000000
2026/09/12 05:18:49.408, 2190 MHz, 18.73 W, 51 %, 56, 0x0000000000000000
2026/09/12 05:18:49.609, 2190 MHz, 18.73 W, 51 %, 56, 0x0000000000000000
2026/09/12 05:18:49.809, 2190 MHz, 18.73 W, 51 %, 56, 0x0000000000000000
2026/09/12 05:18:50.009, 2190 MHz, 19.10 W, 51 %, 57, 0x0000000000000000
2026/09/12 05:18:50.210, 2190 MHz, 19.10 W, 51 %, 57, 0x0000000000000000
2026/09/12 05:18:50.410, 2190 MHz, 19.70 W, 57 %, 57, 0x0000000000000000
2026/09/12 05:18:50.610, 2190 MHz, 19.70 W, 57 %, 57, 0x0000000000000000
2026/09/12 05:18:50.810, 2190 MHz, 19.70 W, 57 %, 57, 0x0000000000000000
2026/09/12 05:18:51.010, 2190 MHz, 20.55 W, 57 %, 57, 0x0000000000000000
2026/09/12 05:18:51.210, 2190 MHz, 20.55 W, 57 %, 57, 0x0000000000000000
2026/09/12 05:18:51.411, 2190 MHz, 20.36 W, 52 %, 56, 0x0000000000000000
2026/09/12 05:18:51.611, 2190 MHz, 20.36 W, 52 %, 56, 0x0000000000000000
2026/09/12 05:18:51.811, 2190 MHz, 20.36 W, 52 %, 56, 0x0000000000000000
2026/09/12 05:18:52.011, 2190 MHz, 19.57 W, 52 %, 57, 0x0000000000000000
2026/09/12 05:18:52.211, 2190 MHz, 19.57 W, 52 %, 57, 0x0000000000000000
2026/09/12 05:18:52.412, 2190 MHz, 19.42 W, 49 %, 57, 0x0000000000000000
2026/09/12 05:18:52.612, 2190 MHz, 19.42 W, 49 %, 57, 0x0000000000000000
2026/09/12 05:18:52.812, 2190 MHz, 19.42 W, 49 %, 57, 0x0000000000000000
2026/09/12 05:18:53.012, 2190 MHz, 19.61 W, 49 %, 57, 0x0000000000000000
2026/09/12 05:18:53.212, 2190 MHz, 19.61 W, 49 %, 57, 0x0000000000000000
2026/09/12 05:18:53.413, 2190 MHz, 20.64 W, 50 %, 57, 0x0000000000000000
2026/09/12 05:18:53.613, 2190 MHz, 20.64 W, 50 %, 57, 0x0000000000000000
2026/09/12 05:18:53.813, 2190 MHz, 20.64 W, 50 %, 57, 0x0000000000000000
2026/09/12 05:18:54.013, 2190 MHz, 20.77 W, 50 %, 57, 0x0000000000000000
2026/09/12 05:18:54.214, 2190 MHz, 20.77 W, 50 %, 57, 0x0000000000000000
2026/09/12 05:18:54.414, 2190 MHz, 20.18 W, 64 %, 57, 0x0000000000000000
2026/09/12 05:18:54.614, 2190 MHz, 20.18 W, 64 %, 57, 0x0000000000000000
2026/09/12 05:18:54.814, 2190 MHz, 20.18 W, 64 %, 57, 0x0000000000000000
2026/09/12 05:18:55.014, 2190 MHz, 20.36 W, 64 %, 57, 0x0000000000000000
2026/09/12 05:18:55.215, 2190 MHz, 20.36 W, 64 %, 57, 0x0000000000000000
2026/09/12 05:18:55.415, 2190 MHz, 19.64 W, 32 %, 57, 0x0000000000000000
2026/09/12 05:18:55.615, 2190 MHz, 19.64 W, 32 %, 57, 0x0000000000000000
2026/09/12 05:18:55.815, 2190 MHz, 19.64 W, 32 %, 57, 0x0000000000000000
2026/09/12 05:18:56.016, 2190 MHz, 16.99 W, 32 %, 56, 0x0000000000000000
2026/09/12 05:18:56.216, 2190 MHz, 16.99 W, 32 %, 56, 0x0000000000000000
2026/09/12 05:18:56.416, 2190 MHz, 14.79 W, 12 %, 56, 0x0000000000000000
2026/09/12 05:18:56.616, 2190 MHz, 14.79 W, 12 %, 56, 0x0000000000000000
2026/09/12 05:18:56.816, 2190 MHz, 14.79 W, 12 %, 56, 0x0000000000000000
2026/09/12 05:18:57.017, 2190 MHz, 14.37 W, 12 %, 56, 0x0000000000000000
2026/09/12 05:18:57.217, 2190 MHz, 14.37 W, 12 %, 56, 0x0000000000000000
2026/09/12 05:18:57.417, 2190 MHz, 14.73 W, 29 %, 56, 0x0000000000000000
2026/09/12 05:18:57.617, 2190 MHz, 14.73 W, 29 %, 56, 0x0000000000000000
2026/09/12 05:18:57.818, 2190 MHz, 14.73 W, 29 %, 56, 0x0000000000000000
2026/09/12 05:18:58.018, 2190 MHz, 16.24 W, 29 %, 57, 0x0000000000000000
2026/09/12 05:18:58.218, 2190 MHz, 16.24 W, 29 %, 57, 0x0000000000000000
2026/09/12 05:18:58.418, 2190 MHz, 16.53 W, 44 %, 57, 0x0000000000000000
2026/09/12 05:18:58.619, 2190 MHz, 16.53 W, 44 %, 57, 0x0000000000000000
2026/09/12 05:18:58.819, 2190 MHz, 16.53 W, 44 %, 57, 0x0000000000000000
2026/09/12 05:18:59.019, 2190 MHz, 16.55 W, 44 %, 56, 0x0000000000000000
2026/09/12 05:18:59.220, 2190 MHz, 16.55 W, 44 %, 56, 0x0000000000000000
2026/09/12 05:18:59.420, 2190 MHz, 17.15 W, 31 %, 57, 0x0000000000000000
2026/09/12 05:18:59.620, 2190 MHz, 17.15 W, 31 %, 57, 0x0000000000000000
2026/09/12 05:18:59.820, 2190 MHz, 17.15 W, 31 %, 57, 0x0000000000000000
2026/09/12 05:19:00.020, 2190 MHz, 17.27 W, 31 %, 57, 0x0000000000000000
2026/09/12 05:19:00.221, 2190 MHz, 17.27 W, 31 %, 57, 0x0000000000000000
2026/09/12 05:19:00.421, 2190 MHz, 17.42 W, 40 %, 56, 0x0000000000000000
2026/09/12 05:19:00.621, 2190 MHz, 17.42 W, 40 %, 56, 0x0000000000000000
2026/09/12 05:19:00.821, 2190 MHz, 17.42 W, 40 %, 56, 0x0000000000000000
2026/09/12 05:19:01.021, 2190 MHz, 17.88 W, 40 %, 57, 0x0000000000000000
2026/09/12 05:19:01.222, 2190 MHz, 17.88 W, 40 %, 57, 0x0000000000000000
2026/09/12 05:19:01.422, 2190 MHz, 18.30 W, 45 %, 57, 0x0000000000000000
2026/09/12 05:19:01.622, 2190 MHz, 18.30 W, 45 %, 57, 0x0000000000000000
2026/09/12 05:19:01.823, 2190 MHz, 18.30 W, 45 %, 57, 0x0000000000000000
2026/09/12 05:19:02.023, 2190 MHz, 18.40 W, 45 %, 56, 0x0000000000000000
2026/09/12 05:19:02.223, 2190 MHz, 18.40 W, 45 %, 56, 0x0000000000000000
2026/09/12 05:19:02.424, 2190 MHz, 15.65 W, 0 %, 56, 0x0000000000000000
2026/09/12 05:19:02.624, 2190 MHz, 15.65 W, 0 %, 56, 0x0000000000000000
2026/09/12 05:19:02.824, 2190 MHz, 15.65 W, 0 %, 56, 0x0000000000000000
2026/09/12 05:19:03.024, 2190 MHz, 11.67 W, 0 %, 56, 0x0000000000000000
2026/09/12 05:19:03.224, 2190 MHz, 11.67 W, 0 %, 56, 0x0000000000000000
2026/09/12 05:19:03.425, 2190 MHz, 10.91 W, 5 %, 56, 0x0000000000000000
2026/09/12 05:19:03.625, 2190 MHz, 10.91 W, 5 %, 56, 0x0000000000000000
2026/09/12 05:19:03.825, 2190 MHz, 10.91 W, 5 %, 56, 0x0000000000000000
2026/09/12 05:19:04.025, 2190 MHz, 11.51 W, 5 %, 56, 0x0000000000000000
2026/09/12 05:19:04.225, 2190 MHz, 11.51 W, 5 %, 56, 0x0000000000000000
2026/09/12 05:19:04.425, 2190 MHz, 11.61 W, 3 %, 56, 0x0000000000000000
2026/09/12 05:19:04.626, 2190 MHz, 11.61 W, 3 %, 56, 0x0000000000000000
2026/09/12 05:19:04.826, 2190 MHz, 11.61 W, 3 %, 56, 0x0000000000000000
2026/09/12 05:19:05.026, 2190 MHz, 11.54 W, 3 %, 55, 0x0000000000000000
2026/09/12 05:19:05.226, 2190 MHz, 11.54 W, 3 %, 55, 0x0000000000000000
2026/09/12 05:19:05.426, 2190 MHz, 11.46 W, 4 %, 55, 0x0000000000000000
2026/09/12 05:19:05.626, 2190 MHz, 11.46 W, 4 %, 55, 0x0000000000000000
2026/09/12 05:19:05.826, 2190 MHz, 11.46 W, 4 %, 55, 0x0000000000000000
2026/09/12 05:19:06.027, 2190 MHz, 11.50 W, 4 %, 55, 0x0000000000000000
2026/09/12 05:19:06.227, 2190 MHz, 11.50 W, 4 %, 55, 0x0000000000000000
2026/09/12 05:19:06.427, 2190 MHz, 11.47 W, 5 %, 55, 0x0000000000000000
2026/09/12 05:19:06.627, 2190 MHz, 11.47 W, 5 %, 55, 0x0000000000000000
2026/09/12 05:19:06.827, 2190 MHz, 11.47 W, 5 %, 55, 0x0000000000000000
2026/09/12 05:19:07.028, 2190 MHz, 11.93 W, 5 %, 56, 0x0000000000000000
2026/09/12 05:19:07.228, 2190 MHz, 11.93 W, 5 %, 56, 0x0000000000000000
2026/09/12 05:19:07.428, 2190 MHz, 12.44 W, 11 %, 56, 0x0000000000000000
2026/09/12 05:19:07.629, 2190 MHz, 12.44 W, 11 %, 56, 0x0000000000000000
2026/09/12 05:19:07.829, 2190 MHz, 12.44 W, 11 %, 56, 0x0000000000000000
2026/09/12 05:19:08.029, 2190 MHz, 13.12 W, 11 %, 56, 0x0000000000000000
2026/09/12 05:19:08.230, 2190 MHz, 13.12 W, 11 %, 56, 0x0000000000000000
2026/09/12 05:19:08.430, 2190 MHz, 13.82 W, 20 %, 56, 0x0000000000000000
2026/09/12 05:19:08.630, 2190 MHz, 13.82 W, 20 %, 56, 0x0000000000000000
2026/09/12 05:19:08.831, 2190 MHz, 13.82 W, 20 %, 56, 0x0000000000000000
2026/09/12 05:19:09.031, 2190 MHz, 13.75 W, 20 %, 56, 0x0000000000000000
2026/09/12 05:19:09.231, 2190 MHz, 13.75 W, 20 %, 56, 0x0000000000000000
2026/09/12 05:19:09.431, 2190 MHz, 13.92 W, 21 %, 56, 0x0000000000000000
2026/09/12 05:19:09.631, 2190 MHz, 13.92 W, 21 %, 56, 0x0000000000000000
2026/09/12 05:19:09.831, 2190 MHz, 13.92 W, 21 %, 56, 0x0000000000000000
2026/09/12 05:19:10.031, 2190 MHz, 14.46 W, 21 %, 56, 0x0000000000000000
2026/09/12 05:19:10.232, 2190 MHz, 14.46 W, 21 %, 56, 0x0000000000000000
2026/09/12 05:19:10.432, 2190 MHz, 14.98 W, 33 %, 56, 0x0000000000000000
2026/09/12 05:19:10.632, 2190 MHz, 14.98 W, 33 %, 56, 0x0000000000000000
2026/09/12 05:19:10.832, 2190 MHz, 14.98 W, 33 %, 56, 0x0000000000000000
2026/09/12 05:19:11.032, 2190 MHz, 15.18 W, 33 %, 56, 0x0000000000000000
2026/09/12 05:19:11.233, 2190 MHz, 15.18 W, 33 %, 56, 0x0000000000000000
2026/09/12 05:19:11.433, 2190 MHz, 14.77 W, 29 %, 56, 0x0000000000000000
2026/09/12 05:19:11.633, 2190 MHz, 14.77 W, 29 %, 56, 0x0000000000000000
2026/09/12 05:19:11.833, 2190 MHz, 14.77 W, 29 %, 56, 0x0000000000000000
2026/09/12 05:19:12.034, 2190 MHz, 15.32 W, 29 %, 56, 0x0000000000000000
2026/09/12 05:19:12.234, 2190 MHz, 15.32 W, 29 %, 56, 0x0000000000000000
2026/09/12 05:19:12.434, 2190 MHz, 16.09 W, 32 %, 57, 0x0000000000000000
2026/09/12 05:19:12.634, 2190 MHz, 16.09 W, 32 %, 57, 0x0000000000000000
2026/09/12 05:19:12.834, 2190 MHz, 16.09 W, 32 %, 57, 0x0000000000000000
2026/09/12 05:19:13.035, 2190 MHz, 15.85 W, 32 %, 56, 0x0000000000000000
2026/09/12 05:19:13.235, 2190 MHz, 15.85 W, 32 %, 56, 0x0000000000000000
2026/09/12 05:19:13.435, 2190 MHz, 14.98 W, 17 %, 56, 0x0000000000000000
2026/09/12 05:19:13.636, 2190 MHz, 14.98 W, 17 %, 56, 0x0000000000000000
2026/09/12 05:19:13.836, 2190 MHz, 14.98 W, 17 %, 56, 0x0000000000000000
2026/09/12 05:19:14.036, 2190 MHz, 14.47 W, 17 %, 56, 0x0000000000000000
2026/09/12 05:19:14.236, 2190 MHz, 14.47 W, 17 %, 56, 0x0000000000000000
2026/09/12 05:19:14.436, 2190 MHz, 14.04 W, 15 %, 57, 0x0000000000000000
2026/09/12 05:19:14.637, 2190 MHz, 14.04 W, 15 %, 57, 0x0000000000000000
2026/09/12 05:19:14.837, 2190 MHz, 14.04 W, 15 %, 57, 0x0000000000000000
2026/09/12 05:19:15.038, 2190 MHz, 13.24 W, 15 %, 56, 0x0000000000000000
2026/09/12 05:19:15.238, 2190 MHz, 13.24 W, 15 %, 56, 0x0000000000000000
2026/09/12 05:19:15.438, 2190 MHz, 13.41 W, 25 %, 56, 0x0000000000000000
2026/09/12 05:19:15.639, 2190 MHz, 13.41 W, 25 %, 56, 0x0000000000000000
2026/09/12 05:19:15.840, 2190 MHz, 13.41 W, 25 %, 56, 0x0000000000000000
2026/09/12 05:19:16.040, 2190 MHz, 14.05 W, 25 %, 56, 0x0000000000000000
2026/09/12 05:19:16.240, 2190 MHz, 14.05 W, 25 %, 56, 0x0000000000000000
2026/09/12 05:19:16.440, 2190 MHz, 14.64 W, 24 %, 56, 0x0000000000000000
2026/09/12 05:19:16.640, 2190 MHz, 14.64 W, 24 %, 56, 0x0000000000000000
2026/09/12 05:19:16.841, 2190 MHz, 14.64 W, 24 %, 56, 0x0000000000000000
2026/09/12 05:19:17.041, 2190 MHz, 15.26 W, 24 %, 56, 0x0000000000000000
2026/09/12 05:19:17.241, 2190 MHz, 15.26 W, 24 %, 56, 0x0000000000000000
2026/09/12 05:19:17.441, 2190 MHz, 16.08 W, 31 %, 56, 0x0000000000000000
2026/09/12 05:19:17.641, 2190 MHz, 16.08 W, 31 %, 56, 0x0000000000000000
2026/09/12 05:19:17.842, 2190 MHz, 16.08 W, 31 %, 56, 0x0000000000000000
2026/09/12 05:19:18.043, 2190 MHz, 17.08 W, 31 %, 56, 0x0000000000000000
2026/09/12 05:19:18.243, 2190 MHz, 17.08 W, 31 %, 56, 0x0000000000000000
2026/09/12 05:19:18.443, 2190 MHz, 17.74 W, 38 %, 57, 0x0000000000000000
2026/09/12 05:19:18.643, 2190 MHz, 17.74 W, 38 %, 57, 0x0000000000000000
2026/09/12 05:19:18.843, 2190 MHz, 17.74 W, 38 %, 57, 0x0000000000000000
2026/09/12 05:19:19.043, 2190 MHz, 17.75 W, 38 %, 57, 0x0000000000000000
2026/09/12 05:19:19.244, 2190 MHz, 17.75 W, 38 %, 57, 0x0000000000000000
2026/09/12 05:19:19.444, 2190 MHz, 17.53 W, 37 %, 56, 0x0000000000000000
2026/09/12 05:19:19.644, 2190 MHz, 17.53 W, 37 %, 56, 0x0000000000000000
2026/09/12 05:19:19.844, 2190 MHz, 17.53 W, 37 %, 56, 0x0000000000000000
2026/09/12 05:19:20.044, 2190 MHz, 18.58 W, 37 %, 57, 0x0000000000000000
2026/09/12 05:19:20.245, 2190 MHz, 18.58 W, 37 %, 57, 0x0000000000000000
2026/09/12 05:19:20.445, 2190 MHz, 20.18 W, 63 %, 57, 0x0000000000000000
2026/09/12 05:19:20.645, 2190 MHz, 20.18 W, 63 %, 57, 0x0000000000000000
2026/09/12 05:19:20.845, 2190 MHz, 20.18 W, 63 %, 57, 0x0000000000000000
2026/09/12 05:19:21.046, 2190 MHz, 20.67 W, 63 %, 57, 0x0000000000000000
2026/09/12 05:19:21.246, 2190 MHz, 20.67 W, 63 %, 57, 0x0000000000000000
2026/09/12 05:19:21.446, 2190 MHz, 20.61 W, 50 %, 57, 0x0000000000000000
2026/09/12 05:19:21.646, 2190 MHz, 20.61 W, 50 %, 57, 0x0000000000000000
2026/09/12 05:19:21.846, 2190 MHz, 20.61 W, 50 %, 57, 0x0000000000000000
2026/09/12 05:19:22.047, 2190 MHz, 20.60 W, 50 %, 57, 0x0000000000000000
2026/09/12 05:19:22.247, 2190 MHz, 20.60 W, 50 %, 57, 0x0000000000000000
2026/09/12 05:19:22.447, 2190 MHz, 20.65 W, 65 %, 57, 0x0000000000000000
2026/09/12 05:19:22.647, 2190 MHz, 20.65 W, 65 %, 57, 0x0000000000000000
2026/09/12 05:19:22.847, 2190 MHz, 20.65 W, 65 %, 57, 0x0000000000000000
2026/09/12 05:19:23.047, 2190 MHz, 21.06 W, 65 %, 57, 0x0000000000000000
2026/09/12 05:19:23.248, 2190 MHz, 21.06 W, 65 %, 57, 0x0000000000000000
2026/09/12 05:19:23.448, 2190 MHz, 21.39 W, 66 %, 58, 0x0000000000000000
2026/09/12 05:19:23.648, 2190 MHz, 21.39 W, 66 %, 58, 0x0000000000000000
2026/09/12 05:19:23.848, 2190 MHz, 21.39 W, 66 %, 58, 0x0000000000000000
2026/09/12 05:19:24.048, 2190 MHz, 20.83 W, 66 %, 58, 0x0000000000000000
2026/09/12 05:19:24.249, 2190 MHz, 20.83 W, 66 %, 58, 0x0000000000000000
2026/09/12 05:19:24.449, 2190 MHz, 19.11 W, 43 %, 57, 0x0000000000000000
2026/09/12 05:19:24.649, 2190 MHz, 19.11 W, 43 %, 57, 0x0000000000000000
2026/09/12 05:19:24.849, 2190 MHz, 19.11 W, 43 %, 57, 0x0000000000000000
2026/09/12 05:19:25.049, 2190 MHz, 17.11 W, 43 %, 57, 0x0000000000000000
2026/09/12 05:19:25.250, 2190 MHz, 17.11 W, 43 %, 57, 0x0000000000000000
2026/09/12 05:19:25.450, 2190 MHz, 15.28 W, 24 %, 57, 0x0000000000000000
2026/09/12 05:19:25.650, 2190 MHz, 15.28 W, 24 %, 57, 0x0000000000000000
2026/09/12 05:19:25.850, 2190 MHz, 15.28 W, 24 %, 57, 0x0000000000000000
2026/09/12 05:19:26.050, 2190 MHz, 15.15 W, 24 %, 57, 0x0000000000000000
2026/09/12 05:19:26.250, 2190 MHz, 15.15 W, 24 %, 57, 0x0000000000000000
2026/09/12 05:19:26.450, 2190 MHz, 16.52 W, 36 %, 57, 0x0000000000000000
2026/09/12 05:19:26.651, 2190 MHz, 16.52 W, 36 %, 57, 0x0000000000000000
2026/09/12 05:19:26.851, 2190 MHz, 16.52 W, 36 %, 57, 0x0000000000000000
2026/09/12 05:19:27.051, 2190 MHz, 17.93 W, 36 %, 57, 0x0000000000000000
2026/09/12 05:19:27.251, 2190 MHz, 17.93 W, 36 %, 57, 0x0000000000000000
2026/09/12 05:19:27.451, 2190 MHz, 18.72 W, 48 %, 57, 0x0000000000000000
2026/09/12 05:19:27.652, 2190 MHz, 18.72 W, 48 %, 57, 0x0000000000000000
2026/09/12 05:19:27.852, 2190 MHz, 18.72 W, 48 %, 57, 0x0000000000000000
2026/09/12 05:19:28.053, 2190 MHz, 19.10 W, 48 %, 58, 0x0000000000000000
2026/09/12 05:19:28.253, 2190 MHz, 19.10 W, 48 %, 58, 0x0000000000000000
2026/09/12 05:19:28.453, 2190 MHz, 19.55 W, 49 %, 58, 0x0000000000000000
2026/09/12 05:19:28.653, 2190 MHz, 19.55 W, 49 %, 58, 0x0000000000000000
2026/09/12 05:19:28.854, 2190 MHz, 19.55 W, 49 %, 58, 0x0000000000000000
2026/09/12 05:19:29.054, 2190 MHz, 19.74 W, 49 %, 57, 0x0000000000000000
2026/09/12 05:19:29.254, 2190 MHz, 19.74 W, 49 %, 57, 0x0000000000000000
2026/09/12 05:19:29.454, 2190 MHz, 19.32 W, 44 %, 57, 0x0000000000000000
2026/09/12 05:19:29.654, 2190 MHz, 19.32 W, 44 %, 57, 0x0000000000000000
2026/09/12 05:19:29.855, 2190 MHz, 19.32 W, 44 %, 57, 0x0000000000000000
2026/09/12 05:19:30.055, 2190 MHz, 19.35 W, 44 %, 58, 0x0000000000000000
2026/09/12 05:19:30.256, 2190 MHz, 19.35 W, 44 %, 58, 0x0000000000000000
2026/09/12 05:19:30.456, 2190 MHz, 20.30 W, 55 %, 57, 0x0000000000000000
2026/09/12 05:19:30.656, 2190 MHz, 20.30 W, 55 %, 57, 0x0000000000000000
2026/09/12 05:19:30.856, 2190 MHz, 20.30 W, 55 %, 57, 0x0000000000000000
2026/09/12 05:19:31.057, 2190 MHz, 20.97 W, 55 %, 58, 0x0000000000000000
2026/09/12 05:19:31.257, 2190 MHz, 20.97 W, 55 %, 58, 0x0000000000000000
2026/09/12 05:19:31.457, 2190 MHz, 21.12 W, 54 %, 57, 0x0000000000000000
2026/09/12 05:19:31.658, 2190 MHz, 21.12 W, 54 %, 57, 0x0000000000000000
2026/09/12 05:19:31.858, 2190 MHz, 21.12 W, 54 %, 57, 0x0000000000000000
2026/09/12 05:19:32.058, 2190 MHz, 20.63 W, 54 %, 58, 0x0000000000000000
2026/09/12 05:19:32.258, 2190 MHz, 20.63 W, 54 %, 58, 0x0000000000000000
2026/09/12 05:19:32.459, 2190 MHz, 20.01 W, 46 %, 57, 0x0000000000000000
2026/09/12 05:19:32.659, 2190 MHz, 20.01 W, 46 %, 57, 0x0000000000000000
2026/09/12 05:19:32.859, 2190 MHz, 20.01 W, 46 %, 57, 0x0000000000000000
2026/09/12 05:19:33.059, 2190 MHz, 20.01 W, 46 %, 58, 0x0000000000000000
2026/09/12 05:19:33.259, 2190 MHz, 20.01 W, 46 %, 58, 0x0000000000000000
2026/09/12 05:19:33.459, 2190 MHz, 21.09 W, 51 %, 58, 0x0000000000000000
2026/09/12 05:19:33.660, 2190 MHz, 21.09 W, 51 %, 58, 0x0000000000000000
2026/09/12 05:19:33.860, 2190 MHz, 21.09 W, 51 %, 58, 0x0000000000000000
2026/09/12 05:19:34.060, 2190 MHz, 21.46 W, 51 %, 58, 0x0000000000000000
2026/09/12 05:19:34.260, 2190 MHz, 21.46 W, 51 %, 58, 0x0000000000000000
2026/09/12 05:19:34.461, 2190 MHz, 20.75 W, 60 %, 58, 0x0000000000000000
2026/09/12 05:19:34.661, 2190 MHz, 20.75 W, 60 %, 58, 0x0000000000000000
2026/09/12 05:19:34.861, 2190 MHz, 20.75 W, 60 %, 58, 0x0000000000000000
2026/09/12 05:19:35.061, 2190 MHz, 20.91 W, 60 %, 58, 0x0000000000000000
2026/09/12 05:19:35.261, 2190 MHz, 20.91 W, 60 %, 58, 0x0000000000000000
2026/09/12 05:19:35.461, 2190 MHz, 19.66 W, 30 %, 58, 0x0000000000000000
2026/09/12 05:19:35.662, 2190 MHz, 19.66 W, 30 %, 58, 0x0000000000000000
2026/09/12 05:19:35.862, 2190 MHz, 19.66 W, 30 %, 58, 0x0000000000000000
2026/09/12 05:19:36.062, 2190 MHz, 16.66 W, 30 %, 57, 0x0000000000000000
2026/09/12 05:19:36.263, 2190 MHz, 16.66 W, 30 %, 57, 0x0000000000000000
2026/09/12 05:19:36.463, 2190 MHz, 14.70 W, 15 %, 57, 0x0000000000000000
2026/09/12 05:19:36.663, 2190 MHz, 14.70 W, 15 %, 57, 0x0000000000000000
2026/09/12 05:19:36.863, 2190 MHz, 14.70 W, 15 %, 57, 0x0000000000000000
2026/09/12 05:19:37.064, 2190 MHz, 14.41 W, 15 %, 57, 0x0000000000000000
2026/09/12 05:19:37.264, 2190 MHz, 14.41 W, 15 %, 57, 0x0000000000000000
2026/09/12 05:19:37.464, 2190 MHz, 15.05 W, 27 %, 57, 0x0000000000000000
2026/09/12 05:19:37.665, 2190 MHz, 15.05 W, 27 %, 57, 0x0000000000000000
2026/09/12 05:19:37.865, 2190 MHz, 15.05 W, 27 %, 57, 0x0000000000000000
2026/09/12 05:19:38.066, 2190 MHz, 16.44 W, 27 %, 57, 0x0000000000000000
2026/09/12 05:19:38.266, 2190 MHz, 16.44 W, 27 %, 57, 0x0000000000000000
2026/09/12 05:19:38.466, 2190 MHz, 17.11 W, 35 %, 57, 0x0000000000000000
2026/09/12 05:19:38.666, 2190 MHz, 17.11 W, 35 %, 57, 0x0000000000000000
2026/09/12 05:19:38.866, 2190 MHz, 17.11 W, 35 %, 57, 0x0000000000000000
2026/09/12 05:19:39.066, 2190 MHz, 17.60 W, 35 %, 58, 0x0000000000000000
2026/09/12 05:19:39.267, 2190 MHz, 17.60 W, 35 %, 58, 0x0000000000000000
2026/09/12 05:19:39.467, 2190 MHz, 17.55 W, 32 %, 58, 0x0000000000000000
2026/09/12 05:19:39.667, 2190 MHz, 17.55 W, 32 %, 58, 0x0000000000000000
2026/09/12 05:19:39.867, 2190 MHz, 17.55 W, 32 %, 58, 0x0000000000000000
2026/09/12 05:19:40.067, 2190 MHz, 17.54 W, 32 %, 57, 0x0000000000000000
2026/09/12 05:19:40.267, 2190 MHz, 17.54 W, 32 %, 57, 0x0000000000000000
2026/09/12 05:19:40.468, 2190 MHz, 18.37 W, 46 %, 58, 0x0000000000000000
2026/09/12 05:19:40.668, 2190 MHz, 18.37 W, 46 %, 58, 0x0000000000000000
2026/09/12 05:19:40.868, 2190 MHz, 18.37 W, 46 %, 58, 0x0000000000000000
2026/09/12 05:19:41.068, 2190 MHz, 18.56 W, 46 %, 57, 0x0000000000000000
2026/09/12 05:19:41.268, 2190 MHz, 18.56 W, 46 %, 57, 0x0000000000000000
2026/09/12 05:19:41.468, 2190 MHz, 18.82 W, 36 %, 57, 0x0000000000000000
2026/09/12 05:19:41.669, 2190 MHz, 18.82 W, 36 %, 57, 0x0000000000000000
2026/09/12 05:19:41.869, 2190 MHz, 18.82 W, 36 %, 57, 0x0000000000000000
2026/09/12 05:19:42.069, 2190 MHz, 17.50 W, 36 %, 57, 0x0000000000000000
2026/09/12 05:19:42.270, 2190 MHz, 17.50 W, 36 %, 57, 0x0000000000000000
2026/09/12 05:19:42.470, 2190 MHz, 13.15 W, 0 %, 56, 0x0000000000000000
2026/09/12 05:19:42.670, 2190 MHz, 13.15 W, 0 %, 56, 0x0000000000000000
2026/09/12 05:19:42.870, 2190 MHz, 13.15 W, 0 %, 56, 0x0000000000000000
2026/09/12 05:19:43.071, 2190 MHz, 10.59 W, 0 %, 56, 0x0000000000000000
2026/09/12 05:19:43.271, 2190 MHz, 10.59 W, 0 %, 56, 0x0000000000000000
2026/09/12 05:19:43.471, 2190 MHz, 11.14 W, 5 %, 56, 0x0000000000000000
2026/09/12 05:19:43.671, 2190 MHz, 11.14 W, 5 %, 56, 0x0000000000000000
2026/09/12 05:19:43.871, 2190 MHz, 11.14 W, 5 %, 56, 0x0000000000000000
2026/09/12 05:19:44.071, 2190 MHz, 11.46 W, 5 %, 56, 0x0000000000000000
2026/09/12 05:19:44.271, 2190 MHz, 11.46 W, 5 %, 56, 0x0000000000000000
2026/09/12 05:19:44.472, 2190 MHz, 11.56 W, 4 %, 56, 0x0000000000000000
2026/09/12 05:19:44.672, 2190 MHz, 11.56 W, 4 %, 56, 0x0000000000000000
2026/09/12 05:19:44.872, 2190 MHz, 11.56 W, 4 %, 56, 0x0000000000000000
2026/09/12 05:19:45.072, 2190 MHz, 11.56 W, 4 %, 58, 0x0000000000000000
2026/09/12 05:19:45.272, 2190 MHz, 11.56 W, 4 %, 58, 0x0000000000000000
2026/09/12 05:19:45.473, 2190 MHz, 11.53 W, 4 %, 56, 0x0000000000000000
2026/09/12 05:19:45.673, 2190 MHz, 11.53 W, 4 %, 56, 0x0000000000000000
2026/09/12 05:19:45.873, 2190 MHz, 11.53 W, 4 %, 56, 0x0000000000000000
2026/09/12 05:19:46.073, 2190 MHz, 11.50 W, 4 %, 56, 0x0000000000000000
2026/09/12 05:19:46.273, 2190 MHz, 11.50 W, 4 %, 56, 0x0000000000000000
2026/09/12 05:19:46.474, 2190 MHz, 11.38 W, 5 %, 56, 0x0000000000000000
2026/09/12 05:19:46.674, 2190 MHz, 11.38 W, 5 %, 56, 0x0000000000000000
2026/09/12 05:19:46.874, 2190 MHz, 11.38 W, 5 %, 56, 0x0000000000000000
2026/09/12 05:19:47.074, 2190 MHz, 12.33 W, 5 %, 56, 0x0000000000000000
2026/09/12 05:19:47.274, 2190 MHz, 12.33 W, 5 %, 56, 0x0000000000000000
2026/09/12 05:19:47.474, 2190 MHz, 13.36 W, 27 %, 57, 0x0000000000000000
2026/09/12 05:19:47.675, 2190 MHz, 13.36 W, 27 %, 57, 0x0000000000000000
2026/09/12 05:19:47.875, 2190 MHz, 13.36 W, 27 %, 57, 0x0000000000000000
2026/09/12 05:19:48.075, 2190 MHz, 13.65 W, 27 %, 57, 0x0000000000000000
2026/09/12 05:19:48.275, 2190 MHz, 13.65 W, 27 %, 57, 0x0000000000000000
2026/09/12 05:19:48.475, 2190 MHz, 13.76 W, 30 %, 57, 0x0000000000000000
2026/09/12 05:19:48.676, 2190 MHz, 13.76 W, 30 %, 57, 0x0000000000000000
2026/09/12 05:19:48.876, 2190 MHz, 13.76 W, 30 %, 57, 0x0000000000000000
2026/09/12 05:19:49.077, 2190 MHz, 13.74 W, 30 %, 56, 0x0000000000000000
2026/09/12 05:19:49.277, 2190 MHz, 13.74 W, 30 %, 56, 0x0000000000000000
2026/09/12 05:19:49.477, 2190 MHz, 14.09 W, 19 %, 57, 0x0000000000000000
2026/09/12 05:19:49.678, 2190 MHz, 14.09 W, 19 %, 57, 0x0000000000000000
2026/09/12 05:19:49.878, 2190 MHz, 14.65 W, 19 %, 57, 0x0000000000000000
2026/09/12 05:19:50.078, 2190 MHz, 14.65 W, 19 %, 56, 0x0000000000000000
2026/09/12 05:19:50.278, 2190 MHz, 14.65 W, 19 %, 56, 0x0000000000000000
2026/09/12 05:19:50.478, 2190 MHz, 15.01 W, 23 %, 57, 0x0000000000000000
2026/09/12 05:19:50.678, 2190 MHz, 15.01 W, 23 %, 57, 0x0000000000000000
2026/09/12 05:19:50.878, 2190 MHz, 15.12 W, 23 %, 56, 0x0000000000000000
2026/09/12 05:19:51.079, 2190 MHz, 15.12 W, 23 %, 56, 0x0000000000000000
2026/09/12 05:19:51.279, 2190 MHz, 15.12 W, 23 %, 56, 0x0000000000000000
2026/09/12 05:19:51.479, 2190 MHz, 15.12 W, 25 %, 57, 0x0000000000000000
2026/09/12 05:19:51.679, 2190 MHz, 15.12 W, 25 %, 57, 0x0000000000000000
2026/09/12 05:19:51.879, 2190 MHz, 15.76 W, 25 %, 57, 0x0000000000000000
2026/09/12 05:19:52.080, 2190 MHz, 15.76 W, 25 %, 57, 0x0000000000000000
2026/09/12 05:19:52.280, 2190 MHz, 15.76 W, 25 %, 57, 0x0000000000000000
2026/09/12 05:19:52.480, 2190 MHz, 15.99 W, 26 %, 57, 0x0000000000000000
2026/09/12 05:19:52.681, 2190 MHz, 15.99 W, 26 %, 57, 0x0000000000000000
2026/09/12 05:19:52.881, 2190 MHz, 15.76 W, 26 %, 57, 0x0000000000000000
2026/09/12 05:19:53.081, 2190 MHz, 15.76 W, 26 %, 57, 0x0000000000000000
2026/09/12 05:19:53.281, 2190 MHz, 15.76 W, 26 %, 57, 0x0000000000000000
2026/09/12 05:19:53.481, 2190 MHz, 15.12 W, 22 %, 56, 0x0000000000000000
2026/09/12 05:19:53.681, 2190 MHz, 15.12 W, 22 %, 56, 0x0000000000000000
2026/09/12 05:19:53.882, 2190 MHz, 14.28 W, 22 %, 57, 0x0000000000000000
2026/09/12 05:19:54.082, 2190 MHz, 14.28 W, 22 %, 57, 0x0000000000000000
2026/09/12 05:19:54.282, 2190 MHz, 14.28 W, 22 %, 57, 0x0000000000000000
2026/09/12 05:19:54.482, 2190 MHz, 13.90 W, 12 %, 56, 0x0000000000000000
2026/09/12 05:19:54.683, 2190 MHz, 13.90 W, 12 %, 56, 0x0000000000000000
2026/09/12 05:19:54.883, 2190 MHz, 13.26 W, 12 %, 56, 0x0000000000000000
2026/09/12 05:19:55.083, 2190 MHz, 13.26 W, 12 %, 56, 0x0000000000000000
2026/09/12 05:19:55.283, 2190 MHz, 13.26 W, 12 %, 56, 0x0000000000000000
2026/09/12 05:19:55.483, 2190 MHz, 13.38 W, 20 %, 56, 0x0000000000000000
2026/09/12 05:19:55.683, 2190 MHz, 13.38 W, 20 %, 56, 0x0000000000000000
2026/09/12 05:19:55.883, 2190 MHz, 13.73 W, 20 %, 57, 0x0000000000000000
2026/09/12 05:19:56.084, 2190 MHz, 13.73 W, 20 %, 57, 0x0000000000000000
2026/09/12 05:19:56.284, 2190 MHz, 13.73 W, 20 %, 57, 0x0000000000000000
2026/09/12 05:19:56.484, 2190 MHz, 14.29 W, 22 %, 57, 0x0000000000000000
2026/09/12 05:19:56.684, 2190 MHz, 14.29 W, 22 %, 57, 0x0000000000000000
2026/09/12 05:19:56.884, 2190 MHz, 15.04 W, 22 %, 57, 0x0000000000000000
2026/09/12 05:19:57.084, 2190 MHz, 15.04 W, 22 %, 57, 0x0000000000000000
2026/09/12 05:19:57.284, 2190 MHz, 15.04 W, 22 %, 57, 0x0000000000000000
2026/09/12 05:19:57.485, 2190 MHz, 15.66 W, 48 %, 57, 0x0000000000000000
2026/09/12 05:19:57.685, 2190 MHz, 15.66 W, 48 %, 57, 0x0000000000000000
2026/09/12 05:19:57.885, 2190 MHz, 16.59 W, 48 %, 57, 0x0000000000000000
2026/09/12 05:19:58.085, 2190 MHz, 16.59 W, 48 %, 57, 0x0000000000000000
2026/09/12 05:19:58.285, 2190 MHz, 16.59 W, 48 %, 57, 0x0000000000000000
2026/09/12 05:19:58.485, 2190 MHz, 17.34 W, 52 %, 57, 0x0000000000000000
2026/09/12 05:19:58.685, 2190 MHz, 17.34 W, 52 %, 57, 0x0000000000000000
2026/09/12 05:19:58.885, 2190 MHz, 17.41 W, 52 %, 57, 0x0000000000000000
2026/09/12 05:19:59.086, 2190 MHz, 17.41 W, 52 %, 57, 0x0000000000000000
2026/09/12 05:19:59.286, 2190 MHz, 17.41 W, 52 %, 57, 0x0000000000000000
2026/09/12 05:19:59.486, 2190 MHz, 17.05 W, 32 %, 57, 0x0000000000000000
2026/09/12 05:19:59.686, 2190 MHz, 17.05 W, 32 %, 57, 0x0000000000000000
2026/09/12 05:19:59.886, 2190 MHz, 17.40 W, 32 %, 57, 0x0000000000000000
2026/09/12 05:20:00.086, 2190 MHz, 17.40 W, 32 %, 57, 0x0000000000000000
2026/09/12 05:20:00.286, 2190 MHz, 17.40 W, 32 %, 57, 0x0000000000000000
2026/09/12 05:20:00.487, 2190 MHz, 18.73 W, 55 %, 58, 0x0000000000000000
2026/09/12 05:20:00.687, 2190 MHz, 18.73 W, 55 %, 58, 0x0000000000000000
2026/09/12 05:20:00.887, 2190 MHz, 19.89 W, 55 %, 58, 0x0000000000000000
2026/09/12 05:20:01.087, 2190 MHz, 19.89 W, 55 %, 58, 0x0000000000000000
2026/09/12 05:20:01.287, 2190 MHz, 19.89 W, 55 %, 58, 0x0000000000000000
2026/09/12 05:20:01.487, 2190 MHz, 20.62 W, 61 %, 58, 0x0000000000000000
2026/09/12 05:20:01.687, 2190 MHz, 20.62 W, 61 %, 58, 0x0000000000000000
2026/09/12 05:20:01.887, 2190 MHz, 20.86 W, 61 %, 57, 0x0000000000000000
2026/09/12 05:20:02.088, 2190 MHz, 20.86 W, 61 %, 57, 0x0000000000000000
2026/09/12 05:20:02.288, 2190 MHz, 20.86 W, 61 %, 57, 0x0000000000000000
2026/09/12 05:20:02.488, 2190 MHz, 20.67 W, 53 %, 58, 0x0000000000000000
2026/09/12 05:20:02.688, 2190 MHz, 20.67 W, 53 %, 58, 0x0000000000000000
2026/09/12 05:20:02.888, 2190 MHz, 20.15 W, 53 %, 58, 0x0000000000000000
2026/09/12 05:20:03.089, 2190 MHz, 20.15 W, 53 %, 58, 0x0000000000000000
2026/09/12 05:20:03.289, 2190 MHz, 20.15 W, 53 %, 58, 0x0000000000000000
2026/09/12 05:20:03.489, 2190 MHz, 20.58 W, 53 %, 58, 0x0000000000000000
2026/09/12 05:20:03.689, 2190 MHz, 20.58 W, 53 %, 58, 0x0000000000000000
2026/09/12 05:20:03.889, 2190 MHz, 21.22 W, 53 %, 58, 0x0000000000000000
2026/09/12 05:20:04.089, 2190 MHz, 21.22 W, 53 %, 58, 0x0000000000000000
2026/09/12 05:20:04.290, 2190 MHz, 21.22 W, 53 %, 58, 0x0000000000000000
2026/09/12 05:20:04.490, 2190 MHz, 20.76 W, 42 %, 58, 0x0000000000000000
2026/09/12 05:20:04.690, 2190 MHz, 20.76 W, 42 %, 58, 0x0000000000000000
2026/09/12 05:20:04.890, 2190 MHz, 18.79 W, 42 %, 58, 0x0000000000000000
2026/09/12 05:20:05.090, 2190 MHz, 18.79 W, 42 %, 58, 0x0000000000000000
2026/09/12 05:20:05.290, 2190 MHz, 18.79 W, 42 %, 58, 0x0000000000000000
2026/09/12 05:20:05.491, 2190 MHz, 16.31 W, 16 %, 57, 0x0000000000000000
2026/09/12 05:20:05.691, 2190 MHz, 16.31 W, 16 %, 57, 0x0000000000000000
2026/09/12 05:20:05.891, 2190 MHz, 15.40 W, 16 %, 57, 0x0000000000000000
2026/09/12 05:20:06.091, 2190 MHz, 15.40 W, 16 %, 57, 0x0000000000000000
2026/09/12 05:20:06.291, 2190 MHz, 15.40 W, 16 %, 57, 0x0000000000000000
2026/09/12 05:20:06.492, 2190 MHz, 16.11 W, 43 %, 58, 0x0000000000000000
2026/09/12 05:20:06.692, 2190 MHz, 16.11 W, 43 %, 58, 0x0000000000000000
2026/09/12 05:20:06.893, 2190 MHz, 17.09 W, 43 %, 58, 0x0000000000000000
2026/09/12 05:20:07.093, 2190 MHz, 17.09 W, 43 %, 58, 0x0000000000000000
2026/09/12 05:20:07.293, 2190 MHz, 17.09 W, 43 %, 58, 0x0000000000000000
2026/09/12 05:20:07.493, 2190 MHz, 17.87 W, 42 %, 57, 0x0000000000000000
2026/09/12 05:20:07.694, 2190 MHz, 17.87 W, 42 %, 57, 0x0000000000000000
2026/09/12 05:20:07.894, 2190 MHz, 18.30 W, 42 %, 58, 0x0000000000000000
2026/09/12 05:20:08.095, 2190 MHz, 18.30 W, 42 %, 58, 0x0000000000000000
2026/09/12 05:20:08.295, 2190 MHz, 18.30 W, 42 %, 58, 0x0000000000000000
2026/09/12 05:20:08.495, 2190 MHz, 18.89 W, 54 %, 58, 0x0000000000000000
2026/09/12 05:20:08.696, 2190 MHz, 18.89 W, 54 %, 58, 0x0000000000000000
2026/09/12 05:20:08.896, 2190 MHz, 19.35 W, 54 %, 58, 0x0000000000000000
2026/09/12 05:20:09.096, 2190 MHz, 19.35 W, 54 %, 58, 0x0000000000000000
2026/09/12 05:20:09.296, 2190 MHz, 19.35 W, 54 %, 58, 0x0000000000000000
2026/09/12 05:20:09.497, 2190 MHz, 19.29 W, 60 %, 58, 0x0000000000000000
2026/09/12 05:20:09.697, 2190 MHz, 19.29 W, 60 %, 58, 0x0000000000000000
2026/09/12 05:20:09.897, 2190 MHz, 18.78 W, 60 %, 58, 0x0000000000000000
2026/09/12 05:20:10.098, 2190 MHz, 18.78 W, 60 %, 58, 0x0000000000000000
2026/09/12 05:20:10.298, 2190 MHz, 18.78 W, 60 %, 58, 0x0000000000000000
2026/09/12 05:20:10.498, 2190 MHz, 19.13 W, 48 %, 58, 0x0000000000000000
2026/09/12 05:20:10.698, 2190 MHz, 19.13 W, 48 %, 58, 0x0000000000000000
2026/09/12 05:20:10.899, 2190 MHz, 20.28 W, 48 %, 59, 0x0000000000000000
2026/09/12 05:20:11.099, 2190 MHz, 20.28 W, 48 %, 59, 0x0000000000000000
2026/09/12 05:20:11.299, 2190 MHz, 20.28 W, 48 %, 59, 0x0000000000000000
2026/09/12 05:20:11.500, 2190 MHz, 20.79 W, 67 %, 58, 0x0000000000000000
2026/09/12 05:20:11.700, 2190 MHz, 20.79 W, 67 %, 58, 0x0000000000000000
2026/09/12 05:20:11.900, 2190 MHz, 20.86 W, 67 %, 58, 0x0000000000000000
2026/09/12 05:20:12.100, 2190 MHz, 20.86 W, 67 %, 58, 0x0000000000000000
2026/09/12 05:20:12.301, 2190 MHz, 20.86 W, 67 %, 58, 0x0000000000000000
2026/09/12 05:20:12.501, 2190 MHz, 20.58 W, 48 %, 58, 0x0000000000000000
2026/09/12 05:20:12.702, 2190 MHz, 20.58 W, 48 %, 58, 0x0000000000000000
2026/09/12 05:20:12.902, 2190 MHz, 19.75 W, 48 %, 58, 0x0000000000000000
2026/09/12 05:20:13.102, 2190 MHz, 19.75 W, 48 %, 58, 0x0000000000000000
2026/09/12 05:20:13.302, 2190 MHz, 19.75 W, 48 %, 58, 0x0000000000000000
2026/09/12 05:20:13.502, 2190 MHz, 19.44 W, 43 %, 58, 0x0000000000000000
2026/09/12 05:20:13.703, 2190 MHz, 19.44 W, 43 %, 58, 0x0000000000000000
2026/09/12 05:20:13.903, 2190 MHz, 21.01 W, 43 %, 59, 0x0000000000000000
2026/09/12 05:20:14.103, 2190 MHz, 21.01 W, 43 %, 59, 0x0000000000000000
2026/09/12 05:20:14.303, 2190 MHz, 21.01 W, 43 %, 59, 0x0000000000000000
2026/09/12 05:20:14.503, 2190 MHz, 21.09 W, 52 %, 58, 0x0000000000000000
2026/09/12 05:20:14.703, 2190 MHz, 21.09 W, 52 %, 58, 0x0000000000000000
2026/09/12 05:20:14.903, 2190 MHz, 20.29 W, 52 %, 58, 0x0000000000000000
2026/09/12 05:20:15.104, 2190 MHz, 20.29 W, 52 %, 58, 0x0000000000000000
2026/09/12 05:20:15.304, 2190 MHz, 20.29 W, 52 %, 58, 0x0000000000000000
2026/09/12 05:20:15.504, 2190 MHz, 20.59 W, 44 %, 59, 0x0000000000000000
2026/09/12 05:20:15.704, 2190 MHz, 20.59 W, 44 %, 59, 0x0000000000000000
2026/09/12 05:20:15.904, 2190 MHz, 20.15 W, 44 %, 58, 0x0000000000000000
2026/09/12 05:20:16.104, 2190 MHz, 20.15 W, 44 %, 58, 0x0000000000000000
2026/09/12 05:20:16.305, 2190 MHz, 20.15 W, 44 %, 58, 0x0000000000000000
2026/09/12 05:20:16.505, 2190 MHz, 17.53 W, 20 %, 57, 0x0000000000000000
2026/09/12 05:20:16.705, 2190 MHz, 17.53 W, 20 %, 57, 0x0000000000000000
2026/09/12 05:20:16.905, 2190 MHz, 14.92 W, 20 %, 58, 0x0000000000000000
2026/09/12 05:20:17.106, 2190 MHz, 14.92 W, 20 %, 58, 0x0000000000000000
2026/09/12 05:20:17.306, 2190 MHz, 14.92 W, 20 %, 58, 0x0000000000000000
2026/09/12 05:20:17.506, 2190 MHz, 14.56 W, 18 %, 58, 0x0000000000000000
2026/09/12 05:20:17.707, 2190 MHz, 14.56 W, 18 %, 58, 0x0000000000000000
2026/09/12 05:20:17.907, 2190 MHz, 15.19 W, 18 %, 58, 0x0000000000000000
2026/09/12 05:20:18.107, 2190 MHz, 15.19 W, 18 %, 58, 0x0000000000000000
2026/09/12 05:20:18.307, 2190 MHz, 15.19 W, 18 %, 58, 0x0000000000000000
2026/09/12 05:20:18.507, 2190 MHz, 16.82 W, 50 %, 58, 0x0000000000000000
2026/09/12 05:20:18.707, 2190 MHz, 16.82 W, 50 %, 58, 0x0000000000000000
2026/09/12 05:20:18.907, 2190 MHz, 17.04 W, 50 %, 58, 0x0000000000000000
2026/09/12 05:20:19.107, 2190 MHz, 17.04 W, 50 %, 58, 0x0000000000000000
2026/09/12 05:20:19.308, 2190 MHz, 17.04 W, 50 %, 58, 0x0000000000000000
2026/09/12 05:20:19.508, 2190 MHz, 16.87 W, 45 %, 58, 0x0000000000000000
2026/09/12 05:20:19.708, 2190 MHz, 16.87 W, 45 %, 58, 0x0000000000000000
2026/09/12 05:20:19.908, 2190 MHz, 17.62 W, 45 %, 58, 0x0000000000000000
2026/09/12 05:20:20.108, 2190 MHz, 17.62 W, 45 %, 58, 0x0000000000000000
2026/09/12 05:20:20.308, 2190 MHz, 17.62 W, 45 %, 58, 0x0000000000000000
2026/09/12 05:20:20.509, 2190 MHz, 17.88 W, 48 %, 58, 0x0000000000000000
2026/09/12 05:20:20.709, 2190 MHz, 17.88 W, 48 %, 58, 0x0000000000000000
2026/09/12 05:20:20.909, 2190 MHz, 17.91 W, 48 %, 58, 0x0000000000000000
2026/09/12 05:20:21.109, 2190 MHz, 17.91 W, 48 %, 58, 0x0000000000000000
2026/09/12 05:20:21.310, 2190 MHz, 17.91 W, 48 %, 58, 0x0000000000000000
2026/09/12 05:20:21.510, 2190 MHz, 18.35 W, 47 %, 58, 0x0000000000000000
2026/09/12 05:20:21.710, 2190 MHz, 18.35 W, 47 %, 58, 0x0000000000000000
2026/09/12 05:20:21.911, 2190 MHz, 18.81 W, 47 %, 58, 0x0000000000000000
2026/09/12 05:20:22.111, 2190 MHz, 18.81 W, 47 %, 58, 0x0000000000000000
2026/09/12 05:20:22.311, 2190 MHz, 18.81 W, 47 %, 58, 0x0000000000000000
2026/09/12 05:20:22.512, 2190 MHz, 18.86 W, 40 %, 58, 0x0000000000000000
2026/09/12 05:20:22.712, 2190 MHz, 18.86 W, 40 %, 58, 0x0000000000000000
2026/09/12 05:20:22.912, 2190 MHz, 15.66 W, 40 %, 57, 0x0000000000000000
2026/09/12 05:20:23.112, 2190 MHz, 15.66 W, 40 %, 57, 0x0000000000000000
2026/09/12 05:20:23.313, 2190 MHz, 15.66 W, 40 %, 57, 0x0000000000000000
2026/09/12 05:20:23.513, 2190 MHz, 11.48 W, 2 %, 57, 0x0000000000000000
2026/09/12 05:20:23.713, 2190 MHz, 11.48 W, 2 %, 57, 0x0000000000000000
2026/09/12 05:20:23.914, 2190 MHz, 10.99 W, 2 %, 57, 0x0000000000000000
2026/09/12 05:20:24.114, 2190 MHz, 10.99 W, 2 %, 57, 0x0000000000000000
2026/09/12 05:20:24.314, 2190 MHz, 10.99 W, 2 %, 57, 0x0000000000000000
2026/09/12 05:20:24.515, 2190 MHz, 11.55 W, 7 %, 57, 0x0000000000000000
2026/09/12 05:20:24.715, 2190 MHz, 11.55 W, 7 %, 57, 0x0000000000000000
2026/09/12 05:20:24.916, 2190 MHz, 11.59 W, 7 %, 57, 0x0000000000000000
2026/09/12 05:20:25.116, 2190 MHz, 11.59 W, 7 %, 57, 0x0000000000000000
2026/09/12 05:20:25.316, 2190 MHz, 11.59 W, 7 %, 57, 0x0000000000000000
2026/09/12 05:20:25.517, 2190 MHz, 11.65 W, 4 %, 57, 0x0000000000000000
2026/09/12 05:20:25.717, 2190 MHz, 11.65 W, 4 %, 57, 0x0000000000000000
2026/09/12 05:20:25.917, 2190 MHz, 11.55 W, 4 %, 57, 0x0000000000000000
2026/09/12 05:20:26.118, 2190 MHz, 11.55 W, 4 %, 57, 0x0000000000000000
2026/09/12 05:20:26.319, 2190 MHz, 11.55 W, 4 %, 57, 0x0000000000000000
2026/09/12 05:20:26.519, 2190 MHz, 11.50 W, 3 %, 57, 0x0000000000000000
2026/09/12 05:20:26.719, 2190 MHz, 11.50 W, 3 %, 57, 0x0000000000000000
2026/09/12 05:20:26.920, 2190 MHz, 11.52 W, 3 %, 57, 0x0000000000000000
2026/09/12 05:20:27.120, 2190 MHz, 11.52 W, 3 %, 57, 0x0000000000000000
2026/09/12 05:20:27.320, 2190 MHz, 11.52 W, 3 %, 57, 0x0000000000000000
2026/09/12 05:20:27.520, 2190 MHz, 12.19 W, 12 %, 57, 0x0000000000000000
2026/09/12 05:20:27.720, 2190 MHz, 12.19 W, 12 %, 57, 0x0000000000000000
2026/09/12 05:20:27.921, 2190 MHz, 13.08 W, 12 %, 57, 0x0000000000000000
2026/09/12 05:20:28.121, 2190 MHz, 13.08 W, 12 %, 57, 0x0000000000000000
2026/09/12 05:20:28.321, 2190 MHz, 13.08 W, 12 %, 57, 0x0000000000000000
2026/09/12 05:20:28.522, 2190 MHz, 13.61 W, 27 %, 57, 0x0000000000000000
2026/09/12 05:20:28.722, 2190 MHz, 13.61 W, 27 %, 57, 0x0000000000000000
2026/09/12 05:20:28.922, 2190 MHz, 13.72 W, 27 %, 57, 0x0000000000000000
2026/09/12 05:20:29.123, 2190 MHz, 13.72 W, 27 %, 57, 0x0000000000000000
2026/09/12 05:20:29.323, 2190 MHz, 13.72 W, 27 %, 57, 0x0000000000000000
2026/09/12 05:20:29.524, 2190 MHz, 13.50 W, 19 %, 57, 0x0000000000000000
2026/09/12 05:20:29.724, 2190 MHz, 13.50 W, 19 %, 57, 0x0000000000000000
2026/09/12 05:20:29.925, 2190 MHz, 13.72 W, 19 %, 57, 0x0000000000000000
2026/09/12 05:20:30.126, 2190 MHz, 13.72 W, 19 %, 57, 0x0000000000000000
2026/09/12 05:20:30.326, 2190 MHz, 13.72 W, 19 %, 57, 0x0000000000000000
2026/09/12 05:20:30.526, 2190 MHz, 14.54 W, 29 %, 57, 0x0000000000000000
2026/09/12 05:20:30.727, 2190 MHz, 14.54 W, 29 %, 57, 0x0000000000000000
2026/09/12 05:20:30.927, 2190 MHz, 15.04 W, 29 %, 57, 0x0000000000000000
2026/09/12 05:20:31.127, 2190 MHz, 15.04 W, 29 %, 57, 0x0000000000000000
2026/09/12 05:20:31.327, 2190 MHz, 15.04 W, 29 %, 57, 0x0000000000000000
2026/09/12 05:20:31.528, 2190 MHz, 15.31 W, 29 %, 57, 0x0000000000000000
2026/09/12 05:20:31.729, 2190 MHz, 15.31 W, 29 %, 57, 0x0000000000000000
2026/09/12 05:20:31.929, 2190 MHz, 15.15 W, 29 %, 57, 0x0000000000000000
2026/09/12 05:20:32.129, 2190 MHz, 15.15 W, 29 %, 57, 0x0000000000000000
2026/09/12 05:20:32.330, 2190 MHz, 15.15 W, 29 %, 57, 0x0000000000000000
2026/09/12 05:20:32.530, 2190 MHz, 15.50 W, 35 %, 58, 0x0000000000000000
2026/09/12 05:20:32.730, 2190 MHz, 15.50 W, 35 %, 58, 0x0000000000000000
2026/09/12 05:20:32.931, 2190 MHz, 16.26 W, 35 %, 58, 0x0000000000000000
2026/09/12 05:20:33.131, 2190 MHz, 16.26 W, 35 %, 58, 0x0000000000000000
2026/09/12 05:20:33.331, 2190 MHz, 16.26 W, 35 %, 58, 0x0000000000000000
2026/09/12 05:20:33.532, 2190 MHz, 16.16 W, 34 %, 57, 0x0000000000000000
2026/09/12 05:20:33.732, 2190 MHz, 16.16 W, 34 %, 57, 0x0000000000000000
2026/09/12 05:20:33.932, 2190 MHz, 15.15 W, 34 %, 57, 0x0000000000000000
2026/09/12 05:20:34.132, 2190 MHz, 15.15 W, 34 %, 57, 0x0000000000000000
2026/09/12 05:20:34.333, 2190 MHz, 15.15 W, 34 %, 57, 0x0000000000000000
2026/09/12 05:20:34.533, 2190 MHz, 14.35 W, 21 %, 57, 0x0000000000000000
2026/09/12 05:20:34.733, 2190 MHz, 14.35 W, 21 %, 57, 0x0000000000000000
2026/09/12 05:20:34.933, 2190 MHz, 14.15 W, 21 %, 57, 0x0000000000000000
2026/09/12 05:20:35.134, 2190 MHz, 14.15 W, 21 %, 57, 0x0000000000000000
2026/09/12 05:20:35.334, 2190 MHz, 14.15 W, 21 %, 57, 0x0000000000000000
2026/09/12 05:20:35.534, 2190 MHz, 13.58 W, 13 %, 57, 0x0000000000000000
2026/09/12 05:20:35.734, 2190 MHz, 13.58 W, 13 %, 57, 0x0000000000000000
2026/09/12 05:20:35.935, 2190 MHz, 13.19 W, 13 %, 57, 0x0000000000000000
2026/09/12 05:20:36.135, 2190 MHz, 13.19 W, 13 %, 57, 0x0000000000000000
2026/09/12 05:20:36.335, 2190 MHz, 13.19 W, 13 %, 57, 0x0000000000000000
2026/09/12 05:20:36.535, 2190 MHz, 13.76 W, 22 %, 57, 0x0000000000000000
2026/09/12 05:20:36.736, 2190 MHz, 13.76 W, 22 %, 57, 0x0000000000000000
2026/09/12 05:20:36.936, 2190 MHz, 14.68 W, 22 %, 57, 0x0000000000000000
2026/09/12 05:20:37.136, 2190 MHz, 14.68 W, 22 %, 57, 0x0000000000000000
2026/09/12 05:20:37.336, 2190 MHz, 14.68 W, 22 %, 57, 0x0000000000000000
2026/09/12 05:20:37.536, 2190 MHz, 14.93 W, 27 %, 57, 0x0000000000000000
2026/09/12 05:20:37.736, 2190 MHz, 14.93 W, 27 %, 57, 0x0000000000000000
2026/09/12 05:20:37.936, 2190 MHz, 15.25 W, 27 %, 58, 0x0000000000000000
2026/09/12 05:20:38.137, 2190 MHz, 15.25 W, 27 %, 58, 0x0000000000000000
2026/09/12 05:20:38.337, 2190 MHz, 15.25 W, 27 %, 58, 0x0000000000000000
2026/09/12 05:20:38.537, 2190 MHz, 16.57 W, 37 %, 57, 0x0000000000000000
2026/09/12 05:20:38.738, 2190 MHz, 16.57 W, 37 %, 57, 0x0000000000000000
2026/09/12 05:20:38.938, 2190 MHz, 17.37 W, 37 %, 58, 0x0000000000000000
2026/09/12 05:20:39.138, 2190 MHz, 17.37 W, 37 %, 58, 0x0000000000000000
2026/09/12 05:20:39.339, 2190 MHz, 17.37 W, 37 %, 58, 0x0000000000000000
2026/09/12 05:20:39.539, 2190 MHz, 17.56 W, 39 %, 58, 0x0000000000000000
2026/09/12 05:20:39.739, 2190 MHz, 17.56 W, 39 %, 58, 0x0000000000000000
2026/09/12 05:20:39.939, 2190 MHz, 17.47 W, 39 %, 58, 0x0000000000000000
2026/09/12 05:20:40.140, 2190 MHz, 17.47 W, 39 %, 58, 0x0000000000000000
2026/09/12 05:20:40.340, 2190 MHz, 17.47 W, 39 %, 58, 0x0000000000000000
2026/09/12 05:20:40.541, 2190 MHz, 17.48 W, 49 %, 58, 0x0000000000000000
2026/09/12 05:20:40.741, 2190 MHz, 17.48 W, 49 %, 58, 0x0000000000000000
2026/09/12 05:20:40.941, 2190 MHz, 18.45 W, 49 %, 58, 0x0000000000000000
2026/09/12 05:20:41.142, 2190 MHz, 18.45 W, 49 %, 58, 0x0000000000000000
2026/09/12 05:20:41.342, 2190 MHz, 18.45 W, 49 %, 58, 0x0000000000000000
2026/09/12 05:20:41.543, 2190 MHz, 19.65 W, 51 %, 58, 0x0000000000000000
2026/09/12 05:20:41.743, 2190 MHz, 19.65 W, 51 %, 58, 0x0000000000000000
2026/09/12 05:20:41.943, 2190 MHz, 20.09 W, 51 %, 58, 0x0000000000000000
2026/09/12 05:20:42.144, 2190 MHz, 20.09 W, 51 %, 58, 0x0000000000000000
2026/09/12 05:20:42.344, 2190 MHz, 20.09 W, 51 %, 58, 0x0000000000000000
2026/09/12 05:20:42.544, 2190 MHz, 20.07 W, 42 %, 58, 0x0000000000000000
2026/09/12 05:20:42.745, 2190 MHz, 20.07 W, 42 %, 58, 0x0000000000000000
2026/09/12 05:20:42.945, 2190 MHz, 20.37 W, 42 %, 59, 0x0000000000000000
2026/09/12 05:20:43.145, 2190 MHz, 20.37 W, 42 %, 59, 0x0000000000000000
2026/09/12 05:20:43.345, 2190 MHz, 20.37 W, 42 %, 59, 0x0000000000000000
2026/09/12 05:20:43.546, 2190 MHz, 20.56 W, 52 %, 59, 0x0000000000000000
2026/09/12 05:20:43.746, 2190 MHz, 20.56 W, 52 %, 59, 0x0000000000000000
2026/09/12 05:20:43.946, 2190 MHz, 21.10 W, 52 %, 58, 0x0000000000000000
2026/09/12 05:20:44.146, 2190 MHz, 21.10 W, 52 %, 58, 0x0000000000000000
2026/09/12 05:20:44.346, 2190 MHz, 21.10 W, 52 %, 58, 0x0000000000000000
2026/09/12 05:20:44.547, 2190 MHz, 21.56 W, 53 %, 58, 0x0000000000000000
2026/09/12 05:20:44.747, 2190 MHz, 21.56 W, 53 %, 58, 0x0000000000000000
2026/09/12 05:20:44.947, 2190 MHz, 21.13 W, 53 %, 59, 0x0000000000000000
2026/09/12 05:20:45.148, 2190 MHz, 21.13 W, 53 %, 59, 0x0000000000000000
2026/09/12 05:20:45.348, 2190 MHz, 21.13 W, 53 %, 59, 0x0000000000000000
2026/09/12 05:20:45.549, 2190 MHz, 19.04 W, 34 %, 58, 0x0000000000000000
2026/09/12 05:20:45.749, 2190 MHz, 19.04 W, 34 %, 58, 0x0000000000000000
2026/09/12 05:20:45.949, 2190 MHz, 16.92 W, 34 %, 57, 0x0000000000000000
2026/09/12 05:20:46.149, 2190 MHz, 16.92 W, 34 %, 57, 0x0000000000000000
2026/09/12 05:20:46.350, 2190 MHz, 16.92 W, 34 %, 57, 0x0000000000000000
2026/09/12 05:20:46.550, 2190 MHz, 15.26 W, 31 %, 58, 0x0000000000000000
2026/09/12 05:20:46.750, 2190 MHz, 15.26 W, 31 %, 58, 0x0000000000000000
2026/09/12 05:20:46.950, 2190 MHz, 15.06 W, 31 %, 57, 0x0000000000000000
2026/09/12 05:20:47.150, 2190 MHz, 15.06 W, 31 %, 57, 0x0000000000000000
2026/09/12 05:20:47.351, 2190 MHz, 15.06 W, 31 %, 57, 0x0000000000000000
2026/09/12 05:20:47.551, 2190 MHz, 16.19 W, 33 %, 58, 0x0000000000000000
2026/09/12 05:20:47.751, 2190 MHz, 16.19 W, 33 %, 58, 0x0000000000000000
2026/09/12 05:20:47.951, 2190 MHz, 17.51 W, 33 %, 58, 0x0000000000000000
2026/09/12 05:20:48.151, 2190 MHz, 17.51 W, 33 %, 58, 0x0000000000000000
2026/09/12 05:20:48.352, 2190 MHz, 17.51 W, 33 %, 58, 0x0000000000000000
2026/09/12 05:20:48.552, 2190 MHz, 18.14 W, 40 %, 58, 0x0000000000000000
2026/09/12 05:20:48.752, 2190 MHz, 18.14 W, 40 %, 58, 0x0000000000000000
2026/09/12 05:20:48.953, 2190 MHz, 18.15 W, 40 %, 58, 0x0000000000000000
2026/09/12 05:20:49.153, 2190 MHz, 18.15 W, 40 %, 58, 0x0000000000000000
2026/09/12 05:20:49.353, 2190 MHz, 18.15 W, 40 %, 58, 0x0000000000000000
2026/09/12 05:20:49.553, 2190 MHz, 18.89 W, 48 %, 58, 0x0000000000000000
2026/09/12 05:20:49.753, 2190 MHz, 18.89 W, 48 %, 58, 0x0000000000000000
2026/09/12 05:20:49.954, 2190 MHz, 19.19 W, 48 %, 58, 0x0000000000000000
2026/09/12 05:20:50.154, 2190 MHz, 19.19 W, 48 %, 58, 0x0000000000000000
2026/09/12 05:20:50.354, 2190 MHz, 19.19 W, 48 %, 58, 0x0000000000000000
2026/09/12 05:20:50.554, 2190 MHz, 18.76 W, 41 %, 58, 0x0000000000000000
2026/09/12 05:20:50.754, 2190 MHz, 18.76 W, 41 %, 58, 0x0000000000000000
2026/09/12 05:20:50.954, 2190 MHz, 18.88 W, 41 %, 58, 0x0000000000000000
2026/09/12 05:20:51.155, 2190 MHz, 18.88 W, 41 %, 58, 0x0000000000000000
2026/09/12 05:20:51.355, 2190 MHz, 18.88 W, 41 %, 58, 0x0000000000000000
2026/09/12 05:20:51.555, 2190 MHz, 18.75 W, 53 %, 58, 0x0000000000000000
2026/09/12 05:20:51.755, 2190 MHz, 18.75 W, 53 %, 58, 0x0000000000000000
2026/09/12 05:20:51.955, 2190 MHz, 19.62 W, 53 %, 59, 0x0000000000000000
2026/09/12 05:20:52.155, 2190 MHz, 19.62 W, 53 %, 59, 0x0000000000000000
2026/09/12 05:20:52.355, 2190 MHz, 19.62 W, 53 %, 59, 0x0000000000000000
2026/09/12 05:20:52.556, 2190 MHz, 20.42 W, 60 %, 59, 0x0000000000000000
2026/09/12 05:20:52.756, 2190 MHz, 20.42 W, 60 %, 59, 0x0000000000000000
2026/09/12 05:20:52.956, 2190 MHz, 20.43 W, 60 %, 59, 0x0000000000000000
2026/09/12 05:20:53.156, 2190 MHz, 20.43 W, 60 %, 59, 0x0000000000000000
2026/09/12 05:20:53.357, 2190 MHz, 20.43 W, 60 %, 59, 0x0000000000000000
2026/09/12 05:20:53.557, 2190 MHz, 20.32 W, 51 %, 59, 0x0000000000000000
2026/09/12 05:20:53.757, 2190 MHz, 20.32 W, 51 %, 59, 0x0000000000000000
2026/09/12 05:20:53.957, 2190 MHz, 19.54 W, 51 %, 59, 0x0000000000000000
2026/09/12 05:20:54.157, 2190 MHz, 19.54 W, 51 %, 59, 0x0000000000000000
2026/09/12 05:20:54.357, 2190 MHz, 19.54 W, 51 %, 59, 0x0000000000000000
2026/09/12 05:20:54.558, 2190 MHz, 19.26 W, 43 %, 59, 0x0000000000000000
2026/09/12 05:20:54.758, 2190 MHz, 19.26 W, 43 %, 59, 0x0000000000000000
2026/09/12 05:20:54.958, 2190 MHz, 20.56 W, 43 %, 60, 0x0000000000000000
2026/09/12 05:20:55.158, 2190 MHz, 20.56 W, 43 %, 60, 0x0000000000000000
2026/09/12 05:20:55.358, 2190 MHz, 20.56 W, 43 %, 60, 0x0000000000000000
2026/09/12 05:20:55.558, 2190 MHz, 20.77 W, 55 %, 59, 0x0000000000000000
2026/09/12 05:20:55.758, 2190 MHz, 20.77 W, 55 %, 59, 0x0000000000000000
2026/09/12 05:20:55.959, 2190 MHz, 19.92 W, 55 %, 59, 0x0000000000000000
2026/09/12 05:20:56.159, 2190 MHz, 19.92 W, 55 %, 59, 0x0000000000000000
2026/09/12 05:20:56.359, 2190 MHz, 19.92 W, 55 %, 59, 0x0000000000000000
2026/09/12 05:20:56.559, 2190 MHz, 20.51 W, 49 %, 59, 0x0000000000000000
2026/09/12 05:20:56.759, 2190 MHz, 20.51 W, 49 %, 59, 0x0000000000000000
2026/09/12 05:20:56.959, 2190 MHz, 20.80 W, 49 %, 58, 0x0000000000000000
2026/09/12 05:20:57.160, 2190 MHz, 20.80 W, 49 %, 58, 0x0000000000000000
2026/09/12 05:20:57.360, 2190 MHz, 20.80 W, 49 %, 58, 0x0000000000000000
2026/09/12 05:20:57.560, 2190 MHz, 18.10 W, 16 %, 58, 0x0000000000000000
2026/09/12 05:20:57.760, 2190 MHz, 18.10 W, 16 %, 58, 0x0000000000000000
2026/09/12 05:20:57.960, 2190 MHz, 15.28 W, 16 %, 58, 0x0000000000000000
2026/09/12 05:20:58.160, 2190 MHz, 15.28 W, 16 %, 58, 0x0000000000000000
2026/09/12 05:20:58.361, 2190 MHz, 15.28 W, 16 %, 58, 0x0000000000000000
2026/09/12 05:20:58.561, 2190 MHz, 14.78 W, 17 %, 58, 0x0000000000000000
2026/09/12 05:20:58.761, 2190 MHz, 14.78 W, 17 %, 58, 0x0000000000000000
2026/09/12 05:20:58.962, 2190 MHz, 14.78 W, 17 %, 58, 0x0000000000000000
2026/09/12 05:20:59.162, 2190 MHz, 14.78 W, 17 %, 58, 0x0000000000000000
2026/09/12 05:20:59.362, 2190 MHz, 14.78 W, 17 %, 58, 0x0000000000000000
2026/09/12 05:20:59.562, 2190 MHz, 15.83 W, 46 %, 58, 0x0000000000000000
2026/09/12 05:20:59.762, 2190 MHz, 15.83 W, 46 %, 58, 0x0000000000000000
2026/09/12 05:20:59.962, 2190 MHz, 16.40 W, 46 %, 58, 0x0000000000000000
2026/09/12 05:21:00.162, 2190 MHz, 16.40 W, 46 %, 58, 0x0000000000000000
2026/09/12 05:21:00.363, 2190 MHz, 16.40 W, 46 %, 58, 0x0000000000000000
2026/09/12 05:21:00.563, 2190 MHz, 16.68 W, 30 %, 58, 0x0000000000000000
2026/09/12 05:21:00.763, 2190 MHz, 16.68 W, 30 %, 58, 0x0000000000000000
2026/09/12 05:21:00.963, 2190 MHz, 17.33 W, 30 %, 58, 0x0000000000000000
2026/09/12 05:21:01.163, 2190 MHz, 17.33 W, 30 %, 58, 0x0000000000000000
2026/09/12 05:21:01.363, 2190 MHz, 17.33 W, 30 %, 58, 0x0000000000000000
2026/09/12 05:21:01.563, 2190 MHz, 17.30 W, 36 %, 58, 0x0000000000000000
2026/09/12 05:21:01.764, 2190 MHz, 17.30 W, 36 %, 58, 0x0000000000000000
2026/09/12 05:21:01.964, 2190 MHz, 17.30 W, 36 %, 58, 0x0000000000000000
2026/09/12 05:21:02.164, 2190 MHz, 17.30 W, 36 %, 58, 0x0000000000000000
2026/09/12 05:21:02.364, 2190 MHz, 17.30 W, 36 %, 58, 0x0000000000000000
2026/09/12 05:21:02.564, 2190 MHz, 17.92 W, 36 %, 58, 0x0000000000000000
2026/09/12 05:21:02.764, 2190 MHz, 17.92 W, 36 %, 58, 0x0000000000000000
2026/09/12 05:21:02.964, 2190 MHz, 18.06 W, 36 %, 58, 0x0000000000000000
2026/09/12 05:21:03.165, 2190 MHz, 18.06 W, 36 %, 58, 0x0000000000000000
2026/09/12 05:21:03.365, 2190 MHz, 18.06 W, 36 %, 58, 0x0000000000000000
2026/09/12 05:21:03.565, 2190 MHz, 18.35 W, 30 %, 59, 0x0000000000000000
2026/09/12 05:21:03.765, 2190 MHz, 18.35 W, 30 %, 59, 0x0000000000000000
2026/09/12 05:21:03.965, 2190 MHz, 18.19 W, 30 %, 59, 0x0000000000000000
2026/09/12 05:21:04.165, 2190 MHz, 18.19 W, 30 %, 59, 0x0000000000000000
2026/09/12 05:21:04.365, 2190 MHz, 18.19 W, 30 %, 59, 0x0000000000000000
2026/09/12 05:21:04.566, 2190 MHz, 14.14 W, 0 %, 57, 0x0000000000000000
2026/09/12 05:21:04.766, 2190 MHz, 14.14 W, 0 %, 57, 0x0000000000000000
2026/09/12 05:21:04.966, 2190 MHz, 10.69 W, 0 %, 57, 0x0000000000000000
2026/09/12 05:21:05.166, 2190 MHz, 10.69 W, 0 %, 57, 0x0000000000000000
2026/09/12 05:21:05.366, 2190 MHz, 10.69 W, 0 %, 57, 0x0000000000000000
2026/09/12 05:21:05.566, 2190 MHz, 11.31 W, 7 %, 57, 0x0000000000000000
2026/09/12 05:21:05.767, 2190 MHz, 11.31 W, 7 %, 57, 0x0000000000000000
2026/09/12 05:21:05.967, 2190 MHz, 11.65 W, 7 %, 57, 0x0000000000000000
2026/09/12 05:21:06.167, 2190 MHz, 11.65 W, 7 %, 57, 0x0000000000000000
2026/09/12 05:21:06.367, 2190 MHz, 11.65 W, 7 %, 57, 0x0000000000000000
2026/09/12 05:21:06.567, 2190 MHz, 11.72 W, 6 %, 57, 0x0000000000000000
2026/09/12 05:21:06.767, 2190 MHz, 11.72 W, 6 %, 57, 0x0000000000000000
2026/09/12 05:21:06.967, 2190 MHz, 11.72 W, 6 %, 57, 0x0000000000000000
2026/09/12 05:21:07.167, 2190 MHz, 11.72 W, 6 %, 57, 0x0000000000000000
2026/09/12 05:21:07.368, 2190 MHz, 11.72 W, 6 %, 57, 0x0000000000000000
2026/09/12 05:21:07.568, 2190 MHz, 11.72 W, 6 %, 57, 0x0000000000000000
2026/09/12 05:21:07.768, 2190 MHz, 11.72 W, 6 %, 57, 0x0000000000000000
2026/09/12 05:21:07.968, 2190 MHz, 11.71 W, 6 %, 58, 0x0000000000000000
2026/09/12 05:21:08.168, 2190 MHz, 11.71 W, 6 %, 58, 0x0000000000000000
2026/09/12 05:21:08.368, 2190 MHz, 11.71 W, 6 %, 58, 0x0000000000000000
2026/09/12 05:21:08.568, 2190 MHz, 11.54 W, 7 %, 57, 0x0000000000000000
2026/09/12 05:21:08.769, 2190 MHz, 11.54 W, 7 %, 57, 0x0000000000000000
2026/09/12 05:21:08.969, 2190 MHz, 12.36 W, 7 %, 57, 0x0000000000000000
2026/09/12 05:21:09.169, 2190 MHz, 12.36 W, 7 %, 57, 0x0000000000000000
2026/09/12 05:21:09.369, 2190 MHz, 12.36 W, 7 %, 57, 0x0000000000000000
2026/09/12 05:21:09.569, 2190 MHz, 13.04 W, 18 %, 58, 0x0000000000000000
2026/09/12 05:21:09.770, 2190 MHz, 13.04 W, 18 %, 58, 0x0000000000000000
2026/09/12 05:21:09.970, 2190 MHz, 13.29 W, 18 %, 58, 0x0000000000000000
2026/09/12 05:21:10.170, 2190 MHz, 13.29 W, 18 %, 58, 0x0000000000000000
2026/09/12 05:21:10.371, 2190 MHz, 13.29 W, 18 %, 58, 0x0000000000000000
2026/09/12 05:21:10.571, 2190 MHz, 13.83 W, 23 %, 57, 0x0000000000000000
2026/09/12 05:21:10.771, 2190 MHz, 13.83 W, 23 %, 57, 0x0000000000000000
2026/09/12 05:21:10.971, 2190 MHz, 13.98 W, 23 %, 57, 0x0000000000000000
2026/09/12 05:21:11.171, 2190 MHz, 13.98 W, 23 %, 57, 0x0000000000000000
2026/09/12 05:21:11.372, 2190 MHz, 13.98 W, 23 %, 57, 0x0000000000000000
2026/09/12 05:21:11.572, 2190 MHz, 14.05 W, 24 %, 57, 0x0000000000000000
2026/09/12 05:21:11.772, 2190 MHz, 14.05 W, 24 %, 57, 0x0000000000000000
2026/09/12 05:21:11.972, 2190 MHz, 14.52 W, 24 %, 57, 0x0000000000000000
2026/09/12 05:21:12.172, 2190 MHz, 14.52 W, 24 %, 57, 0x0000000000000000
2026/09/12 05:21:12.372, 2190 MHz, 14.52 W, 24 %, 57, 0x0000000000000000
2026/09/12 05:21:12.573, 2190 MHz, 14.93 W, 32 %, 57, 0x0000000000000000
2026/09/12 05:21:12.773, 2190 MHz, 14.93 W, 32 %, 57, 0x0000000000000000
2026/09/12 05:21:12.973, 2190 MHz, 15.19 W, 32 %, 58, 0x0000000000000000
2026/09/12 05:21:13.173, 2190 MHz, 15.19 W, 32 %, 58, 0x0000000000000000
2026/09/12 05:21:13.374, 2190 MHz, 15.19 W, 32 %, 58, 0x0000000000000000
2026/09/12 05:21:13.574, 2190 MHz, 14.97 W, 25 %, 57, 0x0000000000000000
2026/09/12 05:21:13.774, 2190 MHz, 14.97 W, 25 %, 57, 0x0000000000000000
2026/09/12 05:21:13.974, 2190 MHz, 15.52 W, 25 %, 58, 0x0000000000000000
2026/09/12 05:21:14.174, 2190 MHz, 15.52 W, 25 %, 58, 0x0000000000000000
2026/09/12 05:21:14.374, 2190 MHz, 15.52 W, 25 %, 58, 0x0000000000000000
2026/09/12 05:21:14.575, 2190 MHz, 16.16 W, 34 %, 58, 0x0000000000000000
2026/09/12 05:21:14.775, 2190 MHz, 16.16 W, 34 %, 58, 0x0000000000000000
2026/09/12 05:21:14.975, 2190 MHz, 15.75 W, 34 %, 58, 0x0000000000000000
2026/09/12 05:21:15.175, 2190 MHz, 15.75 W, 34 %, 58, 0x0000000000000000
2026/09/12 05:21:15.376, 2190 MHz, 15.75 W, 34 %, 58, 0x0000000000000000
2026/09/12 05:21:15.576, 2190 MHz, 15.16 W, 18 %, 57, 0x0000000000000000
2026/09/12 05:21:15.776, 2190 MHz, 15.16 W, 18 %, 57, 0x0000000000000000
2026/09/12 05:21:15.976, 2190 MHz, 14.70 W, 18 %, 57, 0x0000000000000000
2026/09/12 05:21:16.176, 2190 MHz, 14.70 W, 18 %, 57, 0x0000000000000000
2026/09/12 05:21:16.377, 2190 MHz, 14.70 W, 18 %, 57, 0x0000000000000000
2026/09/12 05:21:16.577, 2190 MHz, 14.24 W, 14 %, 57, 0x0000000000000000
2026/09/12 05:21:16.777, 2190 MHz, 14.24 W, 14 %, 57, 0x0000000000000000
2026/09/12 05:21:16.977, 2190 MHz, 13.61 W, 14 %, 57, 0x0000000000000000
2026/09/12 05:21:17.178, 2190 MHz, 13.61 W, 14 %, 57, 0x0000000000000000
2026/09/12 05:21:17.378, 2190 MHz, 13.61 W, 14 %, 57, 0x0000000000000000
2026/09/12 05:21:17.578, 2190 MHz, 13.21 W, 17 %, 57, 0x0000000000000000
2026/09/12 05:21:17.778, 2190 MHz, 13.21 W, 17 %, 57, 0x0000000000000000
2026/09/12 05:21:17.978, 2190 MHz, 13.67 W, 17 %, 57, 0x0000000000000000
2026/09/12 05:21:18.178, 2190 MHz, 13.67 W, 17 %, 57, 0x0000000000000000
2026/09/12 05:21:18.378, 2190 MHz, 13.67 W, 17 %, 57, 0x0000000000000000
2026/09/12 05:21:18.579, 2190 MHz, 14.37 W, 21 %, 57, 0x0000000000000000
2026/09/12 05:21:18.779, 2190 MHz, 14.37 W, 21 %, 57, 0x0000000000000000
2026/09/12 05:21:18.979, 2190 MHz, 14.70 W, 21 %, 57, 0x0000000000000000
2026/09/12 05:21:19.180, 2190 MHz, 14.70 W, 21 %, 57, 0x0000000000000000
2026/09/12 05:21:19.380, 2190 MHz, 14.70 W, 21 %, 57, 0x0000000000000000
2026/09/12 05:21:19.580, 2190 MHz, 15.31 W, 30 %, 57, 0x0000000000000000
2026/09/12 05:21:19.780, 2190 MHz, 15.31 W, 30 %, 57, 0x0000000000000000
2026/09/12 05:21:19.980, 2190 MHz, 16.15 W, 30 %, 58, 0x0000000000000000
2026/09/12 05:21:20.180, 2190 MHz, 16.15 W, 30 %, 58, 0x0000000000000000
2026/09/12 05:21:20.380, 2190 MHz, 16.15 W, 30 %, 58, 0x0000000000000000
2026/09/12 05:21:20.581, 2190 MHz, 17.03 W, 44 %, 58, 0x0000000000000000
2026/09/12 05:21:20.781, 2190 MHz, 17.03 W, 44 %, 58, 0x0000000000000000
2026/09/12 05:21:20.981, 2190 MHz, 17.66 W, 44 %, 58, 0x0000000000000000
2026/09/12 05:21:21.181, 2190 MHz, 17.66 W, 44 %, 58, 0x0000000000000000
2026/09/12 05:21:21.381, 2190 MHz, 17.66 W, 44 %, 58, 0x0000000000000000
2026/09/12 05:21:21.581, 2190 MHz, 17.73 W, 44 %, 58, 0x0000000000000000
2026/09/12 05:21:21.781, 2190 MHz, 17.73 W, 44 %, 58, 0x0000000000000000
2026/09/12 05:21:21.982, 2190 MHz, 17.50 W, 44 %, 58, 0x0000000000000000
2026/09/12 05:21:22.182, 2190 MHz, 17.50 W, 44 %, 58, 0x0000000000000000
2026/09/12 05:21:22.382, 2190 MHz, 17.50 W, 44 %, 58, 0x0000000000000000
2026/09/12 05:21:22.582, 2190 MHz, 18.19 W, 50 %, 58, 0x0000000000000000
2026/09/12 05:21:22.782, 2190 MHz, 18.19 W, 50 %, 58, 0x0000000000000000
2026/09/12 05:21:22.982, 2190 MHz, 19.46 W, 50 %, 59, 0x0000000000000000
2026/09/12 05:21:23.182, 2190 MHz, 19.46 W, 50 %, 59, 0x0000000000000000
2026/09/12 05:21:23.383, 2190 MHz, 19.46 W, 50 %, 59, 0x0000000000000000
2026/09/12 05:21:23.583, 2190 MHz, 20.06 W, 56 %, 59, 0x0000000000000000
2026/09/12 05:21:23.783, 2190 MHz, 20.06 W, 56 %, 59, 0x0000000000000000
2026/09/12 05:21:23.983, 2190 MHz, 20.42 W, 56 %, 59, 0x0000000000000000
2026/09/12 05:21:24.183, 2190 MHz, 20.42 W, 56 %, 59, 0x0000000000000000
2026/09/12 05:21:24.383, 2190 MHz, 20.42 W, 56 %, 59, 0x0000000000000000
2026/09/12 05:21:24.584, 2190 MHz, 20.46 W, 53 %, 59, 0x0000000000000000
2026/09/12 05:21:24.784, 2190 MHz, 20.46 W, 53 %, 59, 0x0000000000000000
2026/09/12 05:21:24.984, 2190 MHz, 20.34 W, 53 %, 59, 0x0000000000000000
2026/09/12 05:21:25.185, 2190 MHz, 20.34 W, 53 %, 59, 0x0000000000000000
2026/09/12 05:21:25.385, 2190 MHz, 20.34 W, 53 %, 59, 0x0000000000000000
2026/09/12 05:21:25.585, 2190 MHz, 20.61 W, 62 %, 59, 0x0000000000000000
2026/09/12 05:21:25.786, 2190 MHz, 20.61 W, 62 %, 59, 0x0000000000000000
2026/09/12 05:21:25.986, 2190 MHz, 20.82 W, 62 %, 58, 0x0000000000000000
2026/09/12 05:21:26.187, 2190 MHz, 20.82 W, 62 %, 58, 0x0000000000000000
2026/09/12 05:21:26.387, 2190 MHz, 20.82 W, 62 %, 58, 0x0000000000000000
2026/09/12 05:21:26.588, 2190 MHz, 20.58 W, 52 %, 59, 0x0000000000000000
2026/09/12 05:21:26.788, 2190 MHz, 20.58 W, 52 %, 59, 0x0000000000000000
2026/09/12 05:21:26.989, 2190 MHz, 20.05 W, 52 %, 58, 0x0000000000000000
2026/09/12 05:21:27.189, 2190 MHz, 20.05 W, 52 %, 58, 0x0000000000000000
2026/09/12 05:21:27.390, 2190 MHz, 20.05 W, 52 %, 58, 0x0000000000000000
2026/09/12 05:21:27.590, 2190 MHz, 18.38 W, 35 %, 58, 0x0000000000000000
2026/09/12 05:21:27.791, 2190 MHz, 18.38 W, 35 %, 58, 0x0000000000000000
2026/09/12 05:21:27.991, 2190 MHz, 15.97 W, 35 %, 58, 0x0000000000000000
2026/09/12 05:21:28.191, 2190 MHz, 15.97 W, 35 %, 58, 0x0000000000000000
2026/09/12 05:21:28.392, 2190 MHz, 15.97 W, 35 %, 58, 0x0000000000000000
2026/09/12 05:21:28.592, 2190 MHz, 15.10 W, 33 %, 58, 0x0000000000000000
2026/09/12 05:21:28.792, 2190 MHz, 15.10 W, 33 %, 58, 0x0000000000000000
2026/09/12 05:21:28.992, 2190 MHz, 15.57 W, 33 %, 58, 0x0000000000000000
2026/09/12 05:21:29.192, 2190 MHz, 15.57 W, 33 %, 58, 0x0000000000000000
2026/09/12 05:21:29.393, 2190 MHz, 15.57 W, 33 %, 58, 0x0000000000000000
2026/09/12 05:21:29.593, 2190 MHz, 16.58 W, 48 %, 58, 0x0000000000000000
2026/09/12 05:21:29.793, 2190 MHz, 16.58 W, 48 %, 58, 0x0000000000000000
2026/09/12 05:21:29.993, 2190 MHz, 17.56 W, 48 %, 58, 0x0000000000000000
2026/09/12 05:21:30.194, 2190 MHz, 17.56 W, 48 %, 58, 0x0000000000000000
2026/09/12 05:21:30.394, 2190 MHz, 18.11 W, 53 %, 58, 0x0000000000000000
2026/09/12 05:21:30.595, 2190 MHz, 18.11 W, 53 %, 58, 0x0000000000000000
2026/09/12 05:21:30.795, 2190 MHz, 18.11 W, 53 %, 58, 0x0000000000000000
2026/09/12 05:21:30.995, 2190 MHz, 18.21 W, 53 %, 59, 0x0000000000000000
2026/09/12 05:21:31.196, 2190 MHz, 18.21 W, 53 %, 59, 0x0000000000000000
2026/09/12 05:21:31.397, 2190 MHz, 18.96 W, 56 %, 59, 0x0000000000000000
2026/09/12 05:21:31.597, 2190 MHz, 18.96 W, 56 %, 59, 0x0000000000000000
2026/09/12 05:21:31.797, 2190 MHz, 18.96 W, 56 %, 59, 0x0000000000000000
2026/09/12 05:21:31.998, 2190 MHz, 19.29 W, 56 %, 58, 0x0000000000000000
2026/09/12 05:21:32.198, 2190 MHz, 19.29 W, 56 %, 58, 0x0000000000000000
2026/09/12 05:21:32.399, 2190 MHz, 19.02 W, 49 %, 59, 0x0000000000000000
2026/09/12 05:21:32.599, 2190 MHz, 19.02 W, 49 %, 59, 0x0000000000000000
2026/09/12 05:21:32.799, 2190 MHz, 19.02 W, 49 %, 59, 0x0000000000000000
2026/09/12 05:21:33.000, 2190 MHz, 18.92 W, 49 %, 59, 0x0000000000000000
2026/09/12 05:21:33.200, 2190 MHz, 18.92 W, 49 %, 59, 0x0000000000000000
2026/09/12 05:21:33.401, 2190 MHz, 18.74 W, 57 %, 59, 0x0000000000000000
2026/09/12 05:21:33.601, 2190 MHz, 18.74 W, 57 %, 59, 0x0000000000000000
2026/09/12 05:21:33.802, 2190 MHz, 18.74 W, 57 %, 59, 0x0000000000000000
2026/09/12 05:21:34.002, 2190 MHz, 19.59 W, 57 %, 59, 0x0000000000000000
2026/09/12 05:21:34.203, 2190 MHz, 19.59 W, 57 %, 59, 0x0000000000000000
2026/09/12 05:21:34.403, 2190 MHz, 20.36 W, 67 %, 59, 0x0000000000000000
2026/09/12 05:21:34.603, 2190 MHz, 20.36 W, 67 %, 59, 0x0000000000000000
2026/09/12 05:21:34.804, 2190 MHz, 20.36 W, 67 %, 59, 0x0000000000000000
2026/09/12 05:21:35.004, 2190 MHz, 20.61 W, 67 %, 59, 0x0000000000000000
2026/09/12 05:21:35.205, 2190 MHz, 20.61 W, 67 %, 59, 0x0000000000000000
2026/09/12 05:21:35.405, 2190 MHz, 20.38 W, 63 %, 59, 0x0000000000000000
2026/09/12 05:21:35.606, 2190 MHz, 20.38 W, 63 %, 59, 0x0000000000000000
2026/09/12 05:21:35.806, 2190 MHz, 20.38 W, 63 %, 59, 0x0000000000000000
2026/09/12 05:21:36.007, 2190 MHz, 19.27 W, 63 %, 59, 0x0000000000000000
2026/09/12 05:21:36.207, 2190 MHz, 19.27 W, 63 %, 59, 0x0000000000000000
2026/09/12 05:21:36.408, 2190 MHz, 19.14 W, 60 %, 59, 0x0000000000000000
2026/09/12 05:21:36.608, 2190 MHz, 19.14 W, 60 %, 59, 0x0000000000000000
2026/09/12 05:21:36.809, 2190 MHz, 19.14 W, 60 %, 59, 0x0000000000000000
2026/09/12 05:21:37.009, 2190 MHz, 19.73 W, 60 %, 59, 0x0000000000000000
2026/09/12 05:21:37.209, 2190 MHz, 19.73 W, 60 %, 59, 0x0000000000000000
2026/09/12 05:21:37.410, 2190 MHz, 20.32 W, 53 %, 59, 0x0000000000000000
2026/09/12 05:21:37.610, 2190 MHz, 20.32 W, 53 %, 59, 0x0000000000000000
2026/09/12 05:21:37.810, 2190 MHz, 20.32 W, 53 %, 59, 0x0000000000000000
2026/09/12 05:21:38.011, 2190 MHz, 20.67 W, 53 %, 59, 0x0000000000000000
2026/09/12 05:21:38.211, 2190 MHz, 20.67 W, 53 %, 59, 0x0000000000000000
2026/09/12 05:21:38.412, 2190 MHz, 20.45 W, 59 %, 59, 0x0000000000000000
2026/09/12 05:21:38.612, 2190 MHz, 20.45 W, 59 %, 59, 0x0000000000000000
2026/09/12 05:21:38.813, 2190 MHz, 20.45 W, 59 %, 59, 0x0000000000000000
2026/09/12 05:21:39.013, 2190 MHz, 20.68 W, 59 %, 59, 0x0000000000000000
2026/09/12 05:21:39.214, 2190 MHz, 20.68 W, 59 %, 59, 0x0000000000000000
2026/09/12 05:21:39.414, 2190 MHz, 19.69 W, 31 %, 59, 0x0000000000000000
2026/09/12 05:21:39.614, 2190 MHz, 19.69 W, 31 %, 59, 0x0000000000000000
2026/09/12 05:21:39.814, 2190 MHz, 19.69 W, 31 %, 59, 0x0000000000000000
2026/09/12 05:21:40.014, 2190 MHz, 16.84 W, 31 %, 58, 0x0000000000000000
2026/09/12 05:21:40.215, 2190 MHz, 16.84 W, 31 %, 58, 0x0000000000000000
2026/09/12 05:21:40.415, 2190 MHz, 14.79 W, 17 %, 58, 0x0000000000000000
2026/09/12 05:21:40.615, 2190 MHz, 14.79 W, 17 %, 58, 0x0000000000000000
2026/09/12 05:21:40.816, 2190 MHz, 14.79 W, 17 %, 58, 0x0000000000000000
2026/09/12 05:21:41.016, 2190 MHz, 14.61 W, 17 %, 58, 0x0000000000000000
2026/09/12 05:21:41.217, 2190 MHz, 14.61 W, 17 %, 58, 0x0000000000000000
2026/09/12 05:21:41.417, 2190 MHz, 15.12 W, 31 %, 58, 0x0000000000000000
2026/09/12 05:21:41.617, 2190 MHz, 15.12 W, 31 %, 58, 0x0000000000000000
2026/09/12 05:21:41.817, 2190 MHz, 15.12 W, 31 %, 58, 0x0000000000000000
2026/09/12 05:21:42.017, 2190 MHz, 16.39 W, 31 %, 59, 0x0000000000000000
2026/09/12 05:21:42.217, 2190 MHz, 16.39 W, 31 %, 59, 0x0000000000000000
2026/09/12 05:21:42.418, 2190 MHz, 16.76 W, 38 %, 58, 0x0000000000000000
2026/09/12 05:21:42.618, 2190 MHz, 16.76 W, 38 %, 58, 0x0000000000000000
2026/09/12 05:21:42.818, 2190 MHz, 16.76 W, 38 %, 58, 0x0000000000000000
2026/09/12 05:21:43.019, 2190 MHz, 16.62 W, 38 %, 59, 0x0000000000000000
2026/09/12 05:21:43.219, 2190 MHz, 16.62 W, 38 %, 59, 0x0000000000000000
2026/09/12 05:21:43.419, 2190 MHz, 17.33 W, 36 %, 59, 0x0000000000000000
2026/09/12 05:21:43.620, 2190 MHz, 17.33 W, 36 %, 59, 0x0000000000000000
2026/09/12 05:21:43.820, 2190 MHz, 17.33 W, 36 %, 59, 0x0000000000000000
2026/09/12 05:21:44.020, 2190 MHz, 17.89 W, 36 %, 59, 0x0000000000000000
2026/09/12 05:21:44.220, 2190 MHz, 17.89 W, 36 %, 59, 0x0000000000000000
2026/09/12 05:21:44.420, 2190 MHz, 17.93 W, 41 %, 59, 0x0000000000000000
2026/09/12 05:21:44.620, 2190 MHz, 17.93 W, 41 %, 59, 0x0000000000000000
2026/09/12 05:21:44.821, 2190 MHz, 17.93 W, 41 %, 59, 0x0000000000000000
2026/09/12 05:21:45.021, 2190 MHz, 18.08 W, 41 %, 59, 0x0000000000000000
2026/09/12 05:21:45.221, 2190 MHz, 18.08 W, 41 %, 59, 0x0000000000000000
2026/09/12 05:21:45.421, 2190 MHz, 18.23 W, 42 %, 59, 0x0000000000000000
2026/09/12 05:21:45.621, 2190 MHz, 18.23 W, 42 %, 59, 0x0000000000000000
2026/09/12 05:21:45.821, 2190 MHz, 18.23 W, 42 %, 59, 0x0000000000000000
2026/09/12 05:21:46.022, 2190 MHz, 18.37 W, 42 %, 58, 0x0000000000000000
2026/09/12 05:21:46.222, 2190 MHz, 18.37 W, 42 %, 58, 0x0000000000000000
2026/09/12 05:21:46.422, 2190 MHz, 16.54 W, 0 %, 58, 0x0000000000000000
2026/09/12 05:21:46.622, 2190 MHz, 16.54 W, 0 %, 58, 0x0000000000000000
2026/09/12 05:21:46.822, 2190 MHz, 16.54 W, 0 %, 58, 0x0000000000000000
2026/09/12 05:21:47.022, 2190 MHz, 12.57 W, 0 %, 58, 0x0000000000000000
2026/09/12 05:21:47.222, 2190 MHz, 12.57 W, 0 %, 58, 0x0000000000000000
2026/09/12 05:21:47.423, 2190 MHz, 10.68 W, 5 %, 58, 0x0000000000000000
2026/09/12 05:21:47.623, 2190 MHz, 10.68 W, 5 %, 58, 0x0000000000000000
2026/09/12 05:21:47.823, 2190 MHz, 10.68 W, 5 %, 58, 0x0000000000000000
2026/09/12 05:21:48.023, 2190 MHz, 11.32 W, 5 %, 58, 0x0000000000000000
2026/09/12 05:21:48.223, 2190 MHz, 11.32 W, 5 %, 58, 0x0000000000000000
2026/09/12 05:21:48.423, 2190 MHz, 11.59 W, 6 %, 57, 0x0000000000000000
2026/09/12 05:21:48.623, 2190 MHz, 11.59 W, 6 %, 57, 0x0000000000000000
2026/09/12 05:21:48.824, 2190 MHz, 11.59 W, 6 %, 57, 0x0000000000000000
2026/09/12 05:21:49.024, 2190 MHz, 11.80 W, 6 %, 58, 0x0000000000000000
2026/09/12 05:21:49.224, 2190 MHz, 11.80 W, 6 %, 58, 0x0000000000000000
2026/09/12 05:21:49.424, 2190 MHz, 11.77 W, 5 %, 57, 0x0000000000000000
2026/09/12 05:21:49.624, 2190 MHz, 11.77 W, 5 %, 57, 0x0000000000000000
2026/09/12 05:21:49.824, 2190 MHz, 11.77 W, 5 %, 57, 0x0000000000000000
2026/09/12 05:21:50.025, 2190 MHz, 11.76 W, 5 %, 58, 0x0000000000000000
2026/09/12 05:21:50.225, 2190 MHz, 11.76 W, 5 %, 58, 0x0000000000000000
2026/09/12 05:21:50.425, 2190 MHz, 11.85 W, 10 %, 58, 0x0000000000000000
2026/09/12 05:21:50.625, 2190 MHz, 11.85 W, 10 %, 58, 0x0000000000000000
2026/09/12 05:21:50.825, 2190 MHz, 11.85 W, 10 %, 58, 0x0000000000000000
2026/09/12 05:21:51.025, 2190 MHz, 11.69 W, 10 %, 57, 0x0000000000000000
2026/09/12 05:21:51.225, 2190 MHz, 11.69 W, 10 %, 57, 0x0000000000000000
2026/09/12 05:21:51.425, 2190 MHz, 12.48 W, 23 %, 58, 0x0000000000000000
2026/09/12 05:21:51.626, 2190 MHz, 12.48 W, 23 %, 58, 0x0000000000000000
2026/09/12 05:21:51.826, 2190 MHz, 12.48 W, 23 %, 58, 0x0000000000000000
2026/09/12 05:21:52.026, 2190 MHz, 13.31 W, 23 %, 58, 0x0000000000000000
2026/09/12 05:21:52.226, 2190 MHz, 13.31 W, 23 %, 58, 0x0000000000000000
2026/09/12 05:21:52.426, 2190 MHz, 13.74 W, 30 %, 58, 0x0000000000000000
2026/09/12 05:21:52.626, 2190 MHz, 13.74 W, 30 %, 58, 0x0000000000000000
2026/09/12 05:21:52.827, 2190 MHz, 13.74 W, 30 %, 58, 0x0000000000000000
2026/09/12 05:21:53.027, 2190 MHz, 14.07 W, 30 %, 58, 0x0000000000000000
2026/09/12 05:21:53.227, 2190 MHz, 14.07 W, 30 %, 58, 0x0000000000000000
2026/09/12 05:21:53.427, 2190 MHz, 13.94 W, 27 %, 58, 0x0000000000000000
2026/09/12 05:21:53.627, 2190 MHz, 13.94 W, 27 %, 58, 0x0000000000000000
2026/09/12 05:21:53.827, 2190 MHz, 13.94 W, 27 %, 58, 0x0000000000000000
2026/09/12 05:21:54.028, 2190 MHz, 13.87 W, 27 %, 58, 0x0000000000000000
2026/09/12 05:21:54.228, 2190 MHz, 13.87 W, 27 %, 58, 0x0000000000000000
2026/09/12 05:21:54.428, 2190 MHz, 14.07 W, 37 %, 58, 0x0000000000000000
2026/09/12 05:21:54.628, 2190 MHz, 14.07 W, 37 %, 58, 0x0000000000000000
2026/09/12 05:21:54.829, 2190 MHz, 14.07 W, 37 %, 58, 0x0000000000000000
2026/09/12 05:21:55.029, 2190 MHz, 14.48 W, 37 %, 58, 0x0000000000000000
2026/09/12 05:21:55.229, 2190 MHz, 14.48 W, 37 %, 58, 0x0000000000000000
2026/09/12 05:21:55.429, 2190 MHz, 14.84 W, 22 %, 58, 0x0000000000000000
2026/09/12 05:21:55.629, 2190 MHz, 14.84 W, 22 %, 58, 0x0000000000000000
2026/09/12 05:21:55.829, 2190 MHz, 14.84 W, 22 %, 58, 0x0000000000000000
2026/09/12 05:21:56.029, 2190 MHz, 15.00 W, 22 %, 58, 0x0000000000000000
2026/09/12 05:21:56.229, 2190 MHz, 15.00 W, 22 %, 58, 0x0000000000000000
2026/09/12 05:21:56.430, 2190 MHz, 14.94 W, 23 %, 58, 0x0000000000000000
2026/09/12 05:21:56.630, 2190 MHz, 14.94 W, 23 %, 58, 0x0000000000000000
2026/09/12 05:21:56.830, 2190 MHz, 14.94 W, 23 %, 58, 0x0000000000000000
2026/09/12 05:21:57.030, 2190 MHz, 15.38 W, 23 %, 58, 0x0000000000000000
2026/09/12 05:21:57.230, 2190 MHz, 15.38 W, 23 %, 58, 0x0000000000000000
2026/09/12 05:21:57.431, 2190 MHz, 15.88 W, 34 %, 58, 0x0000000000000000
2026/09/12 05:21:57.631, 2190 MHz, 15.88 W, 34 %, 58, 0x0000000000000000
2026/09/12 05:21:57.831, 2190 MHz, 15.88 W, 34 %, 58, 0x0000000000000000
2026/09/12 05:21:58.031, 2190 MHz, 15.72 W, 34 %, 58, 0x0000000000000000
2026/09/12 05:21:58.231, 2190 MHz, 15.72 W, 34 %, 58, 0x0000000000000000
2026/09/12 05:21:58.431, 2190 MHz, 15.12 W, 21 %, 58, 0x0000000000000000
2026/09/12 05:21:58.631, 2190 MHz, 15.12 W, 21 %, 58, 0x0000000000000000
2026/09/12 05:21:58.832, 2190 MHz, 15.12 W, 21 %, 58, 0x0000000000000000
2026/09/12 05:21:59.032, 2190 MHz, 14.61 W, 21 %, 58, 0x0000000000000000
2026/09/12 05:21:59.232, 2190 MHz, 14.61 W, 21 %, 58, 0x0000000000000000
2026/09/12 05:21:59.432, 2190 MHz, 14.24 W, 15 %, 58, 0x0000000000000000
2026/09/12 05:21:59.633, 2190 MHz, 14.24 W, 15 %, 58, 0x0000000000000000
2026/09/12 05:21:59.833, 2190 MHz, 14.24 W, 15 %, 58, 0x0000000000000000
2026/09/12 05:22:00.033, 2190 MHz, 13.64 W, 15 %, 57, 0x0000000000000000
2026/09/12 05:22:00.233, 2190 MHz, 13.64 W, 15 %, 57, 0x0000000000000000
2026/09/12 05:22:00.433, 2190 MHz, 13.27 W, 14 %, 57, 0x0000000000000000
2026/09/12 05:22:00.633, 2190 MHz, 13.27 W, 14 %, 57, 0x0000000000000000
2026/09/12 05:22:00.833, 2190 MHz, 13.27 W, 14 %, 57, 0x0000000000000000
2026/09/12 05:22:01.034, 2190 MHz, 13.67 W, 14 %, 58, 0x0000000000000000
2026/09/12 05:22:01.234, 2190 MHz, 13.67 W, 14 %, 58, 0x0000000000000000
2026/09/12 05:22:01.434, 2190 MHz, 14.27 W, 22 %, 58, 0x0000000000000000
2026/09/12 05:22:01.634, 2190 MHz, 14.27 W, 22 %, 58, 0x0000000000000000
2026/09/12 05:22:01.835, 2190 MHz, 14.27 W, 22 %, 58, 0x0000000000000000
2026/09/12 05:22:02.035, 2190 MHz, 14.59 W, 22 %, 58, 0x0000000000000000
2026/09/12 05:22:02.235, 2190 MHz, 14.59 W, 22 %, 58, 0x0000000000000000
2026/09/12 05:22:02.435, 2190 MHz, 15.19 W, 36 %, 58, 0x0000000000000000
2026/09/12 05:22:02.635, 2190 MHz, 15.19 W, 36 %, 58, 0x0000000000000000
2026/09/12 05:22:02.835, 2190 MHz, 15.19 W, 36 %, 58, 0x0000000000000000
2026/09/12 05:22:03.036, 2190 MHz, 15.71 W, 36 %, 58, 0x0000000000000000
2026/09/12 05:22:03.236, 2190 MHz, 15.71 W, 36 %, 58, 0x0000000000000000
2026/09/12 05:22:03.436, 2190 MHz, 16.44 W, 30 %, 58, 0x0000000000000000
2026/09/12 05:22:03.636, 2190 MHz, 16.44 W, 30 %, 58, 0x0000000000000000
2026/09/12 05:22:03.836, 2190 MHz, 16.44 W, 30 %, 58, 0x0000000000000000
2026/09/12 05:22:04.036, 2190 MHz, 17.17 W, 30 %, 58, 0x0000000000000000
2026/09/12 05:22:04.237, 2190 MHz, 17.17 W, 30 %, 58, 0x0000000000000000
2026/09/12 05:22:04.437, 2190 MHz, 17.17 W, 42 %, 58, 0x0000000000000000
2026/09/12 05:22:04.637, 2190 MHz, 17.17 W, 42 %, 58, 0x0000000000000000
2026/09/12 05:22:04.837, 2190 MHz, 17.17 W, 42 %, 58, 0x0000000000000000
2026/09/12 05:22:05.037, 2190 MHz, 16.88 W, 42 %, 58, 0x0000000000000000
2026/09/12 05:22:05.237, 2190 MHz, 16.88 W, 42 %, 58, 0x0000000000000000
2026/09/12 05:22:05.437, 2190 MHz, 17.06 W, 46 %, 58, 0x0000000000000000
2026/09/12 05:22:05.638, 2190 MHz, 17.06 W, 46 %, 58, 0x0000000000000000
2026/09/12 05:22:05.838, 2190 MHz, 17.06 W, 46 %, 58, 0x0000000000000000
2026/09/12 05:22:06.038, 2190 MHz, 17.83 W, 46 %, 58, 0x0000000000000000
2026/09/12 05:22:06.238, 2190 MHz, 17.83 W, 46 %, 58, 0x0000000000000000
2026/09/12 05:22:06.438, 2190 MHz, 19.09 W, 54 %, 59, 0x0000000000000000
2026/09/12 05:22:06.639, 2190 MHz, 19.09 W, 54 %, 59, 0x0000000000000000
2026/09/12 05:22:06.839, 2190 MHz, 19.09 W, 54 %, 59, 0x0000000000000000
2026/09/12 05:22:07.039, 2190 MHz, 19.76 W, 54 %, 59, 0x0000000000000000
2026/09/12 05:22:07.239, 2190 MHz, 19.76 W, 54 %, 59, 0x0000000000000000
2026/09/12 05:22:07.440, 2190 MHz, 19.62 W, 52 %, 59, 0x0000000000000000
2026/09/12 05:22:07.640, 2190 MHz, 19.62 W, 52 %, 59, 0x0000000000000000
2026/09/12 05:22:07.840, 2190 MHz, 19.62 W, 52 %, 59, 0x0000000000000000
2026/09/12 05:22:08.040, 2190 MHz, 19.46 W, 52 %, 59, 0x0000000000000000
2026/09/12 05:22:08.240, 2190 MHz, 19.46 W, 52 %, 59, 0x0000000000000000
2026/09/12 05:22:08.440, 2190 MHz, 19.74 W, 56 %, 59, 0x0000000000000000
2026/09/12 05:22:08.640, 2190 MHz, 19.74 W, 56 %, 59, 0x0000000000000000
2026/09/12 05:22:08.840, 2190 MHz, 19.74 W, 56 %, 59, 0x0000000000000000
2026/09/12 05:22:09.041, 2190 MHz, 19.92 W, 56 %, 59, 0x0000000000000000
2026/09/12 05:22:09.241, 2190 MHz, 19.92 W, 56 %, 59, 0x0000000000000000
2026/09/12 05:22:09.441, 2190 MHz, 19.94 W, 57 %, 59, 0x0000000000000000
2026/09/12 05:22:09.641, 2190 MHz, 19.94 W, 57 %, 59, 0x0000000000000000
2026/09/12 05:22:09.841, 2190 MHz, 19.94 W, 57 %, 59, 0x0000000000000000
2026/09/12 05:22:10.041, 2190 MHz, 20.24 W, 57 %, 59, 0x0000000000000000
2026/09/12 05:22:10.242, 2190 MHz, 20.24 W, 57 %, 59, 0x0000000000000000
2026/09/12 05:22:10.442, 2190 MHz, 19.88 W, 54 %, 59, 0x0000000000000000
2026/09/12 05:22:10.642, 2190 MHz, 19.88 W, 54 %, 59, 0x0000000000000000
2026/09/12 05:22:10.842, 2190 MHz, 19.88 W, 54 %, 59, 0x0000000000000000
2026/09/12 05:22:11.042, 2190 MHz, 18.63 W, 54 %, 58, 0x0000000000000000
2026/09/12 05:22:11.242, 2190 MHz, 18.63 W, 54 %, 58, 0x0000000000000000
2026/09/12 05:22:11.442, 2190 MHz, 16.75 W, 21 %, 58, 0x0000000000000000
2026/09/12 05:22:11.643, 2190 MHz, 16.75 W, 21 %, 58, 0x0000000000000000
2026/09/12 05:22:11.843, 2190 MHz, 16.75 W, 21 %, 58, 0x0000000000000000
2026/09/12 05:22:12.043, 2190 MHz, 15.25 W, 21 %, 58, 0x0000000000000000
2026/09/12 05:22:12.243, 2190 MHz, 15.25 W, 21 %, 58, 0x0000000000000000
2026/09/12 05:22:12.443, 2190 MHz, 15.04 W, 25 %, 58, 0x0000000000000000
2026/09/12 05:22:12.644, 2190 MHz, 15.04 W, 25 %, 58, 0x0000000000000000
2026/09/12 05:22:12.844, 2190 MHz, 15.04 W, 25 %, 58, 0x0000000000000000
2026/09/12 05:22:13.044, 2190 MHz, 15.98 W, 25 %, 58, 0x0000000000000000
2026/09/12 05:22:13.244, 2190 MHz, 15.98 W, 25 %, 58, 0x0000000000000000
2026/09/12 05:22:13.444, 2190 MHz, 16.81 W, 36 %, 58, 0x0000000000000000
2026/09/12 05:22:13.644, 2190 MHz, 16.81 W, 36 %, 58, 0x0000000000000000
2026/09/12 05:22:13.844, 2190 MHz, 16.81 W, 36 %, 58, 0x0000000000000000
2026/09/12 05:22:14.045, 2190 MHz, 17.88 W, 36 %, 58, 0x0000000000000000
2026/09/12 05:22:14.245, 2190 MHz, 17.88 W, 36 %, 58, 0x0000000000000000
2026/09/12 05:22:14.445, 2190 MHz, 18.28 W, 48 %, 59, 0x0000000000000000
2026/09/12 05:22:14.645, 2190 MHz, 18.28 W, 48 %, 59, 0x0000000000000000
2026/09/12 05:22:14.845, 2190 MHz, 18.28 W, 48 %, 59, 0x0000000000000000
2026/09/12 05:22:15.045, 2190 MHz, 18.40 W, 48 %, 59, 0x0000000000000000
2026/09/12 05:22:15.246, 2190 MHz, 18.40 W, 48 %, 59, 0x0000000000000000
2026/09/12 05:22:15.446, 2190 MHz, 18.71 W, 48 %, 59, 0x0000000000000000
2026/09/12 05:22:15.646, 2190 MHz, 18.71 W, 48 %, 59, 0x0000000000000000
2026/09/12 05:22:15.846, 2190 MHz, 18.71 W, 48 %, 59, 0x0000000000000000
2026/09/12 05:22:16.046, 2190 MHz, 18.59 W, 48 %, 59, 0x0000000000000000
2026/09/12 05:22:16.246, 2190 MHz, 18.59 W, 48 %, 59, 0x0000000000000000
2026/09/12 05:22:16.446, 2190 MHz, 18.43 W, 48 %, 59, 0x0000000000000000
2026/09/12 05:22:16.647, 2190 MHz, 18.43 W, 48 %, 59, 0x0000000000000000
2026/09/12 05:22:16.847, 2190 MHz, 18.43 W, 48 %, 59, 0x0000000000000000
2026/09/12 05:22:17.047, 2190 MHz, 18.65 W, 48 %, 59, 0x0000000000000000
2026/09/12 05:22:17.248, 2190 MHz, 18.65 W, 48 %, 59, 0x0000000000000000
2026/09/12 05:22:17.448, 2190 MHz, 18.96 W, 54 %, 59, 0x0000000000000000
2026/09/12 05:22:17.648, 2190 MHz, 18.96 W, 54 %, 59, 0x0000000000000000
2026/09/12 05:22:17.848, 2190 MHz, 18.96 W, 54 %, 59, 0x0000000000000000
2026/09/12 05:22:18.049, 2190 MHz, 19.58 W, 54 %, 59, 0x0000000000000000
2026/09/12 05:22:18.249, 2190 MHz, 19.58 W, 54 %, 59, 0x0000000000000000
2026/09/12 05:22:18.449, 2190 MHz, 20.27 W, 57 %, 59, 0x0000000000000000
2026/09/12 05:22:18.649, 2190 MHz, 20.27 W, 57 %, 59, 0x0000000000000000
2026/09/12 05:22:18.850, 2190 MHz, 20.27 W, 57 %, 59, 0x0000000000000000
2026/09/12 05:22:19.050, 2190 MHz, 20.20 W, 57 %, 59, 0x0000000000000000
2026/09/12 05:22:19.250, 2190 MHz, 20.20 W, 57 %, 59, 0x0000000000000000
2026/09/12 05:22:19.450, 2190 MHz, 19.66 W, 48 %, 59, 0x0000000000000000
2026/09/12 05:22:19.650, 2190 MHz, 19.66 W, 48 %, 59, 0x0000000000000000
2026/09/12 05:22:19.851, 2190 MHz, 19.66 W, 48 %, 59, 0x0000000000000000
2026/09/12 05:22:20.051, 2190 MHz, 19.12 W, 48 %, 59, 0x0000000000000000
2026/09/12 05:22:20.251, 2190 MHz, 19.12 W, 48 %, 59, 0x0000000000000000
2026/09/12 05:22:20.451, 2190 MHz, 18.74 W, 47 %, 59, 0x0000000000000000
2026/09/12 05:22:20.652, 2190 MHz, 18.74 W, 47 %, 59, 0x0000000000000000
2026/09/12 05:22:20.852, 2190 MHz, 18.74 W, 47 %, 59, 0x0000000000000000
2026/09/12 05:22:21.052, 2190 MHz, 19.61 W, 47 %, 59, 0x0000000000000000
2026/09/12 05:22:21.253, 2190 MHz, 19.61 W, 47 %, 59, 0x0000000000000000
2026/09/12 05:22:21.453, 2190 MHz, 20.26 W, 52 %, 59, 0x0000000000000000
2026/09/12 05:22:21.653, 2190 MHz, 20.26 W, 52 %, 59, 0x0000000000000000
2026/09/12 05:22:21.854, 2190 MHz, 20.26 W, 52 %, 59, 0x0000000000000000
2026/09/12 05:22:22.054, 2190 MHz, 19.63 W, 52 %, 59, 0x0000000000000000
2026/09/12 05:22:22.254, 2190 MHz, 19.63 W, 52 %, 59, 0x0000000000000000
2026/09/12 05:22:22.454, 2190 MHz, 19.69 W, 53 %, 59, 0x0000000000000000
2026/09/12 05:22:22.655, 2190 MHz, 19.69 W, 53 %, 59, 0x0000000000000000
2026/09/12 05:22:22.855, 2190 MHz, 19.69 W, 53 %, 59, 0x0000000000000000
2026/09/12 05:22:23.055, 2190 MHz, 20.09 W, 53 %, 59, 0x0000000000000000
2026/09/12 05:22:23.255, 2190 MHz, 20.09 W, 53 %, 59, 0x0000000000000000
2026/09/12 05:22:23.456, 2190 MHz, 19.36 W, 28 %, 59, 0x0000000000000000
2026/09/12 05:22:23.656, 2190 MHz, 19.36 W, 28 %, 59, 0x0000000000000000
2026/09/12 05:22:23.856, 2190 MHz, 19.36 W, 28 %, 59, 0x0000000000000000
2026/09/12 05:22:24.057, 2190 MHz, 16.97 W, 28 %, 58, 0x0000000000000000
2026/09/12 05:22:24.257, 2190 MHz, 16.97 W, 28 %, 58, 0x0000000000000000
2026/09/12 05:22:24.457, 2190 MHz, 15.02 W, 16 %, 59, 0x0000000000000000
2026/09/12 05:22:24.657, 2190 MHz, 15.02 W, 16 %, 59, 0x0000000000000000
2026/09/12 05:22:24.857, 2190 MHz, 15.02 W, 16 %, 59, 0x0000000000000000
2026/09/12 05:22:25.058, 2190 MHz, 14.67 W, 16 %, 58, 0x0000000000000000
2026/09/12 05:22:25.258, 2190 MHz, 14.67 W, 16 %, 58, 0x0000000000000000
2026/09/12 05:22:25.458, 2190 MHz, 15.18 W, 36 %, 59, 0x0000000000000000
2026/09/12 05:22:25.659, 2190 MHz, 15.18 W, 36 %, 59, 0x0000000000000000
2026/09/12 05:22:25.859, 2190 MHz, 15.18 W, 36 %, 59, 0x0000000000000000
2026/09/12 05:22:26.059, 2190 MHz, 16.58 W, 36 %, 59, 0x0000000000000000
2026/09/12 05:22:26.259, 2190 MHz, 16.58 W, 36 %, 59, 0x0000000000000000
2026/09/12 05:22:26.459, 2190 MHz, 16.74 W, 38 %, 59, 0x0000000000000000
2026/09/12 05:22:26.660, 2190 MHz, 16.74 W, 38 %, 59, 0x0000000000000000
2026/09/12 05:22:26.860, 2190 MHz, 16.74 W, 38 %, 59, 0x0000000000000000
2026/09/12 05:22:27.061, 2190 MHz, 16.61 W, 38 %, 59, 0x0000000000000000
2026/09/12 05:22:27.261, 2190 MHz, 16.61 W, 38 %, 59, 0x0000000000000000
2026/09/12 05:22:27.461, 2190 MHz, 17.39 W, 40 %, 59, 0x0000000000000000
2026/09/12 05:22:27.661, 2190 MHz, 17.39 W, 40 %, 59, 0x0000000000000000
2026/09/12 05:22:27.862, 2190 MHz, 17.39 W, 40 %, 59, 0x0000000000000000
2026/09/12 05:22:28.062, 2190 MHz, 17.48 W, 40 %, 59, 0x0000000000000000
2026/09/12 05:22:28.262, 2190 MHz, 17.48 W, 40 %, 59, 0x0000000000000000
2026/09/12 05:22:28.462, 2190 MHz, 17.39 W, 44 %, 59, 0x0000000000000000
2026/09/12 05:22:28.663, 2190 MHz, 17.39 W, 44 %, 59, 0x0000000000000000
2026/09/12 05:22:28.863, 2190 MHz, 17.39 W, 44 %, 59, 0x0000000000000000
2026/09/12 05:22:29.063, 2190 MHz, 17.96 W, 44 %, 59, 0x0000000000000000
2026/09/12 05:22:29.264, 2190 MHz, 17.96 W, 44 %, 59, 0x0000000000000000
2026/09/12 05:22:29.464, 2190 MHz, 18.12 W, 40 %, 59, 0x0000000000000000
2026/09/12 05:22:29.664, 2190 MHz, 18.12 W, 40 %, 59, 0x0000000000000000
2026/09/12 05:22:29.864, 2190 MHz, 18.12 W, 40 %, 59, 0x0000000000000000
2026/09/12 05:22:30.064, 2190 MHz, 18.37 W, 40 %, 59, 0x0000000000000000
2026/09/12 05:22:30.264, 2190 MHz, 18.37 W, 40 %, 59, 0x0000000000000000
